

Microchip MPLAB XC8 Assembler V2.31 build 20201012212115 
                                                                                               Fri Jun 26 17:24:26 2026

Microchip MPLAB XC8 C Compiler v2.31 (Free license) build 20201012212115 Og1 
     1                           	processor	18F25K22
     2                           	fnconf	rparam,??,?,0
     3                           	pagewidth 120
     4                           	opt	flic
     5                           	psect	smallconst,global,reloc=2,class=SMALLCONST,delta=1,noexec
     6                           	psect	cinit,global,reloc=2,class=CODE,delta=1
     7                           	psect	bssBANK1,global,class=BANK1,space=1,delta=1,lowdata,noexec
     8                           	psect	cstackBANK0,global,class=BANK0,space=1,delta=1,lowdata,noexec
     9                           	psect	cstackCOMRAM,global,class=COMRAM,space=1,delta=1,lowdata,noexec
    10                           	psect	text0,global,reloc=2,class=CODE,delta=1
    11                           	psect	text1,global,reloc=2,class=CODE,delta=1
    12                           	psect	text2,global,reloc=2,class=CODE,delta=1
    13                           	psect	text3,global,reloc=2,class=CODE,delta=1
    14                           	psect	text4,global,reloc=2,class=CODE,delta=1
    15                           	psect	text5,global,reloc=2,class=CODE,delta=1
    16                           	psect	text6,global,reloc=2,class=CODE,delta=1
    17                           	psect	text7,global,reloc=2,class=CODE,delta=1
    18                           	psect	text8,global,reloc=2,class=CODE,delta=1
    19                           	psect	text9,global,reloc=2,class=CODE,delta=1
    20                           	psect	text10,global,reloc=2,class=CODE,delta=1
    21                           	psect	text11,global,reloc=2,class=CODE,delta=1
    22                           	psect	text12,global,reloc=2,class=CODE,delta=1
    23                           	psect	text13,global,reloc=2,class=CODE,delta=1
    24                           	psect	text14,global,reloc=2,class=CODE,delta=1
    25                           	psect	text15,global,reloc=2,class=CODE,delta=1
    26                           	psect	text16,global,reloc=2,class=CODE,delta=1
    27                           	psect	text17,global,reloc=2,class=CODE,delta=1
    28                           	psect	text18,global,reloc=2,class=CODE,delta=1,group=1
    29                           	psect	text19,global,reloc=2,class=CODE,delta=1
    30                           	psect	text20,global,reloc=2,class=CODE,delta=1
    31                           	psect	text21,global,reloc=2,class=CODE,delta=1
    32                           	psect	text22,global,reloc=2,class=CODE,delta=1
    33                           	psect	text23,global,reloc=2,class=CODE,delta=1
    34                           	psect	text24,global,reloc=2,class=CODE,delta=1
    35                           	psect	text25,global,reloc=2,class=CODE,delta=1
    36                           	psect	text26,global,reloc=2,class=CODE,delta=1
    37                           	psect	text27,global,reloc=2,class=CODE,delta=1
    38                           	psect	text28,global,reloc=2,class=CODE,delta=1
    39                           	psect	text29,global,reloc=2,class=CODE,delta=1
    40                           	psect	text30,global,reloc=2,class=CODE,delta=1
    41                           	psect	text31,global,reloc=2,class=CODE,delta=1
    42                           	psect	text32,global,reloc=2,class=CODE,delta=1
    43                           	psect	text33,global,reloc=2,class=CODE,delta=1
    44                           	psect	text34,global,reloc=2,class=CODE,delta=1,group=1
    45                           	psect	text35,global,reloc=2,class=CODE,delta=1,group=1
    46                           	psect	text36,global,reloc=2,class=CODE,delta=1,group=1
    47                           	psect	text37,global,reloc=2,class=CODE,delta=1,group=1
    48                           	psect	intcode,global,reloc=2,class=CODE,delta=1
    49                           	psect	intsave_regs,global,class=BIGRAM,space=1,delta=1,noexec
    50                           	psect	rparam,global,class=COMRAM,space=1,delta=1,noexec
    51                           	psect	temp,global,ovrld,common,class=COMRAM,space=1,delta=1
    52                           	psect	config,global,abs,ovrld,class=CONFIG,space=4,delta=1,noexec
    53  0000                     
    54                           ; Generated 21/07/2023 GMT
    55                           ; 
    56                           ; Copyright © 2023, Microchip Technology Inc. and its subsidiaries ("Microchip")
    57                           ; All rights reserved.
    58                           ; 
    59                           ; This software is developed by Microchip Technology Inc. and its subsidiaries ("Microch
      +                          ip").
    60                           ; 
    61                           ; Redistribution and use in source and binary forms, with or without modification, are
    62                           ; permitted provided that the following conditions are met:
    63                           ; 
    64                           ;     1. Redistributions of source code must retain the above copyright notice, this lis
      +                          t of
    65                           ;        conditions and the following disclaimer.
    66                           ; 
    67                           ;     2. Redistributions in binary form must reproduce the above copyright notice, this 
      +                          list
    68                           ;        of conditions and the following disclaimer in the documentation and/or other
    69                           ;        materials provided with the distribution. Publication is not required when
    70                           ;        this file is used in an embedded application.
    71                           ; 
    72                           ;     3. Microchip's name may not be used to endorse or promote products derived from th
      +                          is
    73                           ;        software without specific prior written permission.
    74                           ; 
    75                           ; THIS SOFTWARE IS PROVIDED BY MICROCHIP "AS IS" AND ANY EXPRESS OR IMPLIED WARRANTIES,
    76                           ; INCLUDING, BUT NOT LIMITED TO, THE IMPLIED WARRANTIES OF MERCHANTABILITY AND FITNESS F
      +                          OR
    77                           ; PURPOSE ARE DISCLAIMED.  IN NO EVENT SHALL MICROCHIP BE LIABLE FOR ANY DIRECT, INDIREC
      +                          T,
    78                           ; INCIDENTAL, SPECIAL, EXEMPLARY, OR CONSEQUENTIAL DAMAGES (INCLUDING BUT NOT LIMITED TO
    79                           ; PROCUREMENT OF SUBSTITUTE GOODS OR SERVICES; LOSS OF USE, DATA OR PROFITS; OR BUSINESS
    80                           ; INTERRUPTION) HOWSOEVER CAUSED AND ON ANY THEORY OF LIABILITY, WHETHER IN CONTRACT, ST
      +                          RICT
    81                           ; LIABILITY, OR TORT (INCLUDING NEGLIGENCE OR OTHERWISE) ARISING IN ANY WAY OUT OF THE U
      +                          SE OF
    82                           ; THIS SOFTWARE, EVEN IF ADVISED OF THE POSSIBILITY OF SUCH DAMAGE.
    83                           ; 
    84                           ; 
    85                           ; Code-generator required, PIC18F25K22 Definitions
    86                           ; 
    87                           ; SFR Addresses
    88  0000                     _ANSELC	set	3898
    89  0000                     _ANSELB	set	3897
    90  0000                     _ANSELA	set	3896
    91  0000                     _TXREG2	set	3955
    92  0000                     _PIR3bits	set	4004
    93  0000                     _RCREG1	set	4014
    94  0000                     _PIR1bits	set	3998
    95  0000                     _RCSTA2bits	set	3953
    96  0000                     _SPBRG2	set	3957
    97  0000                     _SPBRGH2	set	3958
    98  0000                     _BAUDCON2bits	set	3952
    99  0000                     _TXSTA2bits	set	3954
   100  0000                     _RCSTA1bits	set	4011
   101  0000                     _SPBRG1	set	4015
   102  0000                     _SPBRGH1	set	4016
   103  0000                     _BAUDCON1bits	set	4024
   104  0000                     _TXSTA1bits	set	4012
   105  0000                     _PORTBbits	set	3969
   106  0000                     _RCONbits	set	4048
   107  0000                     _T0CONbits	set	4053
   108  0000                     _LATCbits	set	3979
   109  0000                     _LATBbits	set	3978
   110  0000                     _TRISBbits	set	3987
   111  0000                     _TRISCbits	set	3988
   112  0000                     _INTCON2bits	set	4081
   113  0000                     _OSCTUNEbits	set	3995
   114  0000                     _OSCCONbits	set	4051
   115  0000                     _TMR0L	set	4054
   116  0000                     _TMR0H	set	4055
   117  0000                     _INTCONbits	set	4082
   118                           
   119                           	psect	smallconst
   120  000600                     __psmallconst:
   121                           	callstack 0
   122  000600  00                 	db	0
   123  000601                     STR_43:
   124  000601  77                 	db	119	;'w'
   125  000602  6E                 	db	110	;'n'
   126  000603  30                 	db	48	;'0'
   127  000604  30                 	db	48	;'0'
   128  000605  30                 	db	48	;'0'
   129  000606  30                 	db	48	;'0'
   130  000607  30                 	db	48	;'0'
   131  000608  30                 	db	48	;'0'
   132  000609  2E                 	db	46
   133  00060A  30                 	db	48	;'0'
   134  00060B  30                 	db	48	;'0'
   135  00060C  30                 	db	48	;'0'
   136  00060D  20                 	db	32
   137  00060E  6B                 	db	107	;'k'
   138  00060F  67                 	db	103	;'g'
   139  000610  0D                 	db	13
   140  000611  0A                 	db	10
   141  000612  00                 	db	0
   142  000613                     STR_5:
   143  000613  6B                 	db	107	;'k'
   144  000614  69                 	db	105	;'i'
   145  000615  6C                 	db	108	;'l'
   146  000616  6F                 	db	111	;'o'
   147  000617  67                 	db	103	;'g'
   148  000618  72                 	db	114	;'r'
   149  000619  61                 	db	97	;'a'
   150  00061A  6D                 	db	109	;'m'
   151  00061B  00                 	db	0
   152  00061C                     STR_38:
   153  00061C  53                 	db	83	;'S'
   154  00061D  54                 	db	84	;'T'
   155  00061E  41                 	db	65	;'A'
   156  00061F  42                 	db	66	;'B'
   157  000620  4C                 	db	76	;'L'
   158  000621  45                 	db	69	;'E'
   159  000622  00                 	db	0
   160  000623                     STR_33:
   161  000623  4D                 	db	77	;'M'
   162  000624  4F                 	db	79	;'O'
   163  000625  54                 	db	84	;'T'
   164  000626  49                 	db	73	;'I'
   165  000627  4F                 	db	79	;'O'
   166  000628  4E                 	db	78	;'N'
   167  000629  00                 	db	0
   168  00062A                     STR_11:
   169  00062A  70                 	db	112	;'p'
   170  00062B  6F                 	db	111	;'o'
   171  00062C  75                 	db	117	;'u'
   172  00062D  6E                 	db	110	;'n'
   173  00062E  64                 	db	100	;'d'
   174  00062F  00                 	db	0
   175  000630                     STR_13:
   176  000630  74                 	db	116	;'t'
   177  000631  6F                 	db	111	;'o'
   178  000632  6E                 	db	110	;'n'
   179  000633  6E                 	db	110	;'n'
   180  000634  65                 	db	101	;'e'
   181  000635  00                 	db	0
   182  000636                     STR_25:
   183  000636  2D                 	db	45
   184  000637  2D                 	db	45
   185  000638  2D                 	db	45
   186  000639  2D                 	db	45
   187  00063A  00                 	db	0
   188  00063B                     STR_19:
   189  00063B  4F                 	db	79	;'O'
   190  00063C  56                 	db	86	;'V'
   191  00063D  45                 	db	69	;'E'
   192  00063E  52                 	db	82	;'R'
   193  00063F  00                 	db	0
   194  000640                     STR_30:
   195  000640  55                 	db	85	;'U'
   196  000641  4E                 	db	78	;'N'
   197  000642  53                 	db	83	;'S'
   198  000643  54                 	db	84	;'T'
   199  000644  00                 	db	0
   200  000645                     STR_14:
   201  000645  74                 	db	116	;'t'
   202  000646  6F                 	db	111	;'o'
   203  000647  6E                 	db	110	;'n'
   204  000648  73                 	db	115	;'s'
   205  000649  00                 	db	0
   206  00064A                     STR_35:
   207  00064A  44                 	db	68	;'D'
   208  00064B  59                 	db	89	;'Y'
   209  00064C  4E                 	db	78	;'N'
   210  00064D  00                 	db	0
   211  00064E                     STR_27:
   212  00064E  45                 	db	69	;'E'
   213  00064F  52                 	db	82	;'R'
   214  000650  52                 	db	82	;'R'
   215  000651  00                 	db	0
   216  000652                     STR_20:
   217  000652  4F                 	db	79	;'O'
   218  000653  56                 	db	86	;'V'
   219  000654  52                 	db	82	;'R'
   220  000655  00                 	db	0
   221  000656                     STR_17:
   222  000656  74                 	db	116	;'t'
   223  000657  6F                 	db	111	;'o'
   224  000658  6E                 	db	110	;'n'
   225  000659  00                 	db	0
   226  00065A                     STR_7:
   227  00065A  6C                 	db	108	;'l'
   228  00065B  62                 	db	98	;'b'
   229  00065C  73                 	db	115	;'s'
   230  00065D  00                 	db	0
   231  00065E                     STR_2:
   232  00065E  6B                 	db	107	;'k'
   233  00065F  67                 	db	103	;'g'
   234  000660  73                 	db	115	;'s'
   235  000661  00                 	db	0
   236  000662                     STR_23:
   237  000662  4F                 	db	79	;'O'
   238  000663  4C                 	db	76	;'L'
   239  000664  00                 	db	0
   240  000665                     STR_29:
   241  000665  55                 	db	85	;'U'
   242  000666  53                 	db	83	;'S'
   243  000667  00                 	db	0
   244  000668                     STR_8:
   245  000668  6C                 	db	108	;'l'
   246  000669  62                 	db	98	;'b'
   247  00066A  00                 	db	0
   248  00066B                     STR_1:
   249  00066B  6B                 	db	107	;'k'
   250  00066C  67                 	db	103	;'g'
   251  00066D  00                 	db	0
   252  00066E                     STR_41:
   253  00066E  77                 	db	119	;'w'
   254  00066F  6E                 	db	110	;'n'
   255  000670  00                 	db	0
   256  000671  00                 	db	0	; dummy byte at the end
   257  0000                     
   258                           ; #config settings
   259                           
   260                           	psect	cinit
   261  0023A0                     __pcinit:
   262                           	callstack 0
   263  0023A0                     start_initialization:
   264                           	callstack 0
   265  0023A0                     __initialization:
   266                           	callstack 0
   267                           
   268                           ; Clear objects allocated to BANK1 (4 bytes)
   269  0023A0  0101               	movlb	1
   270  0023A2  6B03               	clrf	(__pbssBANK1+3)& (0+255),b
   271  0023A4  6B02               	clrf	(__pbssBANK1+2)& (0+255),b
   272  0023A6  6B01               	clrf	(__pbssBANK1+1)& (0+255),b
   273  0023A8  6B00               	clrf	__pbssBANK1& (0+255),b
   274  0023AA                     end_of_initialization:
   275                           	callstack 0
   276  0023AA                     __end_of__initialization:
   277                           	callstack 0
   278  0023AA  905E               	bcf	int$flags,0,c	;clear compiler interrupt flag (level 1)
   279  0023AC  925E               	bcf	int$flags,1,c	;clear compiler interrupt flag (level 2)
   280  0023AE  0E00               	movlw	low (__Lmediumconst shr (0+16))
   281  0023B0  6EF8               	movwf	tblptru,c
   282  0023B2  0100               	movlb	0
   283  0023B4  EFD6  F008         	goto	_main	;jump to C main() function
   284                           
   285                           	psect	bssBANK1
   286  000100                     __pbssBANK1:
   287                           	callstack 0
   288  000100                     _g_millis:
   289                           	callstack 0
   290  000100                     	ds	4
   291                           
   292                           	psect	cstackBANK0
   293  000060                     __pcstackBANK0:
   294                           	callstack 0
   295  000060                     find_best_number@candidate:
   296                           	callstack 0
   297                           
   298                           ; 8 bytes @ 0x0
   299  000060                     	ds	8
   300  000068                     find_best_number@i:
   301                           	callstack 0
   302                           
   303                           ; 1 bytes @ 0x8
   304  000068                     	ds	1
   305  000069                     find_best_number@best:
   306                           	callstack 0
   307                           
   308                           ; 8 bytes @ 0x9
   309  000069                     	ds	8
   310  000071                     parse_weight_line@line:
   311                           	callstack 0
   312                           
   313                           ; 2 bytes @ 0x11
   314  000071                     	ds	2
   315  000073                     parse_weight_line@weight:
   316                           	callstack 0
   317                           
   318                           ; 2 bytes @ 0x13
   319  000073                     	ds	2
   320  000075                     parse_weight_line@number:
   321                           	callstack 0
   322                           
   323                           ; 8 bytes @ 0x15
   324  000075                     	ds	8
   325  00007D                     parse_weight_line@unit:
   326                           	callstack 0
   327                           
   328                           ; 1 bytes @ 0x1D
   329  00007D                     	ds	1
   330  00007E                     process_scale_line@weight:
   331                           	callstack 0
   332                           
   333                           ; 7 bytes @ 0x1E
   334  00007E                     	ds	7
   335  000085                     handle_scale_byte@line_buffer:
   336                           	callstack 0
   337                           
   338                           ; 2 bytes @ 0x25
   339  000085                     	ds	2
   340  000087                     handle_scale_byte@line_index:
   341                           	callstack 0
   342                           
   343                           ; 2 bytes @ 0x27
   344  000087                     	ds	2
   345  000089                     ??_main:
   346                           
   347                           ; 1 bytes @ 0x29
   348  000089                     	ds	4
   349  00008D                     main@scale_line:
   350                           	callstack 0
   351                           
   352                           ; 96 bytes @ 0x2D
   353  00008D                     	ds	96
   354  0000ED                     main@now:
   355                           	callstack 0
   356                           
   357                           ; 4 bytes @ 0x8D
   358  0000ED                     	ds	4
   359  0000F1                     main@last_rx_time:
   360                           	callstack 0
   361                           
   362                           ; 4 bytes @ 0x91
   363  0000F1                     	ds	4
   364  0000F5                     main@scale_baud:
   365                           	callstack 0
   366                           
   367                           ; 4 bytes @ 0x95
   368  0000F5                     	ds	4
   369  0000F9                     main@pc_baud:
   370                           	callstack 0
   371                           
   372                           ; 4 bytes @ 0x99
   373  0000F9                     	ds	4
   374  0000FD                     main@received_byte:
   375                           	callstack 0
   376                           
   377                           ; 1 bytes @ 0x9D
   378  0000FD                     	ds	1
   379  0000FE                     main@scale_line_index:
   380                           	callstack 0
   381                           
   382                           ; 1 bytes @ 0x9E
   383  0000FE                     	ds	1
   384                           
   385                           	psect	cstackCOMRAM
   386  000001                     __pcstackCOMRAM:
   387                           	callstack 0
   388  000001                     ?_millis:
   389                           	callstack 0
   390  000001                     ?___lmul:
   391                           	callstack 0
   392  000001                     ?___lldiv:
   393                           	callstack 0
   394  000001                     ?___llmod:
   395                           	callstack 0
   396  000001                     ?___omul:
   397                           	callstack 0
   398  000001                     ?___lodiv:
   399                           	callstack 0
   400  000001                     uart2_write_char@c:
   401                           	callstack 0
   402  000001                     _is_digit_ascii$1298:
   403                           	callstack 0
   404  000001                     upper_ascii@c:
   405                           	callstack 0
   406  000001                     delay_ms_blocking@ms:
   407                           	callstack 0
   408  000001                     uart1_try_read@byte:
   409                           	callstack 0
   410  000001                     ___lmul@multiplier:
   411                           	callstack 0
   412  000001                     ___lldiv@dividend:
   413                           	callstack 0
   414  000001                     ___llmod@dividend:
   415                           	callstack 0
   416  000001                     ___omul@multiplier:
   417                           	callstack 0
   418  000001                     ___lodiv@dividend:
   419                           	callstack 0
   420                           
   421                           ; 8 bytes @ 0x0
   422  000001                     	ds	1
   423  000002                     is_digit_ascii@c:
   424                           	callstack 0
   425  000002                     is_alpha_ascii@c:
   426                           	callstack 0
   427  000002                     uart2_write_string@text:
   428                           	callstack 0
   429  000002                     contains_ci@text:
   430                           	callstack 0
   431                           
   432                           ; 2 bytes @ 0x1
   433  000002                     	ds	1
   434  000003                     _is_alpha_ascii$1302:
   435                           	callstack 0
   436  000003                     delay_ms_blocking@i:
   437                           	callstack 0
   438                           
   439                           ; 2 bytes @ 0x2
   440  000003                     	ds	1
   441  000004                     is_alpha_ascii@u:
   442                           	callstack 0
   443  000004                     contains_ci@pattern:
   444                           	callstack 0
   445                           
   446                           ; 2 bytes @ 0x3
   447  000004                     	ds	1
   448  000005                     ?_read_dip_baud:
   449                           	callstack 0
   450  000005                     contains_isolated_letter_ci@text:
   451                           	callstack 0
   452  000005                     millis@value:
   453                           	callstack 0
   454  000005                     ___lmul@multiplicand:
   455                           	callstack 0
   456  000005                     ___lldiv@divisor:
   457                           	callstack 0
   458  000005                     ___llmod@divisor:
   459                           	callstack 0
   460                           
   461                           ; 4 bytes @ 0x4
   462  000005                     	ds	1
   463  000006                     ??_contains_ci:
   464                           
   465                           ; 1 bytes @ 0x5
   466  000006                     	ds	1
   467  000007                     contains_isolated_letter_ci@letter:
   468                           	callstack 0
   469                           
   470                           ; 1 bytes @ 0x6
   471  000007                     	ds	1
   472  000008                     ??_contains_isolated_letter_ci:
   473                           
   474                           ; 1 bytes @ 0x7
   475  000008                     	ds	1
   476  000009                     ??_read_dip_baud:
   477  000009                     millis@gie_state:
   478                           	callstack 0
   479  000009                     ___llmod@counter:
   480                           	callstack 0
   481  000009                     ___lmul@product:
   482                           	callstack 0
   483  000009                     ___lldiv@quotient:
   484                           	callstack 0
   485  000009                     ___omul@multiplicand:
   486                           	callstack 0
   487  000009                     ___lodiv@divisor:
   488                           	callstack 0
   489                           
   490                           ; 8 bytes @ 0x8
   491  000009                     	ds	1
   492  00000A                     contains_isolated_letter_ci@target:
   493                           	callstack 0
   494                           
   495                           ; 1 bytes @ 0x9
   496  00000A                     	ds	1
   497  00000B                     read_dip_baud@code:
   498                           	callstack 0
   499  00000B                     contains_ci@i:
   500                           	callstack 0
   501  00000B                     contains_isolated_letter_ci@current:
   502                           	callstack 0
   503                           
   504                           ; 1 bytes @ 0xA
   505  00000B                     	ds	1
   506  00000C                     contains_ci@j:
   507                           	callstack 0
   508  00000C                     contains_isolated_letter_ci@next:
   509                           	callstack 0
   510                           
   511                           ; 1 bytes @ 0xB
   512  00000C                     	ds	1
   513  00000D                     ?_pow10_u32:
   514                           	callstack 0
   515  00000D                     contains_isolated_letter_ci@previous:
   516                           	callstack 0
   517  00000D                     ___lldiv@counter:
   518                           	callstack 0
   519  00000D                     detect_status@line:
   520                           	callstack 0
   521                           
   522                           ; 2 bytes @ 0xC
   523  00000D                     	ds	1
   524  00000E                     ?_calculate_brg_value:
   525                           	callstack 0
   526  00000E                     contains_isolated_letter_ci@i:
   527                           	callstack 0
   528  00000E                     calculate_brg_value@baud:
   529                           	callstack 0
   530  00000E                     uart2_write_uint32@value:
   531                           	callstack 0
   532                           
   533                           ; 4 bytes @ 0xD
   534  00000E                     	ds	1
   535  00000F                     detect_unit@line:
   536                           	callstack 0
   537                           
   538                           ; 2 bytes @ 0xE
   539  00000F                     	ds	2
   540  000011                     pow10_u32@power:
   541                           	callstack 0
   542  000011                     ___omul@product:
   543                           	callstack 0
   544  000011                     ___lodiv@quotient:
   545                           	callstack 0
   546                           
   547                           ; 8 bytes @ 0x10
   548  000011                     	ds	1
   549  000012                     ??_calculate_brg_value:
   550  000012                     pow10_u32@value:
   551                           	callstack 0
   552  000012                     uart2_write_uint32@buffer:
   553                           	callstack 0
   554                           
   555                           ; 10 bytes @ 0x11
   556  000012                     	ds	4
   557  000016                     ?_parse_number_at:
   558                           	callstack 0
   559  000016                     parse_number_at@text:
   560                           	callstack 0
   561  000016                     calculate_brg_value@brg:
   562                           	callstack 0
   563                           
   564                           ; 4 bytes @ 0x15
   565  000016                     	ds	2
   566  000018                     parse_number_at@start_index:
   567                           	callstack 0
   568                           
   569                           ; 1 bytes @ 0x17
   570  000018                     	ds	1
   571  000019                     ___lodiv@counter:
   572                           	callstack 0
   573                           
   574                           ; 1 bytes @ 0x18
   575  000019                     	ds	1
   576  00001A                     ?_convert_native_milli_to_milli_kg:
   577                           	callstack 0
   578  00001A                     uart1_init@baud:
   579                           	callstack 0
   580  00001A                     uart2_init@baud:
   581                           	callstack 0
   582  00001A                     convert_native_milli_to_milli_kg@native_milli_value:
   583                           	callstack 0
   584                           
   585                           ; 4 bytes @ 0x19
   586  00001A                     	ds	2
   587  00001C                     uart2_write_uint32@index:
   588                           	callstack 0
   589                           
   590                           ; 1 bytes @ 0x1B
   591  00001C                     	ds	1
   592  00001D                     uart2_write_uint32_padded@value:
   593                           	callstack 0
   594                           
   595                           ; 4 bytes @ 0x1C
   596  00001D                     	ds	1
   597  00001E                     ??_parse_number_at:
   598  00001E                     convert_native_milli_to_milli_kg@unit:
   599                           	callstack 0
   600  00001E                     uart1_init@brg:
   601                           	callstack 0
   602  00001E                     uart2_init@brg:
   603                           	callstack 0
   604                           
   605                           ; 2 bytes @ 0x1D
   606  00001E                     	ds	1
   607  00001F                     ??_convert_native_milli_to_milli_kg:
   608                           
   609                           ; 1 bytes @ 0x1E
   610  00001F                     	ds	2
   611  000021                     uart2_write_uint32_padded@min_width:
   612                           	callstack 0
   613                           
   614                           ; 1 bytes @ 0x20
   615  000021                     	ds	1
   616  000022                     uart2_write_uint32_padded@pad_count:
   617                           	callstack 0
   618                           
   619                           ; 1 bytes @ 0x21
   620  000022                     	ds	1
   621  000023                     convert_native_milli_to_milli_kg@negative:
   622                           	callstack 0
   623  000023                     uart2_write_uint32_padded@temp:
   624                           	callstack 0
   625                           
   626                           ; 4 bytes @ 0x22
   627  000023                     	ds	1
   628  000024                     convert_native_milli_to_milli_kg@temp64:
   629                           	callstack 0
   630                           
   631                           ; 8 bytes @ 0x23
   632  000024                     	ds	3
   633  000027                     uart2_write_uint32_padded@digits:
   634                           	callstack 0
   635                           
   636                           ; 1 bytes @ 0x26
   637  000027                     	ds	1
   638  000028                     uart2_write_wn_weight@weight:
   639                           	callstack 0
   640                           
   641                           ; 2 bytes @ 0x27
   642  000028                     	ds	2
   643  00002A                     ??_uart2_write_wn_weight:
   644                           
   645                           ; 1 bytes @ 0x29
   646  00002A                     	ds	2
   647  00002C                     convert_native_milli_to_milli_kg@converted:
   648                           	callstack 0
   649                           
   650                           ; 4 bytes @ 0x2B
   651  00002C                     	ds	2
   652  00002E                     uart2_write_wn_weight@kg_part:
   653                           	callstack 0
   654                           
   655                           ; 4 bytes @ 0x2D
   656  00002E                     	ds	2
   657  000030                     convert_native_milli_to_milli_kg@abs_native:
   658                           	callstack 0
   659                           
   660                           ; 4 bytes @ 0x2F
   661  000030                     	ds	2
   662  000032                     parse_number_at@negative:
   663                           	callstack 0
   664  000032                     uart2_write_wn_weight@gram_part:
   665                           	callstack 0
   666                           
   667                           ; 4 bytes @ 0x31
   668  000032                     	ds	1
   669  000033                     parse_number_at@has_sign:
   670                           	callstack 0
   671                           
   672                           ; 1 bytes @ 0x32
   673  000033                     	ds	1
   674  000034                     parse_number_at@d1:
   675                           	callstack 0
   676                           
   677                           ; 1 bytes @ 0x33
   678  000034                     	ds	1
   679  000035                     parse_number_at@d2:
   680                           	callstack 0
   681                           
   682                           ; 1 bytes @ 0x34
   683  000035                     	ds	1
   684  000036                     parse_number_at@d3:
   685                           	callstack 0
   686  000036                     uart2_write_wn_weight@abs_milli_kg:
   687                           	callstack 0
   688                           
   689                           ; 4 bytes @ 0x35
   690  000036                     	ds	1
   691  000037                     parse_number_at@d4:
   692                           	callstack 0
   693                           
   694                           ; 1 bytes @ 0x36
   695  000037                     	ds	5
   696  00003C                     parse_number_at@has_decimal:
   697                           	callstack 0
   698                           
   699                           ; 1 bytes @ 0x3B
   700  00003C                     	ds	1
   701  00003D                     parse_number_at@integer_digits:
   702                           	callstack 0
   703                           
   704                           ; 1 bytes @ 0x3C
   705  00003D                     	ds	1
   706  00003E                     parse_number_at@native_milli_abs:
   707                           	callstack 0
   708                           
   709                           ; 4 bytes @ 0x3D
   710  00003E                     	ds	4
   711  000042                     parse_number_at@decimal_digits:
   712                           	callstack 0
   713                           
   714                           ; 1 bytes @ 0x41
   715  000042                     	ds	1
   716  000043                     parse_number_at@integer_part:
   717                           	callstack 0
   718                           
   719                           ; 4 bytes @ 0x42
   720  000043                     	ds	4
   721  000047                     parse_number_at@i:
   722                           	callstack 0
   723                           
   724                           ; 1 bytes @ 0x46
   725  000047                     	ds	1
   726  000048                     parse_number_at@result:
   727                           	callstack 0
   728                           
   729                           ; 8 bytes @ 0x47
   730  000048                     	ds	8
   731  000050                     ?_find_best_number:
   732                           	callstack 0
   733  000050                     find_best_number@text:
   734                           	callstack 0
   735                           
   736                           ; 2 bytes @ 0x4F
   737  000050                     	ds	8
   738  000058                     
   739                           ; 1 bytes @ 0x57
   740  000058                     	ds	1
   741  000059                     ??_parse_weight_line:
   742                           
   743                           ; 1 bytes @ 0x58
   744  000059                     	ds	1
   745  00005A                     process_scale_line@line:
   746                           	callstack 0
   747                           
   748                           ; 2 bytes @ 0x59
   749  00005A                     	ds	2
   750  00005C                     ??_handle_scale_byte:
   751  00005C                     
   752                           ; 1 bytes @ 0x5B
   753  00005C                     	ds	1
   754  00005D                     handle_scale_byte@byte:
   755                           	callstack 0
   756                           
   757                           ; 1 bytes @ 0x5C
   758  00005D                     	ds	1
   759                           
   760 ;;
   761 ;;Main: autosize = 0, tempsize = 4, incstack = 0, save=0
   762 ;;
   763 ;; *************** function _main *****************
   764 ;; Defined at:
   765 ;;		line 233 in file "AWS_Standard_Weight_Converter_V2.c"
   766 ;; Parameters:    Size  Location     Type
   767 ;;		None
   768 ;; Auto vars:     Size  Location     Type
   769 ;;  now             4  141[BANK0 ] unsigned long 
   770 ;;  scale_line     96   45[BANK0 ] unsigned char [96]
   771 ;;  pc_baud         4  153[BANK0 ] unsigned long 
   772 ;;  scale_baud      4  149[BANK0 ] unsigned long 
   773 ;;  last_rx_time    4  145[BANK0 ] unsigned long 
   774 ;;  scale_line_i    1  158[BANK0 ] unsigned char 
   775 ;;  received_byt    1  157[BANK0 ] unsigned char 
   776 ;; Return value:  Size  Location     Type
   777 ;;                  1    wreg      void 
   778 ;; Registers used:
   779 ;;		wreg, fsr0l, fsr0h, fsr1l, fsr1h, fsr2l, fsr2h, status,2, status,0, tblptrl, tblptrh, tblptru, cstack
   780 ;; Tracked objects:
   781 ;;		On entry : 0/0
   782 ;;		On exit  : 0/0
   783 ;;		Unchanged: 0/0
   784 ;; Data sizes:     COMRAM   BANK0   BANK1   BANK2   BANK3   BANK4   BANK5
   785 ;;      Params:         0       0       0       0       0       0       0
   786 ;;      Locals:         0     114       0       0       0       0       0
   787 ;;      Temps:          0       4       0       0       0       0       0
   788 ;;      Totals:         0     118       0       0       0       0       0
   789 ;;Total ram usage:      118 bytes
   790 ;; Hardware stack levels required when called:    8
   791 ;; This function calls:
   792 ;;		_delay_ms_blocking
   793 ;;		_handle_scale_byte
   794 ;;		_millis
   795 ;;		_process_scale_line
   796 ;;		_read_dip_baud
   797 ;;		_startup_led_test
   798 ;;		_system_init
   799 ;;		_timer0_init
   800 ;;		_uart1_init
   801 ;;		_uart1_try_read
   802 ;;		_uart2_init
   803 ;; This function is called by:
   804 ;;		Startup code after reset
   805 ;; This function uses a non-reentrant model
   806 ;;
   807                           
   808                           	psect	text0
   809  0011AC                     __ptext0:
   810                           	callstack 0
   811  0011AC                     _main:
   812                           	callstack 23
   813  0011AC                     
   814                           ;AWS_Standard_Weight_Converter_V2.c: 235:     char scale_line[96u];;AWS_Standard_Weight_
      +                          Converter_V2.c: 236:     uint8_t scale_line_index = 0u;
   815  0011AC  0E00               	movlw	0
   816  0011AE  0100               	movlb	0	; () banked
   817  0011B0  6FFE               	movwf	main@scale_line_index& (0+255),b
   818                           
   819                           ;AWS_Standard_Weight_Converter_V2.c: 237:     uint8_t received_byte = 0u;
   820  0011B2  0E00               	movlw	0
   821  0011B4  6FFD               	movwf	main@received_byte& (0+255),b
   822                           
   823                           ;AWS_Standard_Weight_Converter_V2.c: 238:     uint32_t last_rx_time = 0UL;
   824  0011B6  0E00               	movlw	0
   825  0011B8  6FF1               	movwf	main@last_rx_time& (0+255),b
   826  0011BA  0E00               	movlw	0
   827  0011BC  6FF2               	movwf	(main@last_rx_time+1)& (0+255),b
   828  0011BE  0E00               	movlw	0
   829  0011C0  6FF3               	movwf	(main@last_rx_time+2)& (0+255),b
   830  0011C2  0E00               	movlw	0
   831  0011C4  6FF4               	movwf	(main@last_rx_time+3)& (0+255),b
   832                           
   833                           ;AWS_Standard_Weight_Converter_V2.c: 240:     uint32_t pc_baud = 0UL;
   834  0011C6  0E00               	movlw	0
   835  0011C8  6FF9               	movwf	main@pc_baud& (0+255),b
   836  0011CA  0E00               	movlw	0
   837  0011CC  6FFA               	movwf	(main@pc_baud+1)& (0+255),b
   838  0011CE  0E00               	movlw	0
   839  0011D0  6FFB               	movwf	(main@pc_baud+2)& (0+255),b
   840  0011D2  0E00               	movlw	0
   841  0011D4  6FFC               	movwf	(main@pc_baud+3)& (0+255),b
   842  0011D6                     
   843                           ; BSR set to: 0
   844                           ;AWS_Standard_Weight_Converter_V2.c: 242:     system_init();
   845  0011D6  ECEE  F011         	call	_system_init	;wreg free
   846  0011DA                     
   847                           ;AWS_Standard_Weight_Converter_V2.c: 243:     delay_ms_blocking((uint16_t)(30));
   848  0011DA  0E00               	movlw	0
   849  0011DC  6E02               	movwf	(delay_ms_blocking@ms+1)^0,c
   850  0011DE  0E1E               	movlw	30
   851  0011E0  6E01               	movwf	delay_ms_blocking@ms^0,c
   852  0011E2  EC63  F010         	call	_delay_ms_blocking	;wreg free
   853  0011E6                     
   854                           ;AWS_Standard_Weight_Converter_V2.c: 245:     scale_baud = read_dip_baud();
   855  0011E6  ECC4  F00A         	call	_read_dip_baud	;wreg free
   856  0011EA  C005  F0F5         	movff	?_read_dip_baud,main@scale_baud
   857  0011EE  C006  F0F6         	movff	?_read_dip_baud+1,main@scale_baud+1
   858  0011F2  C007  F0F7         	movff	?_read_dip_baud+2,main@scale_baud+2
   859  0011F6  C008  F0F8         	movff	?_read_dip_baud+3,main@scale_baud+3
   860  0011FA                     
   861                           ;AWS_Standard_Weight_Converter_V2.c: 253:     uart1_init(scale_baud);
   862  0011FA  C0F5  F01A         	movff	main@scale_baud,uart1_init@baud
   863  0011FE  C0F6  F01B         	movff	main@scale_baud+1,uart1_init@baud+1
   864  001202  C0F7  F01C         	movff	main@scale_baud+2,uart1_init@baud+2
   865  001206  C0F8  F01D         	movff	main@scale_baud+3,uart1_init@baud+3
   866  00120A  EC44  F011         	call	_uart1_init	;wreg free
   867                           
   868                           ;AWS_Standard_Weight_Converter_V2.c: 254:     uart2_init(pc_baud);
   869  00120E  0E80               	movlw	128
   870  001210  6E1A               	movwf	uart2_init@baud^0,c
   871  001212  0E25               	movlw	37
   872  001214  6E1B               	movwf	(uart2_init@baud+1)^0,c
   873  001216  0E00               	movlw	0
   874  001218  6E1C               	movwf	(uart2_init@baud+2)^0,c
   875  00121A  0E00               	movlw	0
   876  00121C  6E1D               	movwf	(uart2_init@baud+3)^0,c
   877  00121E  EC2B  F011         	call	_uart2_init	;wreg free
   878  001222                     
   879                           ;AWS_Standard_Weight_Converter_V2.c: 255:     timer0_init();
   880  001222  ECA1  F011         	call	_timer0_init	;wreg free
   881  001226                     
   882                           ;AWS_Standard_Weight_Converter_V2.c: 256:     startup_led_test();
   883  001226  ECC3  F011         	call	_startup_led_test	;wreg free
   884  00122A                     l2862:
   885                           
   886                           ;AWS_Standard_Weight_Converter_V2.c: 267:     {;AWS_Standard_Weight_Converter_V2.c: 268:
      +                                   if (uart1_try_read(&received_byte))
   887  00122A  0EFD               	movlw	low main@received_byte
   888  00122C  6E01               	movwf	uart1_try_read@byte^0,c
   889  00122E  0E00               	movlw	high main@received_byte
   890  001230  6E02               	movwf	(uart1_try_read@byte+1)^0,c
   891  001232  EC91  F010         	call	_uart1_try_read	;wreg free
   892  001236  0900               	iorlw	0
   893  001238  B4D8               	btfsc	status,2,c
   894  00123A  EF21  F009         	goto	u2701
   895  00123E  EF23  F009         	goto	u2700
   896  001242                     u2701:
   897  001242  EF39  F009         	goto	l2868
   898  001246                     u2700:
   899  001246                     
   900                           ;AWS_Standard_Weight_Converter_V2.c: 269:         {;AWS_Standard_Weight_Converter_V2.c: 
      +                          270:             last_rx_time = millis();
   901  001246  ECDA  F010         	call	_millis	;wreg free
   902  00124A  C001  F0F1         	movff	?_millis,main@last_rx_time
   903  00124E  C002  F0F2         	movff	?_millis+1,main@last_rx_time+1
   904  001252  C003  F0F3         	movff	?_millis+2,main@last_rx_time+2
   905  001256  C004  F0F4         	movff	?_millis+3,main@last_rx_time+3
   906  00125A                     
   907                           ;AWS_Standard_Weight_Converter_V2.c: 271:             handle_scale_byte(received_byte, s
      +                          cale_line, &scale_line_index);
   908  00125A  0E8D               	movlw	low main@scale_line
   909  00125C  0100               	movlb	0	; () banked
   910  00125E  6F85               	movwf	handle_scale_byte@line_buffer& (0+255),b
   911  001260  0E00               	movlw	high main@scale_line
   912  001262  6F86               	movwf	(handle_scale_byte@line_buffer+1)& (0+255),b
   913  001264  0EFE               	movlw	low main@scale_line_index
   914  001266  6F87               	movwf	handle_scale_byte@line_index& (0+255),b
   915  001268  0E00               	movlw	high main@scale_line_index
   916  00126A  6F88               	movwf	(handle_scale_byte@line_index+1)& (0+255),b
   917  00126C  51FD               	movf	main@received_byte& (0+255),w,b
   918  00126E  EC85  F00C         	call	_handle_scale_byte
   919  001272                     l2868:
   920                           
   921                           ;AWS_Standard_Weight_Converter_V2.c: 274:         if (scale_line_index > 0u)
   922  001272  0100               	movlb	0	; () banked
   923  001274  51FE               	movf	main@scale_line_index& (0+255),w,b
   924  001276  B4D8               	btfsc	status,2,c
   925  001278  EF40  F009         	goto	u2711
   926  00127C  EF42  F009         	goto	u2710
   927  001280                     u2711:
   928  001280  EF15  F009         	goto	l2862
   929  001284                     u2710:
   930  001284                     
   931                           ; BSR set to: 0
   932                           ;AWS_Standard_Weight_Converter_V2.c: 275:         {;AWS_Standard_Weight_Converter_V2.c: 
      +                          276:             uint32_t now = millis();
   933  001284  ECDA  F010         	call	_millis	;wreg free
   934  001288  C001  F0ED         	movff	?_millis,main@now
   935  00128C  C002  F0EE         	movff	?_millis+1,main@now+1
   936  001290  C003  F0EF         	movff	?_millis+2,main@now+2
   937  001294  C004  F0F0         	movff	?_millis+3,main@now+3
   938  001298                     
   939                           ;AWS_Standard_Weight_Converter_V2.c: 277:             if ((uint32_t)(now - last_rx_time)
      +                           >= 80u)
   940  001298  0100               	movlb	0	; () banked
   941  00129A  51F1               	movf	main@last_rx_time& (0+255),w,b
   942  00129C  5DED               	subwf	main@now& (0+255),w,b
   943  00129E  6F89               	movwf	??_main& (0+255),b
   944  0012A0  51F2               	movf	(main@last_rx_time+1)& (0+255),w,b
   945  0012A2  59EE               	subwfb	(main@now+1)& (0+255),w,b
   946  0012A4  6F8A               	movwf	(??_main+1)& (0+255),b
   947  0012A6  51F3               	movf	(main@last_rx_time+2)& (0+255),w,b
   948  0012A8  59EF               	subwfb	(main@now+2)& (0+255),w,b
   949  0012AA  6F8B               	movwf	(??_main+2)& (0+255),b
   950  0012AC  51F4               	movf	(main@last_rx_time+3)& (0+255),w,b
   951  0012AE  59F0               	subwfb	(main@now+3)& (0+255),w,b
   952  0012B0  6F8C               	movwf	(??_main+3)& (0+255),b
   953  0012B2  518C               	movf	(??_main+3)& (0+255),w,b
   954  0012B4  118B               	iorwf	(??_main+2)& (0+255),w,b
   955  0012B6  118A               	iorwf	(??_main+1)& (0+255),w,b
   956  0012B8  E109               	bnz	u2720
   957  0012BA  0E50               	movlw	80
   958  0012BC  5D89               	subwf	??_main& (0+255),w,b
   959  0012BE  A0D8               	btfss	status,0,c
   960  0012C0  EF64  F009         	goto	u2721
   961  0012C4  EF66  F009         	goto	u2720
   962  0012C8                     u2721:
   963  0012C8  EF15  F009         	goto	l2862
   964  0012CC                     u2720:
   965  0012CC                     
   966                           ; BSR set to: 0
   967                           ;AWS_Standard_Weight_Converter_V2.c: 278:             {;AWS_Standard_Weight_Converter_V2
      +                          .c: 279:                 scale_line[scale_line_index] = '\0';
   968  0012CC  0E8D               	movlw	low main@scale_line
   969  0012CE  25FE               	addwf	main@scale_line_index& (0+255),w,b
   970  0012D0  6ED9               	movwf	fsr2l,c
   971  0012D2  6ADA               	clrf	fsr2h,c
   972  0012D4  0E00               	movlw	high main@scale_line
   973  0012D6  22DA               	addwfc	fsr2h,f,c
   974  0012D8  0E00               	movlw	0
   975  0012DA  6EDF               	movwf	indf2,c
   976  0012DC                     
   977                           ; BSR set to: 0
   978                           ;AWS_Standard_Weight_Converter_V2.c: 280:                 process_scale_line(scale_line)
      +                          ;
   979  0012DC  0E8D               	movlw	low main@scale_line
   980  0012DE  6E5A               	movwf	process_scale_line@line^0,c
   981  0012E0  0E00               	movlw	high main@scale_line
   982  0012E2  6E5B               	movwf	(process_scale_line@line+1)^0,c
   983  0012E4  ECB6  F010         	call	_process_scale_line	;wreg free
   984  0012E8                     
   985                           ;AWS_Standard_Weight_Converter_V2.c: 281:                 scale_line_index = 0u;
   986  0012E8  0E00               	movlw	0
   987  0012EA  0100               	movlb	0	; () banked
   988  0012EC  6FFE               	movwf	main@scale_line_index& (0+255),b
   989  0012EE  EF15  F009         	goto	l2862
   990  0012F2  EF1A  F000         	goto	start
   991  0012F6                     __end_of_main:
   992                           	callstack 0
   993                           
   994 ;; *************** function _uart2_init *****************
   995 ;; Defined at:
   996 ;;		line 437 in file "AWS_Standard_Weight_Converter_V2.c"
   997 ;; Parameters:    Size  Location     Type
   998 ;;  baud            4   25[COMRAM] unsigned long 
   999 ;; Auto vars:     Size  Location     Type
  1000 ;;  brg             2   29[COMRAM] unsigned short 
  1001 ;; Return value:  Size  Location     Type
  1002 ;;                  1    wreg      void 
  1003 ;; Registers used:
  1004 ;;		wreg, status,2, status,0, cstack
  1005 ;; Tracked objects:
  1006 ;;		On entry : 0/0
  1007 ;;		On exit  : 0/0
  1008 ;;		Unchanged: 0/0
  1009 ;; Data sizes:     COMRAM   BANK0   BANK1   BANK2   BANK3   BANK4   BANK5
  1010 ;;      Params:         4       0       0       0       0       0       0
  1011 ;;      Locals:         2       0       0       0       0       0       0
  1012 ;;      Temps:          0       0       0       0       0       0       0
  1013 ;;      Totals:         6       0       0       0       0       0       0
  1014 ;;Total ram usage:        6 bytes
  1015 ;; Hardware stack levels used:    1
  1016 ;; Hardware stack levels required when called:    3
  1017 ;; This function calls:
  1018 ;;		_calculate_brg_value
  1019 ;; This function is called by:
  1020 ;;		_main
  1021 ;; This function uses a non-reentrant model
  1022 ;;
  1023                           
  1024                           	psect	text1
  1025  002256                     __ptext1:
  1026                           	callstack 0
  1027  002256                     _uart2_init:
  1028                           	callstack 27
  1029  002256                     
  1030                           ;AWS_Standard_Weight_Converter_V2.c: 437: static void uart2_init(uint32_t baud);AWS_Stan
      +                          dard_Weight_Converter_V2.c: 438: {;AWS_Standard_Weight_Converter_V2.c: 439:     uint16_t
      +                           brg = calculate_brg_value(baud);
  1031  002256  C01A  F00E         	movff	uart2_init@baud,calculate_brg_value@baud
  1032  00225A  C01B  F00F         	movff	uart2_init@baud+1,calculate_brg_value@baud+1
  1033  00225E  C01C  F010         	movff	uart2_init@baud+2,calculate_brg_value@baud+2
  1034  002262  C01D  F011         	movff	uart2_init@baud+3,calculate_brg_value@baud+3
  1035  002266  ECC0  F00E         	call	_calculate_brg_value	;wreg free
  1036  00226A  C00E  F01E         	movff	?_calculate_brg_value,uart2_init@brg
  1037  00226E  C00F  F01F         	movff	?_calculate_brg_value+1,uart2_init@brg+1
  1038  002272                     
  1039                           ;AWS_Standard_Weight_Converter_V2.c: 441:     TXSTA2bits.SYNC = 0;
  1040  002272  9872               	bcf	114,4,c	;volatile
  1041  002274                     
  1042                           ;AWS_Standard_Weight_Converter_V2.c: 442:     TXSTA2bits.BRGH = 1;
  1043  002274  8472               	bsf	114,2,c	;volatile
  1044  002276                     
  1045                           ;AWS_Standard_Weight_Converter_V2.c: 443:     BAUDCON2bits.BRG16 = 1;
  1046  002276  8670               	bsf	112,3,c	;volatile
  1047  002278                     
  1048                           ;AWS_Standard_Weight_Converter_V2.c: 445:     SPBRGH2 = (uint8_t)(brg >> 8);
  1049  002278  501F               	movf	(uart2_init@brg+1)^0,w,c
  1050  00227A  6E76               	movwf	118,c	;volatile
  1051  00227C                     
  1052                           ;AWS_Standard_Weight_Converter_V2.c: 446:     SPBRG2 = (uint8_t)(brg & 0xFFu);
  1053  00227C  C01E  FF75         	movff	uart2_init@brg,3957	;volatile
  1054  002280                     
  1055                           ;AWS_Standard_Weight_Converter_V2.c: 448:     RCSTA2bits.SPEN = 1;
  1056  002280  8E71               	bsf	113,7,c	;volatile
  1057  002282                     
  1058                           ;AWS_Standard_Weight_Converter_V2.c: 449:     RCSTA2bits.CREN = 1;
  1059  002282  8871               	bsf	113,4,c	;volatile
  1060  002284                     
  1061                           ;AWS_Standard_Weight_Converter_V2.c: 450:     TXSTA2bits.TXEN = 1;
  1062  002284  8A72               	bsf	114,5,c	;volatile
  1063  002286  0012               	return		;funcret
  1064  002288                     __end_of_uart2_init:
  1065                           	callstack 0
  1066                           
  1067 ;; *************** function _uart1_try_read *****************
  1068 ;; Defined at:
  1069 ;;		line 453 in file "AWS_Standard_Weight_Converter_V2.c"
  1070 ;; Parameters:    Size  Location     Type
  1071 ;;  byte            2    0[COMRAM] PTR unsigned char 
  1072 ;;		 -> main@received_byte(1), 
  1073 ;; Auto vars:     Size  Location     Type
  1074 ;;  dummy           1    0        unsigned char 
  1075 ;; Return value:  Size  Location     Type
  1076 ;;                  1    wreg      _Bool 
  1077 ;; Registers used:
  1078 ;;		wreg, fsr2l, fsr2h
  1079 ;; Tracked objects:
  1080 ;;		On entry : 0/0
  1081 ;;		On exit  : 0/0
  1082 ;;		Unchanged: 0/0
  1083 ;; Data sizes:     COMRAM   BANK0   BANK1   BANK2   BANK3   BANK4   BANK5
  1084 ;;      Params:         2       0       0       0       0       0       0
  1085 ;;      Locals:         1       0       0       0       0       0       0
  1086 ;;      Temps:          0       0       0       0       0       0       0
  1087 ;;      Totals:         3       0       0       0       0       0       0
  1088 ;;Total ram usage:        3 bytes
  1089 ;; Hardware stack levels used:    1
  1090 ;; Hardware stack levels required when called:    1
  1091 ;; This function calls:
  1092 ;;		Nothing
  1093 ;; This function is called by:
  1094 ;;		_main
  1095 ;; This function uses a non-reentrant model
  1096 ;;
  1097                           
  1098                           	psect	text2
  1099  002122                     __ptext2:
  1100                           	callstack 0
  1101  002122                     _uart1_try_read:
  1102                           	callstack 29
  1103  002122                     
  1104                           ;AWS_Standard_Weight_Converter_V2.c: 453: static _Bool uart1_try_read(uint8_t *byte);AWS
      +                          _Standard_Weight_Converter_V2.c: 454: {;AWS_Standard_Weight_Converter_V2.c: 455:     uin
      +                          t8_t dummy;;AWS_Standard_Weight_Converter_V2.c: 457:     if (RCSTA1bits.OERR)
  1105  002122  A2AB               	btfss	171,1,c	;volatile
  1106  002124  EF96  F010         	goto	u2571
  1107  002128  EF98  F010         	goto	u2570
  1108  00212C                     u2571:
  1109  00212C  EF9A  F010         	goto	l157
  1110  002130                     u2570:
  1111  002130                     
  1112                           ;AWS_Standard_Weight_Converter_V2.c: 458:     {;AWS_Standard_Weight_Converter_V2.c: 459:
      +                                   RCSTA1bits.CREN = 0;
  1113  002130  98AB               	bcf	171,4,c	;volatile
  1114                           
  1115                           ;AWS_Standard_Weight_Converter_V2.c: 460:         RCSTA1bits.CREN = 1;
  1116  002132  88AB               	bsf	171,4,c	;volatile
  1117  002134                     l157:
  1118                           
  1119                           ;AWS_Standard_Weight_Converter_V2.c: 463:     if (!PIR1bits.RC1IF)
  1120  002134  BA9E               	btfsc	158,5,c	;volatile
  1121  002136  EF9F  F010         	goto	u2581
  1122  00213A  EFA1  F010         	goto	u2580
  1123  00213E                     u2581:
  1124  00213E  EFA4  F010         	goto	l158
  1125  002142                     u2580:
  1126  002142                     l2774:
  1127                           
  1128                           ;AWS_Standard_Weight_Converter_V2.c: 464:     {;AWS_Standard_Weight_Converter_V2.c: 465:
      +                                   return 0;
  1129  002142  0E00               	movlw	0
  1130  002144  EFB5  F010         	goto	l159
  1131  002148                     l158:
  1132                           
  1133                           ;AWS_Standard_Weight_Converter_V2.c: 468:     if (RCSTA1bits.FERR)
  1134  002148  A4AB               	btfss	171,2,c	;volatile
  1135  00214A  EFA9  F010         	goto	u2591
  1136  00214E  EFAB  F010         	goto	u2590
  1137  002152                     u2591:
  1138  002152  EFAE  F010         	goto	l2784
  1139  002156                     u2590:
  1140  002156  50AE               	movf	174,w,c	;volatile
  1141  002158  EFA1  F010         	goto	l2774
  1142  00215C                     l2784:
  1143                           
  1144                           ;AWS_Standard_Weight_Converter_V2.c: 475:     *byte = RCREG1;
  1145  00215C  C001  FFD9         	movff	uart1_try_read@byte,fsr2l
  1146  002160  C002  FFDA         	movff	uart1_try_read@byte+1,fsr2h
  1147  002164  CFAE FFDF          	movff	4014,indf2	;volatile
  1148  002168                     
  1149                           ;AWS_Standard_Weight_Converter_V2.c: 476:     return 1;
  1150  002168  0E01               	movlw	1
  1151  00216A                     l159:
  1152  00216A  0012               	return		;funcret
  1153  00216C                     __end_of_uart1_try_read:
  1154                           	callstack 0
  1155                           
  1156 ;; *************** function _uart1_init *****************
  1157 ;; Defined at:
  1158 ;;		line 421 in file "AWS_Standard_Weight_Converter_V2.c"
  1159 ;; Parameters:    Size  Location     Type
  1160 ;;  baud            4   25[COMRAM] unsigned long 
  1161 ;; Auto vars:     Size  Location     Type
  1162 ;;  brg             2   29[COMRAM] unsigned short 
  1163 ;; Return value:  Size  Location     Type
  1164 ;;                  1    wreg      void 
  1165 ;; Registers used:
  1166 ;;		wreg, status,2, status,0, cstack
  1167 ;; Tracked objects:
  1168 ;;		On entry : 0/0
  1169 ;;		On exit  : 0/0
  1170 ;;		Unchanged: 0/0
  1171 ;; Data sizes:     COMRAM   BANK0   BANK1   BANK2   BANK3   BANK4   BANK5
  1172 ;;      Params:         4       0       0       0       0       0       0
  1173 ;;      Locals:         2       0       0       0       0       0       0
  1174 ;;      Temps:          0       0       0       0       0       0       0
  1175 ;;      Totals:         6       0       0       0       0       0       0
  1176 ;;Total ram usage:        6 bytes
  1177 ;; Hardware stack levels used:    1
  1178 ;; Hardware stack levels required when called:    3
  1179 ;; This function calls:
  1180 ;;		_calculate_brg_value
  1181 ;; This function is called by:
  1182 ;;		_main
  1183 ;; This function uses a non-reentrant model
  1184 ;;
  1185                           
  1186                           	psect	text3
  1187  002288                     __ptext3:
  1188                           	callstack 0
  1189  002288                     _uart1_init:
  1190                           	callstack 27
  1191  002288                     
  1192                           ;AWS_Standard_Weight_Converter_V2.c: 421: static void uart1_init(uint32_t baud);AWS_Stan
      +                          dard_Weight_Converter_V2.c: 422: {;AWS_Standard_Weight_Converter_V2.c: 423:     uint16_t
      +                           brg = calculate_brg_value(baud);
  1193  002288  C01A  F00E         	movff	uart1_init@baud,calculate_brg_value@baud
  1194  00228C  C01B  F00F         	movff	uart1_init@baud+1,calculate_brg_value@baud+1
  1195  002290  C01C  F010         	movff	uart1_init@baud+2,calculate_brg_value@baud+2
  1196  002294  C01D  F011         	movff	uart1_init@baud+3,calculate_brg_value@baud+3
  1197  002298  ECC0  F00E         	call	_calculate_brg_value	;wreg free
  1198  00229C  C00E  F01E         	movff	?_calculate_brg_value,uart1_init@brg
  1199  0022A0  C00F  F01F         	movff	?_calculate_brg_value+1,uart1_init@brg+1
  1200  0022A4                     
  1201                           ;AWS_Standard_Weight_Converter_V2.c: 425:     TXSTA1bits.SYNC = 0;
  1202  0022A4  98AC               	bcf	172,4,c	;volatile
  1203  0022A6                     
  1204                           ;AWS_Standard_Weight_Converter_V2.c: 426:     TXSTA1bits.BRGH = 1;
  1205  0022A6  84AC               	bsf	172,2,c	;volatile
  1206  0022A8                     
  1207                           ;AWS_Standard_Weight_Converter_V2.c: 427:     BAUDCON1bits.BRG16 = 1;
  1208  0022A8  86B8               	bsf	184,3,c	;volatile
  1209  0022AA                     
  1210                           ;AWS_Standard_Weight_Converter_V2.c: 429:     SPBRGH1 = (uint8_t)(brg >> 8);
  1211  0022AA  501F               	movf	(uart1_init@brg+1)^0,w,c
  1212  0022AC  6EB0               	movwf	176,c	;volatile
  1213  0022AE                     
  1214                           ;AWS_Standard_Weight_Converter_V2.c: 430:     SPBRG1 = (uint8_t)(brg & 0xFFu);
  1215  0022AE  C01E  FFAF         	movff	uart1_init@brg,4015	;volatile
  1216  0022B2                     
  1217                           ;AWS_Standard_Weight_Converter_V2.c: 432:     RCSTA1bits.SPEN = 1;
  1218  0022B2  8EAB               	bsf	171,7,c	;volatile
  1219  0022B4                     
  1220                           ;AWS_Standard_Weight_Converter_V2.c: 433:     RCSTA1bits.CREN = 1;
  1221  0022B4  88AB               	bsf	171,4,c	;volatile
  1222  0022B6                     
  1223                           ;AWS_Standard_Weight_Converter_V2.c: 434:     TXSTA1bits.TXEN = 1;
  1224  0022B6  8AAC               	bsf	172,5,c	;volatile
  1225  0022B8  0012               	return		;funcret
  1226  0022BA                     __end_of_uart1_init:
  1227                           	callstack 0
  1228                           
  1229 ;; *************** function _calculate_brg_value *****************
  1230 ;; Defined at:
  1231 ;;		line 406 in file "AWS_Standard_Weight_Converter_V2.c"
  1232 ;; Parameters:    Size  Location     Type
  1233 ;;  baud            4   13[COMRAM] unsigned long 
  1234 ;; Auto vars:     Size  Location     Type
  1235 ;;  brg             4   21[COMRAM] unsigned long 
  1236 ;; Return value:  Size  Location     Type
  1237 ;;                  2   13[COMRAM] unsigned short 
  1238 ;; Registers used:
  1239 ;;		wreg, status,2, status,0, cstack
  1240 ;; Tracked objects:
  1241 ;;		On entry : 0/0
  1242 ;;		On exit  : 0/0
  1243 ;;		Unchanged: 0/0
  1244 ;; Data sizes:     COMRAM   BANK0   BANK1   BANK2   BANK3   BANK4   BANK5
  1245 ;;      Params:         4       0       0       0       0       0       0
  1246 ;;      Locals:         4       0       0       0       0       0       0
  1247 ;;      Temps:          4       0       0       0       0       0       0
  1248 ;;      Totals:        12       0       0       0       0       0       0
  1249 ;;Total ram usage:       12 bytes
  1250 ;; Hardware stack levels used:    1
  1251 ;; Hardware stack levels required when called:    2
  1252 ;; This function calls:
  1253 ;;		___lldiv
  1254 ;; This function is called by:
  1255 ;;		_uart1_init
  1256 ;;		_uart2_init
  1257 ;; This function uses a non-reentrant model
  1258 ;;
  1259                           
  1260                           	psect	text4
  1261  001D80                     __ptext4:
  1262                           	callstack 0
  1263  001D80                     _calculate_brg_value:
  1264                           	callstack 27
  1265  001D80                     
  1266                           ;AWS_Standard_Weight_Converter_V2.c: 406: static uint16_t calculate_brg_value(uint32_t b
      +                          aud);AWS_Standard_Weight_Converter_V2.c: 407: {;AWS_Standard_Weight_Converter_V2.c: 408:
      +                               uint32_t brg;;AWS_Standard_Weight_Converter_V2.c: 409:     brg = ((16000000UL / 4UL
      +                          ) + (baud / 2UL)) / baud;
  1267  001D80  C00E  F012         	movff	calculate_brg_value@baud,??_calculate_brg_value
  1268  001D84  C00F  F013         	movff	calculate_brg_value@baud+1,??_calculate_brg_value+1
  1269  001D88  C010  F014         	movff	calculate_brg_value@baud+2,??_calculate_brg_value+2
  1270  001D8C  C011  F015         	movff	calculate_brg_value@baud+3,??_calculate_brg_value+3
  1271  001D90  90D8               	bcf	status,0,c
  1272  001D92  3215               	rrcf	(??_calculate_brg_value+3)^0,f,c
  1273  001D94  3214               	rrcf	(??_calculate_brg_value+2)^0,f,c
  1274  001D96  3213               	rrcf	(??_calculate_brg_value+1)^0,f,c
  1275  001D98  3212               	rrcf	??_calculate_brg_value^0,f,c
  1276  001D9A  0E00               	movlw	0
  1277  001D9C  2412               	addwf	??_calculate_brg_value^0,w,c
  1278  001D9E  6E01               	movwf	___lldiv@dividend^0,c
  1279  001DA0  0E09               	movlw	9
  1280  001DA2  2013               	addwfc	(??_calculate_brg_value+1)^0,w,c
  1281  001DA4  6E02               	movwf	(___lldiv@dividend+1)^0,c
  1282  001DA6  0E3D               	movlw	61
  1283  001DA8  2014               	addwfc	(??_calculate_brg_value+2)^0,w,c
  1284  001DAA  6E03               	movwf	(___lldiv@dividend+2)^0,c
  1285  001DAC  0E00               	movlw	0
  1286  001DAE  2015               	addwfc	(??_calculate_brg_value+3)^0,w,c
  1287  001DB0  6E04               	movwf	(___lldiv@dividend+3)^0,c
  1288  001DB2  C00E  F005         	movff	calculate_brg_value@baud,___lldiv@divisor
  1289  001DB6  C00F  F006         	movff	calculate_brg_value@baud+1,___lldiv@divisor+1
  1290  001DBA  C010  F007         	movff	calculate_brg_value@baud+2,___lldiv@divisor+2
  1291  001DBE  C011  F008         	movff	calculate_brg_value@baud+3,___lldiv@divisor+3
  1292  001DC2  EC12  F00F         	call	___lldiv	;wreg free
  1293  001DC6  C001  F016         	movff	?___lldiv,calculate_brg_value@brg
  1294  001DCA  C002  F017         	movff	?___lldiv+1,calculate_brg_value@brg+1
  1295  001DCE  C003  F018         	movff	?___lldiv+2,calculate_brg_value@brg+2
  1296  001DD2  C004  F019         	movff	?___lldiv+3,calculate_brg_value@brg+3
  1297  001DD6                     
  1298                           ;AWS_Standard_Weight_Converter_V2.c: 410:     if (brg > 0UL)
  1299  001DD6  5016               	movf	calculate_brg_value@brg^0,w,c
  1300  001DD8  1017               	iorwf	(calculate_brg_value@brg+1)^0,w,c
  1301  001DDA  1018               	iorwf	(calculate_brg_value@brg+2)^0,w,c
  1302  001DDC  1019               	iorwf	(calculate_brg_value@brg+3)^0,w,c
  1303  001DDE  B4D8               	btfsc	status,2,c
  1304  001DE0  EFF4  F00E         	goto	u2521
  1305  001DE4  EFF6  F00E         	goto	u2520
  1306  001DE8                     u2521:
  1307  001DE8  EFFB  F00E         	goto	l146
  1308  001DEC                     u2520:
  1309  001DEC                     
  1310                           ;AWS_Standard_Weight_Converter_V2.c: 411:     {;AWS_Standard_Weight_Converter_V2.c: 412:
      +                                   brg--;
  1311  001DEC  0616               	decf	calculate_brg_value@brg^0,f,c
  1312  001DEE  0E00               	movlw	0
  1313  001DF0  5A17               	subwfb	(calculate_brg_value@brg+1)^0,f,c
  1314  001DF2  5A18               	subwfb	(calculate_brg_value@brg+2)^0,f,c
  1315  001DF4  5A19               	subwfb	(calculate_brg_value@brg+3)^0,f,c
  1316  001DF6                     l146:
  1317                           
  1318                           ;AWS_Standard_Weight_Converter_V2.c: 414:     if (brg > 65535UL)
  1319  001DF6  5019               	movf	(calculate_brg_value@brg+3)^0,w,c
  1320  001DF8  E108               	bnz	u2530
  1321  001DFA  0418               	decf	(calculate_brg_value@brg+2)^0,w,c
  1322  001DFC  A0D8               	btfss	status,0,c
  1323  001DFE  EF03  F00F         	goto	u2531
  1324  001E02  EF05  F00F         	goto	u2530
  1325  001E06                     u2531:
  1326  001E06  EF0D  F00F         	goto	l2640
  1327  001E0A                     u2530:
  1328  001E0A                     
  1329                           ;AWS_Standard_Weight_Converter_V2.c: 415:     {;AWS_Standard_Weight_Converter_V2.c: 416:
      +                                   brg = 65535UL;
  1330  001E0A  0EFF               	movlw	255
  1331  001E0C  6E16               	movwf	calculate_brg_value@brg^0,c
  1332  001E0E  0EFF               	movlw	255
  1333  001E10  6E17               	movwf	(calculate_brg_value@brg+1)^0,c
  1334  001E12  0E00               	movlw	0
  1335  001E14  6E18               	movwf	(calculate_brg_value@brg+2)^0,c
  1336  001E16  0E00               	movlw	0
  1337  001E18  6E19               	movwf	(calculate_brg_value@brg+3)^0,c
  1338  001E1A                     l2640:
  1339                           
  1340                           ;AWS_Standard_Weight_Converter_V2.c: 418:     return (uint16_t)brg;
  1341  001E1A  C016  F00E         	movff	calculate_brg_value@brg,?_calculate_brg_value
  1342  001E1E  C017  F00F         	movff	calculate_brg_value@brg+1,?_calculate_brg_value+1
  1343  001E22  0012               	return		;funcret
  1344  001E24                     __end_of_calculate_brg_value:
  1345                           	callstack 0
  1346                           
  1347 ;; *************** function _timer0_init *****************
  1348 ;; Defined at:
  1349 ;;		line 320 in file "AWS_Standard_Weight_Converter_V2.c"
  1350 ;; Parameters:    Size  Location     Type
  1351 ;;		None
  1352 ;; Auto vars:     Size  Location     Type
  1353 ;;		None
  1354 ;; Return value:  Size  Location     Type
  1355 ;;                  1    wreg      void 
  1356 ;; Registers used:
  1357 ;;		wreg, status,2
  1358 ;; Tracked objects:
  1359 ;;		On entry : 0/0
  1360 ;;		On exit  : 0/0
  1361 ;;		Unchanged: 0/0
  1362 ;; Data sizes:     COMRAM   BANK0   BANK1   BANK2   BANK3   BANK4   BANK5
  1363 ;;      Params:         0       0       0       0       0       0       0
  1364 ;;      Locals:         0       0       0       0       0       0       0
  1365 ;;      Temps:          0       0       0       0       0       0       0
  1366 ;;      Totals:         0       0       0       0       0       0       0
  1367 ;;Total ram usage:        0 bytes
  1368 ;; Hardware stack levels used:    1
  1369 ;; Hardware stack levels required when called:    1
  1370 ;; This function calls:
  1371 ;;		Nothing
  1372 ;; This function is called by:
  1373 ;;		_main
  1374 ;; This function uses a non-reentrant model
  1375 ;;
  1376                           
  1377                           	psect	text5
  1378  002342                     __ptext5:
  1379                           	callstack 0
  1380  002342                     _timer0_init:
  1381                           	callstack 29
  1382  002342                     
  1383                           ;AWS_Standard_Weight_Converter_V2.c: 322:     T0CONbits.TMR0ON = 0;
  1384  002342  9ED5               	bcf	213,7,c	;volatile
  1385                           
  1386                           ;AWS_Standard_Weight_Converter_V2.c: 323:     T0CONbits.T08BIT = 0;
  1387  002344  9CD5               	bcf	213,6,c	;volatile
  1388                           
  1389                           ;AWS_Standard_Weight_Converter_V2.c: 324:     T0CONbits.T0CS = 0;
  1390  002346  9AD5               	bcf	213,5,c	;volatile
  1391                           
  1392                           ;AWS_Standard_Weight_Converter_V2.c: 325:     T0CONbits.T0SE = 0;
  1393  002348  98D5               	bcf	213,4,c	;volatile
  1394                           
  1395                           ;AWS_Standard_Weight_Converter_V2.c: 326:     T0CONbits.PSA = 0;
  1396  00234A  96D5               	bcf	213,3,c	;volatile
  1397  00234C                     
  1398                           ;AWS_Standard_Weight_Converter_V2.c: 327:     T0CONbits.T0PS = 0b010;
  1399  00234C  50D5               	movf	213,w,c	;volatile
  1400  00234E  0BF8               	andlw	-8
  1401  002350  0902               	iorlw	2
  1402  002352  6ED5               	movwf	213,c	;volatile
  1403                           
  1404                           ;AWS_Standard_Weight_Converter_V2.c: 329:     TMR0H = ((uint8_t)(65036u >> 8));
  1405  002354  0EFE               	movlw	254
  1406  002356  6ED7               	movwf	215,c	;volatile
  1407                           
  1408                           ;AWS_Standard_Weight_Converter_V2.c: 330:     TMR0L = ((uint8_t)(65036u & 0xFF));
  1409  002358  0E0C               	movlw	12
  1410  00235A  6ED6               	movwf	214,c	;volatile
  1411  00235C                     
  1412                           ;AWS_Standard_Weight_Converter_V2.c: 332:     INTCONbits.TMR0IF = 0;
  1413  00235C  94F2               	bcf	242,2,c	;volatile
  1414  00235E                     
  1415                           ;AWS_Standard_Weight_Converter_V2.c: 333:     INTCONbits.TMR0IE = 1;
  1416  00235E  8AF2               	bsf	242,5,c	;volatile
  1417  002360                     
  1418                           ;AWS_Standard_Weight_Converter_V2.c: 334:     RCONbits.IPEN = 0;
  1419  002360  9ED0               	bcf	208,7,c	;volatile
  1420  002362                     
  1421                           ;AWS_Standard_Weight_Converter_V2.c: 335:     INTCONbits.PEIE = 1;
  1422  002362  8CF2               	bsf	242,6,c	;volatile
  1423  002364                     
  1424                           ;AWS_Standard_Weight_Converter_V2.c: 336:     INTCONbits.GIE = 1;
  1425  002364  8EF2               	bsf	242,7,c	;volatile
  1426  002366                     
  1427                           ;AWS_Standard_Weight_Converter_V2.c: 338:     T0CONbits.TMR0ON = 1;
  1428  002366  8ED5               	bsf	213,7,c	;volatile
  1429  002368  0012               	return		;funcret
  1430  00236A                     __end_of_timer0_init:
  1431                           	callstack 0
  1432                           
  1433 ;; *************** function _system_init *****************
  1434 ;; Defined at:
  1435 ;;		line 341 in file "AWS_Standard_Weight_Converter_V2.c"
  1436 ;; Parameters:    Size  Location     Type
  1437 ;;		None
  1438 ;; Auto vars:     Size  Location     Type
  1439 ;;		None
  1440 ;; Return value:  Size  Location     Type
  1441 ;;                  1    wreg      void 
  1442 ;; Registers used:
  1443 ;;		wreg, status,2, status,0, cstack
  1444 ;; Tracked objects:
  1445 ;;		On entry : 0/0
  1446 ;;		On exit  : 0/0
  1447 ;;		Unchanged: 0/0
  1448 ;; Data sizes:     COMRAM   BANK0   BANK1   BANK2   BANK3   BANK4   BANK5
  1449 ;;      Params:         0       0       0       0       0       0       0
  1450 ;;      Locals:         0       0       0       0       0       0       0
  1451 ;;      Temps:          0       0       0       0       0       0       0
  1452 ;;      Totals:         0       0       0       0       0       0       0
  1453 ;;Total ram usage:        0 bytes
  1454 ;; Hardware stack levels used:    1
  1455 ;; Hardware stack levels required when called:    3
  1456 ;; This function calls:
  1457 ;;		_gpio_init
  1458 ;;		_oscillator_init
  1459 ;; This function is called by:
  1460 ;;		_main
  1461 ;; This function uses a non-reentrant model
  1462 ;;
  1463                           
  1464                           	psect	text6
  1465  0023DC                     __ptext6:
  1466                           	callstack 0
  1467  0023DC                     _system_init:
  1468                           	callstack 27
  1469  0023DC                     
  1470                           ;AWS_Standard_Weight_Converter_V2.c: 343:     oscillator_init();
  1471  0023DC  ECB5  F011         	call	_oscillator_init	;wreg free
  1472  0023E0                     
  1473                           ;AWS_Standard_Weight_Converter_V2.c: 344:     gpio_init();
  1474  0023E0  EC8B  F011         	call	_gpio_init	;wreg free
  1475  0023E4  0012               	return		;funcret
  1476  0023E6                     __end_of_system_init:
  1477                           	callstack 0
  1478                           
  1479 ;; *************** function _oscillator_init *****************
  1480 ;; Defined at:
  1481 ;;		line 287 in file "AWS_Standard_Weight_Converter_V2.c"
  1482 ;; Parameters:    Size  Location     Type
  1483 ;;		None
  1484 ;; Auto vars:     Size  Location     Type
  1485 ;;		None
  1486 ;; Return value:  Size  Location     Type
  1487 ;;                  1    wreg      void 
  1488 ;; Registers used:
  1489 ;;		wreg, status,2, status,0, cstack
  1490 ;; Tracked objects:
  1491 ;;		On entry : 0/0
  1492 ;;		On exit  : 0/0
  1493 ;;		Unchanged: 0/0
  1494 ;; Data sizes:     COMRAM   BANK0   BANK1   BANK2   BANK3   BANK4   BANK5
  1495 ;;      Params:         0       0       0       0       0       0       0
  1496 ;;      Locals:         0       0       0       0       0       0       0
  1497 ;;      Temps:          0       0       0       0       0       0       0
  1498 ;;      Totals:         0       0       0       0       0       0       0
  1499 ;;Total ram usage:        0 bytes
  1500 ;; Hardware stack levels used:    1
  1501 ;; Hardware stack levels required when called:    2
  1502 ;; This function calls:
  1503 ;;		_delay_ms_blocking
  1504 ;; This function is called by:
  1505 ;;		_system_init
  1506 ;; This function uses a non-reentrant model
  1507 ;;
  1508                           
  1509                           	psect	text7
  1510  00236A                     __ptext7:
  1511                           	callstack 0
  1512  00236A                     _oscillator_init:
  1513                           	callstack 27
  1514  00236A                     
  1515                           ;AWS_Standard_Weight_Converter_V2.c: 289:     OSCCONbits.SCS = 0b10;
  1516  00236A  50D3               	movf	211,w,c	;volatile
  1517  00236C  0BFC               	andlw	-4
  1518  00236E  0902               	iorlw	2
  1519  002370  6ED3               	movwf	211,c	;volatile
  1520                           
  1521                           ;AWS_Standard_Weight_Converter_V2.c: 290:     OSCCONbits.IRCF = 0b111;
  1522  002372  0E70               	movlw	112
  1523  002374  12D3               	iorwf	211,f,c	;volatile
  1524  002376                     
  1525                           ;AWS_Standard_Weight_Converter_V2.c: 291:     OSCTUNEbits.PLLEN = 0;
  1526  002376  9C9B               	bcf	155,6,c	;volatile
  1527  002378                     
  1528                           ;AWS_Standard_Weight_Converter_V2.c: 292:     delay_ms_blocking((uint16_t)(5));
  1529  002378  0E00               	movlw	0
  1530  00237A  6E02               	movwf	(delay_ms_blocking@ms+1)^0,c
  1531  00237C  0E05               	movlw	5
  1532  00237E  6E01               	movwf	delay_ms_blocking@ms^0,c
  1533  002380  EC63  F010         	call	_delay_ms_blocking	;wreg free
  1534  002384  0012               	return		;funcret
  1535  002386                     __end_of_oscillator_init:
  1536                           	callstack 0
  1537                           
  1538 ;; *************** function _gpio_init *****************
  1539 ;; Defined at:
  1540 ;;		line 295 in file "AWS_Standard_Weight_Converter_V2.c"
  1541 ;; Parameters:    Size  Location     Type
  1542 ;;		None
  1543 ;; Auto vars:     Size  Location     Type
  1544 ;;		None
  1545 ;; Return value:  Size  Location     Type
  1546 ;;                  1    wreg      void 
  1547 ;; Registers used:
  1548 ;;		wreg, status,2
  1549 ;; Tracked objects:
  1550 ;;		On entry : 0/0
  1551 ;;		On exit  : 0/0
  1552 ;;		Unchanged: 0/0
  1553 ;; Data sizes:     COMRAM   BANK0   BANK1   BANK2   BANK3   BANK4   BANK5
  1554 ;;      Params:         0       0       0       0       0       0       0
  1555 ;;      Locals:         0       0       0       0       0       0       0
  1556 ;;      Temps:          0       0       0       0       0       0       0
  1557 ;;      Totals:         0       0       0       0       0       0       0
  1558 ;;Total ram usage:        0 bytes
  1559 ;; Hardware stack levels used:    1
  1560 ;; Hardware stack levels required when called:    1
  1561 ;; This function calls:
  1562 ;;		Nothing
  1563 ;; This function is called by:
  1564 ;;		_system_init
  1565 ;; This function uses a non-reentrant model
  1566 ;;
  1567                           
  1568                           	psect	text8
  1569  002316                     __ptext8:
  1570                           	callstack 0
  1571  002316                     _gpio_init:
  1572                           	callstack 28
  1573  002316                     
  1574                           ;AWS_Standard_Weight_Converter_V2.c: 297:     ANSELA = 0x00;
  1575  002316  0E00               	movlw	0
  1576  002318  010F               	movlb	15	; () banked
  1577  00231A  6F38               	movwf	56,b	;volatile
  1578                           
  1579                           ;AWS_Standard_Weight_Converter_V2.c: 298:     ANSELB = 0x00;
  1580  00231C  0E00               	movlw	0
  1581  00231E  6F39               	movwf	57,b	;volatile
  1582                           
  1583                           ;AWS_Standard_Weight_Converter_V2.c: 299:     ANSELC = 0x00;
  1584  002320  0E00               	movlw	0
  1585  002322  6F3A               	movwf	58,b	;volatile
  1586  002324                     
  1587                           ; BSR set to: 15
  1588                           ;AWS_Standard_Weight_Converter_V2.c: 300:     INTCON2bits.RBPU = 1;
  1589  002324  8EF1               	bsf	241,7,c	;volatile
  1590  002326                     
  1591                           ; BSR set to: 15
  1592                           ;AWS_Standard_Weight_Converter_V2.c: 302:     TRISCbits.TRISC7 = 1;
  1593  002326  8E94               	bsf	148,7,c	;volatile
  1594  002328                     
  1595                           ; BSR set to: 15
  1596                           ;AWS_Standard_Weight_Converter_V2.c: 303:     TRISCbits.TRISC6 = 0;
  1597  002328  9C94               	bcf	148,6,c	;volatile
  1598  00232A                     
  1599                           ; BSR set to: 15
  1600                           ;AWS_Standard_Weight_Converter_V2.c: 304:     TRISBbits.TRISB6 = 0;
  1601  00232A  9C93               	bcf	147,6,c	;volatile
  1602  00232C                     
  1603                           ; BSR set to: 15
  1604                           ;AWS_Standard_Weight_Converter_V2.c: 305:     TRISBbits.TRISB7 = 1;
  1605  00232C  8E93               	bsf	147,7,c	;volatile
  1606  00232E                     
  1607                           ; BSR set to: 15
  1608                           ;AWS_Standard_Weight_Converter_V2.c: 307:     TRISBbits.TRISB0 = 1;
  1609  00232E  8093               	bsf	147,0,c	;volatile
  1610  002330                     
  1611                           ; BSR set to: 15
  1612                           ;AWS_Standard_Weight_Converter_V2.c: 308:     TRISBbits.TRISB1 = 1;
  1613  002330  8293               	bsf	147,1,c	;volatile
  1614  002332                     
  1615                           ; BSR set to: 15
  1616                           ;AWS_Standard_Weight_Converter_V2.c: 309:     TRISBbits.TRISB2 = 1;
  1617  002332  8493               	bsf	147,2,c	;volatile
  1618  002334                     
  1619                           ; BSR set to: 15
  1620                           ;AWS_Standard_Weight_Converter_V2.c: 311:     TRISBbits.TRISB4 = 0;
  1621  002334  9893               	bcf	147,4,c	;volatile
  1622  002336                     
  1623                           ; BSR set to: 15
  1624                           ;AWS_Standard_Weight_Converter_V2.c: 312:     TRISBbits.TRISB5 = 0;
  1625  002336  9A93               	bcf	147,5,c	;volatile
  1626  002338                     
  1627                           ; BSR set to: 15
  1628                           ;AWS_Standard_Weight_Converter_V2.c: 313:     TRISCbits.TRISC0 = 0;
  1629  002338  9094               	bcf	148,0,c	;volatile
  1630  00233A                     
  1631                           ; BSR set to: 15
  1632                           ;AWS_Standard_Weight_Converter_V2.c: 315:     LATBbits.LATB4 = 0;
  1633  00233A  988A               	bcf	138,4,c	;volatile
  1634  00233C                     
  1635                           ; BSR set to: 15
  1636                           ;AWS_Standard_Weight_Converter_V2.c: 316:     LATBbits.LATB5 = 0;
  1637  00233C  9A8A               	bcf	138,5,c	;volatile
  1638  00233E                     
  1639                           ; BSR set to: 15
  1640                           ;AWS_Standard_Weight_Converter_V2.c: 317:     LATCbits.LATC0 = 0;
  1641  00233E  908B               	bcf	139,0,c	;volatile
  1642  002340                     
  1643                           ; BSR set to: 15
  1644  002340  0012               	return		;funcret
  1645  002342                     __end_of_gpio_init:
  1646                           	callstack 0
  1647                           
  1648 ;; *************** function _startup_led_test *****************
  1649 ;; Defined at:
  1650 ;;		line 1111 in file "AWS_Standard_Weight_Converter_V2.c"
  1651 ;; Parameters:    Size  Location     Type
  1652 ;;		None
  1653 ;; Auto vars:     Size  Location     Type
  1654 ;;		None
  1655 ;; Return value:  Size  Location     Type
  1656 ;;                  1    wreg      void 
  1657 ;; Registers used:
  1658 ;;		wreg, status,2, status,0, cstack
  1659 ;; Tracked objects:
  1660 ;;		On entry : 0/0
  1661 ;;		On exit  : 0/0
  1662 ;;		Unchanged: 0/0
  1663 ;; Data sizes:     COMRAM   BANK0   BANK1   BANK2   BANK3   BANK4   BANK5
  1664 ;;      Params:         0       0       0       0       0       0       0
  1665 ;;      Locals:         0       0       0       0       0       0       0
  1666 ;;      Temps:          0       0       0       0       0       0       0
  1667 ;;      Totals:         0       0       0       0       0       0       0
  1668 ;;Total ram usage:        0 bytes
  1669 ;; Hardware stack levels used:    1
  1670 ;; Hardware stack levels required when called:    2
  1671 ;; This function calls:
  1672 ;;		_delay_ms_blocking
  1673 ;; This function is called by:
  1674 ;;		_main
  1675 ;; This function uses a non-reentrant model
  1676 ;;
  1677                           
  1678                           	psect	text9
  1679  002386                     __ptext9:
  1680                           	callstack 0
  1681  002386                     _startup_led_test:
  1682                           	callstack 28
  1683  002386                     
  1684                           ;AWS_Standard_Weight_Converter_V2.c: 1113:     LATBbits.LATB4 = 1;
  1685  002386  888A               	bsf	138,4,c	;volatile
  1686                           
  1687                           ;AWS_Standard_Weight_Converter_V2.c: 1114:     LATBbits.LATB5 = 1;
  1688  002388  8A8A               	bsf	138,5,c	;volatile
  1689                           
  1690                           ;AWS_Standard_Weight_Converter_V2.c: 1115:     LATCbits.LATC0 = 1;
  1691  00238A  808B               	bsf	139,0,c	;volatile
  1692  00238C                     
  1693                           ;AWS_Standard_Weight_Converter_V2.c: 1117:     delay_ms_blocking((uint16_t)(80));
  1694  00238C  0E00               	movlw	0
  1695  00238E  6E02               	movwf	(delay_ms_blocking@ms+1)^0,c
  1696  002390  0E50               	movlw	80
  1697  002392  6E01               	movwf	delay_ms_blocking@ms^0,c
  1698  002394  EC63  F010         	call	_delay_ms_blocking	;wreg free
  1699  002398                     
  1700                           ;AWS_Standard_Weight_Converter_V2.c: 1119:     LATBbits.LATB4 = 0;
  1701  002398  988A               	bcf	138,4,c	;volatile
  1702  00239A                     
  1703                           ;AWS_Standard_Weight_Converter_V2.c: 1120:     LATBbits.LATB5 = 0;
  1704  00239A  9A8A               	bcf	138,5,c	;volatile
  1705  00239C                     
  1706                           ;AWS_Standard_Weight_Converter_V2.c: 1121:     LATCbits.LATC0 = 0;
  1707  00239C  908B               	bcf	139,0,c	;volatile
  1708  00239E  0012               	return		;funcret
  1709  0023A0                     __end_of_startup_led_test:
  1710                           	callstack 0
  1711                           
  1712 ;; *************** function _read_dip_baud *****************
  1713 ;; Defined at:
  1714 ;;		line 373 in file "AWS_Standard_Weight_Converter_V2.c"
  1715 ;; Parameters:    Size  Location     Type
  1716 ;;		None
  1717 ;; Auto vars:     Size  Location     Type
  1718 ;;  code            1   10[COMRAM] unsigned char 
  1719 ;; Return value:  Size  Location     Type
  1720 ;;                  4    4[COMRAM] unsigned long 
  1721 ;; Registers used:
  1722 ;;		wreg, status,2, status,0, cstack
  1723 ;; Tracked objects:
  1724 ;;		On entry : 0/0
  1725 ;;		On exit  : 0/0
  1726 ;;		Unchanged: 0/0
  1727 ;; Data sizes:     COMRAM   BANK0   BANK1   BANK2   BANK3   BANK4   BANK5
  1728 ;;      Params:         4       0       0       0       0       0       0
  1729 ;;      Locals:         1       0       0       0       0       0       0
  1730 ;;      Temps:          2       0       0       0       0       0       0
  1731 ;;      Totals:         7       0       0       0       0       0       0
  1732 ;;Total ram usage:        7 bytes
  1733 ;; Hardware stack levels used:    1
  1734 ;; Hardware stack levels required when called:    2
  1735 ;; This function calls:
  1736 ;;		_delay_ms_blocking
  1737 ;; This function is called by:
  1738 ;;		_main
  1739 ;; This function uses a non-reentrant model
  1740 ;;
  1741                           
  1742                           	psect	text10
  1743  001588                     __ptext10:
  1744                           	callstack 0
  1745  001588                     _read_dip_baud:
  1746                           	callstack 28
  1747  001588                     
  1748                           ;AWS_Standard_Weight_Converter_V2.c: 375:     uint8_t code;;AWS_Standard_Weight_Converte
      +                          r_V2.c: 376:     delay_ms_blocking((uint16_t)(10));
  1749  001588  0E00               	movlw	0
  1750  00158A  6E02               	movwf	(delay_ms_blocking@ms+1)^0,c
  1751  00158C  0E0A               	movlw	10
  1752  00158E  6E01               	movwf	delay_ms_blocking@ms^0,c
  1753  001590  EC63  F010         	call	_delay_ms_blocking	;wreg free
  1754  001594                     
  1755                           ;AWS_Standard_Weight_Converter_V2.c: 377:     code = 0u;
  1756  001594  0E00               	movlw	0
  1757  001596  6E0B               	movwf	read_dip_baud@code^0,c
  1758  001598                     
  1759                           ;AWS_Standard_Weight_Converter_V2.c: 379:     if (PORTBbits.RB0)
  1760  001598  A081               	btfss	129,0,c	;volatile
  1761  00159A  EFD1  F00A         	goto	u2541
  1762  00159E  EFD3  F00A         	goto	u2540
  1763  0015A2                     u2541:
  1764  0015A2  EFD4  F00A         	goto	l2656
  1765  0015A6                     u2540:
  1766  0015A6                     
  1767                           ;AWS_Standard_Weight_Converter_V2.c: 380:     {;AWS_Standard_Weight_Converter_V2.c: 381:
      +                                   code |= 0x01u;
  1768  0015A6  800B               	bsf	read_dip_baud@code^0,0,c
  1769  0015A8                     l2656:
  1770                           
  1771                           ;AWS_Standard_Weight_Converter_V2.c: 383:     if (PORTBbits.RB1)
  1772  0015A8  A281               	btfss	129,1,c	;volatile
  1773  0015AA  EFD9  F00A         	goto	u2551
  1774  0015AE  EFDB  F00A         	goto	u2550
  1775  0015B2                     u2551:
  1776  0015B2  EFDC  F00A         	goto	l2660
  1777  0015B6                     u2550:
  1778  0015B6                     
  1779                           ;AWS_Standard_Weight_Converter_V2.c: 384:     {;AWS_Standard_Weight_Converter_V2.c: 385:
      +                                   code |= 0x02u;
  1780  0015B6  820B               	bsf	read_dip_baud@code^0,1,c
  1781  0015B8                     l2660:
  1782                           
  1783                           ;AWS_Standard_Weight_Converter_V2.c: 387:     if (PORTBbits.RB2)
  1784  0015B8  A481               	btfss	129,2,c	;volatile
  1785  0015BA  EFE1  F00A         	goto	u2561
  1786  0015BE  EFE3  F00A         	goto	u2560
  1787  0015C2                     u2561:
  1788  0015C2  EF36  F00B         	goto	l2702
  1789  0015C6                     u2560:
  1790  0015C6                     
  1791                           ;AWS_Standard_Weight_Converter_V2.c: 388:     {;AWS_Standard_Weight_Converter_V2.c: 389:
      +                                   code |= 0x04u;
  1792  0015C6  840B               	bsf	read_dip_baud@code^0,2,c
  1793  0015C8  EF36  F00B         	goto	l2702
  1794  0015CC                     l2664:
  1795  0015CC  0E80               	movlw	128
  1796  0015CE  6E05               	movwf	?_read_dip_baud^0,c
  1797  0015D0  0E25               	movlw	37
  1798  0015D2  6E06               	movwf	(?_read_dip_baud+1)^0,c
  1799  0015D4  0E00               	movlw	0
  1800  0015D6  6E07               	movwf	(?_read_dip_baud+2)^0,c
  1801  0015D8  0E00               	movlw	0
  1802  0015DA  6E08               	movwf	(?_read_dip_baud+3)^0,c
  1803  0015DC  EF63  F00B         	goto	l134
  1804  0015E0                     l2668:
  1805  0015E0  0EB0               	movlw	176
  1806  0015E2  6E05               	movwf	?_read_dip_baud^0,c
  1807  0015E4  0E04               	movlw	4
  1808  0015E6  6E06               	movwf	(?_read_dip_baud+1)^0,c
  1809  0015E8  0E00               	movlw	0
  1810  0015EA  6E07               	movwf	(?_read_dip_baud+2)^0,c
  1811  0015EC  0E00               	movlw	0
  1812  0015EE  6E08               	movwf	(?_read_dip_baud+3)^0,c
  1813  0015F0  EF63  F00B         	goto	l134
  1814  0015F4                     l2672:
  1815  0015F4  0E60               	movlw	96
  1816  0015F6  6E05               	movwf	?_read_dip_baud^0,c
  1817  0015F8  0E09               	movlw	9
  1818  0015FA  6E06               	movwf	(?_read_dip_baud+1)^0,c
  1819  0015FC  0E00               	movlw	0
  1820  0015FE  6E07               	movwf	(?_read_dip_baud+2)^0,c
  1821  001600  0E00               	movlw	0
  1822  001602  6E08               	movwf	(?_read_dip_baud+3)^0,c
  1823  001604  EF63  F00B         	goto	l134
  1824  001608                     l2676:
  1825  001608  0EC0               	movlw	192
  1826  00160A  6E05               	movwf	?_read_dip_baud^0,c
  1827  00160C  0E12               	movlw	18
  1828  00160E  6E06               	movwf	(?_read_dip_baud+1)^0,c
  1829  001610  0E00               	movlw	0
  1830  001612  6E07               	movwf	(?_read_dip_baud+2)^0,c
  1831  001614  0E00               	movlw	0
  1832  001616  6E08               	movwf	(?_read_dip_baud+3)^0,c
  1833  001618  EF63  F00B         	goto	l134
  1834  00161C                     l2680:
  1835  00161C  0E00               	movlw	0
  1836  00161E  6E05               	movwf	?_read_dip_baud^0,c
  1837  001620  0E4B               	movlw	75
  1838  001622  6E06               	movwf	(?_read_dip_baud+1)^0,c
  1839  001624  0E00               	movlw	0
  1840  001626  6E07               	movwf	(?_read_dip_baud+2)^0,c
  1841  001628  0E00               	movlw	0
  1842  00162A  6E08               	movwf	(?_read_dip_baud+3)^0,c
  1843  00162C  EF63  F00B         	goto	l134
  1844  001630                     l2684:
  1845  001630  0E00               	movlw	0
  1846  001632  6E05               	movwf	?_read_dip_baud^0,c
  1847  001634  0E96               	movlw	150
  1848  001636  6E06               	movwf	(?_read_dip_baud+1)^0,c
  1849  001638  0E00               	movlw	0
  1850  00163A  6E07               	movwf	(?_read_dip_baud+2)^0,c
  1851  00163C  0E00               	movlw	0
  1852  00163E  6E08               	movwf	(?_read_dip_baud+3)^0,c
  1853  001640  EF63  F00B         	goto	l134
  1854  001644                     l2688:
  1855  001644  0E00               	movlw	0
  1856  001646  6E05               	movwf	?_read_dip_baud^0,c
  1857  001648  0EE1               	movlw	225
  1858  00164A  6E06               	movwf	(?_read_dip_baud+1)^0,c
  1859  00164C  0E00               	movlw	0
  1860  00164E  6E07               	movwf	(?_read_dip_baud+2)^0,c
  1861  001650  0E00               	movlw	0
  1862  001652  6E08               	movwf	(?_read_dip_baud+3)^0,c
  1863  001654  EF63  F00B         	goto	l134
  1864  001658                     l2692:
  1865  001658  0E00               	movlw	0
  1866  00165A  6E05               	movwf	?_read_dip_baud^0,c
  1867  00165C  0EC2               	movlw	194
  1868  00165E  6E06               	movwf	(?_read_dip_baud+1)^0,c
  1869  001660  0E01               	movlw	1
  1870  001662  6E07               	movwf	(?_read_dip_baud+2)^0,c
  1871  001664  0E00               	movlw	0
  1872  001666  6E08               	movwf	(?_read_dip_baud+3)^0,c
  1873  001668  EF63  F00B         	goto	l134
  1874  00166C                     l2702:
  1875  00166C  500B               	movf	read_dip_baud@code^0,w,c
  1876  00166E  6E09               	movwf	??_read_dip_baud^0,c
  1877  001670  6A0A               	clrf	(??_read_dip_baud+1)^0,c
  1878                           
  1879                           ; Switch on 2 bytes has been partitioned into a top level switch of size 1, and 1 sub-sw
      +                          itches
  1880                           ; Switch size 1, requested type "simple"
  1881                           ; Number of cases is 1, Range of values is 0 to 0
  1882                           ; switch strategies available:
  1883                           ; Name         Instructions Cycles
  1884                           ; simple_byte            4     3 (average)
  1885                           ;	Chosen strategy is simple_byte
  1886  001672  500A               	movf	(??_read_dip_baud+1)^0,w,c
  1887  001674  0A00               	xorlw	0	; case 0
  1888  001676  B4D8               	btfsc	status,2,c
  1889  001678  EF40  F00B         	goto	l2920
  1890  00167C  EFE6  F00A         	goto	l2664
  1891  001680                     l2920:
  1892                           
  1893                           ; Switch size 1, requested type "simple"
  1894                           ; Number of cases is 8, Range of values is 0 to 7
  1895                           ; switch strategies available:
  1896                           ; Name         Instructions Cycles
  1897                           ; simple_byte           25    13 (average)
  1898                           ;	Chosen strategy is simple_byte
  1899  001680  5009               	movf	??_read_dip_baud^0,w,c
  1900  001682  0A00               	xorlw	0	; case 0
  1901  001684  B4D8               	btfsc	status,2,c
  1902  001686  EFE6  F00A         	goto	l2664
  1903  00168A  0A01               	xorlw	1	; case 1
  1904  00168C  B4D8               	btfsc	status,2,c
  1905  00168E  EFF0  F00A         	goto	l2668
  1906  001692  0A03               	xorlw	3	; case 2
  1907  001694  B4D8               	btfsc	status,2,c
  1908  001696  EFFA  F00A         	goto	l2672
  1909  00169A  0A01               	xorlw	1	; case 3
  1910  00169C  B4D8               	btfsc	status,2,c
  1911  00169E  EF04  F00B         	goto	l2676
  1912  0016A2  0A07               	xorlw	7	; case 4
  1913  0016A4  B4D8               	btfsc	status,2,c
  1914  0016A6  EF0E  F00B         	goto	l2680
  1915  0016AA  0A01               	xorlw	1	; case 5
  1916  0016AC  B4D8               	btfsc	status,2,c
  1917  0016AE  EF18  F00B         	goto	l2684
  1918  0016B2  0A03               	xorlw	3	; case 6
  1919  0016B4  B4D8               	btfsc	status,2,c
  1920  0016B6  EF22  F00B         	goto	l2688
  1921  0016BA  0A01               	xorlw	1	; case 7
  1922  0016BC  B4D8               	btfsc	status,2,c
  1923  0016BE  EF2C  F00B         	goto	l2692
  1924  0016C2  EFE6  F00A         	goto	l2664
  1925  0016C6                     l134:
  1926  0016C6  0012               	return		;funcret
  1927  0016C8                     __end_of_read_dip_baud:
  1928                           	callstack 0
  1929                           
  1930 ;; *************** function _delay_ms_blocking *****************
  1931 ;; Defined at:
  1932 ;;		line 360 in file "AWS_Standard_Weight_Converter_V2.c"
  1933 ;; Parameters:    Size  Location     Type
  1934 ;;  ms              2    0[COMRAM] unsigned short 
  1935 ;; Auto vars:     Size  Location     Type
  1936 ;;  i               2    2[COMRAM] volatile unsigned short 
  1937 ;; Return value:  Size  Location     Type
  1938 ;;                  1    wreg      void 
  1939 ;; Registers used:
  1940 ;;		wreg, status,2, status,0
  1941 ;; Tracked objects:
  1942 ;;		On entry : 0/0
  1943 ;;		On exit  : 0/0
  1944 ;;		Unchanged: 0/0
  1945 ;; Data sizes:     COMRAM   BANK0   BANK1   BANK2   BANK3   BANK4   BANK5
  1946 ;;      Params:         2       0       0       0       0       0       0
  1947 ;;      Locals:         2       0       0       0       0       0       0
  1948 ;;      Temps:          0       0       0       0       0       0       0
  1949 ;;      Totals:         4       0       0       0       0       0       0
  1950 ;;Total ram usage:        4 bytes
  1951 ;; Hardware stack levels used:    1
  1952 ;; Hardware stack levels required when called:    1
  1953 ;; This function calls:
  1954 ;;		Nothing
  1955 ;; This function is called by:
  1956 ;;		_main
  1957 ;;		_oscillator_init
  1958 ;;		_read_dip_baud
  1959 ;;		_startup_led_test
  1960 ;; This function uses a non-reentrant model
  1961 ;;
  1962                           
  1963                           	psect	text11
  1964  0020C6                     __ptext11:
  1965                           	callstack 0
  1966  0020C6                     _delay_ms_blocking:
  1967                           	callstack 27
  1968  0020C6                     
  1969                           ;AWS_Standard_Weight_Converter_V2.c: 360: static void delay_ms_blocking(uint16_t ms);AWS
      +                          _Standard_Weight_Converter_V2.c: 361: {;AWS_Standard_Weight_Converter_V2.c: 362:     vol
      +                          atile uint16_t i;;AWS_Standard_Weight_Converter_V2.c: 363:     while (ms > 0u)
  1970  0020C6  EF87  F010         	goto	l2516
  1971  0020CA                     l2504:
  1972                           
  1973                           ;AWS_Standard_Weight_Converter_V2.c: 364:     {;AWS_Standard_Weight_Converter_V2.c: 365:
      +                                   for (i = 0u; i < 600u; i++)
  1974  0020CA  0E00               	movlw	0
  1975  0020CC  6E04               	movwf	(delay_ms_blocking@i+1)^0,c	;volatile
  1976  0020CE  0E00               	movlw	0
  1977  0020D0  6E03               	movwf	delay_ms_blocking@i^0,c	;volatile
  1978  0020D2  0E58               	movlw	88
  1979  0020D4  5C03               	subwf	delay_ms_blocking@i^0,w,c	;volatile
  1980  0020D6  0E02               	movlw	2
  1981  0020D8  5804               	subwfb	(delay_ms_blocking@i+1)^0,w,c	;volatile
  1982  0020DA  A0D8               	btfss	status,0,c
  1983  0020DC  EF72  F010         	goto	u2421
  1984  0020E0  EF74  F010         	goto	u2420
  1985  0020E4                     u2421:
  1986  0020E4  EF76  F010         	goto	l123
  1987  0020E8                     u2420:
  1988  0020E8  EF84  F010         	goto	l2514
  1989  0020EC                     l123:
  1990  0020EC  F000               	nop		;# 
  1991  0020EE                     
  1992                           ;AWS_Standard_Weight_Converter_V2.c: 368:         }
  1993  0020EE  4A03               	infsnz	delay_ms_blocking@i^0,f,c	;volatile
  1994  0020F0  2A04               	incf	(delay_ms_blocking@i+1)^0,f,c	;volatile
  1995  0020F2  0E58               	movlw	88
  1996  0020F4  5C03               	subwf	delay_ms_blocking@i^0,w,c	;volatile
  1997  0020F6  0E02               	movlw	2
  1998  0020F8  5804               	subwfb	(delay_ms_blocking@i+1)^0,w,c	;volatile
  1999  0020FA  A0D8               	btfss	status,0,c
  2000  0020FC  EF82  F010         	goto	u2431
  2001  002100  EF84  F010         	goto	u2430
  2002  002104                     u2431:
  2003  002104  EF76  F010         	goto	l123
  2004  002108                     u2430:
  2005  002108                     l2514:
  2006                           
  2007                           ;AWS_Standard_Weight_Converter_V2.c: 369:         ms--;
  2008  002108  0601               	decf	delay_ms_blocking@ms^0,f,c
  2009  00210A  A0D8               	btfss	status,0,c
  2010  00210C  0602               	decf	(delay_ms_blocking@ms+1)^0,f,c
  2011  00210E                     l2516:
  2012                           
  2013                           ;AWS_Standard_Weight_Converter_V2.c: 363:     while (ms > 0u)
  2014  00210E  5001               	movf	delay_ms_blocking@ms^0,w,c
  2015  002110  1002               	iorwf	(delay_ms_blocking@ms+1)^0,w,c
  2016  002112  A4D8               	btfss	status,2,c
  2017  002114  EF8E  F010         	goto	u2441
  2018  002118  EF90  F010         	goto	u2440
  2019  00211C                     u2441:
  2020  00211C  EF65  F010         	goto	l2504
  2021  002120                     u2440:
  2022  002120  0012               	return		;funcret
  2023  002122                     __end_of_delay_ms_blocking:
  2024                           	callstack 0
  2025                           
  2026 ;; *************** function _millis *****************
  2027 ;; Defined at:
  2028 ;;		line 347 in file "AWS_Standard_Weight_Converter_V2.c"
  2029 ;; Parameters:    Size  Location     Type
  2030 ;;		None
  2031 ;; Auto vars:     Size  Location     Type
  2032 ;;  value           4    4[COMRAM] unsigned long 
  2033 ;;  gie_state       1    8[COMRAM] unsigned char 
  2034 ;; Return value:  Size  Location     Type
  2035 ;;                  4    0[COMRAM] unsigned long 
  2036 ;; Registers used:
  2037 ;;		wreg
  2038 ;; Tracked objects:
  2039 ;;		On entry : 0/0
  2040 ;;		On exit  : 0/0
  2041 ;;		Unchanged: 0/0
  2042 ;; Data sizes:     COMRAM   BANK0   BANK1   BANK2   BANK3   BANK4   BANK5
  2043 ;;      Params:         4       0       0       0       0       0       0
  2044 ;;      Locals:         5       0       0       0       0       0       0
  2045 ;;      Temps:          0       0       0       0       0       0       0
  2046 ;;      Totals:         9       0       0       0       0       0       0
  2047 ;;Total ram usage:        9 bytes
  2048 ;; Hardware stack levels used:    1
  2049 ;; Hardware stack levels required when called:    1
  2050 ;; This function calls:
  2051 ;;		Nothing
  2052 ;; This function is called by:
  2053 ;;		_main
  2054 ;; This function uses a non-reentrant model
  2055 ;;
  2056                           
  2057                           	psect	text12
  2058  0021B4                     __ptext12:
  2059                           	callstack 0
  2060  0021B4                     _millis:
  2061                           	callstack 29
  2062  0021B4                     
  2063                           ;AWS_Standard_Weight_Converter_V2.c: 349:     uint32_t value;;AWS_Standard_Weight_Conver
      +                          ter_V2.c: 350:     uint8_t gie_state;;AWS_Standard_Weight_Converter_V2.c: 352:     gie_s
      +                          tate = INTCONbits.GIE;
  2064  0021B4  0E00               	movlw	0
  2065  0021B6  BEF2               	btfsc	242,7,c	;volatile
  2066  0021B8  0E01               	movlw	1
  2067  0021BA  6E09               	movwf	millis@gie_state^0,c
  2068  0021BC                     
  2069                           ;AWS_Standard_Weight_Converter_V2.c: 353:     INTCONbits.GIE = 0;
  2070  0021BC  9EF2               	bcf	242,7,c	;volatile
  2071  0021BE                     
  2072                           ;AWS_Standard_Weight_Converter_V2.c: 354:     value = g_millis;
  2073  0021BE  C100  F005         	movff	_g_millis,millis@value	;volatile
  2074  0021C2  C101  F006         	movff	_g_millis+1,millis@value+1	;volatile
  2075  0021C6  C102  F007         	movff	_g_millis+2,millis@value+2	;volatile
  2076  0021CA  C103  F008         	movff	_g_millis+3,millis@value+3	;volatile
  2077  0021CE                     
  2078                           ;AWS_Standard_Weight_Converter_V2.c: 355:     INTCONbits.GIE = gie_state;
  2079  0021CE  B009               	btfsc	millis@gie_state^0,0,c
  2080  0021D0  D002               	bra	u2605
  2081  0021D2  9EF2               	bcf	242,7,c	;volatile
  2082  0021D4  D001               	bra	u2606
  2083  0021D6                     u2605:
  2084  0021D6  8EF2               	bsf	242,7,c	;volatile
  2085  0021D8                     u2606:
  2086  0021D8                     
  2087                           ;AWS_Standard_Weight_Converter_V2.c: 357:     return value;
  2088  0021D8  C005  F001         	movff	millis@value,?_millis
  2089  0021DC  C006  F002         	movff	millis@value+1,?_millis+1
  2090  0021E0  C007  F003         	movff	millis@value+2,?_millis+2
  2091  0021E4  C008  F004         	movff	millis@value+3,?_millis+3
  2092  0021E8  0012               	return		;funcret
  2093  0021EA                     __end_of_millis:
  2094                           	callstack 0
  2095                           
  2096 ;; *************** function _handle_scale_byte *****************
  2097 ;; Defined at:
  2098 ;;		line 1070 in file "AWS_Standard_Weight_Converter_V2.c"
  2099 ;; Parameters:    Size  Location     Type
  2100 ;;  byte            1    wreg     unsigned char 
  2101 ;;  line_buffer     2   37[BANK0 ] PTR unsigned char 
  2102 ;;		 -> main@scale_line(96), 
  2103 ;;  line_index      2   39[BANK0 ] PTR unsigned char 
  2104 ;;		 -> main@scale_line_index(1), 
  2105 ;; Auto vars:     Size  Location     Type
  2106 ;;  byte            1   92[COMRAM] unsigned char 
  2107 ;; Return value:  Size  Location     Type
  2108 ;;                  1    wreg      void 
  2109 ;; Registers used:
  2110 ;;		wreg, fsr0l, fsr0h, fsr1l, fsr1h, fsr2l, fsr2h, status,2, status,0, tblptrl, tblptrh, tblptru, cstack
  2111 ;; Tracked objects:
  2112 ;;		On entry : 0/0
  2113 ;;		On exit  : 0/0
  2114 ;;		Unchanged: 0/0
  2115 ;; Data sizes:     COMRAM   BANK0   BANK1   BANK2   BANK3   BANK4   BANK5
  2116 ;;      Params:         0       4       0       0       0       0       0
  2117 ;;      Locals:         1       0       0       0       0       0       0
  2118 ;;      Temps:          1       0       0       0       0       0       0
  2119 ;;      Totals:         2       4       0       0       0       0       0
  2120 ;;Total ram usage:        6 bytes
  2121 ;; Hardware stack levels used:    1
  2122 ;; Hardware stack levels required when called:    7
  2123 ;; This function calls:
  2124 ;;		_process_scale_line
  2125 ;;		_uart2_write_error_frame
  2126 ;; This function is called by:
  2127 ;;		_main
  2128 ;; This function uses a non-reentrant model
  2129 ;;
  2130                           
  2131                           	psect	text13
  2132  00190A                     __ptext13:
  2133                           	callstack 0
  2134  00190A                     _handle_scale_byte:
  2135                           	callstack 23
  2136                           
  2137                           ;incstack = 0
  2138                           ;handle_scale_byte@byte stored from wreg
  2139  00190A  6E5D               	movwf	handle_scale_byte@byte^0,c
  2140  00190C                     
  2141                           ;AWS_Standard_Weight_Converter_V2.c: 1070: static void handle_scale_byte(uint8_t byte, c
      +                          har *line_buffer, uint8_t *line_index);AWS_Standard_Weight_Converter_V2.c: 1071: {;AWS_S
      +                          tandard_Weight_Converter_V2.c: 1073:     byte &= 0x7Fu;
  2142  00190C  9E5D               	bcf	handle_scale_byte@byte^0,7,c
  2143                           
  2144                           ;AWS_Standard_Weight_Converter_V2.c: 1076:     if (byte == 0x02u)
  2145  00190E  0E02               	movlw	2
  2146  001910  185D               	xorwf	handle_scale_byte@byte^0,w,c
  2147  001912  A4D8               	btfss	status,2,c
  2148  001914  EF8E  F00C         	goto	u2611
  2149  001918  EF90  F00C         	goto	u2610
  2150  00191C                     u2611:
  2151  00191C  EF98  F00C         	goto	l2808
  2152  001920                     u2610:
  2153  001920                     l2804:
  2154                           
  2155                           ;AWS_Standard_Weight_Converter_V2.c: 1077:     {;AWS_Standard_Weight_Converter_V2.c: 107
      +                          8:         *line_index = 0u;
  2156  001920  C087  FFD9         	movff	handle_scale_byte@line_index,fsr2l
  2157  001924  C088  FFDA         	movff	handle_scale_byte@line_index+1,fsr2h
  2158  001928  0E00               	movlw	0
  2159  00192A  6EDF               	movwf	indf2,c
  2160  00192C  EF11  F00D         	goto	l366
  2161  001930                     l2808:
  2162                           
  2163                           ;AWS_Standard_Weight_Converter_V2.c: 1082:     if ((byte == 0x03u) || (byte == '\r') || 
      +                          (byte == '\n'))
  2164  001930  0E03               	movlw	3
  2165  001932  185D               	xorwf	handle_scale_byte@byte^0,w,c
  2166  001934  B4D8               	btfsc	status,2,c
  2167  001936  EF9F  F00C         	goto	u2621
  2168  00193A  EFA1  F00C         	goto	u2620
  2169  00193E                     u2621:
  2170  00193E  EFB3  F00C         	goto	l2814
  2171  001942                     u2620:
  2172  001942  0E0D               	movlw	13
  2173  001944  185D               	xorwf	handle_scale_byte@byte^0,w,c
  2174  001946  B4D8               	btfsc	status,2,c
  2175  001948  EFA8  F00C         	goto	u2631
  2176  00194C  EFAA  F00C         	goto	u2630
  2177  001950                     u2631:
  2178  001950  EFB3  F00C         	goto	l2814
  2179  001954                     u2630:
  2180  001954  0E0A               	movlw	10
  2181  001956  185D               	xorwf	handle_scale_byte@byte^0,w,c
  2182  001958  A4D8               	btfss	status,2,c
  2183  00195A  EFB1  F00C         	goto	u2641
  2184  00195E  EFB3  F00C         	goto	u2640
  2185  001962                     u2641:
  2186  001962  EFD6  F00C         	goto	l2824
  2187  001966                     u2640:
  2188  001966                     l2814:
  2189                           
  2190                           ;AWS_Standard_Weight_Converter_V2.c: 1083:     {;AWS_Standard_Weight_Converter_V2.c: 108
      +                          4:         if (*line_index > 0u)
  2191  001966  C087  FFD9         	movff	handle_scale_byte@line_index,fsr2l
  2192  00196A  C088  FFDA         	movff	handle_scale_byte@line_index+1,fsr2h
  2193  00196E  50DF               	movf	indf2,w,c
  2194  001970  B4D8               	btfsc	status,2,c
  2195  001972  EFBD  F00C         	goto	u2651
  2196  001976  EFBF  F00C         	goto	u2650
  2197  00197A                     u2651:
  2198  00197A  EF11  F00D         	goto	l366
  2199  00197E                     u2650:
  2200  00197E                     
  2201                           ;AWS_Standard_Weight_Converter_V2.c: 1085:         {;AWS_Standard_Weight_Converter_V2.c:
      +                           1086:             line_buffer[*line_index] = '\0';
  2202  00197E  C087  FFD9         	movff	handle_scale_byte@line_index,fsr2l
  2203  001982  C088  FFDA         	movff	handle_scale_byte@line_index+1,fsr2h
  2204  001986  50DF               	movf	indf2,w,c
  2205  001988  6E5C               	movwf	??_handle_scale_byte^0,c
  2206  00198A  505C               	movf	??_handle_scale_byte^0,w,c
  2207  00198C  0100               	movlb	0	; () banked
  2208  00198E  2585               	addwf	handle_scale_byte@line_buffer& (0+255),w,b
  2209  001990  6ED9               	movwf	fsr2l,c
  2210  001992  0E00               	movlw	0
  2211  001994  2186               	addwfc	(handle_scale_byte@line_buffer+1)& (0+255),w,b
  2212  001996  6EDA               	movwf	fsr2h,c
  2213  001998  0E00               	movlw	0
  2214  00199A  6EDF               	movwf	indf2,c
  2215  00199C                     
  2216                           ; BSR set to: 0
  2217                           ;AWS_Standard_Weight_Converter_V2.c: 1087:             process_scale_line(line_buffer);
  2218  00199C  C085  F05A         	movff	handle_scale_byte@line_buffer,process_scale_line@line
  2219  0019A0  C086  F05B         	movff	handle_scale_byte@line_buffer+1,process_scale_line@line+1
  2220  0019A4  ECB6  F010         	call	_process_scale_line	;wreg free
  2221  0019A8  EF90  F00C         	goto	l2804
  2222  0019AC                     l2824:
  2223                           
  2224                           ;AWS_Standard_Weight_Converter_V2.c: 1093:     if ((byte >= 32u) && (byte <= 126u))
  2225  0019AC  0E1F               	movlw	31
  2226  0019AE  645D               	cpfsgt	handle_scale_byte@byte^0,c
  2227  0019B0  EFDC  F00C         	goto	u2661
  2228  0019B4  EFDE  F00C         	goto	u2660
  2229  0019B8                     u2661:
  2230  0019B8  EF11  F00D         	goto	l366
  2231  0019BC                     u2660:
  2232  0019BC  0E7F               	movlw	127
  2233  0019BE  605D               	cpfslt	handle_scale_byte@byte^0,c
  2234  0019C0  EFE4  F00C         	goto	u2671
  2235  0019C4  EFE6  F00C         	goto	u2670
  2236  0019C8                     u2671:
  2237  0019C8  EF11  F00D         	goto	l366
  2238  0019CC                     u2670:
  2239  0019CC                     
  2240                           ;AWS_Standard_Weight_Converter_V2.c: 1094:     {;AWS_Standard_Weight_Converter_V2.c: 109
      +                          5:         if (*line_index < (96u - 1u))
  2241  0019CC  C087  FFD9         	movff	handle_scale_byte@line_index,fsr2l
  2242  0019D0  C088  FFDA         	movff	handle_scale_byte@line_index+1,fsr2h
  2243  0019D4  0E5F               	movlw	95
  2244  0019D6  60DF               	cpfslt	indf2,c
  2245  0019D8  EFF0  F00C         	goto	u2681
  2246  0019DC  EFF2  F00C         	goto	u2680
  2247  0019E0                     u2681:
  2248  0019E0  EF08  F00D         	goto	l2834
  2249  0019E4                     u2680:
  2250  0019E4                     
  2251                           ;AWS_Standard_Weight_Converter_V2.c: 1096:         {;AWS_Standard_Weight_Converter_V2.c:
      +                           1097:             line_buffer[*line_index] = (char)byte;
  2252  0019E4  C087  FFD9         	movff	handle_scale_byte@line_index,fsr2l
  2253  0019E8  C088  FFDA         	movff	handle_scale_byte@line_index+1,fsr2h
  2254  0019EC  50DF               	movf	indf2,w,c
  2255  0019EE  6E5C               	movwf	??_handle_scale_byte^0,c
  2256  0019F0  505C               	movf	??_handle_scale_byte^0,w,c
  2257  0019F2  0100               	movlb	0	; () banked
  2258  0019F4  2585               	addwf	handle_scale_byte@line_buffer& (0+255),w,b
  2259  0019F6  6ED9               	movwf	fsr2l,c
  2260  0019F8  0E00               	movlw	0
  2261  0019FA  2186               	addwfc	(handle_scale_byte@line_buffer+1)& (0+255),w,b
  2262  0019FC  6EDA               	movwf	fsr2h,c
  2263  0019FE  C05D  FFDF         	movff	handle_scale_byte@byte,indf2
  2264  001A02                     
  2265                           ; BSR set to: 0
  2266                           ;AWS_Standard_Weight_Converter_V2.c: 1098:             (*line_index)++;
  2267  001A02  C087  FFD9         	movff	handle_scale_byte@line_index,fsr2l
  2268  001A06  C088  FFDA         	movff	handle_scale_byte@line_index+1,fsr2h
  2269  001A0A  2ADF               	incf	indf2,f,c
  2270                           
  2271                           ;AWS_Standard_Weight_Converter_V2.c: 1099:         }
  2272  001A0C  EF11  F00D         	goto	l366
  2273  001A10                     l2834:
  2274                           
  2275                           ;AWS_Standard_Weight_Converter_V2.c: 1101:         {;AWS_Standard_Weight_Converter_V2.c:
      +                           1102:             *line_index = 0u;
  2276  001A10  C087  FFD9         	movff	handle_scale_byte@line_index,fsr2l
  2277  001A14  C088  FFDA         	movff	handle_scale_byte@line_index+1,fsr2h
  2278  001A18  0E00               	movlw	0
  2279  001A1A  6EDF               	movwf	indf2,c
  2280  001A1C                     
  2281                           ;AWS_Standard_Weight_Converter_V2.c: 1103:             LATCbits.LATC0 = 1;
  2282  001A1C  808B               	bsf	139,0,c	;volatile
  2283  001A1E                     
  2284                           ;AWS_Standard_Weight_Converter_V2.c: 1105:             uart2_write_error_frame();
  2285  001A1E  ECE7  F011         	call	_uart2_write_error_frame	;wreg free
  2286  001A22                     l366:
  2287  001A22  0012               	return		;funcret
  2288  001A24                     __end_of_handle_scale_byte:
  2289                           	callstack 0
  2290                           
  2291 ;; *************** function _process_scale_line *****************
  2292 ;; Defined at:
  2293 ;;		line 1046 in file "AWS_Standard_Weight_Converter_V2.c"
  2294 ;; Parameters:    Size  Location     Type
  2295 ;;  line            2   89[COMRAM] PTR unsigned char 
  2296 ;;		 -> main@scale_line(96), 
  2297 ;; Auto vars:     Size  Location     Type
  2298 ;;  weight          7   30[BANK0 ] struct .
  2299 ;; Return value:  Size  Location     Type
  2300 ;;                  1    wreg      void 
  2301 ;; Registers used:
  2302 ;;		wreg, fsr0l, fsr0h, fsr1l, fsr1h, fsr2l, fsr2h, status,2, status,0, tblptrl, tblptrh, tblptru, cstack
  2303 ;; Tracked objects:
  2304 ;;		On entry : 0/0
  2305 ;;		On exit  : 0/0
  2306 ;;		Unchanged: 0/0
  2307 ;; Data sizes:     COMRAM   BANK0   BANK1   BANK2   BANK3   BANK4   BANK5
  2308 ;;      Params:         2       0       0       0       0       0       0
  2309 ;;      Locals:         0       7       0       0       0       0       0
  2310 ;;      Temps:          0       0       0       0       0       0       0
  2311 ;;      Totals:         2       7       0       0       0       0       0
  2312 ;;Total ram usage:        9 bytes
  2313 ;; Hardware stack levels used:    1
  2314 ;; Hardware stack levels required when called:    6
  2315 ;; This function calls:
  2316 ;;		_parse_weight_line
  2317 ;;		_uart2_write_error_frame
  2318 ;;		_uart2_write_wn_weight
  2319 ;; This function is called by:
  2320 ;;		_main
  2321 ;;		_handle_scale_byte
  2322 ;; This function uses a non-reentrant model
  2323 ;;
  2324                           
  2325                           	psect	text14
  2326  00216C                     __ptext14:
  2327                           	callstack 0
  2328  00216C                     _process_scale_line:
  2329                           	callstack 24
  2330  00216C                     
  2331                           ;AWS_Standard_Weight_Converter_V2.c: 1046: static void process_scale_line(char *line);AW
      +                          S_Standard_Weight_Converter_V2.c: 1047: {;AWS_Standard_Weight_Converter_V2.c: 1048:     
      +                          WeightData weight;;AWS_Standard_Weight_Converter_V2.c: 1050:     LATBbits.LATB4 = 1;
  2332  00216C  888A               	bsf	138,4,c	;volatile
  2333  00216E                     
  2334                           ;AWS_Standard_Weight_Converter_V2.c: 1052:     if (parse_weight_line(line, &weight))
  2335  00216E  C05A  F071         	movff	process_scale_line@line,parse_weight_line@line
  2336  002172  C05B  F072         	movff	process_scale_line@line+1,parse_weight_line@line+1
  2337  002176  0E7E               	movlw	low process_scale_line@weight
  2338  002178  0100               	movlb	0	; () banked
  2339  00217A  6F73               	movwf	parse_weight_line@weight& (0+255),b
  2340  00217C  0E00               	movlw	high process_scale_line@weight
  2341  00217E  6F74               	movwf	(parse_weight_line@weight+1)& (0+255),b
  2342  002180  EC64  F00B         	call	_parse_weight_line	;wreg free
  2343  002184  0900               	iorlw	0
  2344  002186  B4D8               	btfsc	status,2,c
  2345  002188  EFC8  F010         	goto	u2511
  2346  00218C  EFCA  F010         	goto	u2510
  2347  002190                     u2511:
  2348  002190  EFD5  F010         	goto	l360
  2349  002194                     u2510:
  2350  002194                     
  2351                           ;AWS_Standard_Weight_Converter_V2.c: 1053:     {;AWS_Standard_Weight_Converter_V2.c: 105
      +                          4:         LATCbits.LATC0 = 0;
  2352  002194  908B               	bcf	139,0,c	;volatile
  2353                           
  2354                           ;AWS_Standard_Weight_Converter_V2.c: 1055:         LATBbits.LATB5 = 1;
  2355  002196  8A8A               	bsf	138,5,c	;volatile
  2356  002198                     
  2357                           ;AWS_Standard_Weight_Converter_V2.c: 1056:         uart2_write_wn_weight(&weight);
  2358  002198  0E7E               	movlw	low process_scale_line@weight
  2359  00219A  6E28               	movwf	uart2_write_wn_weight@weight^0,c
  2360  00219C  0E00               	movlw	high process_scale_line@weight
  2361  00219E  6E29               	movwf	(uart2_write_wn_weight@weight+1)^0,c
  2362  0021A0  EC20  F00A         	call	_uart2_write_wn_weight	;wreg free
  2363  0021A4                     
  2364                           ;AWS_Standard_Weight_Converter_V2.c: 1057:         LATBbits.LATB5 = 0;
  2365  0021A4  9A8A               	bcf	138,5,c	;volatile
  2366                           
  2367                           ;AWS_Standard_Weight_Converter_V2.c: 1058:     }
  2368  0021A6  EFD8  F010         	goto	l2594
  2369  0021AA                     l360:
  2370                           
  2371                           ;AWS_Standard_Weight_Converter_V2.c: 1060:     {;AWS_Standard_Weight_Converter_V2.c: 106
      +                          1:         LATCbits.LATC0 = 1;
  2372  0021AA  808B               	bsf	139,0,c	;volatile
  2373  0021AC                     
  2374                           ;AWS_Standard_Weight_Converter_V2.c: 1063:         uart2_write_error_frame();
  2375  0021AC  ECE7  F011         	call	_uart2_write_error_frame	;wreg free
  2376  0021B0                     l2594:
  2377                           
  2378                           ;AWS_Standard_Weight_Converter_V2.c: 1067:     LATBbits.LATB4 = 0;
  2379  0021B0  988A               	bcf	138,4,c	;volatile
  2380  0021B2  0012               	return		;funcret
  2381  0021B4                     __end_of_process_scale_line:
  2382                           	callstack 0
  2383                           
  2384 ;; *************** function _uart2_write_wn_weight *****************
  2385 ;; Defined at:
  2386 ;;		line 998 in file "AWS_Standard_Weight_Converter_V2.c"
  2387 ;; Parameters:    Size  Location     Type
  2388 ;;  weight          2   39[COMRAM] PTR const struct .
  2389 ;;		 -> process_scale_line@weight(7), 
  2390 ;; Auto vars:     Size  Location     Type
  2391 ;;  abs_milli_kg    4   53[COMRAM] unsigned long 
  2392 ;;  gram_part       4   49[COMRAM] unsigned long 
  2393 ;;  kg_part         4   45[COMRAM] unsigned long 
  2394 ;; Return value:  Size  Location     Type
  2395 ;;                  1    wreg      void 
  2396 ;; Registers used:
  2397 ;;		wreg, fsr2l, fsr2h, status,2, status,0, tblptrl, tblptrh, tblptru, cstack
  2398 ;; Tracked objects:
  2399 ;;		On entry : 0/0
  2400 ;;		On exit  : 0/0
  2401 ;;		Unchanged: 0/0
  2402 ;; Data sizes:     COMRAM   BANK0   BANK1   BANK2   BANK3   BANK4   BANK5
  2403 ;;      Params:         2       0       0       0       0       0       0
  2404 ;;      Locals:        12       0       0       0       0       0       0
  2405 ;;      Temps:          4       0       0       0       0       0       0
  2406 ;;      Totals:        18       0       0       0       0       0       0
  2407 ;;Total ram usage:       18 bytes
  2408 ;; Hardware stack levels used:    1
  2409 ;; Hardware stack levels required when called:    4
  2410 ;; This function calls:
  2411 ;;		___lldiv
  2412 ;;		___llmod
  2413 ;;		_uart2_write_char
  2414 ;;		_uart2_write_string
  2415 ;;		_uart2_write_uint32_padded
  2416 ;; This function is called by:
  2417 ;;		_process_scale_line
  2418 ;; This function uses a non-reentrant model
  2419 ;;
  2420                           
  2421                           	psect	text15
  2422  001440                     __ptext15:
  2423                           	callstack 0
  2424  001440                     _uart2_write_wn_weight:
  2425                           	callstack 25
  2426  001440                     
  2427                           ;AWS_Standard_Weight_Converter_V2.c: 998: static void uart2_write_wn_weight(const Weight
      +                          Data *weight);AWS_Standard_Weight_Converter_V2.c: 999: {;AWS_Standard_Weight_Converter_V
      +                          2.c: 1000:     uint32_t abs_milli_kg;;AWS_Standard_Weight_Converter_V2.c: 1001:     uint
      +                          32_t kg_part;;AWS_Standard_Weight_Converter_V2.c: 1002:     uint32_t gram_part;;AWS_Stan
      +                          dard_Weight_Converter_V2.c: 1004:     if (weight == 0)
  2428  001440  5028               	movf	uart2_write_wn_weight@weight^0,w,c
  2429  001442  1029               	iorwf	(uart2_write_wn_weight@weight+1)^0,w,c
  2430  001444  A4D8               	btfss	status,2,c
  2431  001446  EF27  F00A         	goto	u2491
  2432  00144A  EF29  F00A         	goto	u2490
  2433  00144E                     u2491:
  2434  00144E  EF2B  F00A         	goto	l2560
  2435  001452                     u2490:
  2436  001452  EFC3  F00A         	goto	l352
  2437  001456                     l2560:
  2438                           
  2439                           ;AWS_Standard_Weight_Converter_V2.c: 1010:     if (weight->milli_kg < 0)
  2440  001456  EE20 F001          	lfsr	2,1
  2441  00145A  5028               	movf	uart2_write_wn_weight@weight^0,w,c
  2442  00145C  26D9               	addwf	fsr2l,f,c
  2443  00145E  5029               	movf	(uart2_write_wn_weight@weight+1)^0,w,c
  2444  001460  22DA               	addwfc	fsr2h,f,c
  2445  001462  0E03               	movlw	3
  2446  001464  BEDB               	btfsc	plusw2,7,c
  2447  001466  EF39  F00A         	goto	u2500
  2448  00146A  EF37  F00A         	goto	u2501
  2449  00146E                     u2501:
  2450  00146E  EF5A  F00A         	goto	l2564
  2451  001472                     u2500:
  2452  001472                     
  2453                           ;AWS_Standard_Weight_Converter_V2.c: 1011:     {;AWS_Standard_Weight_Converter_V2.c: 101
      +                          2:         abs_milli_kg = (uint32_t)(-weight->milli_kg);
  2454  001472  EE20 F001          	lfsr	2,1
  2455  001476  5028               	movf	uart2_write_wn_weight@weight^0,w,c
  2456  001478  26D9               	addwf	fsr2l,f,c
  2457  00147A  5029               	movf	(uart2_write_wn_weight@weight+1)^0,w,c
  2458  00147C  22DA               	addwfc	fsr2h,f,c
  2459  00147E  CFDE F02A          	movff	postinc2,??_uart2_write_wn_weight
  2460  001482  CFDE F02B          	movff	postinc2,??_uart2_write_wn_weight+1
  2461  001486  CFDE F02C          	movff	postinc2,??_uart2_write_wn_weight+2
  2462  00148A  CFDE F02D          	movff	postinc2,??_uart2_write_wn_weight+3
  2463  00148E  1E2A               	comf	??_uart2_write_wn_weight^0,f,c
  2464  001490  1E2B               	comf	(??_uart2_write_wn_weight+1)^0,f,c
  2465  001492  1E2C               	comf	(??_uart2_write_wn_weight+2)^0,f,c
  2466  001494  1E2D               	comf	(??_uart2_write_wn_weight+3)^0,f,c
  2467  001496  2A2A               	incf	??_uart2_write_wn_weight^0,f,c
  2468  001498  0E00               	movlw	0
  2469  00149A  222B               	addwfc	(??_uart2_write_wn_weight+1)^0,f,c
  2470  00149C  222C               	addwfc	(??_uart2_write_wn_weight+2)^0,f,c
  2471  00149E  222D               	addwfc	(??_uart2_write_wn_weight+3)^0,f,c
  2472  0014A0  C02A  F036         	movff	??_uart2_write_wn_weight,uart2_write_wn_weight@abs_milli_kg
  2473  0014A4  C02B  F037         	movff	??_uart2_write_wn_weight+1,uart2_write_wn_weight@abs_milli_kg+1
  2474  0014A8  C02C  F038         	movff	??_uart2_write_wn_weight+2,uart2_write_wn_weight@abs_milli_kg+2
  2475  0014AC  C02D  F039         	movff	??_uart2_write_wn_weight+3,uart2_write_wn_weight@abs_milli_kg+3
  2476                           
  2477                           ;AWS_Standard_Weight_Converter_V2.c: 1013:     }
  2478  0014B0  EF68  F00A         	goto	l2566
  2479  0014B4                     l2564:
  2480                           
  2481                           ;AWS_Standard_Weight_Converter_V2.c: 1015:     {;AWS_Standard_Weight_Converter_V2.c: 101
      +                          6:         abs_milli_kg = (uint32_t)(weight->milli_kg);
  2482  0014B4  EE20 F001          	lfsr	2,1
  2483  0014B8  5028               	movf	uart2_write_wn_weight@weight^0,w,c
  2484  0014BA  26D9               	addwf	fsr2l,f,c
  2485  0014BC  5029               	movf	(uart2_write_wn_weight@weight+1)^0,w,c
  2486  0014BE  22DA               	addwfc	fsr2h,f,c
  2487  0014C0  CFDE F036          	movff	postinc2,uart2_write_wn_weight@abs_milli_kg
  2488  0014C4  CFDE F037          	movff	postinc2,uart2_write_wn_weight@abs_milli_kg+1
  2489  0014C8  CFDE F038          	movff	postinc2,uart2_write_wn_weight@abs_milli_kg+2
  2490  0014CC  CFDE F039          	movff	postinc2,uart2_write_wn_weight@abs_milli_kg+3
  2491  0014D0                     l2566:
  2492                           
  2493                           ;AWS_Standard_Weight_Converter_V2.c: 1018:     uart2_write_string("wn");
  2494  0014D0  0E6E               	movlw	low STR_41
  2495  0014D2  6E02               	movwf	uart2_write_string@text^0,c
  2496  0014D4  0E06               	movlw	high STR_41
  2497  0014D6  6E03               	movwf	(uart2_write_string@text+1)^0,c
  2498  0014D8  ECF5  F010         	call	_uart2_write_string	;wreg free
  2499  0014DC                     
  2500                           ;AWS_Standard_Weight_Converter_V2.c: 1032:     kg_part = abs_milli_kg / 1000UL;
  2501  0014DC  C036  F001         	movff	uart2_write_wn_weight@abs_milli_kg,___lldiv@dividend
  2502  0014E0  C037  F002         	movff	uart2_write_wn_weight@abs_milli_kg+1,___lldiv@dividend+1
  2503  0014E4  C038  F003         	movff	uart2_write_wn_weight@abs_milli_kg+2,___lldiv@dividend+2
  2504  0014E8  C039  F004         	movff	uart2_write_wn_weight@abs_milli_kg+3,___lldiv@dividend+3
  2505  0014EC  0EE8               	movlw	232
  2506  0014EE  6E05               	movwf	___lldiv@divisor^0,c
  2507  0014F0  0E03               	movlw	3
  2508  0014F2  6E06               	movwf	(___lldiv@divisor+1)^0,c
  2509  0014F4  0E00               	movlw	0
  2510  0014F6  6E07               	movwf	(___lldiv@divisor+2)^0,c
  2511  0014F8  0E00               	movlw	0
  2512  0014FA  6E08               	movwf	(___lldiv@divisor+3)^0,c
  2513  0014FC  EC12  F00F         	call	___lldiv	;wreg free
  2514  001500  C001  F02E         	movff	?___lldiv,uart2_write_wn_weight@kg_part
  2515  001504  C002  F02F         	movff	?___lldiv+1,uart2_write_wn_weight@kg_part+1
  2516  001508  C003  F030         	movff	?___lldiv+2,uart2_write_wn_weight@kg_part+2
  2517  00150C  C004  F031         	movff	?___lldiv+3,uart2_write_wn_weight@kg_part+3
  2518  001510                     
  2519                           ;AWS_Standard_Weight_Converter_V2.c: 1033:     gram_part = abs_milli_kg % 1000UL;
  2520  001510  C036  F001         	movff	uart2_write_wn_weight@abs_milli_kg,___llmod@dividend
  2521  001514  C037  F002         	movff	uart2_write_wn_weight@abs_milli_kg+1,___llmod@dividend+1
  2522  001518  C038  F003         	movff	uart2_write_wn_weight@abs_milli_kg+2,___llmod@dividend+2
  2523  00151C  C039  F004         	movff	uart2_write_wn_weight@abs_milli_kg+3,___llmod@dividend+3
  2524  001520  0EE8               	movlw	232
  2525  001522  6E05               	movwf	___llmod@divisor^0,c
  2526  001524  0E03               	movlw	3
  2527  001526  6E06               	movwf	(___llmod@divisor+1)^0,c
  2528  001528  0E00               	movlw	0
  2529  00152A  6E07               	movwf	(___llmod@divisor+2)^0,c
  2530  00152C  0E00               	movlw	0
  2531  00152E  6E08               	movwf	(___llmod@divisor+3)^0,c
  2532  001530  ECB3  F00F         	call	___llmod	;wreg free
  2533  001534  C001  F032         	movff	?___llmod,uart2_write_wn_weight@gram_part
  2534  001538  C002  F033         	movff	?___llmod+1,uart2_write_wn_weight@gram_part+1
  2535  00153C  C003  F034         	movff	?___llmod+2,uart2_write_wn_weight@gram_part+2
  2536  001540  C004  F035         	movff	?___llmod+3,uart2_write_wn_weight@gram_part+3
  2537  001544                     
  2538                           ;AWS_Standard_Weight_Converter_V2.c: 1035:     uart2_write_uint32_padded(kg_part, 6u);
  2539  001544  C02E  F01D         	movff	uart2_write_wn_weight@kg_part,uart2_write_uint32_padded@value
  2540  001548  C02F  F01E         	movff	uart2_write_wn_weight@kg_part+1,uart2_write_uint32_padded@value+1
  2541  00154C  C030  F01F         	movff	uart2_write_wn_weight@kg_part+2,uart2_write_uint32_padded@value+2
  2542  001550  C031  F020         	movff	uart2_write_wn_weight@kg_part+3,uart2_write_uint32_padded@value+3
  2543  001554  0E06               	movlw	6
  2544  001556  6E21               	movwf	uart2_write_uint32_padded@min_width^0,c
  2545  001558  EC67  F00E         	call	_uart2_write_uint32_padded	;wreg free
  2546  00155C                     
  2547                           ;AWS_Standard_Weight_Converter_V2.c: 1036:     uart2_write_char('.');
  2548  00155C  0E2E               	movlw	46
  2549  00155E  ECDC  F011         	call	_uart2_write_char
  2550  001562                     
  2551                           ;AWS_Standard_Weight_Converter_V2.c: 1037:     uart2_write_uint32_padded(gram_part, 3u);
  2552  001562  C032  F01D         	movff	uart2_write_wn_weight@gram_part,uart2_write_uint32_padded@value
  2553  001566  C033  F01E         	movff	uart2_write_wn_weight@gram_part+1,uart2_write_uint32_padded@value+1
  2554  00156A  C034  F01F         	movff	uart2_write_wn_weight@gram_part+2,uart2_write_uint32_padded@value+2
  2555  00156E  C035  F020         	movff	uart2_write_wn_weight@gram_part+3,uart2_write_uint32_padded@value+3
  2556  001572  0E03               	movlw	3
  2557  001574  6E21               	movwf	uart2_write_uint32_padded@min_width^0,c
  2558  001576  EC67  F00E         	call	_uart2_write_uint32_padded	;wreg free
  2559  00157A                     
  2560                           ;AWS_Standard_Weight_Converter_V2.c: 1038:     uart2_write_string(" kg\r\n");
  2561  00157A  0E0D               	movlw	low (STR_43+12)
  2562  00157C  6E02               	movwf	uart2_write_string@text^0,c
  2563  00157E  0E06               	movlw	high (STR_43+12)
  2564  001580  6E03               	movwf	(uart2_write_string@text+1)^0,c
  2565  001582  ECF5  F010         	call	_uart2_write_string	;wreg free
  2566  001586                     l352:
  2567  001586  0012               	return		;funcret
  2568  001588                     __end_of_uart2_write_wn_weight:
  2569                           	callstack 0
  2570                           
  2571 ;; *************** function _uart2_write_uint32_padded *****************
  2572 ;; Defined at:
  2573 ;;		line 522 in file "AWS_Standard_Weight_Converter_V2.c"
  2574 ;; Parameters:    Size  Location     Type
  2575 ;;  value           4   28[COMRAM] unsigned long 
  2576 ;;  min_width       1   32[COMRAM] unsigned char 
  2577 ;; Auto vars:     Size  Location     Type
  2578 ;;  temp            4   34[COMRAM] unsigned long 
  2579 ;;  digits          1   38[COMRAM] unsigned char 
  2580 ;;  pad_count       1   33[COMRAM] unsigned char 
  2581 ;; Return value:  Size  Location     Type
  2582 ;;                  1    wreg      void 
  2583 ;; Registers used:
  2584 ;;		wreg, fsr2l, fsr2h, status,2, status,0, cstack
  2585 ;; Tracked objects:
  2586 ;;		On entry : 0/0
  2587 ;;		On exit  : 0/0
  2588 ;;		Unchanged: 0/0
  2589 ;; Data sizes:     COMRAM   BANK0   BANK1   BANK2   BANK3   BANK4   BANK5
  2590 ;;      Params:         5       0       0       0       0       0       0
  2591 ;;      Locals:         6       0       0       0       0       0       0
  2592 ;;      Temps:          0       0       0       0       0       0       0
  2593 ;;      Totals:        11       0       0       0       0       0       0
  2594 ;;Total ram usage:       11 bytes
  2595 ;; Hardware stack levels used:    1
  2596 ;; Hardware stack levels required when called:    3
  2597 ;; This function calls:
  2598 ;;		___lldiv
  2599 ;;		_uart2_write_char
  2600 ;;		_uart2_write_uint32
  2601 ;; This function is called by:
  2602 ;;		_uart2_write_wn_weight
  2603 ;; This function uses a non-reentrant model
  2604 ;;
  2605                           
  2606                           	psect	text16
  2607  001CCE                     __ptext16:
  2608                           	callstack 0
  2609  001CCE                     _uart2_write_uint32_padded:
  2610                           	callstack 25
  2611  001CCE                     
  2612                           ;AWS_Standard_Weight_Converter_V2.c: 522: static void uart2_write_uint32_padded(uint32_t
      +                           value, uint8_t min_width);AWS_Standard_Weight_Converter_V2.c: 523: {;AWS_Standard_Weigh
      +                          t_Converter_V2.c: 524:     uint32_t temp;;AWS_Standard_Weight_Converter_V2.c: 525:     u
      +                          int8_t digits;;AWS_Standard_Weight_Converter_V2.c: 526:     uint8_t pad_count;;AWS_Stand
      +                          ard_Weight_Converter_V2.c: 528:     temp = value;
  2613  001CCE  C01D  F023         	movff	uart2_write_uint32_padded@value,uart2_write_uint32_padded@temp
  2614  001CD2  C01E  F024         	movff	uart2_write_uint32_padded@value+1,uart2_write_uint32_padded@temp+1
  2615  001CD6  C01F  F025         	movff	uart2_write_uint32_padded@value+2,uart2_write_uint32_padded@temp+2
  2616  001CDA  C020  F026         	movff	uart2_write_uint32_padded@value+3,uart2_write_uint32_padded@temp+3
  2617  001CDE                     
  2618                           ;AWS_Standard_Weight_Converter_V2.c: 529:     digits = 1u;
  2619  001CDE  0E01               	movlw	1
  2620  001CE0  6E27               	movwf	uart2_write_uint32_padded@digits^0,c
  2621                           
  2622                           ;AWS_Standard_Weight_Converter_V2.c: 531:     while (temp >= 10UL)
  2623  001CE2  EF8E  F00E         	goto	l2338
  2624  001CE6                     l2334:
  2625                           
  2626                           ;AWS_Standard_Weight_Converter_V2.c: 532:     {;AWS_Standard_Weight_Converter_V2.c: 533:
      +                                   temp /= 10UL;
  2627  001CE6  C023  F001         	movff	uart2_write_uint32_padded@temp,___lldiv@dividend
  2628  001CEA  C024  F002         	movff	uart2_write_uint32_padded@temp+1,___lldiv@dividend+1
  2629  001CEE  C025  F003         	movff	uart2_write_uint32_padded@temp+2,___lldiv@dividend+2
  2630  001CF2  C026  F004         	movff	uart2_write_uint32_padded@temp+3,___lldiv@dividend+3
  2631  001CF6  0E0A               	movlw	10
  2632  001CF8  6E05               	movwf	___lldiv@divisor^0,c
  2633  001CFA  0E00               	movlw	0
  2634  001CFC  6E06               	movwf	(___lldiv@divisor+1)^0,c
  2635  001CFE  0E00               	movlw	0
  2636  001D00  6E07               	movwf	(___lldiv@divisor+2)^0,c
  2637  001D02  0E00               	movlw	0
  2638  001D04  6E08               	movwf	(___lldiv@divisor+3)^0,c
  2639  001D06  EC12  F00F         	call	___lldiv	;wreg free
  2640  001D0A  C001  F023         	movff	?___lldiv,uart2_write_uint32_padded@temp
  2641  001D0E  C002  F024         	movff	?___lldiv+1,uart2_write_uint32_padded@temp+1
  2642  001D12  C003  F025         	movff	?___lldiv+2,uart2_write_uint32_padded@temp+2
  2643  001D16  C004  F026         	movff	?___lldiv+3,uart2_write_uint32_padded@temp+3
  2644  001D1A                     
  2645                           ;AWS_Standard_Weight_Converter_V2.c: 534:         digits++;
  2646  001D1A  2A27               	incf	uart2_write_uint32_padded@digits^0,f,c
  2647  001D1C                     l2338:
  2648                           
  2649                           ;AWS_Standard_Weight_Converter_V2.c: 531:     while (temp >= 10UL)
  2650  001D1C  5026               	movf	(uart2_write_uint32_padded@temp+3)^0,w,c
  2651  001D1E  1025               	iorwf	(uart2_write_uint32_padded@temp+2)^0,w,c
  2652  001D20  1024               	iorwf	(uart2_write_uint32_padded@temp+1)^0,w,c
  2653  001D22  E107               	bnz	u2021
  2654  001D24  0E0A               	movlw	10
  2655  001D26  5C23               	subwf	uart2_write_uint32_padded@temp^0,w,c
  2656  001D28  B0D8               	btfsc	status,0,c
  2657  001D2A  EF99  F00E         	goto	u2021
  2658  001D2E  EF9B  F00E         	goto	u2020
  2659  001D32                     u2021:
  2660  001D32  EF73  F00E         	goto	l2334
  2661  001D36                     u2020:
  2662  001D36                     
  2663                           ;AWS_Standard_Weight_Converter_V2.c: 537:     if (digits < min_width)
  2664  001D36  5021               	movf	uart2_write_uint32_padded@min_width^0,w,c
  2665  001D38  5C27               	subwf	uart2_write_uint32_padded@digits^0,w,c
  2666  001D3A  B0D8               	btfsc	status,0,c
  2667  001D3C  EFA2  F00E         	goto	u2031
  2668  001D40  EFA4  F00E         	goto	u2030
  2669  001D44                     u2031:
  2670  001D44  EFB5  F00E         	goto	l2350
  2671  001D48                     u2030:
  2672  001D48                     
  2673                           ;AWS_Standard_Weight_Converter_V2.c: 538:     {;AWS_Standard_Weight_Converter_V2.c: 539:
      +                                   pad_count = (uint8_t)(min_width - digits);
  2674  001D48  5027               	movf	uart2_write_uint32_padded@digits^0,w,c
  2675  001D4A  5C21               	subwf	uart2_write_uint32_padded@min_width^0,w,c
  2676  001D4C  6E22               	movwf	uart2_write_uint32_padded@pad_count^0,c
  2677                           
  2678                           ;AWS_Standard_Weight_Converter_V2.c: 540:         while (pad_count > 0u)
  2679  001D4E  EFAD  F00E         	goto	l2348
  2680  001D52                     l2344:
  2681                           
  2682                           ;AWS_Standard_Weight_Converter_V2.c: 541:         {;AWS_Standard_Weight_Converter_V2.c: 
      +                          542:             uart2_write_char('0');
  2683  001D52  0E30               	movlw	48
  2684  001D54  ECDC  F011         	call	_uart2_write_char
  2685  001D58                     
  2686                           ;AWS_Standard_Weight_Converter_V2.c: 543:             pad_count--;
  2687  001D58  0622               	decf	uart2_write_uint32_padded@pad_count^0,f,c
  2688  001D5A                     l2348:
  2689                           
  2690                           ;AWS_Standard_Weight_Converter_V2.c: 540:         while (pad_count > 0u)
  2691  001D5A  5022               	movf	uart2_write_uint32_padded@pad_count^0,w,c
  2692  001D5C  A4D8               	btfss	status,2,c
  2693  001D5E  EFB3  F00E         	goto	u2041
  2694  001D62  EFB5  F00E         	goto	u2040
  2695  001D66                     u2041:
  2696  001D66  EFA9  F00E         	goto	l2344
  2697  001D6A                     u2040:
  2698  001D6A                     l2350:
  2699                           
  2700                           ;AWS_Standard_Weight_Converter_V2.c: 547:     uart2_write_uint32(value);
  2701  001D6A  C01D  F00E         	movff	uart2_write_uint32_padded@value,uart2_write_uint32@value
  2702  001D6E  C01E  F00F         	movff	uart2_write_uint32_padded@value+1,uart2_write_uint32@value+1
  2703  001D72  C01F  F010         	movff	uart2_write_uint32_padded@value+2,uart2_write_uint32@value+2
  2704  001D76  C020  F011         	movff	uart2_write_uint32_padded@value+3,uart2_write_uint32@value+3
  2705  001D7A  EC8A  F00D         	call	_uart2_write_uint32	;wreg free
  2706  001D7E  0012               	return		;funcret
  2707  001D80                     __end_of_uart2_write_uint32_padded:
  2708                           	callstack 0
  2709                           
  2710 ;; *************** function _uart2_write_uint32 *****************
  2711 ;; Defined at:
  2712 ;;		line 497 in file "AWS_Standard_Weight_Converter_V2.c"
  2713 ;; Parameters:    Size  Location     Type
  2714 ;;  value           4   13[COMRAM] unsigned long 
  2715 ;; Auto vars:     Size  Location     Type
  2716 ;;  buffer         10   17[COMRAM] unsigned char [10]
  2717 ;;  index           1   27[COMRAM] unsigned char 
  2718 ;; Return value:  Size  Location     Type
  2719 ;;                  1    wreg      void 
  2720 ;; Registers used:
  2721 ;;		wreg, fsr2l, fsr2h, status,2, status,0, cstack
  2722 ;; Tracked objects:
  2723 ;;		On entry : 0/0
  2724 ;;		On exit  : 0/0
  2725 ;;		Unchanged: 0/0
  2726 ;; Data sizes:     COMRAM   BANK0   BANK1   BANK2   BANK3   BANK4   BANK5
  2727 ;;      Params:         4       0       0       0       0       0       0
  2728 ;;      Locals:        11       0       0       0       0       0       0
  2729 ;;      Temps:          0       0       0       0       0       0       0
  2730 ;;      Totals:        15       0       0       0       0       0       0
  2731 ;;Total ram usage:       15 bytes
  2732 ;; Hardware stack levels used:    1
  2733 ;; Hardware stack levels required when called:    2
  2734 ;; This function calls:
  2735 ;;		___lldiv
  2736 ;;		___llmod
  2737 ;;		_uart2_write_char
  2738 ;; This function is called by:
  2739 ;;		_uart2_write_uint32_padded
  2740 ;; This function uses a non-reentrant model
  2741 ;;
  2742                           
  2743                           	psect	text17
  2744  001B14                     __ptext17:
  2745                           	callstack 0
  2746  001B14                     _uart2_write_uint32:
  2747                           	callstack 25
  2748  001B14                     
  2749                           ;AWS_Standard_Weight_Converter_V2.c: 497: static void uart2_write_uint32(uint32_t value)
      +                          ;AWS_Standard_Weight_Converter_V2.c: 498: {;AWS_Standard_Weight_Converter_V2.c: 499:    
      +                           char buffer[10];;AWS_Standard_Weight_Converter_V2.c: 500:     uint8_t index = 0u;
  2750  001B14  0E00               	movlw	0
  2751  001B16  6E1C               	movwf	uart2_write_uint32@index^0,c
  2752  001B18                     
  2753                           ;AWS_Standard_Weight_Converter_V2.c: 502:     if (value == 0UL)
  2754  001B18  500E               	movf	uart2_write_uint32@value^0,w,c
  2755  001B1A  100F               	iorwf	(uart2_write_uint32@value+1)^0,w,c
  2756  001B1C  1010               	iorwf	(uart2_write_uint32@value+2)^0,w,c
  2757  001B1E  1011               	iorwf	(uart2_write_uint32@value+3)^0,w,c
  2758  001B20  A4D8               	btfss	status,2,c
  2759  001B22  EF95  F00D         	goto	u1531
  2760  001B26  EF97  F00D         	goto	u1530
  2761  001B2A                     u1531:
  2762  001B2A  EFD2  F00D         	goto	l2094
  2763  001B2E                     u1530:
  2764  001B2E                     
  2765                           ;AWS_Standard_Weight_Converter_V2.c: 503:     {;AWS_Standard_Weight_Converter_V2.c: 504:
      +                                   uart2_write_char('0');
  2766  001B2E  0E30               	movlw	48
  2767  001B30  ECDC  F011         	call	_uart2_write_char
  2768  001B34  EFF9  F00D         	goto	l176
  2769  001B38                     l2088:
  2770                           
  2771                           ;AWS_Standard_Weight_Converter_V2.c: 509:     {;AWS_Standard_Weight_Converter_V2.c: 510:
      +                                   buffer[index] = (char)('0' + (value % 10UL));
  2772  001B38  0E12               	movlw	low uart2_write_uint32@buffer
  2773  001B3A  241C               	addwf	uart2_write_uint32@index^0,w,c
  2774  001B3C  6ED9               	movwf	fsr2l,c
  2775  001B3E  6ADA               	clrf	fsr2h,c
  2776  001B40  0E00               	movlw	high uart2_write_uint32@buffer
  2777  001B42  22DA               	addwfc	fsr2h,f,c
  2778  001B44  C00E  F001         	movff	uart2_write_uint32@value,___llmod@dividend
  2779  001B48  C00F  F002         	movff	uart2_write_uint32@value+1,___llmod@dividend+1
  2780  001B4C  C010  F003         	movff	uart2_write_uint32@value+2,___llmod@dividend+2
  2781  001B50  C011  F004         	movff	uart2_write_uint32@value+3,___llmod@dividend+3
  2782  001B54  0E0A               	movlw	10
  2783  001B56  6E05               	movwf	___llmod@divisor^0,c
  2784  001B58  0E00               	movlw	0
  2785  001B5A  6E06               	movwf	(___llmod@divisor+1)^0,c
  2786  001B5C  0E00               	movlw	0
  2787  001B5E  6E07               	movwf	(___llmod@divisor+2)^0,c
  2788  001B60  0E00               	movlw	0
  2789  001B62  6E08               	movwf	(___llmod@divisor+3)^0,c
  2790  001B64  ECB3  F00F         	call	___llmod	;wreg free
  2791  001B68  5001               	movf	?___llmod^0,w,c
  2792  001B6A  0F30               	addlw	48
  2793  001B6C  6EDF               	movwf	indf2,c
  2794  001B6E                     
  2795                           ;AWS_Standard_Weight_Converter_V2.c: 511:         value /= 10UL;
  2796  001B6E  C00E  F001         	movff	uart2_write_uint32@value,___lldiv@dividend
  2797  001B72  C00F  F002         	movff	uart2_write_uint32@value+1,___lldiv@dividend+1
  2798  001B76  C010  F003         	movff	uart2_write_uint32@value+2,___lldiv@dividend+2
  2799  001B7A  C011  F004         	movff	uart2_write_uint32@value+3,___lldiv@dividend+3
  2800  001B7E  0E0A               	movlw	10
  2801  001B80  6E05               	movwf	___lldiv@divisor^0,c
  2802  001B82  0E00               	movlw	0
  2803  001B84  6E06               	movwf	(___lldiv@divisor+1)^0,c
  2804  001B86  0E00               	movlw	0
  2805  001B88  6E07               	movwf	(___lldiv@divisor+2)^0,c
  2806  001B8A  0E00               	movlw	0
  2807  001B8C  6E08               	movwf	(___lldiv@divisor+3)^0,c
  2808  001B8E  EC12  F00F         	call	___lldiv	;wreg free
  2809  001B92  C001  F00E         	movff	?___lldiv,uart2_write_uint32@value
  2810  001B96  C002  F00F         	movff	?___lldiv+1,uart2_write_uint32@value+1
  2811  001B9A  C003  F010         	movff	?___lldiv+2,uart2_write_uint32@value+2
  2812  001B9E  C004  F011         	movff	?___lldiv+3,uart2_write_uint32@value+3
  2813  001BA2                     
  2814                           ;AWS_Standard_Weight_Converter_V2.c: 512:         index++;
  2815  001BA2  2A1C               	incf	uart2_write_uint32@index^0,f,c
  2816  001BA4                     l2094:
  2817                           
  2818                           ;AWS_Standard_Weight_Converter_V2.c: 508:     while ((value > 0UL) && (index < sizeof(bu
      +                          ffer)))
  2819  001BA4  500E               	movf	uart2_write_uint32@value^0,w,c
  2820  001BA6  100F               	iorwf	(uart2_write_uint32@value+1)^0,w,c
  2821  001BA8  1010               	iorwf	(uart2_write_uint32@value+2)^0,w,c
  2822  001BAA  1011               	iorwf	(uart2_write_uint32@value+3)^0,w,c
  2823  001BAC  B4D8               	btfsc	status,2,c
  2824  001BAE  EFDB  F00D         	goto	u1541
  2825  001BB2  EFDD  F00D         	goto	u1540
  2826  001BB6                     u1541:
  2827  001BB6  EFF1  F00D         	goto	l2102
  2828  001BBA                     u1540:
  2829  001BBA  0E09               	movlw	9
  2830  001BBC  641C               	cpfsgt	uart2_write_uint32@index^0,c
  2831  001BBE  EFE3  F00D         	goto	u1551
  2832  001BC2  EFE5  F00D         	goto	u1550
  2833  001BC6                     u1551:
  2834  001BC6  EF9C  F00D         	goto	l2088
  2835  001BCA                     u1550:
  2836  001BCA  EFF1  F00D         	goto	l2102
  2837  001BCE                     l2098:
  2838                           
  2839                           ;AWS_Standard_Weight_Converter_V2.c: 516:     {;AWS_Standard_Weight_Converter_V2.c: 517:
      +                                   index--;
  2840  001BCE  061C               	decf	uart2_write_uint32@index^0,f,c
  2841  001BD0                     
  2842                           ;AWS_Standard_Weight_Converter_V2.c: 518:         uart2_write_char(buffer[index]);
  2843  001BD0  0E12               	movlw	low uart2_write_uint32@buffer
  2844  001BD2  241C               	addwf	uart2_write_uint32@index^0,w,c
  2845  001BD4  6ED9               	movwf	fsr2l,c
  2846  001BD6  6ADA               	clrf	fsr2h,c
  2847  001BD8  0E00               	movlw	high uart2_write_uint32@buffer
  2848  001BDA  22DA               	addwfc	fsr2h,f,c
  2849  001BDC  50DF               	movf	indf2,w,c
  2850  001BDE  ECDC  F011         	call	_uart2_write_char
  2851  001BE2                     l2102:
  2852                           
  2853                           ;AWS_Standard_Weight_Converter_V2.c: 515:     while (index > 0u)
  2854  001BE2  501C               	movf	uart2_write_uint32@index^0,w,c
  2855  001BE4  A4D8               	btfss	status,2,c
  2856  001BE6  EFF7  F00D         	goto	u1561
  2857  001BEA  EFF9  F00D         	goto	u1560
  2858  001BEE                     u1561:
  2859  001BEE  EFE7  F00D         	goto	l2098
  2860  001BF2                     u1560:
  2861  001BF2                     l176:
  2862  001BF2  0012               	return		;funcret
  2863  001BF4                     __end_of_uart2_write_uint32:
  2864                           	callstack 0
  2865                           
  2866 ;; *************** function ___llmod *****************
  2867 ;; Defined at:
  2868 ;;		line 7 in file "C:\Program Files\Microchip\xc8\v2.31\pic\sources\c99\common\llmod.c"
  2869 ;; Parameters:    Size  Location     Type
  2870 ;;  dividend        4    0[COMRAM] unsigned long 
  2871 ;;  divisor         4    4[COMRAM] unsigned long 
  2872 ;; Auto vars:     Size  Location     Type
  2873 ;;  counter         1    8[COMRAM] unsigned char 
  2874 ;; Return value:  Size  Location     Type
  2875 ;;                  4    0[COMRAM] unsigned long 
  2876 ;; Registers used:
  2877 ;;		wreg, status,2, status,0
  2878 ;; Tracked objects:
  2879 ;;		On entry : 0/0
  2880 ;;		On exit  : 0/0
  2881 ;;		Unchanged: 0/0
  2882 ;; Data sizes:     COMRAM   BANK0   BANK1   BANK2   BANK3   BANK4   BANK5
  2883 ;;      Params:         8       0       0       0       0       0       0
  2884 ;;      Locals:         1       0       0       0       0       0       0
  2885 ;;      Temps:          0       0       0       0       0       0       0
  2886 ;;      Totals:         9       0       0       0       0       0       0
  2887 ;;Total ram usage:        9 bytes
  2888 ;; Hardware stack levels used:    1
  2889 ;; Hardware stack levels required when called:    1
  2890 ;; This function calls:
  2891 ;;		Nothing
  2892 ;; This function is called by:
  2893 ;;		_uart2_write_uint32
  2894 ;;		_uart2_write_wn_weight
  2895 ;; This function uses a non-reentrant model
  2896 ;;
  2897                           
  2898                           	psect	text18
  2899  001F66                     __ptext18:
  2900                           	callstack 0
  2901  001F66                     ___llmod:
  2902                           	callstack 25
  2903  001F66  5005               	movf	___llmod@divisor^0,w,c
  2904  001F68  1006               	iorwf	(___llmod@divisor+1)^0,w,c
  2905  001F6A  1007               	iorwf	(___llmod@divisor+2)^0,w,c
  2906  001F6C  1008               	iorwf	(___llmod@divisor+3)^0,w,c
  2907  001F6E  B4D8               	btfsc	status,2,c
  2908  001F70  EFBC  F00F         	goto	u1501
  2909  001F74  EFBE  F00F         	goto	u1500
  2910  001F78                     u1501:
  2911  001F78  EFEE  F00F         	goto	l799
  2912  001F7C                     u1500:
  2913  001F7C  0E01               	movlw	1
  2914  001F7E  6E09               	movwf	___llmod@counter^0,c
  2915  001F80  EFC8  F00F         	goto	l2070
  2916  001F84                     l2068:
  2917  001F84  90D8               	bcf	status,0,c
  2918  001F86  3605               	rlcf	___llmod@divisor^0,f,c
  2919  001F88  3606               	rlcf	(___llmod@divisor+1)^0,f,c
  2920  001F8A  3607               	rlcf	(___llmod@divisor+2)^0,f,c
  2921  001F8C  3608               	rlcf	(___llmod@divisor+3)^0,f,c
  2922  001F8E  2A09               	incf	___llmod@counter^0,f,c
  2923  001F90                     l2070:
  2924  001F90  AE08               	btfss	(___llmod@divisor+3)^0,7,c
  2925  001F92  EFCD  F00F         	goto	u1511
  2926  001F96  EFCF  F00F         	goto	u1510
  2927  001F9A                     u1511:
  2928  001F9A  EFC2  F00F         	goto	l2068
  2929  001F9E                     u1510:
  2930  001F9E                     l2072:
  2931  001F9E  5005               	movf	___llmod@divisor^0,w,c
  2932  001FA0  5C01               	subwf	___llmod@dividend^0,w,c
  2933  001FA2  5006               	movf	(___llmod@divisor+1)^0,w,c
  2934  001FA4  5802               	subwfb	(___llmod@dividend+1)^0,w,c
  2935  001FA6  5007               	movf	(___llmod@divisor+2)^0,w,c
  2936  001FA8  5803               	subwfb	(___llmod@dividend+2)^0,w,c
  2937  001FAA  5008               	movf	(___llmod@divisor+3)^0,w,c
  2938  001FAC  5804               	subwfb	(___llmod@dividend+3)^0,w,c
  2939  001FAE  A0D8               	btfss	status,0,c
  2940  001FB0  EFDC  F00F         	goto	u1521
  2941  001FB4  EFDE  F00F         	goto	u1520
  2942  001FB8                     u1521:
  2943  001FB8  EFE6  F00F         	goto	l2076
  2944  001FBC                     u1520:
  2945  001FBC  5005               	movf	___llmod@divisor^0,w,c
  2946  001FBE  5E01               	subwf	___llmod@dividend^0,f,c
  2947  001FC0  5006               	movf	(___llmod@divisor+1)^0,w,c
  2948  001FC2  5A02               	subwfb	(___llmod@dividend+1)^0,f,c
  2949  001FC4  5007               	movf	(___llmod@divisor+2)^0,w,c
  2950  001FC6  5A03               	subwfb	(___llmod@dividend+2)^0,f,c
  2951  001FC8  5008               	movf	(___llmod@divisor+3)^0,w,c
  2952  001FCA  5A04               	subwfb	(___llmod@dividend+3)^0,f,c
  2953  001FCC                     l2076:
  2954  001FCC  90D8               	bcf	status,0,c
  2955  001FCE  3208               	rrcf	(___llmod@divisor+3)^0,f,c
  2956  001FD0  3207               	rrcf	(___llmod@divisor+2)^0,f,c
  2957  001FD2  3206               	rrcf	(___llmod@divisor+1)^0,f,c
  2958  001FD4  3205               	rrcf	___llmod@divisor^0,f,c
  2959  001FD6  2E09               	decfsz	___llmod@counter^0,f,c
  2960  001FD8  EFCF  F00F         	goto	l2072
  2961  001FDC                     l799:
  2962  001FDC  C001  F001         	movff	___llmod@dividend,?___llmod
  2963  001FE0  C002  F002         	movff	___llmod@dividend+1,?___llmod+1
  2964  001FE4  C003  F003         	movff	___llmod@dividend+2,?___llmod+2
  2965  001FE8  C004  F004         	movff	___llmod@dividend+3,?___llmod+3
  2966  001FEC  0012               	return		;funcret
  2967  001FEE                     __end_of___llmod:
  2968                           	callstack 0
  2969                           
  2970 ;; *************** function _uart2_write_error_frame *****************
  2971 ;; Defined at:
  2972 ;;		line 1041 in file "AWS_Standard_Weight_Converter_V2.c"
  2973 ;; Parameters:    Size  Location     Type
  2974 ;;		None
  2975 ;; Auto vars:     Size  Location     Type
  2976 ;;		None
  2977 ;; Return value:  Size  Location     Type
  2978 ;;                  1    wreg      void 
  2979 ;; Registers used:
  2980 ;;		wreg, status,2, status,0, tblptrl, tblptrh, tblptru, cstack
  2981 ;; Tracked objects:
  2982 ;;		On entry : 0/0
  2983 ;;		On exit  : 0/0
  2984 ;;		Unchanged: 0/0
  2985 ;; Data sizes:     COMRAM   BANK0   BANK1   BANK2   BANK3   BANK4   BANK5
  2986 ;;      Params:         0       0       0       0       0       0       0
  2987 ;;      Locals:         0       0       0       0       0       0       0
  2988 ;;      Temps:          0       0       0       0       0       0       0
  2989 ;;      Totals:         0       0       0       0       0       0       0
  2990 ;;Total ram usage:        0 bytes
  2991 ;; Hardware stack levels used:    1
  2992 ;; Hardware stack levels required when called:    3
  2993 ;; This function calls:
  2994 ;;		_uart2_write_string
  2995 ;; This function is called by:
  2996 ;;		_process_scale_line
  2997 ;;		_handle_scale_byte
  2998 ;; This function uses a non-reentrant model
  2999 ;;
  3000                           
  3001                           	psect	text19
  3002  0023CE                     __ptext19:
  3003                           	callstack 0
  3004  0023CE                     _uart2_write_error_frame:
  3005                           	callstack 26
  3006  0023CE                     
  3007                           ;AWS_Standard_Weight_Converter_V2.c: 1043:     uart2_write_string("wn000000.000 kg\r\n")
      +                          ;
  3008  0023CE  0E01               	movlw	low STR_43
  3009  0023D0  6E02               	movwf	uart2_write_string@text^0,c
  3010  0023D2  0E06               	movlw	high STR_43
  3011  0023D4  6E03               	movwf	(uart2_write_string@text+1)^0,c
  3012  0023D6  ECF5  F010         	call	_uart2_write_string	;wreg free
  3013  0023DA  0012               	return		;funcret
  3014  0023DC                     __end_of_uart2_write_error_frame:
  3015                           	callstack 0
  3016                           
  3017 ;; *************** function _uart2_write_string *****************
  3018 ;; Defined at:
  3019 ;;		line 488 in file "AWS_Standard_Weight_Converter_V2.c"
  3020 ;; Parameters:    Size  Location     Type
  3021 ;;  text            2    1[COMRAM] PTR const unsigned char 
  3022 ;;		 -> STR_43(18), STR_42(6), STR_41(3), 
  3023 ;; Auto vars:     Size  Location     Type
  3024 ;;		None
  3025 ;; Return value:  Size  Location     Type
  3026 ;;                  1    wreg      void 
  3027 ;; Registers used:
  3028 ;;		wreg, status,2, status,0, tblptrl, tblptrh, tblptru, cstack
  3029 ;; Tracked objects:
  3030 ;;		On entry : 0/0
  3031 ;;		On exit  : 0/0
  3032 ;;		Unchanged: 0/0
  3033 ;; Data sizes:     COMRAM   BANK0   BANK1   BANK2   BANK3   BANK4   BANK5
  3034 ;;      Params:         2       0       0       0       0       0       0
  3035 ;;      Locals:         0       0       0       0       0       0       0
  3036 ;;      Temps:          0       0       0       0       0       0       0
  3037 ;;      Totals:         2       0       0       0       0       0       0
  3038 ;;Total ram usage:        2 bytes
  3039 ;; Hardware stack levels used:    1
  3040 ;; Hardware stack levels required when called:    2
  3041 ;; This function calls:
  3042 ;;		_uart2_write_char
  3043 ;; This function is called by:
  3044 ;;		_uart2_write_wn_weight
  3045 ;;		_uart2_write_error_frame
  3046 ;; This function uses a non-reentrant model
  3047 ;;
  3048                           
  3049                           	psect	text20
  3050  0021EA                     __ptext20:
  3051                           	callstack 0
  3052  0021EA                     _uart2_write_string:
  3053                           	callstack 26
  3054  0021EA                     
  3055                           ;AWS_Standard_Weight_Converter_V2.c: 488: static void uart2_write_string(const char *tex
      +                          t);AWS_Standard_Weight_Converter_V2.c: 489: {;AWS_Standard_Weight_Converter_V2.c: 490:  
      +                             while (*text != '\0')
  3056  0021EA  EF01  F011         	goto	l2328
  3057  0021EE                     l2324:
  3058                           
  3059                           ;AWS_Standard_Weight_Converter_V2.c: 491:     {;AWS_Standard_Weight_Converter_V2.c: 492:
      +                                   uart2_write_char(*text);
  3060  0021EE  C002  FFF6         	movff	uart2_write_string@text,tblptrl
  3061  0021F2  C003  FFF7         	movff	uart2_write_string@text+1,tblptrh
  3062  0021F6                     	if	0	;tblptru may be non-zero
  3063  0021F6                     	endif
  3064  0021F6                     	if	0	;tblptru may be non-zero
  3065  0021F6                     	endif
  3066  0021F6  0008               	tblrd		*
  3067  0021F8  50F5               	movf	tablat,w,c
  3068  0021FA  ECDC  F011         	call	_uart2_write_char
  3069  0021FE                     
  3070                           ;AWS_Standard_Weight_Converter_V2.c: 493:         text++;
  3071  0021FE  4A02               	infsnz	uart2_write_string@text^0,f,c
  3072  002200  2A03               	incf	(uart2_write_string@text+1)^0,f,c
  3073  002202                     l2328:
  3074                           
  3075                           ;AWS_Standard_Weight_Converter_V2.c: 490:     while (*text != '\0')
  3076  002202  C002  FFF6         	movff	uart2_write_string@text,tblptrl
  3077  002206  C003  FFF7         	movff	uart2_write_string@text+1,tblptrh
  3078  00220A                     	if	0	;tblptru may be non-zero
  3079  00220A                     	endif
  3080  00220A                     	if	0	;tblptru may be non-zero
  3081  00220A                     	endif
  3082  00220A  0008               	tblrd		*
  3083  00220C  50F5               	movf	tablat,w,c
  3084  00220E  0900               	iorlw	0
  3085  002210  A4D8               	btfss	status,2,c
  3086  002212  EF0D  F011         	goto	u2011
  3087  002216  EF0F  F011         	goto	u2010
  3088  00221A                     u2011:
  3089  00221A  EFF7  F010         	goto	l2324
  3090  00221E                     u2010:
  3091  00221E  0012               	return		;funcret
  3092  002220                     __end_of_uart2_write_string:
  3093                           	callstack 0
  3094                           
  3095 ;; *************** function _uart2_write_char *****************
  3096 ;; Defined at:
  3097 ;;		line 479 in file "AWS_Standard_Weight_Converter_V2.c"
  3098 ;; Parameters:    Size  Location     Type
  3099 ;;  c               1    wreg     unsigned char 
  3100 ;; Auto vars:     Size  Location     Type
  3101 ;;  c               1    0[COMRAM] unsigned char 
  3102 ;; Return value:  Size  Location     Type
  3103 ;;                  1    wreg      void 
  3104 ;; Registers used:
  3105 ;;		wreg
  3106 ;; Tracked objects:
  3107 ;;		On entry : 0/0
  3108 ;;		On exit  : 0/0
  3109 ;;		Unchanged: 0/0
  3110 ;; Data sizes:     COMRAM   BANK0   BANK1   BANK2   BANK3   BANK4   BANK5
  3111 ;;      Params:         0       0       0       0       0       0       0
  3112 ;;      Locals:         1       0       0       0       0       0       0
  3113 ;;      Temps:          0       0       0       0       0       0       0
  3114 ;;      Totals:         1       0       0       0       0       0       0
  3115 ;;Total ram usage:        1 bytes
  3116 ;; Hardware stack levels used:    1
  3117 ;; Hardware stack levels required when called:    1
  3118 ;; This function calls:
  3119 ;;		Nothing
  3120 ;; This function is called by:
  3121 ;;		_uart2_write_string
  3122 ;;		_uart2_write_uint32
  3123 ;;		_uart2_write_uint32_padded
  3124 ;;		_uart2_write_wn_weight
  3125 ;; This function uses a non-reentrant model
  3126 ;;
  3127                           
  3128                           	psect	text21
  3129  0023B8                     __ptext21:
  3130                           	callstack 0
  3131  0023B8                     _uart2_write_char:
  3132                           	callstack 25
  3133                           
  3134                           ;incstack = 0
  3135                           ;uart2_write_char@c stored from wreg
  3136  0023B8  6E01               	movwf	uart2_write_char@c^0,c
  3137  0023BA                     l163:
  3138                           
  3139                           ;AWS_Standard_Weight_Converter_V2.c: 481:     while (!PIR3bits.TX2IF)
  3140  0023BA  A8A4               	btfss	164,4,c	;volatile
  3141  0023BC  EFE2  F011         	goto	u1411
  3142  0023C0  EFE4  F011         	goto	u1410
  3143  0023C4                     u1411:
  3144  0023C4  EFDD  F011         	goto	l163
  3145  0023C8                     u1410:
  3146  0023C8                     
  3147                           ;AWS_Standard_Weight_Converter_V2.c: 485:     TXREG2 = c;
  3148  0023C8  C001  FF73         	movff	uart2_write_char@c,3955	;volatile
  3149  0023CC  0012               	return		;funcret
  3150  0023CE                     __end_of_uart2_write_char:
  3151                           	callstack 0
  3152                           
  3153 ;; *************** function _parse_weight_line *****************
  3154 ;; Defined at:
  3155 ;;		line 969 in file "AWS_Standard_Weight_Converter_V2.c"
  3156 ;; Parameters:    Size  Location     Type
  3157 ;;  line            2   17[BANK0 ] PTR const unsigned char 
  3158 ;;		 -> main@scale_line(96), 
  3159 ;;  weight          2   19[BANK0 ] PTR struct .
  3160 ;;		 -> process_scale_line@weight(7), 
  3161 ;; Auto vars:     Size  Location     Type
  3162 ;;  number          8   21[BANK0 ] struct .
  3163 ;;  unit            1   29[BANK0 ] enum E5736
  3164 ;; Return value:  Size  Location     Type
  3165 ;;                  1    wreg      _Bool 
  3166 ;; Registers used:
  3167 ;;		wreg, fsr0l, fsr0h, fsr1l, fsr1h, fsr2l, fsr2h, status,2, status,0, tblptrl, tblptrh, tblptru, cstack
  3168 ;; Tracked objects:
  3169 ;;		On entry : 0/0
  3170 ;;		On exit  : 0/0
  3171 ;;		Unchanged: 0/0
  3172 ;; Data sizes:     COMRAM   BANK0   BANK1   BANK2   BANK3   BANK4   BANK5
  3173 ;;      Params:         0       4       0       0       0       0       0
  3174 ;;      Locals:         0       9       0       0       0       0       0
  3175 ;;      Temps:          1       0       0       0       0       0       0
  3176 ;;      Totals:         1      13       0       0       0       0       0
  3177 ;;Total ram usage:       14 bytes
  3178 ;; Hardware stack levels used:    1
  3179 ;; Hardware stack levels required when called:    5
  3180 ;; This function calls:
  3181 ;;		_convert_native_milli_to_milli_kg
  3182 ;;		_detect_status
  3183 ;;		_detect_unit
  3184 ;;		_find_best_number
  3185 ;; This function is called by:
  3186 ;;		_process_scale_line
  3187 ;; This function uses a non-reentrant model
  3188 ;;
  3189                           
  3190                           	psect	text22
  3191  0016C8                     __ptext22:
  3192                           	callstack 0
  3193  0016C8                     _parse_weight_line:
  3194                           	callstack 24
  3195  0016C8                     
  3196                           ;AWS_Standard_Weight_Converter_V2.c: 969: static _Bool parse_weight_line(const char *lin
      +                          e, WeightData *weight);AWS_Standard_Weight_Converter_V2.c: 970: {;AWS_Standard_Weight_Co
      +                          nverter_V2.c: 971:     NumberCandidate number;;AWS_Standard_Weight_Converter_V2.c: 972: 
      +                              WeightUnit unit;;AWS_Standard_Weight_Converter_V2.c: 974:     if ((line == 0) || (we
      +                          ight == 0))
  3197  0016C8  0100               	movlb	0	; () banked
  3198  0016CA  5171               	movf	parse_weight_line@line& (0+255),w,b
  3199  0016CC  1172               	iorwf	(parse_weight_line@line+1)& (0+255),w,b
  3200  0016CE  B4D8               	btfsc	status,2,c
  3201  0016D0  EF6C  F00B         	goto	u2451
  3202  0016D4  EF6E  F00B         	goto	u2450
  3203  0016D8                     u2451:
  3204  0016D8  EF77  F00B         	goto	l2522
  3205  0016DC                     u2450:
  3206  0016DC                     
  3207                           ; BSR set to: 0
  3208  0016DC  5173               	movf	parse_weight_line@weight& (0+255),w,b
  3209  0016DE  1174               	iorwf	(parse_weight_line@weight+1)& (0+255),w,b
  3210  0016E0  A4D8               	btfss	status,2,c
  3211  0016E2  EF75  F00B         	goto	u2461
  3212  0016E6  EF77  F00B         	goto	u2460
  3213  0016EA                     u2461:
  3214  0016EA  EF7A  F00B         	goto	l2526
  3215  0016EE                     u2460:
  3216  0016EE                     l2522:
  3217                           
  3218                           ; BSR set to: 0
  3219                           ;AWS_Standard_Weight_Converter_V2.c: 975:     {;AWS_Standard_Weight_Converter_V2.c: 976:
      +                                   return 0;
  3220  0016EE  0E00               	movlw	0
  3221  0016F0  EFF4  F00B         	goto	l347
  3222  0016F4                     l2526:
  3223                           
  3224                           ; BSR set to: 0
  3225                           ;AWS_Standard_Weight_Converter_V2.c: 979:     number = find_best_number(line);
  3226  0016F4  C071  F050         	movff	parse_weight_line@line,find_best_number@text
  3227  0016F8  C072  F051         	movff	parse_weight_line@line+1,find_best_number@text+1
  3228  0016FC  ECF5  F00B         	call	_find_best_number	;wreg free
  3229  001700  EE20  F075         	lfsr	2,parse_weight_line@number
  3230  001704  0E07               	movlw	7
  3231  001706                     u2471:
  3232  001706  CFEB FFDB          	movff	plusw0,plusw2
  3233  00170A  06E8               	decf	wreg,f,c
  3234  00170C  E2FC               	bc	u2471
  3235  00170E                     
  3236                           ;AWS_Standard_Weight_Converter_V2.c: 980:     if (!number.valid)
  3237  00170E  0100               	movlb	0	; () banked
  3238  001710  5175               	movf	parse_weight_line@number& (0+255),w,b
  3239  001712  A4D8               	btfss	status,2,c
  3240  001714  EF8E  F00B         	goto	u2481
  3241  001718  EF90  F00B         	goto	u2480
  3242  00171C                     u2481:
  3243  00171C  EFB2  F00B         	goto	l2542
  3244  001720                     u2480:
  3245  001720                     
  3246                           ; BSR set to: 0
  3247                           ;AWS_Standard_Weight_Converter_V2.c: 981:     {;AWS_Standard_Weight_Converter_V2.c: 982:
      +                                   weight->valid = 0;
  3248  001720  C073  FFD9         	movff	parse_weight_line@weight,fsr2l
  3249  001724  C074  FFDA         	movff	parse_weight_line@weight+1,fsr2h
  3250  001728  0E00               	movlw	0
  3251  00172A  6EDF               	movwf	indf2,c
  3252  00172C                     
  3253                           ; BSR set to: 0
  3254                           ;AWS_Standard_Weight_Converter_V2.c: 983:         weight->milli_kg = 0;
  3255  00172C  EE20 F001          	lfsr	2,1
  3256  001730  5173               	movf	parse_weight_line@weight& (0+255),w,b
  3257  001732  26D9               	addwf	fsr2l,f,c
  3258  001734  5174               	movf	(parse_weight_line@weight+1)& (0+255),w,b
  3259  001736  22DA               	addwfc	fsr2h,f,c
  3260  001738  6ADE               	clrf	postinc2,c
  3261  00173A  6ADE               	clrf	postinc2,c
  3262  00173C  6ADE               	clrf	postinc2,c
  3263  00173E  6ADD               	clrf	postdec2,c
  3264  001740                     
  3265                           ; BSR set to: 0
  3266                           ;AWS_Standard_Weight_Converter_V2.c: 984:         weight->detected_unit = UNIT_KG;
  3267  001740  EE20 F005          	lfsr	2,5
  3268  001744  5173               	movf	parse_weight_line@weight& (0+255),w,b
  3269  001746  26D9               	addwf	fsr2l,f,c
  3270  001748  5174               	movf	(parse_weight_line@weight+1)& (0+255),w,b
  3271  00174A  22DA               	addwfc	fsr2h,f,c
  3272  00174C  0E01               	movlw	1
  3273  00174E  6EDF               	movwf	indf2,c
  3274  001750                     
  3275                           ; BSR set to: 0
  3276                           ;AWS_Standard_Weight_Converter_V2.c: 985:         weight->status = 'E';
  3277  001750  EE20 F006          	lfsr	2,6
  3278  001754  5173               	movf	parse_weight_line@weight& (0+255),w,b
  3279  001756  26D9               	addwf	fsr2l,f,c
  3280  001758  5174               	movf	(parse_weight_line@weight+1)& (0+255),w,b
  3281  00175A  22DA               	addwfc	fsr2h,f,c
  3282  00175C  0E45               	movlw	69
  3283  00175E  6EDF               	movwf	indf2,c
  3284  001760  EF77  F00B         	goto	l2522
  3285  001764                     l2542:
  3286                           
  3287                           ; BSR set to: 0
  3288                           ;AWS_Standard_Weight_Converter_V2.c: 989:     unit = detect_unit(line);
  3289  001764  C071  F00F         	movff	parse_weight_line@line,detect_unit@line
  3290  001768  C072  F010         	movff	parse_weight_line@line+1,detect_unit@line+1
  3291  00176C  EC07  F008         	call	_detect_unit	;wreg free
  3292  001770  0100               	movlb	0	; () banked
  3293  001772  6F7D               	movwf	parse_weight_line@unit& (0+255),b
  3294  001774                     
  3295                           ; BSR set to: 0
  3296                           ;AWS_Standard_Weight_Converter_V2.c: 990:     weight->valid = 1;
  3297  001774  C073  FFD9         	movff	parse_weight_line@weight,fsr2l
  3298  001778  C074  FFDA         	movff	parse_weight_line@weight+1,fsr2h
  3299  00177C  0E01               	movlw	1
  3300  00177E  6EDF               	movwf	indf2,c
  3301  001780                     
  3302                           ; BSR set to: 0
  3303                           ;AWS_Standard_Weight_Converter_V2.c: 991:     weight->detected_unit = unit;
  3304  001780  EE20 F005          	lfsr	2,5
  3305  001784  5173               	movf	parse_weight_line@weight& (0+255),w,b
  3306  001786  26D9               	addwf	fsr2l,f,c
  3307  001788  5174               	movf	(parse_weight_line@weight+1)& (0+255),w,b
  3308  00178A  22DA               	addwfc	fsr2h,f,c
  3309  00178C  C07D  FFDF         	movff	parse_weight_line@unit,indf2
  3310  001790                     
  3311                           ; BSR set to: 0
  3312                           ;AWS_Standard_Weight_Converter_V2.c: 992:     weight->status = detect_status(line);
  3313  001790  C071  F00D         	movff	parse_weight_line@line,detect_status@line
  3314  001794  C072  F00E         	movff	parse_weight_line@line+1,detect_status@line+1
  3315  001798  EC36  F007         	call	_detect_status	;wreg free
  3316  00179C  6E59               	movwf	??_parse_weight_line^0,c
  3317  00179E  0100               	movlb	0	; () banked
  3318  0017A0  EE20 F006          	lfsr	2,6
  3319  0017A4  5173               	movf	parse_weight_line@weight& (0+255),w,b
  3320  0017A6  26D9               	addwf	fsr2l,f,c
  3321  0017A8  5174               	movf	(parse_weight_line@weight+1)& (0+255),w,b
  3322  0017AA  22DA               	addwfc	fsr2h,f,c
  3323  0017AC  C059  FFDF         	movff	??_parse_weight_line,indf2
  3324  0017B0                     
  3325                           ; BSR set to: 0
  3326                           ;AWS_Standard_Weight_Converter_V2.c: 993:     weight->milli_kg = convert_native_milli_to
      +                          _milli_kg(number.native_milli_value, unit);
  3327  0017B0  C076  F01A         	movff	parse_weight_line@number+1,convert_native_milli_to_milli_kg@native_milli_value
  3328  0017B4  C077  F01B         	movff	parse_weight_line@number+2,convert_native_milli_to_milli_kg@native_milli_value+1
  3329  0017B8  C078  F01C         	movff	parse_weight_line@number+3,convert_native_milli_to_milli_kg@native_milli_value+2
  3330  0017BC  C079  F01D         	movff	parse_weight_line@number+4,convert_native_milli_to_milli_kg@native_milli_value+3
  3331  0017C0  C07D  F01E         	movff	parse_weight_line@unit,convert_native_milli_to_milli_kg@unit
  3332  0017C4  ECB5  F005         	call	_convert_native_milli_to_milli_kg	;wreg free
  3333  0017C8  0100               	movlb	0	; () banked
  3334  0017CA  EE20 F001          	lfsr	2,1
  3335  0017CE  5173               	movf	parse_weight_line@weight& (0+255),w,b
  3336  0017D0  26D9               	addwf	fsr2l,f,c
  3337  0017D2  5174               	movf	(parse_weight_line@weight+1)& (0+255),w,b
  3338  0017D4  22DA               	addwfc	fsr2h,f,c
  3339  0017D6  C01A  FFDE         	movff	?_convert_native_milli_to_milli_kg,postinc2
  3340  0017DA  C01B  FFDE         	movff	?_convert_native_milli_to_milli_kg+1,postinc2
  3341  0017DE  C01C  FFDE         	movff	?_convert_native_milli_to_milli_kg+2,postinc2
  3342  0017E2  C01D  FFDE         	movff	?_convert_native_milli_to_milli_kg+3,postinc2
  3343  0017E6                     
  3344                           ; BSR set to: 0
  3345                           ;AWS_Standard_Weight_Converter_V2.c: 995:     return 1;
  3346  0017E6  0E01               	movlw	1
  3347  0017E8                     l347:
  3348                           
  3349                           ; BSR set to: 0
  3350  0017E8  0012               	return		;funcret
  3351  0017EA                     __end_of_parse_weight_line:
  3352                           	callstack 0
  3353                           
  3354 ;; *************** function _find_best_number *****************
  3355 ;; Defined at:
  3356 ;;		line 814 in file "AWS_Standard_Weight_Converter_V2.c"
  3357 ;; Parameters:    Size  Location     Type
  3358 ;;  text            2   79[COMRAM] PTR const unsigned char 
  3359 ;;		 -> main@scale_line(96), 
  3360 ;; Auto vars:     Size  Location     Type
  3361 ;;  best            8    9[BANK0 ] struct .
  3362 ;;  candidate       8    0[BANK0 ] struct .
  3363 ;;  i               1    8[BANK0 ] unsigned char 
  3364 ;; Return value:  Size  Location     Type
  3365 ;;                  8   79[COMRAM] struct .
  3366 ;; Registers used:
  3367 ;;		wreg, fsr0l, fsr0h, fsr1l, fsr1h, fsr2l, fsr2h, status,2, status,0, cstack
  3368 ;; Tracked objects:
  3369 ;;		On entry : 0/0
  3370 ;;		On exit  : 0/0
  3371 ;;		Unchanged: 0/0
  3372 ;; Data sizes:     COMRAM   BANK0   BANK1   BANK2   BANK3   BANK4   BANK5
  3373 ;;      Params:         8       0       0       0       0       0       0
  3374 ;;      Locals:         0      17       0       0       0       0       0
  3375 ;;      Temps:          1       0       0       0       0       0       0
  3376 ;;      Totals:         9      17       0       0       0       0       0
  3377 ;;Total ram usage:       26 bytes
  3378 ;; Hardware stack levels used:    1
  3379 ;; Hardware stack levels required when called:    4
  3380 ;; This function calls:
  3381 ;;		_is_digit_ascii
  3382 ;;		_parse_number_at
  3383 ;; This function is called by:
  3384 ;;		_parse_weight_line
  3385 ;; This function uses a non-reentrant model
  3386 ;;
  3387                           
  3388                           	psect	text23
  3389  0017EA                     __ptext23:
  3390                           	callstack 0
  3391  0017EA                     _find_best_number:
  3392                           	callstack 24
  3393  0017EA                     
  3394                           ;AWS_Standard_Weight_Converter_V2.c: 814: static NumberCandidate find_best_number(const 
      +                          char *text);AWS_Standard_Weight_Converter_V2.c: 815: {;AWS_Standard_Weight_Converter_V2.
      +                          c: 816:     uint8_t i;;AWS_Standard_Weight_Converter_V2.c: 817:     NumberCandidate best
      +                          ;;AWS_Standard_Weight_Converter_V2.c: 818:     NumberCandidate candidate;;AWS_Standard_W
      +                          eight_Converter_V2.c: 820:     best.valid = 0;
  3395  0017EA  0E00               	movlw	0
  3396  0017EC  0100               	movlb	0	; () banked
  3397  0017EE  6F69               	movwf	find_best_number@best& (0+255),b
  3398                           
  3399                           ;AWS_Standard_Weight_Converter_V2.c: 821:     best.native_milli_value = 0;
  3400  0017F0  0E00               	movlw	0
  3401  0017F2  6F6A               	movwf	(find_best_number@best+1)& (0+255),b
  3402  0017F4  0E00               	movlw	0
  3403  0017F6  6F6B               	movwf	(find_best_number@best+2)& (0+255),b
  3404  0017F8  0E00               	movlw	0
  3405  0017FA  6F6C               	movwf	(find_best_number@best+3)& (0+255),b
  3406  0017FC  0E00               	movlw	0
  3407  0017FE  6F6D               	movwf	(find_best_number@best+4)& (0+255),b
  3408                           
  3409                           ;AWS_Standard_Weight_Converter_V2.c: 822:     best.has_decimal = 0;
  3410  001800  0E00               	movlw	0
  3411  001802  6F6E               	movwf	(find_best_number@best+5)& (0+255),b
  3412                           
  3413                           ;AWS_Standard_Weight_Converter_V2.c: 823:     best.digit_count = 0u;
  3414  001804  0E00               	movlw	0
  3415  001806  6F6F               	movwf	(find_best_number@best+6)& (0+255),b
  3416                           
  3417                           ;AWS_Standard_Weight_Converter_V2.c: 824:     best.score = 0u;
  3418  001808  0E00               	movlw	0
  3419  00180A  6F70               	movwf	(find_best_number@best+7)& (0+255),b
  3420                           
  3421                           ;AWS_Standard_Weight_Converter_V2.c: 826:     for (i = 0u; text[i] != '\0'; i++)
  3422  00180C  0E00               	movlw	0
  3423  00180E  6F68               	movwf	find_best_number@i& (0+255),b
  3424  001810  EF6D  F00C         	goto	l2372
  3425  001814                     l2354:
  3426                           
  3427                           ; BSR set to: 0
  3428                           ;AWS_Standard_Weight_Converter_V2.c: 827:     {;AWS_Standard_Weight_Converter_V2.c: 828:
      +                                   if (is_digit_ascii(text[i]) || (text[i] == '+') || (text[i] == '-'))
  3429  001814  5168               	movf	find_best_number@i& (0+255),w,b
  3430  001816  2450               	addwf	find_best_number@text^0,w,c
  3431  001818  6ED9               	movwf	fsr2l,c
  3432  00181A  0E00               	movlw	0
  3433  00181C  2051               	addwfc	(find_best_number@text+1)^0,w,c
  3434  00181E  6EDA               	movwf	fsr2h,c
  3435  001820  50DF               	movf	indf2,w,c
  3436  001822  EC5D  F011         	call	_is_digit_ascii
  3437  001826  0900               	iorlw	0
  3438  001828  A4D8               	btfss	status,2,c
  3439  00182A  EF19  F00C         	goto	u2051
  3440  00182E  EF1B  F00C         	goto	u2050
  3441  001832                     u2051:
  3442  001832  EF3A  F00C         	goto	l2360
  3443  001836                     u2050:
  3444  001836  0100               	movlb	0	; () banked
  3445  001838  5168               	movf	find_best_number@i& (0+255),w,b
  3446  00183A  2450               	addwf	find_best_number@text^0,w,c
  3447  00183C  6ED9               	movwf	fsr2l,c
  3448  00183E  0E00               	movlw	0
  3449  001840  2051               	addwfc	(find_best_number@text+1)^0,w,c
  3450  001842  6EDA               	movwf	fsr2h,c
  3451  001844  0E2B               	movlw	43
  3452  001846  18DE               	xorwf	postinc2,w,c
  3453  001848  B4D8               	btfsc	status,2,c
  3454  00184A  EF29  F00C         	goto	u2061
  3455  00184E  EF2B  F00C         	goto	u2060
  3456  001852                     u2061:
  3457  001852  EF3A  F00C         	goto	l2360
  3458  001856                     u2060:
  3459  001856                     
  3460                           ; BSR set to: 0
  3461  001856  5168               	movf	find_best_number@i& (0+255),w,b
  3462  001858  2450               	addwf	find_best_number@text^0,w,c
  3463  00185A  6ED9               	movwf	fsr2l,c
  3464  00185C  0E00               	movlw	0
  3465  00185E  2051               	addwfc	(find_best_number@text+1)^0,w,c
  3466  001860  6EDA               	movwf	fsr2h,c
  3467  001862  0E2D               	movlw	45
  3468  001864  18DE               	xorwf	postinc2,w,c
  3469  001866  A4D8               	btfss	status,2,c
  3470  001868  EF38  F00C         	goto	u2071
  3471  00186C  EF3A  F00C         	goto	u2070
  3472  001870                     u2071:
  3473  001870  EF6C  F00C         	goto	l2370
  3474  001874                     u2070:
  3475  001874                     l2360:
  3476                           
  3477                           ;AWS_Standard_Weight_Converter_V2.c: 829:         {;AWS_Standard_Weight_Converter_V2.c: 
      +                          830:             candidate = parse_number_at(text, i);
  3478  001874  C050  F016         	movff	find_best_number@text,parse_number_at@text
  3479  001878  C051  F017         	movff	find_best_number@text+1,parse_number_at@text+1
  3480  00187C  C068  F018         	movff	find_best_number@i,parse_number_at@start_index
  3481  001880  EC39  F003         	call	_parse_number_at	;wreg free
  3482  001884  EE20  F060         	lfsr	2,find_best_number@candidate
  3483  001888  0E07               	movlw	7
  3484  00188A                     u2081:
  3485  00188A  CFEB FFDB          	movff	plusw0,plusw2
  3486  00188E  06E8               	decf	wreg,f,c
  3487  001890  E2FC               	bc	u2081
  3488  001892                     
  3489                           ;AWS_Standard_Weight_Converter_V2.c: 831:             if (candidate.valid)
  3490  001892  0100               	movlb	0	; () banked
  3491  001894  5160               	movf	find_best_number@candidate& (0+255),w,b
  3492  001896  B4D8               	btfsc	status,2,c
  3493  001898  EF50  F00C         	goto	u2091
  3494  00189C  EF52  F00C         	goto	u2090
  3495  0018A0                     u2091:
  3496  0018A0  EF6C  F00C         	goto	l2370
  3497  0018A4                     u2090:
  3498  0018A4                     
  3499                           ; BSR set to: 0
  3500                           ;AWS_Standard_Weight_Converter_V2.c: 832:             {;AWS_Standard_Weight_Converter_V2
      +                          .c: 833:                 if ((!best.valid) || (candidate.score > best.score))
  3501  0018A4  5169               	movf	find_best_number@best& (0+255),w,b
  3502  0018A6  B4D8               	btfsc	status,2,c
  3503  0018A8  EF58  F00C         	goto	u2101
  3504  0018AC  EF5A  F00C         	goto	u2100
  3505  0018B0                     u2101:
  3506  0018B0  EF63  F00C         	goto	l2368
  3507  0018B4                     u2100:
  3508  0018B4                     
  3509                           ; BSR set to: 0
  3510  0018B4  5167               	movf	(find_best_number@candidate+7)& (0+255),w,b
  3511  0018B6  5D70               	subwf	(find_best_number@best+7)& (0+255),w,b
  3512  0018B8  B0D8               	btfsc	status,0,c
  3513  0018BA  EF61  F00C         	goto	u2111
  3514  0018BE  EF63  F00C         	goto	u2110
  3515  0018C2                     u2111:
  3516  0018C2  EF6C  F00C         	goto	l2370
  3517  0018C6                     u2110:
  3518  0018C6                     l2368:
  3519                           
  3520                           ; BSR set to: 0
  3521                           ;AWS_Standard_Weight_Converter_V2.c: 834:                 {;AWS_Standard_Weight_Converte
      +                          r_V2.c: 835:                     best = candidate;
  3522  0018C6  EE20  F060         	lfsr	2,find_best_number@candidate
  3523  0018CA  EE10  F069         	lfsr	1,find_best_number@best
  3524  0018CE  0E07               	movlw	7
  3525  0018D0                     u2121:
  3526  0018D0  CFDB FFE3          	movff	plusw2,plusw1
  3527  0018D4  06E8               	decf	wreg,f,c
  3528  0018D6  E2FC               	bc	u2121
  3529  0018D8                     l2370:
  3530                           
  3531                           ; BSR set to: 0
  3532                           ;AWS_Standard_Weight_Converter_V2.c: 839:     }
  3533  0018D8  2B68               	incf	find_best_number@i& (0+255),f,b
  3534  0018DA                     l2372:
  3535                           
  3536                           ; BSR set to: 0
  3537  0018DA  5168               	movf	find_best_number@i& (0+255),w,b
  3538  0018DC  2450               	addwf	find_best_number@text^0,w,c
  3539  0018DE  6ED9               	movwf	fsr2l,c
  3540  0018E0  0E00               	movlw	0
  3541  0018E2  2051               	addwfc	(find_best_number@text+1)^0,w,c
  3542  0018E4  6EDA               	movwf	fsr2h,c
  3543  0018E6  50DF               	movf	indf2,w,c
  3544  0018E8  A4D8               	btfss	status,2,c
  3545  0018EA  EF79  F00C         	goto	u2131
  3546  0018EE  EF7B  F00C         	goto	u2130
  3547  0018F2                     u2131:
  3548  0018F2  EF0A  F00C         	goto	l2354
  3549  0018F6                     u2130:
  3550  0018F6                     
  3551                           ; BSR set to: 0
  3552                           ;AWS_Standard_Weight_Converter_V2.c: 841:     return best;
  3553  0018F6  EE20  F069         	lfsr	2,find_best_number@best
  3554  0018FA  EE00  F050         	lfsr	0,?_find_best_number
  3555  0018FE  0E07               	movlw	7
  3556  001900                     u2141:
  3557  001900  CFDB FFEB          	movff	plusw2,plusw0
  3558  001904  06E8               	decf	wreg,f,c
  3559  001906  E2FC               	bc	u2141
  3560  001908                     
  3561                           ; BSR set to: 0
  3562  001908  0012               	return		;funcret
  3563  00190A                     __end_of_find_best_number:
  3564                           	callstack 0
  3565                           
  3566 ;; *************** function _parse_number_at *****************
  3567 ;; Defined at:
  3568 ;;		line 647 in file "AWS_Standard_Weight_Converter_V2.c"
  3569 ;; Parameters:    Size  Location     Type
  3570 ;;  text            2   21[COMRAM] PTR const unsigned char 
  3571 ;;		 -> main@scale_line(96), 
  3572 ;;  start_index     1   23[COMRAM] unsigned char 
  3573 ;; Auto vars:     Size  Location     Type
  3574 ;;  result          8   71[COMRAM] struct .
  3575 ;;  integer_part    4   66[COMRAM] unsigned long 
  3576 ;;  native_milli    4   61[COMRAM] unsigned long 
  3577 ;;  divisor         4    0        unsigned long 
  3578 ;;  rounding_add    4    0        unsigned long 
  3579 ;;  integer_scal    4    0        unsigned long 
  3580 ;;  i               1   70[COMRAM] unsigned char 
  3581 ;;  decimal_digi    1   65[COMRAM] unsigned char 
  3582 ;;  integer_digi    1   60[COMRAM] unsigned char 
  3583 ;;  has_decimal     1   59[COMRAM] _Bool 
  3584 ;;  d4              1   54[COMRAM] unsigned char 
  3585 ;;  d3              1   53[COMRAM] unsigned char 
  3586 ;;  d2              1   52[COMRAM] unsigned char 
  3587 ;;  d1              1   51[COMRAM] unsigned char 
  3588 ;;  has_sign        1   50[COMRAM] _Bool 
  3589 ;;  negative        1   49[COMRAM] _Bool 
  3590 ;; Return value:  Size  Location     Type
  3591 ;;                  8   21[COMRAM] struct .
  3592 ;; Registers used:
  3593 ;;		wreg, fsr0l, fsr0h, fsr2l, fsr2h, status,2, status,0, cstack
  3594 ;; Tracked objects:
  3595 ;;		On entry : 0/0
  3596 ;;		On exit  : 0/0
  3597 ;;		Unchanged: 0/0
  3598 ;; Data sizes:     COMRAM   BANK0   BANK1   BANK2   BANK3   BANK4   BANK5
  3599 ;;      Params:         8       0       0       0       0       0       0
  3600 ;;      Locals:        38       0       0       0       0       0       0
  3601 ;;      Temps:         12       0       0       0       0       0       0
  3602 ;;      Totals:        58       0       0       0       0       0       0
  3603 ;;Total ram usage:       58 bytes
  3604 ;; Hardware stack levels used:    1
  3605 ;; Hardware stack levels required when called:    3
  3606 ;; This function calls:
  3607 ;;		___lldiv
  3608 ;;		___lmul
  3609 ;;		_is_digit_ascii
  3610 ;;		_pow10_u32
  3611 ;; This function is called by:
  3612 ;;		_find_best_number
  3613 ;; This function uses a non-reentrant model
  3614 ;;
  3615                           
  3616                           	psect	text24
  3617  000672                     __ptext24:
  3618                           	callstack 0
  3619  000672                     _parse_number_at:
  3620                           	callstack 24
  3621  000672                     
  3622                           ;AWS_Standard_Weight_Converter_V2.c: 647: static NumberCandidate parse_number_at(const c
      +                          har *text, uint8_t start_index);AWS_Standard_Weight_Converter_V2.c: 648: {;AWS_Standard_
      +                          Weight_Converter_V2.c: 649:     NumberCandidate result;;AWS_Standard_Weight_Converter_V2
      +                          .c: 650:     uint8_t i;;AWS_Standard_Weight_Converter_V2.c: 651:     _Bool negative;;AWS
      +                          _Standard_Weight_Converter_V2.c: 652:     _Bool has_sign;;AWS_Standard_Weight_Converter_
      +                          V2.c: 653:     _Bool has_decimal;;AWS_Standard_Weight_Converter_V2.c: 654:     uint32_t 
      +                          integer_part;
  3623  000672  0E00               	movlw	0
  3624  000674  6E48               	movwf	parse_number_at@result^0,c
  3625                           
  3626                           ;AWS_Standard_Weight_Converter_V2.c: 667:     result.native_milli_value = 0;
  3627  000676  0E00               	movlw	0
  3628  000678  6E49               	movwf	(parse_number_at@result+1)^0,c
  3629  00067A  0E00               	movlw	0
  3630  00067C  6E4A               	movwf	(parse_number_at@result+2)^0,c
  3631  00067E  0E00               	movlw	0
  3632  000680  6E4B               	movwf	(parse_number_at@result+3)^0,c
  3633  000682  0E00               	movlw	0
  3634  000684  6E4C               	movwf	(parse_number_at@result+4)^0,c
  3635                           
  3636                           ;AWS_Standard_Weight_Converter_V2.c: 668:     result.has_decimal = 0;
  3637  000686  0E00               	movlw	0
  3638  000688  6E4D               	movwf	(parse_number_at@result+5)^0,c
  3639                           
  3640                           ;AWS_Standard_Weight_Converter_V2.c: 669:     result.digit_count = 0u;
  3641  00068A  0E00               	movlw	0
  3642  00068C  6E4E               	movwf	(parse_number_at@result+6)^0,c
  3643                           
  3644                           ;AWS_Standard_Weight_Converter_V2.c: 670:     result.score = 0u;
  3645  00068E  0E00               	movlw	0
  3646  000690  6E4F               	movwf	(parse_number_at@result+7)^0,c
  3647  000692                     
  3648                           ;AWS_Standard_Weight_Converter_V2.c: 672:     i = start_index;
  3649  000692  C018  F047         	movff	parse_number_at@start_index,parse_number_at@i
  3650                           
  3651                           ;AWS_Standard_Weight_Converter_V2.c: 673:     negative = 0;
  3652  000696  0E00               	movlw	0
  3653  000698  6E32               	movwf	parse_number_at@negative^0,c
  3654                           
  3655                           ;AWS_Standard_Weight_Converter_V2.c: 674:     has_sign = 0;
  3656  00069A  0E00               	movlw	0
  3657  00069C  6E33               	movwf	parse_number_at@has_sign^0,c
  3658                           
  3659                           ;AWS_Standard_Weight_Converter_V2.c: 675:     has_decimal = 0;
  3660  00069E  0E00               	movlw	0
  3661  0006A0  6E3C               	movwf	parse_number_at@has_decimal^0,c
  3662                           
  3663                           ;AWS_Standard_Weight_Converter_V2.c: 676:     integer_part = 0UL;
  3664  0006A2  0E00               	movlw	0
  3665  0006A4  6E43               	movwf	parse_number_at@integer_part^0,c
  3666  0006A6  0E00               	movlw	0
  3667  0006A8  6E44               	movwf	(parse_number_at@integer_part+1)^0,c
  3668  0006AA  0E00               	movlw	0
  3669  0006AC  6E45               	movwf	(parse_number_at@integer_part+2)^0,c
  3670  0006AE  0E00               	movlw	0
  3671  0006B0  6E46               	movwf	(parse_number_at@integer_part+3)^0,c
  3672                           
  3673                           ;AWS_Standard_Weight_Converter_V2.c: 677:     integer_digits = 0u;
  3674  0006B2  0E00               	movlw	0
  3675  0006B4  6E3D               	movwf	parse_number_at@integer_digits^0,c
  3676                           
  3677                           ;AWS_Standard_Weight_Converter_V2.c: 678:     decimal_digits = 0u;
  3678  0006B6  0E00               	movlw	0
  3679  0006B8  6E42               	movwf	parse_number_at@decimal_digits^0,c
  3680                           
  3681                           ;AWS_Standard_Weight_Converter_V2.c: 679:     d1 = 0u;
  3682  0006BA  0E00               	movlw	0
  3683  0006BC  6E34               	movwf	parse_number_at@d1^0,c
  3684                           
  3685                           ;AWS_Standard_Weight_Converter_V2.c: 680:     d2 = 0u;
  3686  0006BE  0E00               	movlw	0
  3687  0006C0  6E35               	movwf	parse_number_at@d2^0,c
  3688                           
  3689                           ;AWS_Standard_Weight_Converter_V2.c: 681:     d3 = 0u;
  3690  0006C2  0E00               	movlw	0
  3691  0006C4  6E36               	movwf	parse_number_at@d3^0,c
  3692                           
  3693                           ;AWS_Standard_Weight_Converter_V2.c: 682:     d4 = 0u;
  3694  0006C6  0E00               	movlw	0
  3695  0006C8  6E37               	movwf	parse_number_at@d4^0,c
  3696  0006CA                     
  3697                           ;AWS_Standard_Weight_Converter_V2.c: 684:     if ((text[i] == '+') || (text[i] == '-'))
  3698  0006CA  5047               	movf	parse_number_at@i^0,w,c
  3699  0006CC  2416               	addwf	parse_number_at@text^0,w,c
  3700  0006CE  6ED9               	movwf	fsr2l,c
  3701  0006D0  0E00               	movlw	0
  3702  0006D2  2017               	addwfc	(parse_number_at@text+1)^0,w,c
  3703  0006D4  6EDA               	movwf	fsr2h,c
  3704  0006D6  0E2B               	movlw	43
  3705  0006D8  18DE               	xorwf	postinc2,w,c
  3706  0006DA  B4D8               	btfsc	status,2,c
  3707  0006DC  EF72  F003         	goto	u1701
  3708  0006E0  EF74  F003         	goto	u1700
  3709  0006E4                     u1701:
  3710  0006E4  EF83  F003         	goto	l2182
  3711  0006E8                     u1700:
  3712  0006E8  5047               	movf	parse_number_at@i^0,w,c
  3713  0006EA  2416               	addwf	parse_number_at@text^0,w,c
  3714  0006EC  6ED9               	movwf	fsr2l,c
  3715  0006EE  0E00               	movlw	0
  3716  0006F0  2017               	addwfc	(parse_number_at@text+1)^0,w,c
  3717  0006F2  6EDA               	movwf	fsr2h,c
  3718  0006F4  0E2D               	movlw	45
  3719  0006F6  18DE               	xorwf	postinc2,w,c
  3720  0006F8  A4D8               	btfss	status,2,c
  3721  0006FA  EF81  F003         	goto	u1711
  3722  0006FE  EF83  F003         	goto	u1710
  3723  000702                     u1711:
  3724  000702  EFA6  F003         	goto	l2194
  3725  000706                     u1710:
  3726  000706                     l2182:
  3727                           
  3728                           ;AWS_Standard_Weight_Converter_V2.c: 685:     {;AWS_Standard_Weight_Converter_V2.c: 686:
      +                                   has_sign = 1;
  3729  000706  0E01               	movlw	1
  3730  000708  6E33               	movwf	parse_number_at@has_sign^0,c
  3731  00070A                     
  3732                           ;AWS_Standard_Weight_Converter_V2.c: 687:         if (text[i] == '-')
  3733  00070A  5047               	movf	parse_number_at@i^0,w,c
  3734  00070C  2416               	addwf	parse_number_at@text^0,w,c
  3735  00070E  6ED9               	movwf	fsr2l,c
  3736  000710  0E00               	movlw	0
  3737  000712  2017               	addwfc	(parse_number_at@text+1)^0,w,c
  3738  000714  6EDA               	movwf	fsr2h,c
  3739  000716  0E2D               	movlw	45
  3740  000718  18DE               	xorwf	postinc2,w,c
  3741  00071A  A4D8               	btfss	status,2,c
  3742  00071C  EF92  F003         	goto	u1721
  3743  000720  EF94  F003         	goto	u1720
  3744  000724                     u1721:
  3745  000724  EF96  F003         	goto	l2188
  3746  000728                     u1720:
  3747  000728                     
  3748                           ;AWS_Standard_Weight_Converter_V2.c: 688:         {;AWS_Standard_Weight_Converter_V2.c: 
      +                          689:             negative = 1;
  3749  000728  0E01               	movlw	1
  3750  00072A  6E32               	movwf	parse_number_at@negative^0,c
  3751  00072C                     l2188:
  3752                           
  3753                           ;AWS_Standard_Weight_Converter_V2.c: 691:         i++;
  3754  00072C  2A47               	incf	parse_number_at@i^0,f,c
  3755  00072E                     
  3756                           ;AWS_Standard_Weight_Converter_V2.c: 692:         while (text[i] == ' ')
  3757  00072E  5047               	movf	parse_number_at@i^0,w,c
  3758  000730  2416               	addwf	parse_number_at@text^0,w,c
  3759  000732  6ED9               	movwf	fsr2l,c
  3760  000734  0E00               	movlw	0
  3761  000736  2017               	addwfc	(parse_number_at@text+1)^0,w,c
  3762  000738  6EDA               	movwf	fsr2h,c
  3763  00073A  0E20               	movlw	32
  3764  00073C  18DE               	xorwf	postinc2,w,c
  3765  00073E  B4D8               	btfsc	status,2,c
  3766  000740  EFA4  F003         	goto	u1731
  3767  000744  EFA6  F003         	goto	u1730
  3768  000748                     u1731:
  3769  000748  EF96  F003         	goto	l2188
  3770  00074C                     u1730:
  3771  00074C                     l2194:
  3772                           
  3773                           ;AWS_Standard_Weight_Converter_V2.c: 698:     if (!is_digit_ascii(text[i]))
  3774  00074C  5047               	movf	parse_number_at@i^0,w,c
  3775  00074E  2416               	addwf	parse_number_at@text^0,w,c
  3776  000750  6ED9               	movwf	fsr2l,c
  3777  000752  0E00               	movlw	0
  3778  000754  2017               	addwfc	(parse_number_at@text+1)^0,w,c
  3779  000756  6EDA               	movwf	fsr2h,c
  3780  000758  50DF               	movf	indf2,w,c
  3781  00075A  EC5D  F011         	call	_is_digit_ascii
  3782  00075E  0900               	iorlw	0
  3783  000760  A4D8               	btfss	status,2,c
  3784  000762  EFB5  F003         	goto	u1741
  3785  000766  EFB7  F003         	goto	u1740
  3786  00076A                     u1741:
  3787  00076A  EF02  F004         	goto	l252
  3788  00076E                     u1740:
  3789  00076E                     l2196:
  3790                           
  3791                           ;AWS_Standard_Weight_Converter_V2.c: 699:     {;AWS_Standard_Weight_Converter_V2.c: 700:
      +                                   return result;
  3792  00076E  EE20  F048         	lfsr	2,parse_number_at@result
  3793  000772  EE00  F016         	lfsr	0,?_parse_number_at
  3794  000776  0E07               	movlw	7
  3795  000778                     u1751:
  3796  000778  CFDB FFEB          	movff	plusw2,plusw0
  3797  00077C  06E8               	decf	wreg,f,c
  3798  00077E  E2FC               	bc	u1751
  3799  000780  EFB4  F005         	goto	l251
  3800  000784                     l2200:
  3801                           
  3802                           ;AWS_Standard_Weight_Converter_V2.c: 704:     {;AWS_Standard_Weight_Converter_V2.c: 705:
      +                                   if (integer_part < 2000000UL)
  3803  000784  5046               	movf	(parse_number_at@integer_part+3)^0,w,c
  3804  000786  E10B               	bnz	u1761
  3805  000788  0E80               	movlw	128
  3806  00078A  5C43               	subwf	parse_number_at@integer_part^0,w,c
  3807  00078C  0E84               	movlw	132
  3808  00078E  5844               	subwfb	(parse_number_at@integer_part+1)^0,w,c
  3809  000790  0E1E               	movlw	30
  3810  000792  5845               	subwfb	(parse_number_at@integer_part+2)^0,w,c
  3811  000794  B0D8               	btfsc	status,0,c
  3812  000796  EFCF  F003         	goto	u1761
  3813  00079A  EFD1  F003         	goto	u1760
  3814  00079E                     u1761:
  3815  00079E  EF00  F004         	goto	l2204
  3816  0007A2                     u1760:
  3817  0007A2                     
  3818                           ;AWS_Standard_Weight_Converter_V2.c: 706:         {;AWS_Standard_Weight_Converter_V2.c: 
      +                          707:             integer_part = (integer_part * 10UL) + (uint32_t)(text[i] - '0');
  3819  0007A2  0ED0               	movlw	208
  3820  0007A4  6E1E               	movwf	??_parse_number_at^0,c
  3821  0007A6  0EFF               	movlw	255
  3822  0007A8  6E1F               	movwf	(??_parse_number_at+1)^0,c
  3823  0007AA  5047               	movf	parse_number_at@i^0,w,c
  3824  0007AC  2416               	addwf	parse_number_at@text^0,w,c
  3825  0007AE  6ED9               	movwf	fsr2l,c
  3826  0007B0  0E00               	movlw	0
  3827  0007B2  2017               	addwfc	(parse_number_at@text+1)^0,w,c
  3828  0007B4  6EDA               	movwf	fsr2h,c
  3829  0007B6  50DF               	movf	indf2,w,c
  3830  0007B8  6E20               	movwf	(??_parse_number_at+2)^0,c
  3831  0007BA  6A21               	clrf	(??_parse_number_at+3)^0,c
  3832  0007BC  501E               	movf	??_parse_number_at^0,w,c
  3833  0007BE  2620               	addwf	(??_parse_number_at+2)^0,f,c
  3834  0007C0  501F               	movf	(??_parse_number_at+1)^0,w,c
  3835  0007C2  2221               	addwfc	(??_parse_number_at+3)^0,f,c
  3836  0007C4  C043  F001         	movff	parse_number_at@integer_part,___lmul@multiplier
  3837  0007C8  C044  F002         	movff	parse_number_at@integer_part+1,___lmul@multiplier+1
  3838  0007CC  C045  F003         	movff	parse_number_at@integer_part+2,___lmul@multiplier+2
  3839  0007D0  C046  F004         	movff	parse_number_at@integer_part+3,___lmul@multiplier+3
  3840  0007D4  0E0A               	movlw	10
  3841  0007D6  6E05               	movwf	___lmul@multiplicand^0,c
  3842  0007D8  0E00               	movlw	0
  3843  0007DA  6E06               	movwf	(___lmul@multiplicand+1)^0,c
  3844  0007DC  0E00               	movlw	0
  3845  0007DE  6E07               	movwf	(___lmul@multiplicand+2)^0,c
  3846  0007E0  0E00               	movlw	0
  3847  0007E2  6E08               	movwf	(___lmul@multiplicand+3)^0,c
  3848  0007E4  EC2E  F010         	call	___lmul	;wreg free
  3849  0007E8  5020               	movf	(??_parse_number_at+2)^0,w,c
  3850  0007EA  2401               	addwf	?___lmul^0,w,c
  3851  0007EC  6E43               	movwf	parse_number_at@integer_part^0,c
  3852  0007EE  5021               	movf	(??_parse_number_at+3)^0,w,c
  3853  0007F0  2002               	addwfc	(?___lmul+1)^0,w,c
  3854  0007F2  6E44               	movwf	(parse_number_at@integer_part+1)^0,c
  3855  0007F4  0E00               	movlw	0
  3856  0007F6  2003               	addwfc	(?___lmul+2)^0,w,c
  3857  0007F8  6E45               	movwf	(parse_number_at@integer_part+2)^0,c
  3858  0007FA  0E00               	movlw	0
  3859  0007FC  2004               	addwfc	(?___lmul+3)^0,w,c
  3860  0007FE  6E46               	movwf	(parse_number_at@integer_part+3)^0,c
  3861  000800                     l2204:
  3862                           
  3863                           ;AWS_Standard_Weight_Converter_V2.c: 709:         integer_digits++;
  3864  000800  2A3D               	incf	parse_number_at@integer_digits^0,f,c
  3865  000802                     
  3866                           ;AWS_Standard_Weight_Converter_V2.c: 710:         i++;
  3867  000802  2A47               	incf	parse_number_at@i^0,f,c
  3868  000804                     l252:
  3869                           
  3870                           ;AWS_Standard_Weight_Converter_V2.c: 703:     while (is_digit_ascii(text[i]))
  3871  000804  5047               	movf	parse_number_at@i^0,w,c
  3872  000806  2416               	addwf	parse_number_at@text^0,w,c
  3873  000808  6ED9               	movwf	fsr2l,c
  3874  00080A  0E00               	movlw	0
  3875  00080C  2017               	addwfc	(parse_number_at@text+1)^0,w,c
  3876  00080E  6EDA               	movwf	fsr2h,c
  3877  000810  50DF               	movf	indf2,w,c
  3878  000812  EC5D  F011         	call	_is_digit_ascii
  3879  000816  0900               	iorlw	0
  3880  000818  A4D8               	btfss	status,2,c
  3881  00081A  EF11  F004         	goto	u1771
  3882  00081E  EF13  F004         	goto	u1770
  3883  000822                     u1771:
  3884  000822  EFC2  F003         	goto	l2200
  3885  000826                     u1770:
  3886  000826                     
  3887                           ;AWS_Standard_Weight_Converter_V2.c: 713:     if ((text[i] == '.') || ((text[i] == ',') 
      +                          && (1u != 0u)))
  3888  000826  5047               	movf	parse_number_at@i^0,w,c
  3889  000828  2416               	addwf	parse_number_at@text^0,w,c
  3890  00082A  6ED9               	movwf	fsr2l,c
  3891  00082C  0E00               	movlw	0
  3892  00082E  2017               	addwfc	(parse_number_at@text+1)^0,w,c
  3893  000830  6EDA               	movwf	fsr2h,c
  3894  000832  0E2E               	movlw	46
  3895  000834  18DE               	xorwf	postinc2,w,c
  3896  000836  B4D8               	btfsc	status,2,c
  3897  000838  EF20  F004         	goto	u1781
  3898  00083C  EF22  F004         	goto	u1780
  3899  000840                     u1781:
  3900  000840  EF31  F004         	goto	l2212
  3901  000844                     u1780:
  3902  000844  5047               	movf	parse_number_at@i^0,w,c
  3903  000846  2416               	addwf	parse_number_at@text^0,w,c
  3904  000848  6ED9               	movwf	fsr2l,c
  3905  00084A  0E00               	movlw	0
  3906  00084C  2017               	addwfc	(parse_number_at@text+1)^0,w,c
  3907  00084E  6EDA               	movwf	fsr2h,c
  3908  000850  0E2C               	movlw	44
  3909  000852  18DE               	xorwf	postinc2,w,c
  3910  000854  A4D8               	btfss	status,2,c
  3911  000856  EF2F  F004         	goto	u1791
  3912  00085A  EF31  F004         	goto	u1790
  3913  00085E                     u1791:
  3914  00085E  EFB0  F004         	goto	l2240
  3915  000862                     u1790:
  3916  000862                     l2212:
  3917                           
  3918                           ;AWS_Standard_Weight_Converter_V2.c: 714:     {;AWS_Standard_Weight_Converter_V2.c: 715:
      +                                   if (is_digit_ascii(text[i + 1u]))
  3919  000862  5047               	movf	parse_number_at@i^0,w,c
  3920  000864  2416               	addwf	parse_number_at@text^0,w,c
  3921  000866  6E1E               	movwf	??_parse_number_at^0,c
  3922  000868  0E00               	movlw	0
  3923  00086A  2017               	addwfc	(parse_number_at@text+1)^0,w,c
  3924  00086C  6E1F               	movwf	(??_parse_number_at+1)^0,c
  3925  00086E  0E01               	movlw	1
  3926  000870  241E               	addwf	??_parse_number_at^0,w,c
  3927  000872  6ED9               	movwf	fsr2l,c
  3928  000874  0E00               	movlw	0
  3929  000876  201F               	addwfc	(??_parse_number_at+1)^0,w,c
  3930  000878  6EDA               	movwf	fsr2h,c
  3931  00087A  50DF               	movf	indf2,w,c
  3932  00087C  EC5D  F011         	call	_is_digit_ascii
  3933  000880  0900               	iorlw	0
  3934  000882  B4D8               	btfsc	status,2,c
  3935  000884  EF46  F004         	goto	u1801
  3936  000888  EF48  F004         	goto	u1800
  3937  00088C                     u1801:
  3938  00088C  EFB0  F004         	goto	l2240
  3939  000890                     u1800:
  3940  000890                     
  3941                           ;AWS_Standard_Weight_Converter_V2.c: 716:         {;AWS_Standard_Weight_Converter_V2.c: 
      +                          717:             has_decimal = 1;
  3942  000890  0E01               	movlw	1
  3943  000892  6E3C               	movwf	parse_number_at@has_decimal^0,c
  3944  000894                     l2216:
  3945                           
  3946                           ;AWS_Standard_Weight_Converter_V2.c: 718:             i++;
  3947  000894  2A47               	incf	parse_number_at@i^0,f,c
  3948                           
  3949                           ;AWS_Standard_Weight_Converter_V2.c: 719:             while (is_digit_ascii(text[i]))
  3950  000896  EF9F  F004         	goto	l2238
  3951  00089A                     l2218:
  3952                           
  3953                           ;AWS_Standard_Weight_Converter_V2.c: 720:             {;AWS_Standard_Weight_Converter_V2
      +                          .c: 721:                 decimal_digits++;
  3954  00089A  2A42               	incf	parse_number_at@decimal_digits^0,f,c
  3955  00089C                     
  3956                           ;AWS_Standard_Weight_Converter_V2.c: 722:                 if (decimal_digits == 1u)
  3957  00089C  0442               	decf	parse_number_at@decimal_digits^0,w,c
  3958  00089E  A4D8               	btfss	status,2,c
  3959  0008A0  EF54  F004         	goto	u1811
  3960  0008A4  EF56  F004         	goto	u1810
  3961  0008A8                     u1811:
  3962  0008A8  EF61  F004         	goto	l2224
  3963  0008AC                     u1810:
  3964  0008AC                     
  3965                           ;AWS_Standard_Weight_Converter_V2.c: 723:                 {;AWS_Standard_Weight_Converte
      +                          r_V2.c: 724:                     d1 = (uint8_t)(text[i] - '0');
  3966  0008AC  5047               	movf	parse_number_at@i^0,w,c
  3967  0008AE  2416               	addwf	parse_number_at@text^0,w,c
  3968  0008B0  6ED9               	movwf	fsr2l,c
  3969  0008B2  0E00               	movlw	0
  3970  0008B4  2017               	addwfc	(parse_number_at@text+1)^0,w,c
  3971  0008B6  6EDA               	movwf	fsr2h,c
  3972  0008B8  50DF               	movf	indf2,w,c
  3973  0008BA  0FD0               	addlw	208
  3974  0008BC  6E34               	movwf	parse_number_at@d1^0,c
  3975                           
  3976                           ;AWS_Standard_Weight_Converter_V2.c: 725:                 }
  3977  0008BE  EF4A  F004         	goto	l2216
  3978  0008C2                     l2224:
  3979  0008C2  0E02               	movlw	2
  3980  0008C4  1842               	xorwf	parse_number_at@decimal_digits^0,w,c
  3981  0008C6  A4D8               	btfss	status,2,c
  3982  0008C8  EF68  F004         	goto	u1821
  3983  0008CC  EF6A  F004         	goto	u1820
  3984  0008D0                     u1821:
  3985  0008D0  EF75  F004         	goto	l2228
  3986  0008D4                     u1820:
  3987  0008D4                     
  3988                           ;AWS_Standard_Weight_Converter_V2.c: 727:                 {;AWS_Standard_Weight_Converte
      +                          r_V2.c: 728:                     d2 = (uint8_t)(text[i] - '0');
  3989  0008D4  5047               	movf	parse_number_at@i^0,w,c
  3990  0008D6  2416               	addwf	parse_number_at@text^0,w,c
  3991  0008D8  6ED9               	movwf	fsr2l,c
  3992  0008DA  0E00               	movlw	0
  3993  0008DC  2017               	addwfc	(parse_number_at@text+1)^0,w,c
  3994  0008DE  6EDA               	movwf	fsr2h,c
  3995  0008E0  50DF               	movf	indf2,w,c
  3996  0008E2  0FD0               	addlw	208
  3997  0008E4  6E35               	movwf	parse_number_at@d2^0,c
  3998                           
  3999                           ;AWS_Standard_Weight_Converter_V2.c: 729:                 }
  4000  0008E6  EF4A  F004         	goto	l2216
  4001  0008EA                     l2228:
  4002  0008EA  0E03               	movlw	3
  4003  0008EC  1842               	xorwf	parse_number_at@decimal_digits^0,w,c
  4004  0008EE  A4D8               	btfss	status,2,c
  4005  0008F0  EF7C  F004         	goto	u1831
  4006  0008F4  EF7E  F004         	goto	u1830
  4007  0008F8                     u1831:
  4008  0008F8  EF89  F004         	goto	l2232
  4009  0008FC                     u1830:
  4010  0008FC                     
  4011                           ;AWS_Standard_Weight_Converter_V2.c: 731:                 {;AWS_Standard_Weight_Converte
      +                          r_V2.c: 732:                     d3 = (uint8_t)(text[i] - '0');
  4012  0008FC  5047               	movf	parse_number_at@i^0,w,c
  4013  0008FE  2416               	addwf	parse_number_at@text^0,w,c
  4014  000900  6ED9               	movwf	fsr2l,c
  4015  000902  0E00               	movlw	0
  4016  000904  2017               	addwfc	(parse_number_at@text+1)^0,w,c
  4017  000906  6EDA               	movwf	fsr2h,c
  4018  000908  50DF               	movf	indf2,w,c
  4019  00090A  0FD0               	addlw	208
  4020  00090C  6E36               	movwf	parse_number_at@d3^0,c
  4021                           
  4022                           ;AWS_Standard_Weight_Converter_V2.c: 733:                 }
  4023  00090E  EF4A  F004         	goto	l2216
  4024  000912                     l2232:
  4025  000912  0E04               	movlw	4
  4026  000914  1842               	xorwf	parse_number_at@decimal_digits^0,w,c
  4027  000916  A4D8               	btfss	status,2,c
  4028  000918  EF90  F004         	goto	u1841
  4029  00091C  EF92  F004         	goto	u1840
  4030  000920                     u1841:
  4031  000920  EF9D  F004         	goto	l265
  4032  000924                     u1840:
  4033  000924                     
  4034                           ;AWS_Standard_Weight_Converter_V2.c: 735:                 {;AWS_Standard_Weight_Converte
      +                          r_V2.c: 736:                     d4 = (uint8_t)(text[i] - '0');
  4035  000924  5047               	movf	parse_number_at@i^0,w,c
  4036  000926  2416               	addwf	parse_number_at@text^0,w,c
  4037  000928  6ED9               	movwf	fsr2l,c
  4038  00092A  0E00               	movlw	0
  4039  00092C  2017               	addwfc	(parse_number_at@text+1)^0,w,c
  4040  00092E  6EDA               	movwf	fsr2h,c
  4041  000930  50DF               	movf	indf2,w,c
  4042  000932  0FD0               	addlw	208
  4043  000934  6E37               	movwf	parse_number_at@d4^0,c
  4044  000936  EF4A  F004         	goto	l2216
  4045  00093A                     l265:
  4046  00093A  EF4A  F004         	goto	l2216
  4047  00093E                     l2238:
  4048                           
  4049                           ;AWS_Standard_Weight_Converter_V2.c: 719:             while (is_digit_ascii(text[i]))
  4050  00093E  5047               	movf	parse_number_at@i^0,w,c
  4051  000940  2416               	addwf	parse_number_at@text^0,w,c
  4052  000942  6ED9               	movwf	fsr2l,c
  4053  000944  0E00               	movlw	0
  4054  000946  2017               	addwfc	(parse_number_at@text+1)^0,w,c
  4055  000948  6EDA               	movwf	fsr2h,c
  4056  00094A  50DF               	movf	indf2,w,c
  4057  00094C  EC5D  F011         	call	_is_digit_ascii
  4058  000950  0900               	iorlw	0
  4059  000952  A4D8               	btfss	status,2,c
  4060  000954  EFAE  F004         	goto	u1851
  4061  000958  EFB0  F004         	goto	u1850
  4062  00095C                     u1851:
  4063  00095C  EF4D  F004         	goto	l2218
  4064  000960                     u1850:
  4065  000960                     l2240:
  4066                           
  4067                           ;AWS_Standard_Weight_Converter_V2.c: 743:     if (integer_digits == 0u)
  4068  000960  503D               	movf	parse_number_at@integer_digits^0,w,c
  4069  000962  A4D8               	btfss	status,2,c
  4070  000964  EFB6  F004         	goto	u1861
  4071  000968  EFB8  F004         	goto	u1860
  4072  00096C                     u1861:
  4073  00096C  EFBA  F004         	goto	l2246
  4074  000970                     u1860:
  4075  000970  EFB7  F003         	goto	l2196
  4076  000974                     l2246:
  4077                           
  4078                           ;AWS_Standard_Weight_Converter_V2.c: 748:     if (has_decimal)
  4079  000974  503C               	movf	parse_number_at@has_decimal^0,w,c
  4080  000976  B4D8               	btfsc	status,2,c
  4081  000978  EFC0  F004         	goto	u1871
  4082  00097C  EFC2  F004         	goto	u1870
  4083  000980                     u1871:
  4084  000980  EF2E  F005         	goto	l2254
  4085  000984                     u1870:
  4086  000984                     
  4087                           ;AWS_Standard_Weight_Converter_V2.c: 749:     {;AWS_Standard_Weight_Converter_V2.c: 750:
      +                                   native_milli_abs = (integer_part * 1000UL) +
  4088  000984  C043  F001         	movff	parse_number_at@integer_part,___lmul@multiplier
  4089  000988  C044  F002         	movff	parse_number_at@integer_part+1,___lmul@multiplier+1
  4090  00098C  C045  F003         	movff	parse_number_at@integer_part+2,___lmul@multiplier+2
  4091  000990  C046  F004         	movff	parse_number_at@integer_part+3,___lmul@multiplier+3
  4092  000994  0EE8               	movlw	232
  4093  000996  6E05               	movwf	___lmul@multiplicand^0,c
  4094  000998  0E03               	movlw	3
  4095  00099A  6E06               	movwf	(___lmul@multiplicand+1)^0,c
  4096  00099C  0E00               	movlw	0
  4097  00099E  6E07               	movwf	(___lmul@multiplicand+2)^0,c
  4098  0009A0  0E00               	movlw	0
  4099  0009A2  6E08               	movwf	(___lmul@multiplicand+3)^0,c
  4100  0009A4  EC2E  F010         	call	___lmul	;wreg free
  4101  0009A8  C001  F01E         	movff	?___lmul,??_parse_number_at
  4102  0009AC  C002  F01F         	movff	?___lmul+1,??_parse_number_at+1
  4103  0009B0  C003  F020         	movff	?___lmul+2,??_parse_number_at+2
  4104  0009B4  C004  F021         	movff	?___lmul+3,??_parse_number_at+3
  4105  0009B8  5034               	movf	parse_number_at@d1^0,w,c
  4106  0009BA  6E01               	movwf	___lmul@multiplier^0,c
  4107  0009BC  6A02               	clrf	(___lmul@multiplier+1)^0,c
  4108  0009BE  6A03               	clrf	(___lmul@multiplier+2)^0,c
  4109  0009C0  6A04               	clrf	(___lmul@multiplier+3)^0,c
  4110  0009C2  0E64               	movlw	100
  4111  0009C4  6E05               	movwf	___lmul@multiplicand^0,c
  4112  0009C6  0E00               	movlw	0
  4113  0009C8  6E06               	movwf	(___lmul@multiplicand+1)^0,c
  4114  0009CA  0E00               	movlw	0
  4115  0009CC  6E07               	movwf	(___lmul@multiplicand+2)^0,c
  4116  0009CE  0E00               	movlw	0
  4117  0009D0  6E08               	movwf	(___lmul@multiplicand+3)^0,c
  4118  0009D2  EC2E  F010         	call	___lmul	;wreg free
  4119  0009D6  5001               	movf	?___lmul^0,w,c
  4120  0009D8  241E               	addwf	??_parse_number_at^0,w,c
  4121  0009DA  6E22               	movwf	(??_parse_number_at+4)^0,c
  4122  0009DC  5002               	movf	(?___lmul+1)^0,w,c
  4123  0009DE  201F               	addwfc	(??_parse_number_at+1)^0,w,c
  4124  0009E0  6E23               	movwf	(??_parse_number_at+5)^0,c
  4125  0009E2  5003               	movf	(?___lmul+2)^0,w,c
  4126  0009E4  2020               	addwfc	(??_parse_number_at+2)^0,w,c
  4127  0009E6  6E24               	movwf	(??_parse_number_at+6)^0,c
  4128  0009E8  5004               	movf	(?___lmul+3)^0,w,c
  4129  0009EA  2021               	addwfc	(??_parse_number_at+3)^0,w,c
  4130  0009EC  6E25               	movwf	(??_parse_number_at+7)^0,c
  4131  0009EE  5035               	movf	parse_number_at@d2^0,w,c
  4132  0009F0  6E01               	movwf	___lmul@multiplier^0,c
  4133  0009F2  6A02               	clrf	(___lmul@multiplier+1)^0,c
  4134  0009F4  6A03               	clrf	(___lmul@multiplier+2)^0,c
  4135  0009F6  6A04               	clrf	(___lmul@multiplier+3)^0,c
  4136  0009F8  0E0A               	movlw	10
  4137  0009FA  6E05               	movwf	___lmul@multiplicand^0,c
  4138  0009FC  0E00               	movlw	0
  4139  0009FE  6E06               	movwf	(___lmul@multiplicand+1)^0,c
  4140  000A00  0E00               	movlw	0
  4141  000A02  6E07               	movwf	(___lmul@multiplicand+2)^0,c
  4142  000A04  0E00               	movlw	0
  4143  000A06  6E08               	movwf	(___lmul@multiplicand+3)^0,c
  4144  000A08  EC2E  F010         	call	___lmul	;wreg free
  4145  000A0C  5001               	movf	?___lmul^0,w,c
  4146  000A0E  2422               	addwf	(??_parse_number_at+4)^0,w,c
  4147  000A10  6E26               	movwf	(??_parse_number_at+8)^0,c
  4148  000A12  5002               	movf	(?___lmul+1)^0,w,c
  4149  000A14  2023               	addwfc	(??_parse_number_at+5)^0,w,c
  4150  000A16  6E27               	movwf	(??_parse_number_at+9)^0,c
  4151  000A18  5003               	movf	(?___lmul+2)^0,w,c
  4152  000A1A  2024               	addwfc	(??_parse_number_at+6)^0,w,c
  4153  000A1C  6E28               	movwf	(??_parse_number_at+10)^0,c
  4154  000A1E  5004               	movf	(?___lmul+3)^0,w,c
  4155  000A20  2025               	addwfc	(??_parse_number_at+7)^0,w,c
  4156  000A22  6E29               	movwf	(??_parse_number_at+11)^0,c
  4157  000A24  5036               	movf	parse_number_at@d3^0,w,c
  4158  000A26  2426               	addwf	(??_parse_number_at+8)^0,w,c
  4159  000A28  6E3E               	movwf	parse_number_at@native_milli_abs^0,c
  4160  000A2A  0E00               	movlw	0
  4161  000A2C  2027               	addwfc	(??_parse_number_at+9)^0,w,c
  4162  000A2E  6E3F               	movwf	(parse_number_at@native_milli_abs+1)^0,c
  4163  000A30  0E00               	movlw	0
  4164  000A32  2028               	addwfc	(??_parse_number_at+10)^0,w,c
  4165  000A34  6E40               	movwf	(parse_number_at@native_milli_abs+2)^0,c
  4166  000A36  0E00               	movlw	0
  4167  000A38  2029               	addwfc	(??_parse_number_at+11)^0,w,c
  4168  000A3A  6E41               	movwf	(parse_number_at@native_milli_abs+3)^0,c
  4169  000A3C                     
  4170                           ;AWS_Standard_Weight_Converter_V2.c: 754:         if (d4 >= 5u)
  4171  000A3C  0E04               	movlw	4
  4172  000A3E  6437               	cpfsgt	parse_number_at@d4^0,c
  4173  000A40  EF24  F005         	goto	u1881
  4174  000A44  EF26  F005         	goto	u1880
  4175  000A48                     u1881:
  4176  000A48  EF48  F005         	goto	l2264
  4177  000A4C                     u1880:
  4178  000A4C                     
  4179                           ;AWS_Standard_Weight_Converter_V2.c: 755:         {;AWS_Standard_Weight_Converter_V2.c: 
      +                          756:             native_milli_abs++;
  4180  000A4C  0E01               	movlw	1
  4181  000A4E  263E               	addwf	parse_number_at@native_milli_abs^0,f,c
  4182  000A50  0E00               	movlw	0
  4183  000A52  223F               	addwfc	(parse_number_at@native_milli_abs+1)^0,f,c
  4184  000A54  2240               	addwfc	(parse_number_at@native_milli_abs+2)^0,f,c
  4185  000A56  2241               	addwfc	(parse_number_at@native_milli_abs+3)^0,f,c
  4186  000A58  EF48  F005         	goto	l2264
  4187  000A5C                     l2254:
  4188                           
  4189                           ;AWS_Standard_Weight_Converter_V2.c: 762:         {;AWS_Standard_Weight_Converter_V2.c: 
      +                          763:             native_milli_abs = integer_part * 1000UL;
  4190  000A5C  C043  F001         	movff	parse_number_at@integer_part,___lmul@multiplier
  4191  000A60  C044  F002         	movff	parse_number_at@integer_part+1,___lmul@multiplier+1
  4192  000A64  C045  F003         	movff	parse_number_at@integer_part+2,___lmul@multiplier+2
  4193  000A68  C046  F004         	movff	parse_number_at@integer_part+3,___lmul@multiplier+3
  4194  000A6C  0EE8               	movlw	232
  4195  000A6E  6E05               	movwf	___lmul@multiplicand^0,c
  4196  000A70  0E03               	movlw	3
  4197  000A72  6E06               	movwf	(___lmul@multiplicand+1)^0,c
  4198  000A74  0E00               	movlw	0
  4199  000A76  6E07               	movwf	(___lmul@multiplicand+2)^0,c
  4200  000A78  0E00               	movlw	0
  4201  000A7A  6E08               	movwf	(___lmul@multiplicand+3)^0,c
  4202  000A7C  EC2E  F010         	call	___lmul	;wreg free
  4203  000A80  C001  F03E         	movff	?___lmul,parse_number_at@native_milli_abs
  4204  000A84  C002  F03F         	movff	?___lmul+1,parse_number_at@native_milli_abs+1
  4205  000A88  C003  F040         	movff	?___lmul+2,parse_number_at@native_milli_abs+2
  4206  000A8C  C004  F041         	movff	?___lmul+3,parse_number_at@native_milli_abs+3
  4207  000A90                     l2264:
  4208                           
  4209                           ;AWS_Standard_Weight_Converter_V2.c: 778:     if (native_milli_abs > 2000000000UL)
  4210  000A90  043E               	decf	parse_number_at@native_milli_abs^0,w,c
  4211  000A92  0E94               	movlw	148
  4212  000A94  583F               	subwfb	(parse_number_at@native_milli_abs+1)^0,w,c
  4213  000A96  0E35               	movlw	53
  4214  000A98  5840               	subwfb	(parse_number_at@native_milli_abs+2)^0,w,c
  4215  000A9A  0E77               	movlw	119
  4216  000A9C  5841               	subwfb	(parse_number_at@native_milli_abs+3)^0,w,c
  4217  000A9E  A0D8               	btfss	status,0,c
  4218  000AA0  EF54  F005         	goto	u1891
  4219  000AA4  EF56  F005         	goto	u1890
  4220  000AA8                     u1891:
  4221  000AA8  EF5E  F005         	goto	l278
  4222  000AAC                     u1890:
  4223  000AAC                     
  4224                           ;AWS_Standard_Weight_Converter_V2.c: 779:     {;AWS_Standard_Weight_Converter_V2.c: 780:
      +                                   native_milli_abs = 2000000000UL;
  4225  000AAC  0E00               	movlw	0
  4226  000AAE  6E3E               	movwf	parse_number_at@native_milli_abs^0,c
  4227  000AB0  0E94               	movlw	148
  4228  000AB2  6E3F               	movwf	(parse_number_at@native_milli_abs+1)^0,c
  4229  000AB4  0E35               	movlw	53
  4230  000AB6  6E40               	movwf	(parse_number_at@native_milli_abs+2)^0,c
  4231  000AB8  0E77               	movlw	119
  4232  000ABA  6E41               	movwf	(parse_number_at@native_milli_abs+3)^0,c
  4233  000ABC                     l278:
  4234                           
  4235                           ;AWS_Standard_Weight_Converter_V2.c: 783:     result.valid = 1;
  4236  000ABC  0E01               	movlw	1
  4237  000ABE  6E48               	movwf	parse_number_at@result^0,c
  4238  000AC0                     
  4239                           ;AWS_Standard_Weight_Converter_V2.c: 784:     result.has_decimal = has_decimal;
  4240  000AC0  C03C  F04D         	movff	parse_number_at@has_decimal,parse_number_at@result+5
  4241                           
  4242                           ;AWS_Standard_Weight_Converter_V2.c: 786:     if (negative)
  4243  000AC4  5032               	movf	parse_number_at@negative^0,w,c
  4244  000AC6  B4D8               	btfsc	status,2,c
  4245  000AC8  EF68  F005         	goto	u1901
  4246  000ACC  EF6A  F005         	goto	u1900
  4247  000AD0                     u1901:
  4248  000AD0  EF85  F005         	goto	l279
  4249  000AD4                     u1900:
  4250  000AD4                     
  4251                           ;AWS_Standard_Weight_Converter_V2.c: 787:     {;AWS_Standard_Weight_Converter_V2.c: 788:
      +                                   result.native_milli_value = -((int32_t)native_milli_abs);
  4252  000AD4  C03E  F01E         	movff	parse_number_at@native_milli_abs,??_parse_number_at
  4253  000AD8  C03F  F01F         	movff	parse_number_at@native_milli_abs+1,??_parse_number_at+1
  4254  000ADC  C040  F020         	movff	parse_number_at@native_milli_abs+2,??_parse_number_at+2
  4255  000AE0  C041  F021         	movff	parse_number_at@native_milli_abs+3,??_parse_number_at+3
  4256  000AE4  1E1E               	comf	??_parse_number_at^0,f,c
  4257  000AE6  1E1F               	comf	(??_parse_number_at+1)^0,f,c
  4258  000AE8  1E20               	comf	(??_parse_number_at+2)^0,f,c
  4259  000AEA  1E21               	comf	(??_parse_number_at+3)^0,f,c
  4260  000AEC  2A1E               	incf	??_parse_number_at^0,f,c
  4261  000AEE  0E00               	movlw	0
  4262  000AF0  221F               	addwfc	(??_parse_number_at+1)^0,f,c
  4263  000AF2  2220               	addwfc	(??_parse_number_at+2)^0,f,c
  4264  000AF4  2221               	addwfc	(??_parse_number_at+3)^0,f,c
  4265  000AF6  C01E  F049         	movff	??_parse_number_at,parse_number_at@result+1
  4266  000AFA  C01F  F04A         	movff	??_parse_number_at+1,parse_number_at@result+2
  4267  000AFE  C020  F04B         	movff	??_parse_number_at+2,parse_number_at@result+3
  4268  000B02  C021  F04C         	movff	??_parse_number_at+3,parse_number_at@result+4
  4269                           
  4270                           ;AWS_Standard_Weight_Converter_V2.c: 789:     }
  4271  000B06  EF8D  F005         	goto	l2272
  4272  000B0A                     l279:
  4273                           
  4274                           ;AWS_Standard_Weight_Converter_V2.c: 791:     {;AWS_Standard_Weight_Converter_V2.c: 792:
      +                                   result.native_milli_value = (int32_t)native_milli_abs;
  4275  000B0A  C03E  F049         	movff	parse_number_at@native_milli_abs,parse_number_at@result+1
  4276  000B0E  C03F  F04A         	movff	parse_number_at@native_milli_abs+1,parse_number_at@result+2
  4277  000B12  C040  F04B         	movff	parse_number_at@native_milli_abs+2,parse_number_at@result+3
  4278  000B16  C041  F04C         	movff	parse_number_at@native_milli_abs+3,parse_number_at@result+4
  4279  000B1A                     l2272:
  4280                           
  4281                           ;AWS_Standard_Weight_Converter_V2.c: 795:     result.digit_count = (uint8_t)(integer_dig
      +                          its + decimal_digits);
  4282  000B1A  503D               	movf	parse_number_at@integer_digits^0,w,c
  4283  000B1C  2442               	addwf	parse_number_at@decimal_digits^0,w,c
  4284  000B1E  6E4E               	movwf	(parse_number_at@result+6)^0,c
  4285  000B20                     
  4286                           ;AWS_Standard_Weight_Converter_V2.c: 796:     result.score = result.digit_count;
  4287  000B20  C04E  F04F         	movff	parse_number_at@result+6,parse_number_at@result+7
  4288  000B24                     
  4289                           ;AWS_Standard_Weight_Converter_V2.c: 798:     if (has_decimal)
  4290  000B24  503C               	movf	parse_number_at@has_decimal^0,w,c
  4291  000B26  B4D8               	btfsc	status,2,c
  4292  000B28  EF98  F005         	goto	u1911
  4293  000B2C  EF9A  F005         	goto	u1910
  4294  000B30                     u1911:
  4295  000B30  EF9D  F005         	goto	l2280
  4296  000B34                     u1910:
  4297  000B34                     
  4298                           ;AWS_Standard_Weight_Converter_V2.c: 799:     {;AWS_Standard_Weight_Converter_V2.c: 800:
      +                                   result.score = (uint8_t)(result.score + 6u);
  4299  000B34  504F               	movf	(parse_number_at@result+7)^0,w,c
  4300  000B36  0F06               	addlw	6
  4301  000B38  6E4F               	movwf	(parse_number_at@result+7)^0,c
  4302  000B3A                     l2280:
  4303                           
  4304                           ;AWS_Standard_Weight_Converter_V2.c: 802:     if (has_sign)
  4305  000B3A  5033               	movf	parse_number_at@has_sign^0,w,c
  4306  000B3C  B4D8               	btfsc	status,2,c
  4307  000B3E  EFA3  F005         	goto	u1921
  4308  000B42  EFA5  F005         	goto	u1920
  4309  000B46                     u1921:
  4310  000B46  EFA8  F005         	goto	l282
  4311  000B4A                     u1920:
  4312  000B4A                     
  4313                           ;AWS_Standard_Weight_Converter_V2.c: 803:     {;AWS_Standard_Weight_Converter_V2.c: 804:
      +                                   result.score = (uint8_t)(result.score + 3u);
  4314  000B4A  504F               	movf	(parse_number_at@result+7)^0,w,c
  4315  000B4C  0F03               	addlw	3
  4316  000B4E  6E4F               	movwf	(parse_number_at@result+7)^0,c
  4317  000B50                     l282:
  4318                           
  4319                           ;AWS_Standard_Weight_Converter_V2.c: 806:     if (integer_digits >= 4u)
  4320  000B50  0E03               	movlw	3
  4321  000B52  643D               	cpfsgt	parse_number_at@integer_digits^0,c
  4322  000B54  EFAE  F005         	goto	u1931
  4323  000B58  EFB0  F005         	goto	u1930
  4324  000B5C                     u1931:
  4325  000B5C  EFB7  F003         	goto	l2196
  4326  000B60                     u1930:
  4327  000B60                     
  4328                           ;AWS_Standard_Weight_Converter_V2.c: 807:     {;AWS_Standard_Weight_Converter_V2.c: 808:
      +                                   result.score = (uint8_t)(result.score + 1u);
  4329  000B60  284F               	incf	(parse_number_at@result+7)^0,w,c
  4330  000B62  6E4F               	movwf	(parse_number_at@result+7)^0,c
  4331  000B64  EFB7  F003         	goto	l2196
  4332  000B68                     l251:
  4333  000B68  0012               	return		;funcret
  4334  000B6A                     __end_of_parse_number_at:
  4335                           	callstack 0
  4336                           
  4337 ;; *************** function _pow10_u32 *****************
  4338 ;; Defined at:
  4339 ;;		line 636 in file "AWS_Standard_Weight_Converter_V2.c"
  4340 ;; Parameters:    Size  Location     Type
  4341 ;;  power           1    wreg     unsigned char 
  4342 ;; Auto vars:     Size  Location     Type
  4343 ;;  power           1   16[COMRAM] unsigned char 
  4344 ;;  value           4   17[COMRAM] unsigned long 
  4345 ;; Return value:  Size  Location     Type
  4346 ;;                  4   12[COMRAM] unsigned long 
  4347 ;; Registers used:
  4348 ;;		wreg, status,2, status,0, cstack
  4349 ;; Tracked objects:
  4350 ;;		On entry : 0/0
  4351 ;;		On exit  : 0/0
  4352 ;;		Unchanged: 0/0
  4353 ;; Data sizes:     COMRAM   BANK0   BANK1   BANK2   BANK3   BANK4   BANK5
  4354 ;;      Params:         4       0       0       0       0       0       0
  4355 ;;      Locals:         5       0       0       0       0       0       0
  4356 ;;      Temps:          0       0       0       0       0       0       0
  4357 ;;      Totals:         9       0       0       0       0       0       0
  4358 ;;Total ram usage:        9 bytes
  4359 ;; Hardware stack levels used:    1
  4360 ;; Hardware stack levels required when called:    2
  4361 ;; This function calls:
  4362 ;;		___lmul
  4363 ;; This function is called by:
  4364 ;;		_parse_number_at
  4365 ;; This function uses a non-reentrant model
  4366 ;;
  4367                           
  4368                           	psect	text25
  4369  001FEE                     __ptext25:
  4370                           	callstack 0
  4371  001FEE                     _pow10_u32:
  4372                           	callstack 24
  4373                           
  4374                           ;incstack = 0
  4375                           ;pow10_u32@power stored from wreg
  4376  001FEE  6E11               	movwf	pow10_u32@power^0,c
  4377  001FF0                     
  4378                           ;AWS_Standard_Weight_Converter_V2.c: 636: static uint32_t pow10_u32(uint8_t power);AWS_S
      +                          tandard_Weight_Converter_V2.c: 637: {;AWS_Standard_Weight_Converter_V2.c: 638:     uint3
      +                          2_t value = 1UL;
  4379  001FF0  0E01               	movlw	1
  4380  001FF2  6E12               	movwf	pow10_u32@value^0,c
  4381  001FF4  0E00               	movlw	0
  4382  001FF6  6E13               	movwf	(pow10_u32@value+1)^0,c
  4383  001FF8  0E00               	movlw	0
  4384  001FFA  6E14               	movwf	(pow10_u32@value+2)^0,c
  4385  001FFC  0E00               	movlw	0
  4386  001FFE  6E15               	movwf	(pow10_u32@value+3)^0,c
  4387                           
  4388                           ;AWS_Standard_Weight_Converter_V2.c: 639:     while (power > 0u)
  4389  002000  EF1D  F010         	goto	l2040
  4390  002004                     l2036:
  4391                           
  4392                           ;AWS_Standard_Weight_Converter_V2.c: 640:     {;AWS_Standard_Weight_Converter_V2.c: 641:
      +                                   value *= 10UL;
  4393  002004  C012  F001         	movff	pow10_u32@value,___lmul@multiplier
  4394  002008  C013  F002         	movff	pow10_u32@value+1,___lmul@multiplier+1
  4395  00200C  C014  F003         	movff	pow10_u32@value+2,___lmul@multiplier+2
  4396  002010  C015  F004         	movff	pow10_u32@value+3,___lmul@multiplier+3
  4397  002014  0E0A               	movlw	10
  4398  002016  6E05               	movwf	___lmul@multiplicand^0,c
  4399  002018  0E00               	movlw	0
  4400  00201A  6E06               	movwf	(___lmul@multiplicand+1)^0,c
  4401  00201C  0E00               	movlw	0
  4402  00201E  6E07               	movwf	(___lmul@multiplicand+2)^0,c
  4403  002020  0E00               	movlw	0
  4404  002022  6E08               	movwf	(___lmul@multiplicand+3)^0,c
  4405  002024  EC2E  F010         	call	___lmul	;wreg free
  4406  002028  C001  F012         	movff	?___lmul,pow10_u32@value
  4407  00202C  C002  F013         	movff	?___lmul+1,pow10_u32@value+1
  4408  002030  C003  F014         	movff	?___lmul+2,pow10_u32@value+2
  4409  002034  C004  F015         	movff	?___lmul+3,pow10_u32@value+3
  4410  002038                     
  4411                           ;AWS_Standard_Weight_Converter_V2.c: 642:         power--;
  4412  002038  0611               	decf	pow10_u32@power^0,f,c
  4413  00203A                     l2040:
  4414                           
  4415                           ;AWS_Standard_Weight_Converter_V2.c: 639:     while (power > 0u)
  4416  00203A  5011               	movf	pow10_u32@power^0,w,c
  4417  00203C  A4D8               	btfss	status,2,c
  4418  00203E  EF23  F010         	goto	u1461
  4419  002042  EF25  F010         	goto	u1460
  4420  002046                     u1461:
  4421  002046  EF02  F010         	goto	l2036
  4422  00204A                     u1460:
  4423  00204A                     
  4424                           ;AWS_Standard_Weight_Converter_V2.c: 644:     return value;
  4425  00204A  C012  F00D         	movff	pow10_u32@value,?_pow10_u32
  4426  00204E  C013  F00E         	movff	pow10_u32@value+1,?_pow10_u32+1
  4427  002052  C014  F00F         	movff	pow10_u32@value+2,?_pow10_u32+2
  4428  002056  C015  F010         	movff	pow10_u32@value+3,?_pow10_u32+3
  4429  00205A  0012               	return		;funcret
  4430  00205C                     __end_of_pow10_u32:
  4431                           	callstack 0
  4432                           
  4433 ;; *************** function _is_digit_ascii *****************
  4434 ;; Defined at:
  4435 ;;		line 550 in file "AWS_Standard_Weight_Converter_V2.c"
  4436 ;; Parameters:    Size  Location     Type
  4437 ;;  c               1    wreg     unsigned char 
  4438 ;; Auto vars:     Size  Location     Type
  4439 ;;  c               1    1[COMRAM] unsigned char 
  4440 ;; Return value:  Size  Location     Type
  4441 ;;                  1    wreg      _Bool 
  4442 ;; Registers used:
  4443 ;;		wreg, status,2, status,0
  4444 ;; Tracked objects:
  4445 ;;		On entry : 0/0
  4446 ;;		On exit  : 0/0
  4447 ;;		Unchanged: 0/0
  4448 ;; Data sizes:     COMRAM   BANK0   BANK1   BANK2   BANK3   BANK4   BANK5
  4449 ;;      Params:         0       0       0       0       0       0       0
  4450 ;;      Locals:         2       0       0       0       0       0       0
  4451 ;;      Temps:          0       0       0       0       0       0       0
  4452 ;;      Totals:         2       0       0       0       0       0       0
  4453 ;;Total ram usage:        2 bytes
  4454 ;; Hardware stack levels used:    1
  4455 ;; Hardware stack levels required when called:    1
  4456 ;; This function calls:
  4457 ;;		Nothing
  4458 ;; This function is called by:
  4459 ;;		_parse_number_at
  4460 ;;		_find_best_number
  4461 ;; This function uses a non-reentrant model
  4462 ;;
  4463                           
  4464                           	psect	text26
  4465  0022BA                     __ptext26:
  4466                           	callstack 0
  4467  0022BA                     _is_digit_ascii:
  4468                           	callstack 25
  4469                           
  4470                           ;incstack = 0
  4471                           ;is_digit_ascii@c stored from wreg
  4472  0022BA  6E02               	movwf	is_digit_ascii@c^0,c
  4473  0022BC                     
  4474                           ;AWS_Standard_Weight_Converter_V2.c: 550: static _Bool is_digit_ascii(char c);AWS_Standa
      +                          rd_Weight_Converter_V2.c: 551: {;AWS_Standard_Weight_Converter_V2.c: 552:     return ((c
      +                           >= '0') && (c <= '9'));
  4475  0022BC  0E00               	movlw	0
  4476  0022BE  6E01               	movwf	_is_digit_ascii$1298^0,c
  4477  0022C0  0E2F               	movlw	47
  4478  0022C2  6402               	cpfsgt	is_digit_ascii@c^0,c
  4479  0022C4  EF66  F011         	goto	u1421
  4480  0022C8  EF68  F011         	goto	u1420
  4481  0022CC                     u1421:
  4482  0022CC  EF72  F011         	goto	l198
  4483  0022D0                     u1420:
  4484  0022D0  0E3A               	movlw	58
  4485  0022D2  6002               	cpfslt	is_digit_ascii@c^0,c
  4486  0022D4  EF6E  F011         	goto	u1431
  4487  0022D8  EF70  F011         	goto	u1430
  4488  0022DC                     u1431:
  4489  0022DC  EF72  F011         	goto	l198
  4490  0022E0                     u1430:
  4491  0022E0  0E01               	movlw	1
  4492  0022E2  6E01               	movwf	_is_digit_ascii$1298^0,c
  4493  0022E4                     l198:
  4494  0022E4  5001               	movf	_is_digit_ascii$1298^0,w,c
  4495  0022E6  0012               	return		;funcret
  4496  0022E8                     __end_of_is_digit_ascii:
  4497                           	callstack 0
  4498                           
  4499 ;; *************** function _detect_unit *****************
  4500 ;; Defined at:
  4501 ;;		line 844 in file "AWS_Standard_Weight_Converter_V2.c"
  4502 ;; Parameters:    Size  Location     Type
  4503 ;;  line            2   14[COMRAM] PTR const unsigned char 
  4504 ;;		 -> main@scale_line(96), 
  4505 ;; Auto vars:     Size  Location     Type
  4506 ;;		None
  4507 ;; Return value:  Size  Location     Type
  4508 ;;                  1    wreg      enum E5736
  4509 ;; Registers used:
  4510 ;;		wreg, fsr2l, fsr2h, status,2, status,0, tblptrl, tblptrh, tblptru, cstack
  4511 ;; Tracked objects:
  4512 ;;		On entry : 0/0
  4513 ;;		On exit  : 0/0
  4514 ;;		Unchanged: 0/0
  4515 ;; Data sizes:     COMRAM   BANK0   BANK1   BANK2   BANK3   BANK4   BANK5
  4516 ;;      Params:         2       0       0       0       0       0       0
  4517 ;;      Locals:         0       0       0       0       0       0       0
  4518 ;;      Temps:          0       0       0       0       0       0       0
  4519 ;;      Totals:         2       0       0       0       0       0       0
  4520 ;;Total ram usage:        2 bytes
  4521 ;; Hardware stack levels used:    1
  4522 ;; Hardware stack levels required when called:    4
  4523 ;; This function calls:
  4524 ;;		_contains_ci
  4525 ;;		_contains_isolated_letter_ci
  4526 ;; This function is called by:
  4527 ;;		_parse_weight_line
  4528 ;; This function uses a non-reentrant model
  4529 ;;
  4530                           
  4531                           	psect	text27
  4532  00100E                     __ptext27:
  4533                           	callstack 0
  4534  00100E                     _detect_unit:
  4535                           	callstack 24
  4536  00100E                     
  4537                           ;AWS_Standard_Weight_Converter_V2.c: 844: static WeightUnit detect_unit(const char *line
      +                          );AWS_Standard_Weight_Converter_V2.c: 845: {;AWS_Standard_Weight_Converter_V2.c: 846:   
      +                            if (contains_ci(line, "kg") || contains_ci(line, "kgs") || contains_ci(line, "kilogram
      +                          "))
  4538  00100E  C00F  F002         	movff	detect_unit@line,contains_ci@text
  4539  001012  C010  F003         	movff	detect_unit@line+1,contains_ci@text+1
  4540  001016  0E6B               	movlw	low STR_1
  4541  001018  6E04               	movwf	contains_ci@pattern^0,c
  4542  00101A  0E06               	movlw	high STR_1
  4543  00101C  6E05               	movwf	(contains_ci@pattern+1)^0,c
  4544  00101E  EC7B  F009         	call	_contains_ci	;wreg free
  4545  001022  0900               	iorlw	0
  4546  001024  A4D8               	btfss	status,2,c
  4547  001026  EF17  F008         	goto	u2151
  4548  00102A  EF19  F008         	goto	u2150
  4549  00102E                     u2151:
  4550  00102E  EF3D  F008         	goto	l2384
  4551  001032                     u2150:
  4552  001032  C00F  F002         	movff	detect_unit@line,contains_ci@text
  4553  001036  C010  F003         	movff	detect_unit@line+1,contains_ci@text+1
  4554  00103A  0E5E               	movlw	low STR_2
  4555  00103C  6E04               	movwf	contains_ci@pattern^0,c
  4556  00103E  0E06               	movlw	high STR_2
  4557  001040  6E05               	movwf	(contains_ci@pattern+1)^0,c
  4558  001042  EC7B  F009         	call	_contains_ci	;wreg free
  4559  001046  0900               	iorlw	0
  4560  001048  A4D8               	btfss	status,2,c
  4561  00104A  EF29  F008         	goto	u2161
  4562  00104E  EF2B  F008         	goto	u2160
  4563  001052                     u2161:
  4564  001052  EF3D  F008         	goto	l2384
  4565  001056                     u2160:
  4566  001056  C00F  F002         	movff	detect_unit@line,contains_ci@text
  4567  00105A  C010  F003         	movff	detect_unit@line+1,contains_ci@text+1
  4568  00105E  0E13               	movlw	low STR_5
  4569  001060  6E04               	movwf	contains_ci@pattern^0,c
  4570  001062  0E06               	movlw	high STR_5
  4571  001064  6E05               	movwf	(contains_ci@pattern+1)^0,c
  4572  001066  EC7B  F009         	call	_contains_ci	;wreg free
  4573  00106A  0900               	iorlw	0
  4574  00106C  B4D8               	btfsc	status,2,c
  4575  00106E  EF3B  F008         	goto	u2171
  4576  001072  EF3D  F008         	goto	u2170
  4577  001076                     u2171:
  4578  001076  EF40  F008         	goto	l2388
  4579  00107A                     u2170:
  4580  00107A                     l2384:
  4581                           
  4582                           ;AWS_Standard_Weight_Converter_V2.c: 847:     {;AWS_Standard_Weight_Converter_V2.c: 848:
      +                                   return UNIT_KG;
  4583  00107A  0E01               	movlw	1
  4584  00107C  EFD5  F008         	goto	l302
  4585  001080                     l2388:
  4586                           
  4587                           ;AWS_Standard_Weight_Converter_V2.c: 850:     if (contains_ci(line, "lbs") || contains_c
      +                          i(line, "lb") || contains_ci(line, "pound"))
  4588  001080  C00F  F002         	movff	detect_unit@line,contains_ci@text
  4589  001084  C010  F003         	movff	detect_unit@line+1,contains_ci@text+1
  4590  001088  0E5A               	movlw	low STR_7
  4591  00108A  6E04               	movwf	contains_ci@pattern^0,c
  4592  00108C  0E06               	movlw	high STR_7
  4593  00108E  6E05               	movwf	(contains_ci@pattern+1)^0,c
  4594  001090  EC7B  F009         	call	_contains_ci	;wreg free
  4595  001094  0900               	iorlw	0
  4596  001096  A4D8               	btfss	status,2,c
  4597  001098  EF50  F008         	goto	u2181
  4598  00109C  EF52  F008         	goto	u2180
  4599  0010A0                     u2181:
  4600  0010A0  EF76  F008         	goto	l2394
  4601  0010A4                     u2180:
  4602  0010A4  C00F  F002         	movff	detect_unit@line,contains_ci@text
  4603  0010A8  C010  F003         	movff	detect_unit@line+1,contains_ci@text+1
  4604  0010AC  0E68               	movlw	low STR_8
  4605  0010AE  6E04               	movwf	contains_ci@pattern^0,c
  4606  0010B0  0E06               	movlw	high STR_8
  4607  0010B2  6E05               	movwf	(contains_ci@pattern+1)^0,c
  4608  0010B4  EC7B  F009         	call	_contains_ci	;wreg free
  4609  0010B8  0900               	iorlw	0
  4610  0010BA  A4D8               	btfss	status,2,c
  4611  0010BC  EF62  F008         	goto	u2191
  4612  0010C0  EF64  F008         	goto	u2190
  4613  0010C4                     u2191:
  4614  0010C4  EF76  F008         	goto	l2394
  4615  0010C8                     u2190:
  4616  0010C8  C00F  F002         	movff	detect_unit@line,contains_ci@text
  4617  0010CC  C010  F003         	movff	detect_unit@line+1,contains_ci@text+1
  4618  0010D0  0E2A               	movlw	low STR_11
  4619  0010D2  6E04               	movwf	contains_ci@pattern^0,c
  4620  0010D4  0E06               	movlw	high STR_11
  4621  0010D6  6E05               	movwf	(contains_ci@pattern+1)^0,c
  4622  0010D8  EC7B  F009         	call	_contains_ci	;wreg free
  4623  0010DC  0900               	iorlw	0
  4624  0010DE  B4D8               	btfsc	status,2,c
  4625  0010E0  EF74  F008         	goto	u2201
  4626  0010E4  EF76  F008         	goto	u2200
  4627  0010E8                     u2201:
  4628  0010E8  EF79  F008         	goto	l2398
  4629  0010EC                     u2200:
  4630  0010EC                     l2394:
  4631                           
  4632                           ;AWS_Standard_Weight_Converter_V2.c: 851:     {;AWS_Standard_Weight_Converter_V2.c: 852:
      +                                   return UNIT_LB;
  4633  0010EC  0E03               	movlw	3
  4634  0010EE  EFD5  F008         	goto	l302
  4635  0010F2                     l2398:
  4636                           
  4637                           ;AWS_Standard_Weight_Converter_V2.c: 854:     if (contains_ci(line, "tonne") || contains
      +                          _ci(line, "tons") || contains_ci(line, "ton"))
  4638  0010F2  C00F  F002         	movff	detect_unit@line,contains_ci@text
  4639  0010F6  C010  F003         	movff	detect_unit@line+1,contains_ci@text+1
  4640  0010FA  0E30               	movlw	low STR_13
  4641  0010FC  6E04               	movwf	contains_ci@pattern^0,c
  4642  0010FE  0E06               	movlw	high STR_13
  4643  001100  6E05               	movwf	(contains_ci@pattern+1)^0,c
  4644  001102  EC7B  F009         	call	_contains_ci	;wreg free
  4645  001106  0900               	iorlw	0
  4646  001108  A4D8               	btfss	status,2,c
  4647  00110A  EF89  F008         	goto	u2211
  4648  00110E  EF8B  F008         	goto	u2210
  4649  001112                     u2211:
  4650  001112  EFAF  F008         	goto	l2404
  4651  001116                     u2210:
  4652  001116  C00F  F002         	movff	detect_unit@line,contains_ci@text
  4653  00111A  C010  F003         	movff	detect_unit@line+1,contains_ci@text+1
  4654  00111E  0E45               	movlw	low STR_14
  4655  001120  6E04               	movwf	contains_ci@pattern^0,c
  4656  001122  0E06               	movlw	high STR_14
  4657  001124  6E05               	movwf	(contains_ci@pattern+1)^0,c
  4658  001126  EC7B  F009         	call	_contains_ci	;wreg free
  4659  00112A  0900               	iorlw	0
  4660  00112C  A4D8               	btfss	status,2,c
  4661  00112E  EF9B  F008         	goto	u2221
  4662  001132  EF9D  F008         	goto	u2220
  4663  001136                     u2221:
  4664  001136  EFAF  F008         	goto	l2404
  4665  00113A                     u2220:
  4666  00113A  C00F  F002         	movff	detect_unit@line,contains_ci@text
  4667  00113E  C010  F003         	movff	detect_unit@line+1,contains_ci@text+1
  4668  001142  0E56               	movlw	low STR_17
  4669  001144  6E04               	movwf	contains_ci@pattern^0,c
  4670  001146  0E06               	movlw	high STR_17
  4671  001148  6E05               	movwf	(contains_ci@pattern+1)^0,c
  4672  00114A  EC7B  F009         	call	_contains_ci	;wreg free
  4673  00114E  0900               	iorlw	0
  4674  001150  B4D8               	btfsc	status,2,c
  4675  001152  EFAD  F008         	goto	u2231
  4676  001156  EFAF  F008         	goto	u2230
  4677  00115A                     u2231:
  4678  00115A  EFB2  F008         	goto	l2408
  4679  00115E                     u2230:
  4680  00115E                     l2404:
  4681                           
  4682                           ;AWS_Standard_Weight_Converter_V2.c: 855:     {;AWS_Standard_Weight_Converter_V2.c: 856:
      +                                   return UNIT_TON;
  4683  00115E  0E04               	movlw	4
  4684  001160  EFD5  F008         	goto	l302
  4685  001164                     l2408:
  4686                           
  4687                           ;AWS_Standard_Weight_Converter_V2.c: 858:     if (contains_isolated_letter_ci(line, 't')
      +                          )
  4688  001164  C00F  F005         	movff	detect_unit@line,contains_isolated_letter_ci@text
  4689  001168  C010  F006         	movff	detect_unit@line+1,contains_isolated_letter_ci@text+1
  4690  00116C  0E74               	movlw	116
  4691  00116E  6E07               	movwf	contains_isolated_letter_ci@letter^0,c
  4692  001170  ECFA  F00D         	call	_contains_isolated_letter_ci	;wreg free
  4693  001174  0900               	iorlw	0
  4694  001176  B4D8               	btfsc	status,2,c
  4695  001178  EFC0  F008         	goto	u2241
  4696  00117C  EFC2  F008         	goto	u2240
  4697  001180                     u2241:
  4698  001180  EFC4  F008         	goto	l2414
  4699  001184                     u2240:
  4700  001184  EFAF  F008         	goto	l2404
  4701  001188                     l2414:
  4702                           
  4703                           ;AWS_Standard_Weight_Converter_V2.c: 862:     if (contains_isolated_letter_ci(line, 'g')
      +                          )
  4704  001188  C00F  F005         	movff	detect_unit@line,contains_isolated_letter_ci@text
  4705  00118C  C010  F006         	movff	detect_unit@line+1,contains_isolated_letter_ci@text+1
  4706  001190  0E67               	movlw	103
  4707  001192  6E07               	movwf	contains_isolated_letter_ci@letter^0,c
  4708  001194  ECFA  F00D         	call	_contains_isolated_letter_ci	;wreg free
  4709  001198  0900               	iorlw	0
  4710  00119A  B4D8               	btfsc	status,2,c
  4711  00119C  EFD2  F008         	goto	u2251
  4712  0011A0  EFD4  F008         	goto	u2250
  4713  0011A4                     u2251:
  4714  0011A4  EF3D  F008         	goto	l2384
  4715  0011A8                     u2250:
  4716  0011A8                     
  4717                           ;AWS_Standard_Weight_Converter_V2.c: 863:     {;AWS_Standard_Weight_Converter_V2.c: 864:
      +                                   return UNIT_G;
  4718  0011A8  0E02               	movlw	2
  4719  0011AA                     l302:
  4720  0011AA  0012               	return		;funcret
  4721  0011AC                     __end_of_detect_unit:
  4722                           	callstack 0
  4723                           
  4724 ;; *************** function _contains_isolated_letter_ci *****************
  4725 ;; Defined at:
  4726 ;;		line 603 in file "AWS_Standard_Weight_Converter_V2.c"
  4727 ;; Parameters:    Size  Location     Type
  4728 ;;  text            2    4[COMRAM] PTR const unsigned char 
  4729 ;;		 -> main@scale_line(96), 
  4730 ;;  letter          1    6[COMRAM] unsigned char 
  4731 ;; Auto vars:     Size  Location     Type
  4732 ;;  i               1   13[COMRAM] unsigned char 
  4733 ;;  previous        1   12[COMRAM] unsigned char 
  4734 ;;  next            1   11[COMRAM] unsigned char 
  4735 ;;  current         1   10[COMRAM] unsigned char 
  4736 ;;  target          1    9[COMRAM] unsigned char 
  4737 ;; Return value:  Size  Location     Type
  4738 ;;                  1    wreg      _Bool 
  4739 ;; Registers used:
  4740 ;;		wreg, fsr2l, fsr2h, status,2, status,0, cstack
  4741 ;; Tracked objects:
  4742 ;;		On entry : 0/0
  4743 ;;		On exit  : 0/0
  4744 ;;		Unchanged: 0/0
  4745 ;; Data sizes:     COMRAM   BANK0   BANK1   BANK2   BANK3   BANK4   BANK5
  4746 ;;      Params:         3       0       0       0       0       0       0
  4747 ;;      Locals:         5       0       0       0       0       0       0
  4748 ;;      Temps:          2       0       0       0       0       0       0
  4749 ;;      Totals:        10       0       0       0       0       0       0
  4750 ;;Total ram usage:       10 bytes
  4751 ;; Hardware stack levels used:    1
  4752 ;; Hardware stack levels required when called:    3
  4753 ;; This function calls:
  4754 ;;		_is_alpha_ascii
  4755 ;;		_upper_ascii
  4756 ;; This function is called by:
  4757 ;;		_detect_unit
  4758 ;; This function uses a non-reentrant model
  4759 ;;
  4760                           
  4761                           	psect	text28
  4762  001BF4                     __ptext28:
  4763                           	callstack 0
  4764  001BF4                     _contains_isolated_letter_ci:
  4765                           	callstack 24
  4766  001BF4                     
  4767                           ;AWS_Standard_Weight_Converter_V2.c: 603: static _Bool contains_isolated_letter_ci(const
      +                           char *text, char letter);AWS_Standard_Weight_Converter_V2.c: 604: {;AWS_Standard_Weight
      +                          _Converter_V2.c: 605:     uint8_t i;;AWS_Standard_Weight_Converter_V2.c: 606:     char t
      +                          arget = upper_ascii(letter);
  4768  001BF4  5007               	movf	contains_isolated_letter_ci@letter^0,w,c
  4769  001BF6  EC74  F011         	call	_upper_ascii
  4770  001BFA  6E0A               	movwf	contains_isolated_letter_ci@target^0,c
  4771  001BFC                     
  4772                           ;AWS_Standard_Weight_Converter_V2.c: 607:     char current;;AWS_Standard_Weight_Converte
      +                          r_V2.c: 608:     char previous;;AWS_Standard_Weight_Converter_V2.c: 609:     char next;;
      +                          AWS_Standard_Weight_Converter_V2.c: 611:     for (i = 0u; text[i] != '\0'; i++)
  4773  001BFC  0E00               	movlw	0
  4774  001BFE  6E0E               	movwf	contains_isolated_letter_ci@i^0,c
  4775  001C00  EF57  F00E         	goto	l2168
  4776  001C04                     l2148:
  4777                           
  4778                           ;AWS_Standard_Weight_Converter_V2.c: 612:     {;AWS_Standard_Weight_Converter_V2.c: 613:
      +                                   current = upper_ascii(text[i]);
  4779  001C04  500E               	movf	contains_isolated_letter_ci@i^0,w,c
  4780  001C06  2405               	addwf	contains_isolated_letter_ci@text^0,w,c
  4781  001C08  6ED9               	movwf	fsr2l,c
  4782  001C0A  0E00               	movlw	0
  4783  001C0C  2006               	addwfc	(contains_isolated_letter_ci@text+1)^0,w,c
  4784  001C0E  6EDA               	movwf	fsr2h,c
  4785  001C10  50DF               	movf	indf2,w,c
  4786  001C12  EC74  F011         	call	_upper_ascii
  4787  001C16  6E0B               	movwf	contains_isolated_letter_ci@current^0,c
  4788  001C18                     
  4789                           ;AWS_Standard_Weight_Converter_V2.c: 614:         if (current == target)
  4790  001C18  500A               	movf	contains_isolated_letter_ci@target^0,w,c
  4791  001C1A  180B               	xorwf	contains_isolated_letter_ci@current^0,w,c
  4792  001C1C  A4D8               	btfss	status,2,c
  4793  001C1E  EF13  F00E         	goto	u1651
  4794  001C22  EF15  F00E         	goto	u1650
  4795  001C26                     u1651:
  4796  001C26  EF56  F00E         	goto	l2166
  4797  001C2A                     u1650:
  4798  001C2A                     
  4799                           ;AWS_Standard_Weight_Converter_V2.c: 615:         {;AWS_Standard_Weight_Converter_V2.c: 
      +                          616:             if (i == 0u)
  4800  001C2A  500E               	movf	contains_isolated_letter_ci@i^0,w,c
  4801  001C2C  A4D8               	btfss	status,2,c
  4802  001C2E  EF1B  F00E         	goto	u1661
  4803  001C32  EF1D  F00E         	goto	u1660
  4804  001C36                     u1661:
  4805  001C36  EF21  F00E         	goto	l2156
  4806  001C3A                     u1660:
  4807  001C3A                     
  4808                           ;AWS_Standard_Weight_Converter_V2.c: 617:             {;AWS_Standard_Weight_Converter_V2
      +                          .c: 618:                 previous = '\0';
  4809  001C3A  0E00               	movlw	0
  4810  001C3C  6E0D               	movwf	contains_isolated_letter_ci@previous^0,c
  4811                           
  4812                           ;AWS_Standard_Weight_Converter_V2.c: 619:             }
  4813  001C3E  EF2F  F00E         	goto	l231
  4814  001C42                     l2156:
  4815                           
  4816                           ;AWS_Standard_Weight_Converter_V2.c: 621:             {;AWS_Standard_Weight_Converter_V2
      +                          .c: 622:                 previous = text[i - 1u];
  4817  001C42  500E               	movf	contains_isolated_letter_ci@i^0,w,c
  4818  001C44  2405               	addwf	contains_isolated_letter_ci@text^0,w,c
  4819  001C46  6E08               	movwf	??_contains_isolated_letter_ci^0,c
  4820  001C48  0E00               	movlw	0
  4821  001C4A  2006               	addwfc	(contains_isolated_letter_ci@text+1)^0,w,c
  4822  001C4C  6E09               	movwf	(??_contains_isolated_letter_ci+1)^0,c
  4823  001C4E  0EFF               	movlw	255
  4824  001C50  2408               	addwf	??_contains_isolated_letter_ci^0,w,c
  4825  001C52  6ED9               	movwf	fsr2l,c
  4826  001C54  0EFF               	movlw	255
  4827  001C56  2009               	addwfc	(??_contains_isolated_letter_ci+1)^0,w,c
  4828  001C58  6EDA               	movwf	fsr2h,c
  4829  001C5A  50DF               	movf	indf2,w,c
  4830  001C5C  6E0D               	movwf	contains_isolated_letter_ci@previous^0,c
  4831  001C5E                     l231:
  4832                           
  4833                           ;AWS_Standard_Weight_Converter_V2.c: 624:             next = text[i + 1u];
  4834  001C5E  500E               	movf	contains_isolated_letter_ci@i^0,w,c
  4835  001C60  2405               	addwf	contains_isolated_letter_ci@text^0,w,c
  4836  001C62  6E08               	movwf	??_contains_isolated_letter_ci^0,c
  4837  001C64  0E00               	movlw	0
  4838  001C66  2006               	addwfc	(contains_isolated_letter_ci@text+1)^0,w,c
  4839  001C68  6E09               	movwf	(??_contains_isolated_letter_ci+1)^0,c
  4840  001C6A  0E01               	movlw	1
  4841  001C6C  2408               	addwf	??_contains_isolated_letter_ci^0,w,c
  4842  001C6E  6ED9               	movwf	fsr2l,c
  4843  001C70  0E00               	movlw	0
  4844  001C72  2009               	addwfc	(??_contains_isolated_letter_ci+1)^0,w,c
  4845  001C74  6EDA               	movwf	fsr2h,c
  4846  001C76  50DF               	movf	indf2,w,c
  4847  001C78  6E0C               	movwf	contains_isolated_letter_ci@next^0,c
  4848  001C7A                     
  4849                           ;AWS_Standard_Weight_Converter_V2.c: 626:             if (!is_alpha_ascii(previous) && !
      +                          is_alpha_ascii(next))
  4850  001C7A  500D               	movf	contains_isolated_letter_ci@previous^0,w,c
  4851  001C7C  EC10  F011         	call	_is_alpha_ascii
  4852  001C80  0900               	iorlw	0
  4853  001C82  A4D8               	btfss	status,2,c
  4854  001C84  EF46  F00E         	goto	u1671
  4855  001C88  EF48  F00E         	goto	u1670
  4856  001C8C                     u1671:
  4857  001C8C  EF56  F00E         	goto	l2166
  4858  001C90                     u1670:
  4859  001C90  500C               	movf	contains_isolated_letter_ci@next^0,w,c
  4860  001C92  EC10  F011         	call	_is_alpha_ascii
  4861  001C96  0900               	iorlw	0
  4862  001C98  A4D8               	btfss	status,2,c
  4863  001C9A  EF51  F00E         	goto	u1681
  4864  001C9E  EF53  F00E         	goto	u1680
  4865  001CA2                     u1681:
  4866  001CA2  EF56  F00E         	goto	l2166
  4867  001CA6                     u1680:
  4868  001CA6                     
  4869                           ;AWS_Standard_Weight_Converter_V2.c: 627:             {;AWS_Standard_Weight_Converter_V2
      +                          .c: 628:                 return 1;
  4870  001CA6  0E01               	movlw	1
  4871  001CA8  EF66  F00E         	goto	l233
  4872  001CAC                     l2166:
  4873                           
  4874                           ;AWS_Standard_Weight_Converter_V2.c: 631:     }
  4875  001CAC  2A0E               	incf	contains_isolated_letter_ci@i^0,f,c
  4876  001CAE                     l2168:
  4877  001CAE  500E               	movf	contains_isolated_letter_ci@i^0,w,c
  4878  001CB0  2405               	addwf	contains_isolated_letter_ci@text^0,w,c
  4879  001CB2  6ED9               	movwf	fsr2l,c
  4880  001CB4  0E00               	movlw	0
  4881  001CB6  2006               	addwfc	(contains_isolated_letter_ci@text+1)^0,w,c
  4882  001CB8  6EDA               	movwf	fsr2h,c
  4883  001CBA  50DF               	movf	indf2,w,c
  4884  001CBC  A4D8               	btfss	status,2,c
  4885  001CBE  EF63  F00E         	goto	u1691
  4886  001CC2  EF65  F00E         	goto	u1690
  4887  001CC6                     u1691:
  4888  001CC6  EF02  F00E         	goto	l2148
  4889  001CCA                     u1690:
  4890  001CCA                     
  4891                           ;AWS_Standard_Weight_Converter_V2.c: 633:     return 0;
  4892  001CCA  0E00               	movlw	0
  4893  001CCC                     l233:
  4894  001CCC  0012               	return		;funcret
  4895  001CCE                     __end_of_contains_isolated_letter_ci:
  4896                           	callstack 0
  4897                           
  4898 ;; *************** function _is_alpha_ascii *****************
  4899 ;; Defined at:
  4900 ;;		line 555 in file "AWS_Standard_Weight_Converter_V2.c"
  4901 ;; Parameters:    Size  Location     Type
  4902 ;;  c               1    wreg     unsigned char 
  4903 ;; Auto vars:     Size  Location     Type
  4904 ;;  c               1    1[COMRAM] unsigned char 
  4905 ;;  u               1    3[COMRAM] unsigned char 
  4906 ;; Return value:  Size  Location     Type
  4907 ;;                  1    wreg      _Bool 
  4908 ;; Registers used:
  4909 ;;		wreg, status,2, status,0, cstack
  4910 ;; Tracked objects:
  4911 ;;		On entry : 0/0
  4912 ;;		On exit  : 0/0
  4913 ;;		Unchanged: 0/0
  4914 ;; Data sizes:     COMRAM   BANK0   BANK1   BANK2   BANK3   BANK4   BANK5
  4915 ;;      Params:         0       0       0       0       0       0       0
  4916 ;;      Locals:         3       0       0       0       0       0       0
  4917 ;;      Temps:          0       0       0       0       0       0       0
  4918 ;;      Totals:         3       0       0       0       0       0       0
  4919 ;;Total ram usage:        3 bytes
  4920 ;; Hardware stack levels used:    1
  4921 ;; Hardware stack levels required when called:    2
  4922 ;; This function calls:
  4923 ;;		_upper_ascii
  4924 ;; This function is called by:
  4925 ;;		_contains_isolated_letter_ci
  4926 ;; This function uses a non-reentrant model
  4927 ;;
  4928                           
  4929                           	psect	text29
  4930  002220                     __ptext29:
  4931                           	callstack 0
  4932  002220                     _is_alpha_ascii:
  4933                           	callstack 24
  4934                           
  4935                           ;incstack = 0
  4936                           ;is_alpha_ascii@c stored from wreg
  4937  002220  6E02               	movwf	is_alpha_ascii@c^0,c
  4938  002222                     
  4939                           ;AWS_Standard_Weight_Converter_V2.c: 555: static _Bool is_alpha_ascii(char c);AWS_Standa
      +                          rd_Weight_Converter_V2.c: 556: {;AWS_Standard_Weight_Converter_V2.c: 557:     char u = u
      +                          pper_ascii(c);
  4940  002222  5002               	movf	is_alpha_ascii@c^0,w,c
  4941  002224  EC74  F011         	call	_upper_ascii
  4942  002228  6E04               	movwf	is_alpha_ascii@u^0,c
  4943  00222A                     
  4944                           ;AWS_Standard_Weight_Converter_V2.c: 558:     return ((u >= 'A') && (u <= 'Z'));
  4945  00222A  0E00               	movlw	0
  4946  00222C  6E03               	movwf	_is_alpha_ascii$1302^0,c
  4947  00222E  0E40               	movlw	64
  4948  002230  6404               	cpfsgt	is_alpha_ascii@u^0,c
  4949  002232  EF1D  F011         	goto	u1441
  4950  002236  EF1F  F011         	goto	u1440
  4951  00223A                     u1441:
  4952  00223A  EF29  F011         	goto	l203
  4953  00223E                     u1440:
  4954  00223E  0E5B               	movlw	91
  4955  002240  6004               	cpfslt	is_alpha_ascii@u^0,c
  4956  002242  EF25  F011         	goto	u1451
  4957  002246  EF27  F011         	goto	u1450
  4958  00224A                     u1451:
  4959  00224A  EF29  F011         	goto	l203
  4960  00224E                     u1450:
  4961  00224E  0E01               	movlw	1
  4962  002250  6E03               	movwf	_is_alpha_ascii$1302^0,c
  4963  002252                     l203:
  4964  002252  5003               	movf	_is_alpha_ascii$1302^0,w,c
  4965  002254  0012               	return		;funcret
  4966  002256                     __end_of_is_alpha_ascii:
  4967                           	callstack 0
  4968                           
  4969 ;; *************** function _detect_status *****************
  4970 ;; Defined at:
  4971 ;;		line 869 in file "AWS_Standard_Weight_Converter_V2.c"
  4972 ;; Parameters:    Size  Location     Type
  4973 ;;  line            2   12[COMRAM] PTR const unsigned char 
  4974 ;;		 -> main@scale_line(96), 
  4975 ;; Auto vars:     Size  Location     Type
  4976 ;;		None
  4977 ;; Return value:  Size  Location     Type
  4978 ;;                  1    wreg      unsigned char 
  4979 ;; Registers used:
  4980 ;;		wreg, fsr2l, fsr2h, status,2, status,0, tblptrl, tblptrh, tblptru, cstack
  4981 ;; Tracked objects:
  4982 ;;		On entry : 0/0
  4983 ;;		On exit  : 0/0
  4984 ;;		Unchanged: 0/0
  4985 ;; Data sizes:     COMRAM   BANK0   BANK1   BANK2   BANK3   BANK4   BANK5
  4986 ;;      Params:         2       0       0       0       0       0       0
  4987 ;;      Locals:         0       0       0       0       0       0       0
  4988 ;;      Temps:          0       0       0       0       0       0       0
  4989 ;;      Totals:         2       0       0       0       0       0       0
  4990 ;;Total ram usage:        2 bytes
  4991 ;; Hardware stack levels used:    1
  4992 ;; Hardware stack levels required when called:    3
  4993 ;; This function calls:
  4994 ;;		_contains_ci
  4995 ;; This function is called by:
  4996 ;;		_parse_weight_line
  4997 ;; This function uses a non-reentrant model
  4998 ;;
  4999                           
  5000                           	psect	text30
  5001  000E6C                     __ptext30:
  5002                           	callstack 0
  5003  000E6C                     _detect_status:
  5004                           	callstack 25
  5005  000E6C                     
  5006                           ;AWS_Standard_Weight_Converter_V2.c: 869: static char detect_status(const char *line);AW
      +                          S_Standard_Weight_Converter_V2.c: 870: {;AWS_Standard_Weight_Converter_V2.c: 871:     if
      +                           (contains_ci(line, "OVER") ||
  5007  000E6C  C00D  F002         	movff	detect_status@line,contains_ci@text
  5008  000E70  C00E  F003         	movff	detect_status@line+1,contains_ci@text+1
  5009  000E74  0E3B               	movlw	low STR_19
  5010  000E76  6E04               	movwf	contains_ci@pattern^0,c
  5011  000E78  0E06               	movlw	high STR_19
  5012  000E7A  6E05               	movwf	(contains_ci@pattern+1)^0,c
  5013  000E7C  EC7B  F009         	call	_contains_ci	;wreg free
  5014  000E80  0900               	iorlw	0
  5015  000E82  A4D8               	btfss	status,2,c
  5016  000E84  EF46  F007         	goto	u2261
  5017  000E88  EF48  F007         	goto	u2260
  5018  000E8C                     u2261:
  5019  000E8C  EF90  F007         	goto	l2434
  5020  000E90                     u2260:
  5021  000E90  C00D  F002         	movff	detect_status@line,contains_ci@text
  5022  000E94  C00E  F003         	movff	detect_status@line+1,contains_ci@text+1
  5023  000E98  0E52               	movlw	low STR_20
  5024  000E9A  6E04               	movwf	contains_ci@pattern^0,c
  5025  000E9C  0E06               	movlw	high STR_20
  5026  000E9E  6E05               	movwf	(contains_ci@pattern+1)^0,c
  5027  000EA0  EC7B  F009         	call	_contains_ci	;wreg free
  5028  000EA4  0900               	iorlw	0
  5029  000EA6  A4D8               	btfss	status,2,c
  5030  000EA8  EF58  F007         	goto	u2271
  5031  000EAC  EF5A  F007         	goto	u2270
  5032  000EB0                     u2271:
  5033  000EB0  EF90  F007         	goto	l2434
  5034  000EB4                     u2270:
  5035  000EB4  C00D  F002         	movff	detect_status@line,contains_ci@text
  5036  000EB8  C00E  F003         	movff	detect_status@line+1,contains_ci@text+1
  5037  000EBC  0E62               	movlw	low STR_23
  5038  000EBE  6E04               	movwf	contains_ci@pattern^0,c
  5039  000EC0  0E06               	movlw	high STR_23
  5040  000EC2  6E05               	movwf	(contains_ci@pattern+1)^0,c
  5041  000EC4  EC7B  F009         	call	_contains_ci	;wreg free
  5042  000EC8  0900               	iorlw	0
  5043  000ECA  A4D8               	btfss	status,2,c
  5044  000ECC  EF6A  F007         	goto	u2281
  5045  000ED0  EF6C  F007         	goto	u2280
  5046  000ED4                     u2281:
  5047  000ED4  EF90  F007         	goto	l2434
  5048  000ED8                     u2280:
  5049  000ED8  C00D  F002         	movff	detect_status@line,contains_ci@text
  5050  000EDC  C00E  F003         	movff	detect_status@line+1,contains_ci@text+1
  5051  000EE0  0E36               	movlw	low STR_25
  5052  000EE2  6E04               	movwf	contains_ci@pattern^0,c
  5053  000EE4  0E06               	movlw	high STR_25
  5054  000EE6  6E05               	movwf	(contains_ci@pattern+1)^0,c
  5055  000EE8  EC7B  F009         	call	_contains_ci	;wreg free
  5056  000EEC  0900               	iorlw	0
  5057  000EEE  A4D8               	btfss	status,2,c
  5058  000EF0  EF7C  F007         	goto	u2291
  5059  000EF4  EF7E  F007         	goto	u2290
  5060  000EF8                     u2291:
  5061  000EF8  EF90  F007         	goto	l2434
  5062  000EFC                     u2290:
  5063  000EFC  C00D  F002         	movff	detect_status@line,contains_ci@text
  5064  000F00  C00E  F003         	movff	detect_status@line+1,contains_ci@text+1
  5065  000F04  0E4E               	movlw	low STR_27
  5066  000F06  6E04               	movwf	contains_ci@pattern^0,c
  5067  000F08  0E06               	movlw	high STR_27
  5068  000F0A  6E05               	movwf	(contains_ci@pattern+1)^0,c
  5069  000F0C  EC7B  F009         	call	_contains_ci	;wreg free
  5070  000F10  0900               	iorlw	0
  5071  000F12  B4D8               	btfsc	status,2,c
  5072  000F14  EF8E  F007         	goto	u2301
  5073  000F18  EF90  F007         	goto	u2300
  5074  000F1C                     u2301:
  5075  000F1C  EF93  F007         	goto	l2438
  5076  000F20                     u2300:
  5077  000F20                     l2434:
  5078                           
  5079                           ;AWS_Standard_Weight_Converter_V2.c: 876:     {;AWS_Standard_Weight_Converter_V2.c: 877:
      +                                   return 'O';
  5080  000F20  0E4F               	movlw	79
  5081  000F22  EF06  F008         	goto	l316
  5082  000F26                     l2438:
  5083                           
  5084                           ;AWS_Standard_Weight_Converter_V2.c: 880:     if (contains_ci(line, "US") ||
  5085  000F26  C00D  F002         	movff	detect_status@line,contains_ci@text
  5086  000F2A  C00E  F003         	movff	detect_status@line+1,contains_ci@text+1
  5087  000F2E  0E65               	movlw	low STR_29
  5088  000F30  6E04               	movwf	contains_ci@pattern^0,c
  5089  000F32  0E06               	movlw	high STR_29
  5090  000F34  6E05               	movwf	(contains_ci@pattern+1)^0,c
  5091  000F36  EC7B  F009         	call	_contains_ci	;wreg free
  5092  000F3A  0900               	iorlw	0
  5093  000F3C  A4D8               	btfss	status,2,c
  5094  000F3E  EFA3  F007         	goto	u2311
  5095  000F42  EFA5  F007         	goto	u2310
  5096  000F46                     u2311:
  5097  000F46  EFDB  F007         	goto	l2446
  5098  000F4A                     u2310:
  5099  000F4A  C00D  F002         	movff	detect_status@line,contains_ci@text
  5100  000F4E  C00E  F003         	movff	detect_status@line+1,contains_ci@text+1
  5101  000F52  0E40               	movlw	low STR_30
  5102  000F54  6E04               	movwf	contains_ci@pattern^0,c
  5103  000F56  0E06               	movlw	high STR_30
  5104  000F58  6E05               	movwf	(contains_ci@pattern+1)^0,c
  5105  000F5A  EC7B  F009         	call	_contains_ci	;wreg free
  5106  000F5E  0900               	iorlw	0
  5107  000F60  A4D8               	btfss	status,2,c
  5108  000F62  EFB5  F007         	goto	u2321
  5109  000F66  EFB7  F007         	goto	u2320
  5110  000F6A                     u2321:
  5111  000F6A  EFDB  F007         	goto	l2446
  5112  000F6E                     u2320:
  5113  000F6E  C00D  F002         	movff	detect_status@line,contains_ci@text
  5114  000F72  C00E  F003         	movff	detect_status@line+1,contains_ci@text+1
  5115  000F76  0E23               	movlw	low STR_33
  5116  000F78  6E04               	movwf	contains_ci@pattern^0,c
  5117  000F7A  0E06               	movlw	high STR_33
  5118  000F7C  6E05               	movwf	(contains_ci@pattern+1)^0,c
  5119  000F7E  EC7B  F009         	call	_contains_ci	;wreg free
  5120  000F82  0900               	iorlw	0
  5121  000F84  A4D8               	btfss	status,2,c
  5122  000F86  EFC7  F007         	goto	u2331
  5123  000F8A  EFC9  F007         	goto	u2330
  5124  000F8E                     u2331:
  5125  000F8E  EFDB  F007         	goto	l2446
  5126  000F92                     u2330:
  5127  000F92  C00D  F002         	movff	detect_status@line,contains_ci@text
  5128  000F96  C00E  F003         	movff	detect_status@line+1,contains_ci@text+1
  5129  000F9A  0E4A               	movlw	low STR_35
  5130  000F9C  6E04               	movwf	contains_ci@pattern^0,c
  5131  000F9E  0E06               	movlw	high STR_35
  5132  000FA0  6E05               	movwf	(contains_ci@pattern+1)^0,c
  5133  000FA2  EC7B  F009         	call	_contains_ci	;wreg free
  5134  000FA6  0900               	iorlw	0
  5135  000FA8  B4D8               	btfsc	status,2,c
  5136  000FAA  EFD9  F007         	goto	u2341
  5137  000FAE  EFDB  F007         	goto	u2340
  5138  000FB2                     u2341:
  5139  000FB2  EFDE  F007         	goto	l2450
  5140  000FB6                     u2340:
  5141  000FB6                     l2446:
  5142                           
  5143                           ;AWS_Standard_Weight_Converter_V2.c: 884:     {;AWS_Standard_Weight_Converter_V2.c: 885:
      +                                   return 'U';
  5144  000FB6  0E55               	movlw	85
  5145  000FB8  EF06  F008         	goto	l316
  5146  000FBC                     l2450:
  5147                           
  5148                           ;AWS_Standard_Weight_Converter_V2.c: 888:     if (contains_ci(line, "ST") || contains_ci
      +                          (line, "STABLE"))
  5149  000FBC  C00D  F002         	movff	detect_status@line,contains_ci@text
  5150  000FC0  C00E  F003         	movff	detect_status@line+1,contains_ci@text+1
  5151  000FC4  0E42               	movlw	low (STR_30+2)
  5152  000FC6  6E04               	movwf	contains_ci@pattern^0,c
  5153  000FC8  0E06               	movlw	high (STR_30+2)
  5154  000FCA  6E05               	movwf	(contains_ci@pattern+1)^0,c
  5155  000FCC  EC7B  F009         	call	_contains_ci	;wreg free
  5156  000FD0  0900               	iorlw	0
  5157  000FD2  A4D8               	btfss	status,2,c
  5158  000FD4  EFEE  F007         	goto	u2351
  5159  000FD8  EFF0  F007         	goto	u2350
  5160  000FDC                     u2351:
  5161  000FDC  EF02  F008         	goto	l2454
  5162  000FE0                     u2350:
  5163  000FE0  C00D  F002         	movff	detect_status@line,contains_ci@text
  5164  000FE4  C00E  F003         	movff	detect_status@line+1,contains_ci@text+1
  5165  000FE8  0E1C               	movlw	low STR_38
  5166  000FEA  6E04               	movwf	contains_ci@pattern^0,c
  5167  000FEC  0E06               	movlw	high STR_38
  5168  000FEE  6E05               	movwf	(contains_ci@pattern+1)^0,c
  5169  000FF0  EC7B  F009         	call	_contains_ci	;wreg free
  5170  000FF4  0900               	iorlw	0
  5171  000FF6  B4D8               	btfsc	status,2,c
  5172  000FF8  EF00  F008         	goto	u2361
  5173  000FFC  EF02  F008         	goto	u2360
  5174  001000                     u2361:
  5175  001000  EF05  F008         	goto	l2458
  5176  001004                     u2360:
  5177  001004                     l2454:
  5178                           
  5179                           ;AWS_Standard_Weight_Converter_V2.c: 889:     {;AWS_Standard_Weight_Converter_V2.c: 890:
      +                                   return 'S';
  5180  001004  0E53               	movlw	83
  5181  001006  EF06  F008         	goto	l316
  5182  00100A                     l2458:
  5183                           
  5184                           ;AWS_Standard_Weight_Converter_V2.c: 893:     return 'N';
  5185  00100A  0E4E               	movlw	78
  5186  00100C                     l316:
  5187  00100C  0012               	return		;funcret
  5188  00100E                     __end_of_detect_status:
  5189                           	callstack 0
  5190                           
  5191 ;; *************** function _contains_ci *****************
  5192 ;; Defined at:
  5193 ;;		line 570 in file "AWS_Standard_Weight_Converter_V2.c"
  5194 ;; Parameters:    Size  Location     Type
  5195 ;;  text            2    1[COMRAM] PTR const unsigned char 
  5196 ;;		 -> main@scale_line(96), 
  5197 ;;  pattern         2    3[COMRAM] PTR const unsigned char 
  5198 ;;		 -> STR_40(7), STR_39(3), STR_36(4), STR_34(7), 
  5199 ;;		 -> STR_32(5), STR_31(3), STR_28(4), STR_26(5), 
  5200 ;;		 -> STR_24(3), STR_22(4), STR_21(5), STR_18(4), 
  5201 ;;		 -> STR_16(5), STR_15(6), STR_12(6), STR_10(3), 
  5202 ;;		 -> STR_9(4), STR_6(9), STR_4(4), STR_3(3), 
  5203 ;; Auto vars:     Size  Location     Type
  5204 ;;  j               1   11[COMRAM] unsigned char 
  5205 ;;  i               1   10[COMRAM] unsigned char 
  5206 ;; Return value:  Size  Location     Type
  5207 ;;                  1    wreg      _Bool 
  5208 ;; Registers used:
  5209 ;;		wreg, fsr2l, fsr2h, status,2, status,0, tblptrl, tblptrh, tblptru, cstack
  5210 ;; Tracked objects:
  5211 ;;		On entry : 0/0
  5212 ;;		On exit  : 0/0
  5213 ;;		Unchanged: 0/0
  5214 ;; Data sizes:     COMRAM   BANK0   BANK1   BANK2   BANK3   BANK4   BANK5
  5215 ;;      Params:         4       0       0       0       0       0       0
  5216 ;;      Locals:         2       0       0       0       0       0       0
  5217 ;;      Temps:          5       0       0       0       0       0       0
  5218 ;;      Totals:        11       0       0       0       0       0       0
  5219 ;;Total ram usage:       11 bytes
  5220 ;; Hardware stack levels used:    1
  5221 ;; Hardware stack levels required when called:    2
  5222 ;; This function calls:
  5223 ;;		_upper_ascii
  5224 ;; This function is called by:
  5225 ;;		_detect_unit
  5226 ;;		_detect_status
  5227 ;; This function uses a non-reentrant model
  5228 ;;
  5229                           
  5230                           	psect	text31
  5231  0012F6                     __ptext31:
  5232                           	callstack 0
  5233  0012F6                     _contains_ci:
  5234                           	callstack 25
  5235  0012F6                     
  5236                           ;AWS_Standard_Weight_Converter_V2.c: 570: static _Bool contains_ci(const char *text, con
      +                          st char *pattern);AWS_Standard_Weight_Converter_V2.c: 571: {;AWS_Standard_Weight_Convert
      +                          er_V2.c: 572:     uint8_t i;;AWS_Standard_Weight_Converter_V2.c: 573:     uint8_t j;;AWS
      +                          _Standard_Weight_Converter_V2.c: 575:     if ((text == 0) || (pattern == 0))
  5237  0012F6  5002               	movf	contains_ci@text^0,w,c
  5238  0012F8  1003               	iorwf	(contains_ci@text+1)^0,w,c
  5239  0012FA  B4D8               	btfsc	status,2,c
  5240  0012FC  EF82  F009         	goto	u1571
  5241  001300  EF84  F009         	goto	u1570
  5242  001304                     u1571:
  5243  001304  EF8D  F009         	goto	l2108
  5244  001308                     u1570:
  5245  001308  5004               	movf	contains_ci@pattern^0,w,c
  5246  00130A  1005               	iorwf	(contains_ci@pattern+1)^0,w,c
  5247  00130C  A4D8               	btfss	status,2,c
  5248  00130E  EF8B  F009         	goto	u1581
  5249  001312  EF8D  F009         	goto	u1580
  5250  001316                     u1581:
  5251  001316  EF90  F009         	goto	l2112
  5252  00131A                     u1580:
  5253  00131A                     l2108:
  5254                           
  5255                           ;AWS_Standard_Weight_Converter_V2.c: 576:     {;AWS_Standard_Weight_Converter_V2.c: 577:
      +                                   return 0;
  5256  00131A  0E00               	movlw	0
  5257  00131C  EF1F  F00A         	goto	l214
  5258  001320                     l2112:
  5259                           
  5260                           ;AWS_Standard_Weight_Converter_V2.c: 580:     if (pattern[0] == '\0')
  5261  001320  C004  FFF6         	movff	contains_ci@pattern,tblptrl
  5262  001324  C005  FFF7         	movff	contains_ci@pattern+1,tblptrh
  5263  001328                     	if	0	;tblptru may be non-zero
  5264  001328                     	endif
  5265  001328                     	if	0	;tblptru may be non-zero
  5266  001328                     	endif
  5267  001328  0008               	tblrd		*
  5268  00132A  50F5               	movf	tablat,w,c
  5269  00132C  0900               	iorlw	0
  5270  00132E  A4D8               	btfss	status,2,c
  5271  001330  EF9C  F009         	goto	u1591
  5272  001334  EF9E  F009         	goto	u1590
  5273  001338                     u1591:
  5274  001338  EFA1  F009         	goto	l2118
  5275  00133C                     u1590:
  5276  00133C                     l2114:
  5277                           
  5278                           ;AWS_Standard_Weight_Converter_V2.c: 581:     {;AWS_Standard_Weight_Converter_V2.c: 582:
      +                                   return 1;
  5279  00133C  0E01               	movlw	1
  5280  00133E  EF1F  F00A         	goto	l214
  5281  001342                     l2118:
  5282                           
  5283                           ;AWS_Standard_Weight_Converter_V2.c: 585:     for (i = 0u; text[i] != '\0'; i++)
  5284  001342  0E00               	movlw	0
  5285  001344  6E0B               	movwf	contains_ci@i^0,c
  5286  001346  EF0F  F00A         	goto	l2138
  5287  00134A                     l2120:
  5288                           
  5289                           ;AWS_Standard_Weight_Converter_V2.c: 586:     {;AWS_Standard_Weight_Converter_V2.c: 587:
      +                                   j = 0u;
  5290  00134A  0E00               	movlw	0
  5291  00134C  6E0C               	movwf	contains_ci@j^0,c
  5292                           
  5293                           ;AWS_Standard_Weight_Converter_V2.c: 588:         while ((pattern[j] != '\0') &&
  5294  00134E  EFAA  F009         	goto	l2124
  5295  001352                     l2122:
  5296                           
  5297                           ;AWS_Standard_Weight_Converter_V2.c: 591:         {;AWS_Standard_Weight_Converter_V2.c: 
      +                          592:             j++;
  5298  001352  2A0C               	incf	contains_ci@j^0,f,c
  5299  001354                     l2124:
  5300                           
  5301                           ;AWS_Standard_Weight_Converter_V2.c: 588:         while ((pattern[j] != '\0') &&
  5302  001354  500C               	movf	contains_ci@j^0,w,c
  5303  001356  2404               	addwf	contains_ci@pattern^0,w,c
  5304  001358  6E06               	movwf	??_contains_ci^0,c
  5305  00135A  0E00               	movlw	0
  5306  00135C  2005               	addwfc	(contains_ci@pattern+1)^0,w,c
  5307  00135E  6E07               	movwf	(??_contains_ci+1)^0,c
  5308  001360  C006  FFF6         	movff	??_contains_ci,tblptrl
  5309  001364  C007  FFF7         	movff	??_contains_ci+1,tblptrh
  5310  001368                     	if	0	;tblptru may be non-zero
  5311  001368                     	endif
  5312  001368                     	if	0	;tblptru may be non-zero
  5313  001368                     	endif
  5314  001368  0008               	tblrd		*
  5315  00136A  50F5               	movf	tablat,w,c
  5316  00136C  0900               	iorlw	0
  5317  00136E  B4D8               	btfsc	status,2,c
  5318  001370  EFBC  F009         	goto	u1601
  5319  001374  EFBE  F009         	goto	u1600
  5320  001378                     u1601:
  5321  001378  EFF8  F009         	goto	l2130
  5322  00137C                     u1600:
  5323  00137C  500B               	movf	contains_ci@i^0,w,c
  5324  00137E  2402               	addwf	contains_ci@text^0,w,c
  5325  001380  6E06               	movwf	??_contains_ci^0,c
  5326  001382  0E00               	movlw	0
  5327  001384  2003               	addwfc	(contains_ci@text+1)^0,w,c
  5328  001386  6E07               	movwf	(??_contains_ci+1)^0,c
  5329  001388  500C               	movf	contains_ci@j^0,w,c
  5330  00138A  2406               	addwf	??_contains_ci^0,w,c
  5331  00138C  6ED9               	movwf	fsr2l,c
  5332  00138E  0E00               	movlw	0
  5333  001390  2007               	addwfc	(??_contains_ci+1)^0,w,c
  5334  001392  6EDA               	movwf	fsr2h,c
  5335  001394  50DF               	movf	indf2,w,c
  5336  001396  B4D8               	btfsc	status,2,c
  5337  001398  EFD0  F009         	goto	u1611
  5338  00139C  EFD2  F009         	goto	u1610
  5339  0013A0                     u1611:
  5340  0013A0  EFF8  F009         	goto	l2130
  5341  0013A4                     u1610:
  5342  0013A4  500B               	movf	contains_ci@i^0,w,c
  5343  0013A6  2402               	addwf	contains_ci@text^0,w,c
  5344  0013A8  6E06               	movwf	??_contains_ci^0,c
  5345  0013AA  0E00               	movlw	0
  5346  0013AC  2003               	addwfc	(contains_ci@text+1)^0,w,c
  5347  0013AE  6E07               	movwf	(??_contains_ci+1)^0,c
  5348  0013B0  500C               	movf	contains_ci@j^0,w,c
  5349  0013B2  2406               	addwf	??_contains_ci^0,w,c
  5350  0013B4  6ED9               	movwf	fsr2l,c
  5351  0013B6  0E00               	movlw	0
  5352  0013B8  2007               	addwfc	(??_contains_ci+1)^0,w,c
  5353  0013BA  6EDA               	movwf	fsr2h,c
  5354  0013BC  50DF               	movf	indf2,w,c
  5355  0013BE  EC74  F011         	call	_upper_ascii
  5356  0013C2  6E08               	movwf	(??_contains_ci+2)^0,c
  5357  0013C4  500C               	movf	contains_ci@j^0,w,c
  5358  0013C6  2404               	addwf	contains_ci@pattern^0,w,c
  5359  0013C8  6E09               	movwf	(??_contains_ci+3)^0,c
  5360  0013CA  0E00               	movlw	0
  5361  0013CC  2005               	addwfc	(contains_ci@pattern+1)^0,w,c
  5362  0013CE  6E0A               	movwf	(??_contains_ci+4)^0,c
  5363  0013D0  C009  FFF6         	movff	??_contains_ci+3,tblptrl
  5364  0013D4  C00A  FFF7         	movff	??_contains_ci+4,tblptrh
  5365  0013D8                     	if	0	;tblptru may be non-zero
  5366  0013D8                     	endif
  5367  0013D8                     	if	0	;tblptru may be non-zero
  5368  0013D8                     	endif
  5369  0013D8  0008               	tblrd		*
  5370  0013DA  50F5               	movf	tablat,w,c
  5371  0013DC  EC74  F011         	call	_upper_ascii
  5372  0013E0  1808               	xorwf	(??_contains_ci+2)^0,w,c
  5373  0013E2  B4D8               	btfsc	status,2,c
  5374  0013E4  EFF6  F009         	goto	u1621
  5375  0013E8  EFF8  F009         	goto	u1620
  5376  0013EC                     u1621:
  5377  0013EC  EFA9  F009         	goto	l2122
  5378  0013F0                     u1620:
  5379  0013F0                     l2130:
  5380                           
  5381                           ;AWS_Standard_Weight_Converter_V2.c: 594:         if (pattern[j] == '\0')
  5382  0013F0  500C               	movf	contains_ci@j^0,w,c
  5383  0013F2  2404               	addwf	contains_ci@pattern^0,w,c
  5384  0013F4  6E06               	movwf	??_contains_ci^0,c
  5385  0013F6  0E00               	movlw	0
  5386  0013F8  2005               	addwfc	(contains_ci@pattern+1)^0,w,c
  5387  0013FA  6E07               	movwf	(??_contains_ci+1)^0,c
  5388  0013FC  C006  FFF6         	movff	??_contains_ci,tblptrl
  5389  001400  C007  FFF7         	movff	??_contains_ci+1,tblptrh
  5390  001404                     	if	0	;tblptru may be non-zero
  5391  001404                     	endif
  5392  001404                     	if	0	;tblptru may be non-zero
  5393  001404                     	endif
  5394  001404  0008               	tblrd		*
  5395  001406  50F5               	movf	tablat,w,c
  5396  001408  0900               	iorlw	0
  5397  00140A  A4D8               	btfss	status,2,c
  5398  00140C  EF0A  F00A         	goto	u1631
  5399  001410  EF0C  F00A         	goto	u1630
  5400  001414                     u1631:
  5401  001414  EF0E  F00A         	goto	l2136
  5402  001418                     u1630:
  5403  001418  EF9E  F009         	goto	l2114
  5404  00141C                     l2136:
  5405                           
  5406                           ;AWS_Standard_Weight_Converter_V2.c: 598:     }
  5407  00141C  2A0B               	incf	contains_ci@i^0,f,c
  5408  00141E                     l2138:
  5409  00141E  500B               	movf	contains_ci@i^0,w,c
  5410  001420  2402               	addwf	contains_ci@text^0,w,c
  5411  001422  6ED9               	movwf	fsr2l,c
  5412  001424  0E00               	movlw	0
  5413  001426  2003               	addwfc	(contains_ci@text+1)^0,w,c
  5414  001428  6EDA               	movwf	fsr2h,c
  5415  00142A  50DF               	movf	indf2,w,c
  5416  00142C  A4D8               	btfss	status,2,c
  5417  00142E  EF1B  F00A         	goto	u1641
  5418  001432  EF1D  F00A         	goto	u1640
  5419  001436                     u1641:
  5420  001436  EFA5  F009         	goto	l2120
  5421  00143A                     u1640:
  5422  00143A  EF8D  F009         	goto	l2108
  5423  00143E                     l214:
  5424  00143E  0012               	return		;funcret
  5425  001440                     __end_of_contains_ci:
  5426                           	callstack 0
  5427                           
  5428 ;; *************** function _upper_ascii *****************
  5429 ;; Defined at:
  5430 ;;		line 561 in file "AWS_Standard_Weight_Converter_V2.c"
  5431 ;; Parameters:    Size  Location     Type
  5432 ;;  c               1    wreg     unsigned char 
  5433 ;; Auto vars:     Size  Location     Type
  5434 ;;  c               1    0[COMRAM] unsigned char 
  5435 ;; Return value:  Size  Location     Type
  5436 ;;                  1    wreg      unsigned char 
  5437 ;; Registers used:
  5438 ;;		wreg, status,2, status,0
  5439 ;; Tracked objects:
  5440 ;;		On entry : 0/0
  5441 ;;		On exit  : 0/0
  5442 ;;		Unchanged: 0/0
  5443 ;; Data sizes:     COMRAM   BANK0   BANK1   BANK2   BANK3   BANK4   BANK5
  5444 ;;      Params:         0       0       0       0       0       0       0
  5445 ;;      Locals:         1       0       0       0       0       0       0
  5446 ;;      Temps:          0       0       0       0       0       0       0
  5447 ;;      Totals:         1       0       0       0       0       0       0
  5448 ;;Total ram usage:        1 bytes
  5449 ;; Hardware stack levels used:    1
  5450 ;; Hardware stack levels required when called:    1
  5451 ;; This function calls:
  5452 ;;		Nothing
  5453 ;; This function is called by:
  5454 ;;		_is_alpha_ascii
  5455 ;;		_contains_ci
  5456 ;;		_contains_isolated_letter_ci
  5457 ;; This function uses a non-reentrant model
  5458 ;;
  5459                           
  5460                           	psect	text32
  5461  0022E8                     __ptext32:
  5462                           	callstack 0
  5463  0022E8                     _upper_ascii:
  5464                           	callstack 25
  5465                           
  5466                           ;incstack = 0
  5467                           ;upper_ascii@c stored from wreg
  5468  0022E8  6E01               	movwf	upper_ascii@c^0,c
  5469  0022EA                     
  5470                           ;AWS_Standard_Weight_Converter_V2.c: 561: static char upper_ascii(char c);AWS_Standard_W
      +                          eight_Converter_V2.c: 562: {;AWS_Standard_Weight_Converter_V2.c: 563:     if ((c >= 'a')
      +                           && (c <= 'z'))
  5471  0022EA  0E60               	movlw	96
  5472  0022EC  6401               	cpfsgt	upper_ascii@c^0,c
  5473  0022EE  EF7B  F011         	goto	u1371
  5474  0022F2  EF7D  F011         	goto	u1370
  5475  0022F6                     u1371:
  5476  0022F6  EF89  F011         	goto	l1994
  5477  0022FA                     u1370:
  5478  0022FA  0E7B               	movlw	123
  5479  0022FC  6001               	cpfslt	upper_ascii@c^0,c
  5480  0022FE  EF83  F011         	goto	u1381
  5481  002302  EF85  F011         	goto	u1380
  5482  002306                     u1381:
  5483  002306  EF89  F011         	goto	l1994
  5484  00230A                     u1380:
  5485  00230A                     
  5486                           ;AWS_Standard_Weight_Converter_V2.c: 564:     {;AWS_Standard_Weight_Converter_V2.c: 565:
      +                                   return (char)(c - 32);
  5487  00230A  5001               	movf	upper_ascii@c^0,w,c
  5488  00230C  0FE0               	addlw	224
  5489  00230E  EF8A  F011         	goto	l208
  5490  002312                     l1994:
  5491                           
  5492                           ;AWS_Standard_Weight_Converter_V2.c: 567:     return c;
  5493  002312  5001               	movf	upper_ascii@c^0,w,c
  5494  002314                     l208:
  5495  002314  0012               	return		;funcret
  5496  002316                     __end_of_upper_ascii:
  5497                           	callstack 0
  5498                           
  5499 ;; *************** function _convert_native_milli_to_milli_kg *****************
  5500 ;; Defined at:
  5501 ;;		line 896 in file "AWS_Standard_Weight_Converter_V2.c"
  5502 ;; Parameters:    Size  Location     Type
  5503 ;;  native_milli    4   25[COMRAM] long 
  5504 ;;  unit            1   29[COMRAM] enum E5736
  5505 ;; Auto vars:     Size  Location     Type
  5506 ;;  temp64          8   35[COMRAM] unsigned long long 
  5507 ;;  abs_native      4   47[COMRAM] unsigned long 
  5508 ;;  converted       4   43[COMRAM] unsigned long 
  5509 ;;  negative        1   34[COMRAM] _Bool 
  5510 ;; Return value:  Size  Location     Type
  5511 ;;                  4   25[COMRAM] long 
  5512 ;; Registers used:
  5513 ;;		wreg, fsr2l, fsr2h, status,2, status,0, cstack
  5514 ;; Tracked objects:
  5515 ;;		On entry : 0/0
  5516 ;;		On exit  : 0/0
  5517 ;;		Unchanged: 0/0
  5518 ;; Data sizes:     COMRAM   BANK0   BANK1   BANK2   BANK3   BANK4   BANK5
  5519 ;;      Params:         5       0       0       0       0       0       0
  5520 ;;      Locals:        17       0       0       0       0       0       0
  5521 ;;      Temps:          4       0       0       0       0       0       0
  5522 ;;      Totals:        26       0       0       0       0       0       0
  5523 ;;Total ram usage:       26 bytes
  5524 ;; Hardware stack levels used:    1
  5525 ;; Hardware stack levels required when called:    2
  5526 ;; This function calls:
  5527 ;;		___lldiv
  5528 ;;		___lmul
  5529 ;;		___lodiv
  5530 ;;		___omul
  5531 ;; This function is called by:
  5532 ;;		_parse_weight_line
  5533 ;; This function uses a non-reentrant model
  5534 ;;
  5535                           
  5536                           	psect	text33
  5537  000B6A                     __ptext33:
  5538                           	callstack 0
  5539  000B6A                     _convert_native_milli_to_milli_kg:
  5540                           	callstack 26
  5541  000B6A                     
  5542                           ;AWS_Standard_Weight_Converter_V2.c: 896: static int32_t convert_native_milli_to_milli_k
      +                          g(int32_t native_milli_value, WeightUnit unit);AWS_Standard_Weight_Converter_V2.c: 897: 
      +                          {;AWS_Standard_Weight_Converter_V2.c: 898:     _Bool negative;;AWS_Standard_Weight_Conve
      +                          rter_V2.c: 899:     uint32_t abs_native;;AWS_Standard_Weight_Converter_V2.c: 900:     ui
      +                          nt32_t converted;;AWS_Standard_Weight_Converter_V2.c: 901:     uint64_t temp64;;AWS_Stan
      +                          dard_Weight_Converter_V2.c: 903:     negative = 0;
  5543  000B6A  0E00               	movlw	0
  5544  000B6C  6E23               	movwf	convert_native_milli_to_milli_kg@negative^0,c
  5545  000B6E                     
  5546                           ;AWS_Standard_Weight_Converter_V2.c: 904:     if (native_milli_value < 0)
  5547  000B6E  BE1D               	btfsc	(convert_native_milli_to_milli_kg@native_milli_value+3)^0,7,c
  5548  000B70  EFBE  F005         	goto	u2370
  5549  000B74  EFBC  F005         	goto	u2371
  5550  000B78                     u2371:
  5551  000B78  EFDB  F005         	goto	l325
  5552  000B7C                     u2370:
  5553  000B7C                     
  5554                           ;AWS_Standard_Weight_Converter_V2.c: 905:     {;AWS_Standard_Weight_Converter_V2.c: 906:
      +                                   negative = 1;
  5555  000B7C  0E01               	movlw	1
  5556  000B7E  6E23               	movwf	convert_native_milli_to_milli_kg@negative^0,c
  5557  000B80                     
  5558                           ;AWS_Standard_Weight_Converter_V2.c: 907:         abs_native = (uint32_t)(-native_milli_
      +                          value);
  5559  000B80  C01A  F01F         	movff	convert_native_milli_to_milli_kg@native_milli_value,??_convert_native_milli_to_mi
      +                          lli_kg
  5560  000B84  C01B  F020         	movff	convert_native_milli_to_milli_kg@native_milli_value+1,??_convert_native_milli_to_
      +                          milli_kg+1
  5561  000B88  C01C  F021         	movff	convert_native_milli_to_milli_kg@native_milli_value+2,??_convert_native_milli_to_
      +                          milli_kg+2
  5562  000B8C  C01D  F022         	movff	convert_native_milli_to_milli_kg@native_milli_value+3,??_convert_native_milli_to_
      +                          milli_kg+3
  5563  000B90  1E1F               	comf	??_convert_native_milli_to_milli_kg^0,f,c
  5564  000B92  1E20               	comf	(??_convert_native_milli_to_milli_kg+1)^0,f,c
  5565  000B94  1E21               	comf	(??_convert_native_milli_to_milli_kg+2)^0,f,c
  5566  000B96  1E22               	comf	(??_convert_native_milli_to_milli_kg+3)^0,f,c
  5567  000B98  2A1F               	incf	??_convert_native_milli_to_milli_kg^0,f,c
  5568  000B9A  0E00               	movlw	0
  5569  000B9C  2220               	addwfc	(??_convert_native_milli_to_milli_kg+1)^0,f,c
  5570  000B9E  2221               	addwfc	(??_convert_native_milli_to_milli_kg+2)^0,f,c
  5571  000BA0  2222               	addwfc	(??_convert_native_milli_to_milli_kg+3)^0,f,c
  5572  000BA2  C01F  F030         	movff	??_convert_native_milli_to_milli_kg,convert_native_milli_to_milli_kg@abs_native
  5573  000BA6  C020  F031         	movff	??_convert_native_milli_to_milli_kg+1,convert_native_milli_to_milli_kg@abs_native
      +                          +1
  5574  000BAA  C021  F032         	movff	??_convert_native_milli_to_milli_kg+2,convert_native_milli_to_milli_kg@abs_native
      +                          +2
  5575  000BAE  C022  F033         	movff	??_convert_native_milli_to_milli_kg+3,convert_native_milli_to_milli_kg@abs_native
      +                          +3
  5576                           
  5577                           ;AWS_Standard_Weight_Converter_V2.c: 908:     }
  5578  000BB2  EFD3  F006         	goto	l2488
  5579  000BB6                     l325:
  5580                           
  5581                           ;AWS_Standard_Weight_Converter_V2.c: 910:     {;AWS_Standard_Weight_Converter_V2.c: 911:
      +                                   abs_native = (uint32_t)native_milli_value;
  5582  000BB6  C01A  F030         	movff	convert_native_milli_to_milli_kg@native_milli_value,convert_native_milli_to_milli
      +                          _kg@abs_native
  5583  000BBA  C01B  F031         	movff	convert_native_milli_to_milli_kg@native_milli_value+1,convert_native_milli_to_mil
      +                          li_kg@abs_native+1
  5584  000BBE  C01C  F032         	movff	convert_native_milli_to_milli_kg@native_milli_value+2,convert_native_milli_to_mil
      +                          li_kg@abs_native+2
  5585  000BC2  C01D  F033         	movff	convert_native_milli_to_milli_kg@native_milli_value+3,convert_native_milli_to_mil
      +                          li_kg@abs_native+3
  5586  000BC6  EFD3  F006         	goto	l2488
  5587  000BCA                     l2470:
  5588                           
  5589                           ;AWS_Standard_Weight_Converter_V2.c: 918:             converted = (abs_native + 500UL) /
      +                           1000UL;
  5590  000BCA  0EF4               	movlw	244
  5591  000BCC  2430               	addwf	convert_native_milli_to_milli_kg@abs_native^0,w,c
  5592  000BCE  6E01               	movwf	___lldiv@dividend^0,c
  5593  000BD0  0E01               	movlw	1
  5594  000BD2  2031               	addwfc	(convert_native_milli_to_milli_kg@abs_native+1)^0,w,c
  5595  000BD4  6E02               	movwf	(___lldiv@dividend+1)^0,c
  5596  000BD6  0E00               	movlw	0
  5597  000BD8  2032               	addwfc	(convert_native_milli_to_milli_kg@abs_native+2)^0,w,c
  5598  000BDA  6E03               	movwf	(___lldiv@dividend+2)^0,c
  5599  000BDC  0E00               	movlw	0
  5600  000BDE  2033               	addwfc	(convert_native_milli_to_milli_kg@abs_native+3)^0,w,c
  5601  000BE0  6E04               	movwf	(___lldiv@dividend+3)^0,c
  5602  000BE2  0EE8               	movlw	232
  5603  000BE4  6E05               	movwf	___lldiv@divisor^0,c
  5604  000BE6  0E03               	movlw	3
  5605  000BE8  6E06               	movwf	(___lldiv@divisor+1)^0,c
  5606  000BEA  0E00               	movlw	0
  5607  000BEC  6E07               	movwf	(___lldiv@divisor+2)^0,c
  5608  000BEE  0E00               	movlw	0
  5609  000BF0  6E08               	movwf	(___lldiv@divisor+3)^0,c
  5610  000BF2  EC12  F00F         	call	___lldiv	;wreg free
  5611  000BF6  C001  F02C         	movff	?___lldiv,convert_native_milli_to_milli_kg@converted
  5612  000BFA  C002  F02D         	movff	?___lldiv+1,convert_native_milli_to_milli_kg@converted+1
  5613  000BFE  C003  F02E         	movff	?___lldiv+2,convert_native_milli_to_milli_kg@converted+2
  5614  000C02  C004  F02F         	movff	?___lldiv+3,convert_native_milli_to_milli_kg@converted+3
  5615                           
  5616                           ;AWS_Standard_Weight_Converter_V2.c: 919:             break;
  5617  000C06  EFF4  F006         	goto	l2490
  5618  000C0A                     l2472:
  5619                           
  5620                           ;AWS_Standard_Weight_Converter_V2.c: 922:             temp64 = (uint64_t)abs_native * 45
      +                          359237ULL;
  5621  000C0A  5030               	movf	convert_native_milli_to_milli_kg@abs_native^0,w,c
  5622  000C0C  6E01               	movwf	___omul@multiplier^0,c
  5623  000C0E  5031               	movf	(convert_native_milli_to_milli_kg@abs_native+1)^0,w,c
  5624  000C10  6E02               	movwf	(___omul@multiplier+1)^0,c
  5625  000C12  5032               	movf	(convert_native_milli_to_milli_kg@abs_native+2)^0,w,c
  5626  000C14  6E03               	movwf	(___omul@multiplier+2)^0,c
  5627  000C16  5033               	movf	(convert_native_milli_to_milli_kg@abs_native+3)^0,w,c
  5628  000C18  6E04               	movwf	(___omul@multiplier+3)^0,c
  5629  000C1A  6A05               	clrf	(___omul@multiplier+4)^0,c
  5630  000C1C  6A06               	clrf	(___omul@multiplier+5)^0,c
  5631  000C1E  6A07               	clrf	(___omul@multiplier+6)^0,c
  5632  000C20  6A08               	clrf	(___omul@multiplier+7)^0,c
  5633  000C22  0E85               	movlw	133
  5634  000C24  6E09               	movwf	___omul@multiplicand^0,c
  5635  000C26  0E20               	movlw	32
  5636  000C28  6E0A               	movwf	(___omul@multiplicand+1)^0,c
  5637  000C2A  0EB4               	movlw	180
  5638  000C2C  6E0B               	movwf	(___omul@multiplicand+2)^0,c
  5639  000C2E  0E02               	movlw	2
  5640  000C30  6E0C               	movwf	(___omul@multiplicand+3)^0,c
  5641  000C32  0E00               	movlw	0
  5642  000C34  6E0D               	movwf	(___omul@multiplicand+4)^0,c
  5643  000C36  0E00               	movlw	0
  5644  000C38  6E0E               	movwf	(___omul@multiplicand+5)^0,c
  5645  000C3A  0E00               	movlw	0
  5646  000C3C  6E0F               	movwf	(___omul@multiplicand+6)^0,c
  5647  000C3E  0E00               	movlw	0
  5648  000C40  6E10               	movwf	(___omul@multiplicand+7)^0,c
  5649  000C42  EC64  F00F         	call	___omul	;wreg free
  5650  000C46  C001  F024         	movff	?___omul,convert_native_milli_to_milli_kg@temp64
  5651  000C4A  C002  F025         	movff	?___omul+1,convert_native_milli_to_milli_kg@temp64+1
  5652  000C4E  C003  F026         	movff	?___omul+2,convert_native_milli_to_milli_kg@temp64+2
  5653  000C52  C004  F027         	movff	?___omul+3,convert_native_milli_to_milli_kg@temp64+3
  5654  000C56  C005  F028         	movff	?___omul+4,convert_native_milli_to_milli_kg@temp64+4
  5655  000C5A  C006  F029         	movff	?___omul+5,convert_native_milli_to_milli_kg@temp64+5
  5656  000C5E  C007  F02A         	movff	?___omul+6,convert_native_milli_to_milli_kg@temp64+6
  5657  000C62  C008  F02B         	movff	?___omul+7,convert_native_milli_to_milli_kg@temp64+7
  5658  000C66                     
  5659                           ;AWS_Standard_Weight_Converter_V2.c: 923:             temp64 += 50000000ULL;
  5660  000C66  0E80               	movlw	128
  5661  000C68  2624               	addwf	convert_native_milli_to_milli_kg@temp64^0,f,c
  5662  000C6A  0EF0               	movlw	240
  5663  000C6C  2225               	addwfc	(convert_native_milli_to_milli_kg@temp64+1)^0,f,c
  5664  000C6E  0EFA               	movlw	250
  5665  000C70  2226               	addwfc	(convert_native_milli_to_milli_kg@temp64+2)^0,f,c
  5666  000C72  0E02               	movlw	2
  5667  000C74  2227               	addwfc	(convert_native_milli_to_milli_kg@temp64+3)^0,f,c
  5668  000C76  0E00               	movlw	0
  5669  000C78  2228               	addwfc	(convert_native_milli_to_milli_kg@temp64+4)^0,f,c
  5670  000C7A  0E00               	movlw	0
  5671  000C7C  2229               	addwfc	(convert_native_milli_to_milli_kg@temp64+5)^0,f,c
  5672  000C7E  0E00               	movlw	0
  5673  000C80  222A               	addwfc	(convert_native_milli_to_milli_kg@temp64+6)^0,f,c
  5674  000C82  0E00               	movlw	0
  5675  000C84  222B               	addwfc	(convert_native_milli_to_milli_kg@temp64+7)^0,f,c
  5676  000C86                     
  5677                           ;AWS_Standard_Weight_Converter_V2.c: 924:             temp64 /= 100000000ULL;
  5678  000C86  C024  F001         	movff	convert_native_milli_to_milli_kg@temp64,___lodiv@dividend
  5679  000C8A  C025  F002         	movff	convert_native_milli_to_milli_kg@temp64+1,___lodiv@dividend+1
  5680  000C8E  C026  F003         	movff	convert_native_milli_to_milli_kg@temp64+2,___lodiv@dividend+2
  5681  000C92  C027  F004         	movff	convert_native_milli_to_milli_kg@temp64+3,___lodiv@dividend+3
  5682  000C96  C028  F005         	movff	convert_native_milli_to_milli_kg@temp64+4,___lodiv@dividend+4
  5683  000C9A  C029  F006         	movff	convert_native_milli_to_milli_kg@temp64+5,___lodiv@dividend+5
  5684  000C9E  C02A  F007         	movff	convert_native_milli_to_milli_kg@temp64+6,___lodiv@dividend+6
  5685  000CA2  C02B  F008         	movff	convert_native_milli_to_milli_kg@temp64+7,___lodiv@dividend+7
  5686  000CA6  0E00               	movlw	0
  5687  000CA8  6E09               	movwf	___lodiv@divisor^0,c
  5688  000CAA  0EE1               	movlw	225
  5689  000CAC  6E0A               	movwf	(___lodiv@divisor+1)^0,c
  5690  000CAE  0EF5               	movlw	245
  5691  000CB0  6E0B               	movwf	(___lodiv@divisor+2)^0,c
  5692  000CB2  0E05               	movlw	5
  5693  000CB4  6E0C               	movwf	(___lodiv@divisor+3)^0,c
  5694  000CB6  0E00               	movlw	0
  5695  000CB8  6E0D               	movwf	(___lodiv@divisor+4)^0,c
  5696  000CBA  0E00               	movlw	0
  5697  000CBC  6E0E               	movwf	(___lodiv@divisor+5)^0,c
  5698  000CBE  0E00               	movlw	0
  5699  000CC0  6E0F               	movwf	(___lodiv@divisor+6)^0,c
  5700  000CC2  0E00               	movlw	0
  5701  000CC4  6E10               	movwf	(___lodiv@divisor+7)^0,c
  5702  000CC6  EC12  F00D         	call	___lodiv	;wreg free
  5703  000CCA  C001  F024         	movff	?___lodiv,convert_native_milli_to_milli_kg@temp64
  5704  000CCE  C002  F025         	movff	?___lodiv+1,convert_native_milli_to_milli_kg@temp64+1
  5705  000CD2  C003  F026         	movff	?___lodiv+2,convert_native_milli_to_milli_kg@temp64+2
  5706  000CD6  C004  F027         	movff	?___lodiv+3,convert_native_milli_to_milli_kg@temp64+3
  5707  000CDA  C005  F028         	movff	?___lodiv+4,convert_native_milli_to_milli_kg@temp64+4
  5708  000CDE  C006  F029         	movff	?___lodiv+5,convert_native_milli_to_milli_kg@temp64+5
  5709  000CE2  C007  F02A         	movff	?___lodiv+6,convert_native_milli_to_milli_kg@temp64+6
  5710  000CE6  C008  F02B         	movff	?___lodiv+7,convert_native_milli_to_milli_kg@temp64+7
  5711                           
  5712                           ;AWS_Standard_Weight_Converter_V2.c: 925:             if (temp64 > 2000000000ULL)
  5713  000CEA  502B               	movf	(convert_native_milli_to_milli_kg@temp64+7)^0,w,c
  5714  000CEC  102A               	iorwf	(convert_native_milli_to_milli_kg@temp64+6)^0,w,c
  5715  000CEE  1029               	iorwf	(convert_native_milli_to_milli_kg@temp64+5)^0,w,c
  5716  000CF0  1028               	iorwf	(convert_native_milli_to_milli_kg@temp64+4)^0,w,c
  5717  000CF2  E10E               	bnz	u2380
  5718  000CF4  0424               	decf	convert_native_milli_to_milli_kg@temp64^0,w,c
  5719  000CF6  0E94               	movlw	148
  5720  000CF8  5825               	subwfb	(convert_native_milli_to_milli_kg@temp64+1)^0,w,c
  5721  000CFA  0E35               	movlw	53
  5722  000CFC  5826               	subwfb	(convert_native_milli_to_milli_kg@temp64+2)^0,w,c
  5723  000CFE  0E77               	movlw	119
  5724  000D00  5827               	subwfb	(convert_native_milli_to_milli_kg@temp64+3)^0,w,c
  5725  000D02  A0D8               	btfss	status,0,c
  5726  000D04  EF86  F006         	goto	u2381
  5727  000D08  EF88  F006         	goto	u2380
  5728  000D0C                     u2381:
  5729  000D0C  EF92  F006         	goto	l331
  5730  000D10                     u2380:
  5731  000D10                     l2478:
  5732                           
  5733                           ;AWS_Standard_Weight_Converter_V2.c: 926:             {;AWS_Standard_Weight_Converter_V2
      +                          .c: 927:                 converted = 2000000000UL;
  5734  000D10  0E00               	movlw	0
  5735  000D12  6E2C               	movwf	convert_native_milli_to_milli_kg@converted^0,c
  5736  000D14  0E94               	movlw	148
  5737  000D16  6E2D               	movwf	(convert_native_milli_to_milli_kg@converted+1)^0,c
  5738  000D18  0E35               	movlw	53
  5739  000D1A  6E2E               	movwf	(convert_native_milli_to_milli_kg@converted+2)^0,c
  5740  000D1C  0E77               	movlw	119
  5741  000D1E  6E2F               	movwf	(convert_native_milli_to_milli_kg@converted+3)^0,c
  5742                           
  5743                           ;AWS_Standard_Weight_Converter_V2.c: 928:             }
  5744  000D20  EFF4  F006         	goto	l2490
  5745  000D24                     l331:
  5746                           
  5747                           ;AWS_Standard_Weight_Converter_V2.c: 930:             {;AWS_Standard_Weight_Converter_V2
      +                          .c: 931:                 converted = (uint32_t)temp64;
  5748  000D24  C024  F02C         	movff	convert_native_milli_to_milli_kg@temp64,convert_native_milli_to_milli_kg@converte
      +                          d
  5749  000D28  C025  F02D         	movff	convert_native_milli_to_milli_kg@temp64+1,convert_native_milli_to_milli_kg@conver
      +                          ted+1
  5750  000D2C  C026  F02E         	movff	convert_native_milli_to_milli_kg@temp64+2,convert_native_milli_to_milli_kg@conver
      +                          ted+2
  5751  000D30  C027  F02F         	movff	convert_native_milli_to_milli_kg@temp64+3,convert_native_milli_to_milli_kg@conver
      +                          ted+3
  5752  000D34  EFF4  F006         	goto	l2490
  5753  000D38                     l2480:
  5754                           
  5755                           ;AWS_Standard_Weight_Converter_V2.c: 936:             if (abs_native > 2000000UL)
  5756  000D38  5033               	movf	(convert_native_milli_to_milli_kg@abs_native+3)^0,w,c
  5757  000D3A  E10D               	bnz	u2390
  5758  000D3C  0E81               	movlw	129
  5759  000D3E  5C30               	subwf	convert_native_milli_to_milli_kg@abs_native^0,w,c
  5760  000D40  0E84               	movlw	132
  5761  000D42  5831               	subwfb	(convert_native_milli_to_milli_kg@abs_native+1)^0,w,c
  5762  000D44  0E1E               	movlw	30
  5763  000D46  5832               	subwfb	(convert_native_milli_to_milli_kg@abs_native+2)^0,w,c
  5764  000D48  A0D8               	btfss	status,0,c
  5765  000D4A  EFA9  F006         	goto	u2391
  5766  000D4E  EFAB  F006         	goto	u2390
  5767  000D52                     u2391:
  5768  000D52  EFAD  F006         	goto	l2484
  5769  000D56                     u2390:
  5770  000D56  EF88  F006         	goto	l2478
  5771  000D5A                     l2484:
  5772                           
  5773                           ;AWS_Standard_Weight_Converter_V2.c: 941:             {;AWS_Standard_Weight_Converter_V2
      +                          .c: 942:                 converted = abs_native * 1000UL;
  5774  000D5A  C030  F001         	movff	convert_native_milli_to_milli_kg@abs_native,___lmul@multiplier
  5775  000D5E  C031  F002         	movff	convert_native_milli_to_milli_kg@abs_native+1,___lmul@multiplier+1
  5776  000D62  C032  F003         	movff	convert_native_milli_to_milli_kg@abs_native+2,___lmul@multiplier+2
  5777  000D66  C033  F004         	movff	convert_native_milli_to_milli_kg@abs_native+3,___lmul@multiplier+3
  5778  000D6A  0EE8               	movlw	232
  5779  000D6C  6E05               	movwf	___lmul@multiplicand^0,c
  5780  000D6E  0E03               	movlw	3
  5781  000D70  6E06               	movwf	(___lmul@multiplicand+1)^0,c
  5782  000D72  0E00               	movlw	0
  5783  000D74  6E07               	movwf	(___lmul@multiplicand+2)^0,c
  5784  000D76  0E00               	movlw	0
  5785  000D78  6E08               	movwf	(___lmul@multiplicand+3)^0,c
  5786  000D7A  EC2E  F010         	call	___lmul	;wreg free
  5787  000D7E  C001  F02C         	movff	?___lmul,convert_native_milli_to_milli_kg@converted
  5788  000D82  C002  F02D         	movff	?___lmul+1,convert_native_milli_to_milli_kg@converted+1
  5789  000D86  C003  F02E         	movff	?___lmul+2,convert_native_milli_to_milli_kg@converted+2
  5790  000D8A  C004  F02F         	movff	?___lmul+3,convert_native_milli_to_milli_kg@converted+3
  5791  000D8E  EFF4  F006         	goto	l2490
  5792  000D92                     l338:
  5793                           
  5794                           ;AWS_Standard_Weight_Converter_V2.c: 949:             converted = abs_native;
  5795  000D92  C030  F02C         	movff	convert_native_milli_to_milli_kg@abs_native,convert_native_milli_to_milli_kg@conv
      +                          erted
  5796  000D96  C031  F02D         	movff	convert_native_milli_to_milli_kg@abs_native+1,convert_native_milli_to_milli_kg@co
      +                          nverted+1
  5797  000D9A  C032  F02E         	movff	convert_native_milli_to_milli_kg@abs_native+2,convert_native_milli_to_milli_kg@co
      +                          nverted+2
  5798  000D9E  C033  F02F         	movff	convert_native_milli_to_milli_kg@abs_native+3,convert_native_milli_to_milli_kg@co
      +                          nverted+3
  5799                           
  5800                           ;AWS_Standard_Weight_Converter_V2.c: 950:             break;
  5801  000DA2  EFF4  F006         	goto	l2490
  5802  000DA6                     l2488:
  5803  000DA6  501E               	movf	convert_native_milli_to_milli_kg@unit^0,w,c
  5804  000DA8  6E1F               	movwf	??_convert_native_milli_to_milli_kg^0,c
  5805  000DAA  6A20               	clrf	(??_convert_native_milli_to_milli_kg+1)^0,c
  5806                           
  5807                           ; Switch on 2 bytes has been partitioned into a top level switch of size 1, and 1 sub-sw
      +                          itches
  5808                           ; Switch size 1, requested type "simple"
  5809                           ; Number of cases is 1, Range of values is 0 to 0
  5810                           ; switch strategies available:
  5811                           ; Name         Instructions Cycles
  5812                           ; simple_byte            4     3 (average)
  5813                           ;	Chosen strategy is simple_byte
  5814  000DAC  5020               	movf	(??_convert_native_milli_to_milli_kg+1)^0,w,c
  5815  000DAE  0A00               	xorlw	0	; case 0
  5816  000DB0  B4D8               	btfsc	status,2,c
  5817  000DB2  EFDD  F006         	goto	l2922
  5818  000DB6  EFC9  F006         	goto	l338
  5819  000DBA                     l2922:
  5820                           
  5821                           ; Switch size 1, requested type "simple"
  5822                           ; Number of cases is 5, Range of values is 0 to 4
  5823                           ; switch strategies available:
  5824                           ; Name         Instructions Cycles
  5825                           ; simple_byte           16     9 (average)
  5826                           ;	Chosen strategy is simple_byte
  5827  000DBA  501F               	movf	??_convert_native_milli_to_milli_kg^0,w,c
  5828  000DBC  0A00               	xorlw	0	; case 0
  5829  000DBE  B4D8               	btfsc	status,2,c
  5830  000DC0  EFC9  F006         	goto	l338
  5831  000DC4  0A01               	xorlw	1	; case 1
  5832  000DC6  B4D8               	btfsc	status,2,c
  5833  000DC8  EFC9  F006         	goto	l338
  5834  000DCC  0A03               	xorlw	3	; case 2
  5835  000DCE  B4D8               	btfsc	status,2,c
  5836  000DD0  EFE5  F005         	goto	l2470
  5837  000DD4  0A01               	xorlw	1	; case 3
  5838  000DD6  B4D8               	btfsc	status,2,c
  5839  000DD8  EF05  F006         	goto	l2472
  5840  000DDC  0A07               	xorlw	7	; case 4
  5841  000DDE  B4D8               	btfsc	status,2,c
  5842  000DE0  EF9C  F006         	goto	l2480
  5843  000DE4  EFC9  F006         	goto	l338
  5844  000DE8                     l2490:
  5845                           
  5846                           ;AWS_Standard_Weight_Converter_V2.c: 956:     if (converted > 2000000000UL)
  5847  000DE8  042C               	decf	convert_native_milli_to_milli_kg@converted^0,w,c
  5848  000DEA  0E94               	movlw	148
  5849  000DEC  582D               	subwfb	(convert_native_milli_to_milli_kg@converted+1)^0,w,c
  5850  000DEE  0E35               	movlw	53
  5851  000DF0  582E               	subwfb	(convert_native_milli_to_milli_kg@converted+2)^0,w,c
  5852  000DF2  0E77               	movlw	119
  5853  000DF4  582F               	subwfb	(convert_native_milli_to_milli_kg@converted+3)^0,w,c
  5854  000DF6  A0D8               	btfss	status,0,c
  5855  000DF8  EF00  F007         	goto	u2401
  5856  000DFC  EF02  F007         	goto	u2400
  5857  000E00                     u2401:
  5858  000E00  EF0A  F007         	goto	l339
  5859  000E04                     u2400:
  5860  000E04                     
  5861                           ;AWS_Standard_Weight_Converter_V2.c: 957:     {;AWS_Standard_Weight_Converter_V2.c: 958:
      +                                   converted = 2000000000UL;
  5862  000E04  0E00               	movlw	0
  5863  000E06  6E2C               	movwf	convert_native_milli_to_milli_kg@converted^0,c
  5864  000E08  0E94               	movlw	148
  5865  000E0A  6E2D               	movwf	(convert_native_milli_to_milli_kg@converted+1)^0,c
  5866  000E0C  0E35               	movlw	53
  5867  000E0E  6E2E               	movwf	(convert_native_milli_to_milli_kg@converted+2)^0,c
  5868  000E10  0E77               	movlw	119
  5869  000E12  6E2F               	movwf	(convert_native_milli_to_milli_kg@converted+3)^0,c
  5870  000E14                     l339:
  5871                           
  5872                           ;AWS_Standard_Weight_Converter_V2.c: 961:     if (negative)
  5873  000E14  5023               	movf	convert_native_milli_to_milli_kg@negative^0,w,c
  5874  000E16  B4D8               	btfsc	status,2,c
  5875  000E18  EF10  F007         	goto	u2411
  5876  000E1C  EF12  F007         	goto	u2410
  5877  000E20                     u2411:
  5878  000E20  EF2D  F007         	goto	l340
  5879  000E24                     u2410:
  5880  000E24                     
  5881                           ;AWS_Standard_Weight_Converter_V2.c: 962:     {;AWS_Standard_Weight_Converter_V2.c: 963:
      +                                   return -((int32_t)converted);
  5882  000E24  C02C  F01F         	movff	convert_native_milli_to_milli_kg@converted,??_convert_native_milli_to_milli_kg
  5883  000E28  C02D  F020         	movff	convert_native_milli_to_milli_kg@converted+1,??_convert_native_milli_to_milli_kg+
      +                          1
  5884  000E2C  C02E  F021         	movff	convert_native_milli_to_milli_kg@converted+2,??_convert_native_milli_to_milli_kg+
      +                          2
  5885  000E30  C02F  F022         	movff	convert_native_milli_to_milli_kg@converted+3,??_convert_native_milli_to_milli_kg+
      +                          3
  5886  000E34  1E1F               	comf	??_convert_native_milli_to_milli_kg^0,f,c
  5887  000E36  1E20               	comf	(??_convert_native_milli_to_milli_kg+1)^0,f,c
  5888  000E38  1E21               	comf	(??_convert_native_milli_to_milli_kg+2)^0,f,c
  5889  000E3A  1E22               	comf	(??_convert_native_milli_to_milli_kg+3)^0,f,c
  5890  000E3C  2A1F               	incf	??_convert_native_milli_to_milli_kg^0,f,c
  5891  000E3E  0E00               	movlw	0
  5892  000E40  2220               	addwfc	(??_convert_native_milli_to_milli_kg+1)^0,f,c
  5893  000E42  2221               	addwfc	(??_convert_native_milli_to_milli_kg+2)^0,f,c
  5894  000E44  2222               	addwfc	(??_convert_native_milli_to_milli_kg+3)^0,f,c
  5895  000E46  C01F  F01A         	movff	??_convert_native_milli_to_milli_kg,?_convert_native_milli_to_milli_kg
  5896  000E4A  C020  F01B         	movff	??_convert_native_milli_to_milli_kg+1,?_convert_native_milli_to_milli_kg+1
  5897  000E4E  C021  F01C         	movff	??_convert_native_milli_to_milli_kg+2,?_convert_native_milli_to_milli_kg+2
  5898  000E52  C022  F01D         	movff	??_convert_native_milli_to_milli_kg+3,?_convert_native_milli_to_milli_kg+3
  5899  000E56  EF35  F007         	goto	l341
  5900  000E5A                     l340:
  5901                           
  5902                           ;AWS_Standard_Weight_Converter_V2.c: 966:     return (int32_t)converted;
  5903  000E5A  C02C  F01A         	movff	convert_native_milli_to_milli_kg@converted,?_convert_native_milli_to_milli_kg
  5904  000E5E  C02D  F01B         	movff	convert_native_milli_to_milli_kg@converted+1,?_convert_native_milli_to_milli_kg+1
  5905  000E62  C02E  F01C         	movff	convert_native_milli_to_milli_kg@converted+2,?_convert_native_milli_to_milli_kg+2
  5906  000E66  C02F  F01D         	movff	convert_native_milli_to_milli_kg@converted+3,?_convert_native_milli_to_milli_kg+3
  5907  000E6A                     l341:
  5908  000E6A  0012               	return		;funcret
  5909  000E6C                     __end_of_convert_native_milli_to_milli_kg:
  5910                           	callstack 0
  5911                           
  5912 ;; *************** function ___omul *****************
  5913 ;; Defined at:
  5914 ;;		line 91 in file "C:\Program Files\Microchip\xc8\v2.31\pic\sources\c99\common\Umul64.c"
  5915 ;; Parameters:    Size  Location     Type
  5916 ;;  multiplier      8    0[COMRAM] unsigned long long 
  5917 ;;  multiplicand    8    8[COMRAM] unsigned long long 
  5918 ;; Auto vars:     Size  Location     Type
  5919 ;;  product         8   16[COMRAM] unsigned long long 
  5920 ;; Return value:  Size  Location     Type
  5921 ;;                  8    0[COMRAM] unsigned long long 
  5922 ;; Registers used:
  5923 ;;		wreg, fsr2l, fsr2h, status,2, status,0
  5924 ;; Tracked objects:
  5925 ;;		On entry : 0/0
  5926 ;;		On exit  : 0/0
  5927 ;;		Unchanged: 0/0
  5928 ;; Data sizes:     COMRAM   BANK0   BANK1   BANK2   BANK3   BANK4   BANK5
  5929 ;;      Params:        16       0       0       0       0       0       0
  5930 ;;      Locals:         8       0       0       0       0       0       0
  5931 ;;      Temps:          0       0       0       0       0       0       0
  5932 ;;      Totals:        24       0       0       0       0       0       0
  5933 ;;Total ram usage:       24 bytes
  5934 ;; Hardware stack levels used:    1
  5935 ;; Hardware stack levels required when called:    1
  5936 ;; This function calls:
  5937 ;;		Nothing
  5938 ;; This function is called by:
  5939 ;;		_convert_native_milli_to_milli_kg
  5940 ;; This function uses a non-reentrant model
  5941 ;;
  5942                           
  5943                           	psect	text34
  5944  001EC8                     __ptext34:
  5945                           	callstack 0
  5946  001EC8                     ___omul:
  5947                           	callstack 26
  5948  001EC8  EE20  F011         	lfsr	2,___omul@product
  5949  001ECC  0E07               	movlw	7
  5950  001ECE                     u1941:
  5951  001ECE  6ADE               	clrf	postinc2,c
  5952  001ED0  06E8               	decf	wreg,f,c
  5953  001ED2  E2FD               	bc	u1941
  5954  001ED4                     l2292:
  5955  001ED4  A001               	btfss	___omul@multiplier^0,0,c
  5956  001ED6  EF6F  F00F         	goto	u1951
  5957  001EDA  EF71  F00F         	goto	u1950
  5958  001EDE                     u1951:
  5959  001EDE  EF81  F00F         	goto	l2296
  5960  001EE2                     u1950:
  5961  001EE2  5009               	movf	___omul@multiplicand^0,w,c
  5962  001EE4  2611               	addwf	___omul@product^0,f,c
  5963  001EE6  500A               	movf	(___omul@multiplicand+1)^0,w,c
  5964  001EE8  2212               	addwfc	(___omul@product+1)^0,f,c
  5965  001EEA  500B               	movf	(___omul@multiplicand+2)^0,w,c
  5966  001EEC  2213               	addwfc	(___omul@product+2)^0,f,c
  5967  001EEE  500C               	movf	(___omul@multiplicand+3)^0,w,c
  5968  001EF0  2214               	addwfc	(___omul@product+3)^0,f,c
  5969  001EF2  500D               	movf	(___omul@multiplicand+4)^0,w,c
  5970  001EF4  2215               	addwfc	(___omul@product+4)^0,f,c
  5971  001EF6  500E               	movf	(___omul@multiplicand+5)^0,w,c
  5972  001EF8  2216               	addwfc	(___omul@product+5)^0,f,c
  5973  001EFA  500F               	movf	(___omul@multiplicand+6)^0,w,c
  5974  001EFC  2217               	addwfc	(___omul@product+6)^0,f,c
  5975  001EFE  5010               	movf	(___omul@multiplicand+7)^0,w,c
  5976  001F00  2218               	addwfc	(___omul@product+7)^0,f,c
  5977  001F02                     l2296:
  5978  001F02  90D8               	bcf	status,0,c
  5979  001F04  3609               	rlcf	___omul@multiplicand^0,f,c
  5980  001F06  360A               	rlcf	(___omul@multiplicand+1)^0,f,c
  5981  001F08  360B               	rlcf	(___omul@multiplicand+2)^0,f,c
  5982  001F0A  360C               	rlcf	(___omul@multiplicand+3)^0,f,c
  5983  001F0C  360D               	rlcf	(___omul@multiplicand+4)^0,f,c
  5984  001F0E  360E               	rlcf	(___omul@multiplicand+5)^0,f,c
  5985  001F10  360F               	rlcf	(___omul@multiplicand+6)^0,f,c
  5986  001F12  3610               	rlcf	(___omul@multiplicand+7)^0,f,c
  5987  001F14  90D8               	bcf	status,0,c
  5988  001F16  3208               	rrcf	(___omul@multiplier+7)^0,f,c
  5989  001F18  3207               	rrcf	(___omul@multiplier+6)^0,f,c
  5990  001F1A  3206               	rrcf	(___omul@multiplier+5)^0,f,c
  5991  001F1C  3205               	rrcf	(___omul@multiplier+4)^0,f,c
  5992  001F1E  3204               	rrcf	(___omul@multiplier+3)^0,f,c
  5993  001F20  3203               	rrcf	(___omul@multiplier+2)^0,f,c
  5994  001F22  3202               	rrcf	(___omul@multiplier+1)^0,f,c
  5995  001F24  3201               	rrcf	___omul@multiplier^0,f,c
  5996  001F26  5001               	movf	___omul@multiplier^0,w,c
  5997  001F28  1002               	iorwf	(___omul@multiplier+1)^0,w,c
  5998  001F2A  1003               	iorwf	(___omul@multiplier+2)^0,w,c
  5999  001F2C  1004               	iorwf	(___omul@multiplier+3)^0,w,c
  6000  001F2E  1005               	iorwf	(___omul@multiplier+4)^0,w,c
  6001  001F30  1006               	iorwf	(___omul@multiplier+5)^0,w,c
  6002  001F32  1007               	iorwf	(___omul@multiplier+6)^0,w,c
  6003  001F34  1008               	iorwf	(___omul@multiplier+7)^0,w,c
  6004  001F36  A4D8               	btfss	status,2,c
  6005  001F38  EFA0  F00F         	goto	u1961
  6006  001F3C  EFA2  F00F         	goto	u1960
  6007  001F40                     u1961:
  6008  001F40  EF6A  F00F         	goto	l2292
  6009  001F44                     u1960:
  6010  001F44  C011  F001         	movff	___omul@product,?___omul
  6011  001F48  C012  F002         	movff	___omul@product+1,?___omul+1
  6012  001F4C  C013  F003         	movff	___omul@product+2,?___omul+2
  6013  001F50  C014  F004         	movff	___omul@product+3,?___omul+3
  6014  001F54  C015  F005         	movff	___omul@product+4,?___omul+4
  6015  001F58  C016  F006         	movff	___omul@product+5,?___omul+5
  6016  001F5C  C017  F007         	movff	___omul@product+6,?___omul+6
  6017  001F60  C018  F008         	movff	___omul@product+7,?___omul+7
  6018  001F64  0012               	return		;funcret
  6019  001F66                     __end_of___omul:
  6020                           	callstack 0
  6021                           
  6022 ;; *************** function ___lodiv *****************
  6023 ;; Defined at:
  6024 ;;		line 9 in file "C:\Program Files\Microchip\xc8\v2.31\pic\sources\c99\common\lodiv.c"
  6025 ;; Parameters:    Size  Location     Type
  6026 ;;  dividend        8    0[COMRAM] unsigned long long 
  6027 ;;  divisor         8    8[COMRAM] unsigned long long 
  6028 ;; Auto vars:     Size  Location     Type
  6029 ;;  quotient        8   16[COMRAM] unsigned long long 
  6030 ;;  counter         1   24[COMRAM] unsigned char 
  6031 ;; Return value:  Size  Location     Type
  6032 ;;                  8    0[COMRAM] unsigned long long 
  6033 ;; Registers used:
  6034 ;;		wreg, fsr2l, fsr2h, status,2, status,0
  6035 ;; Tracked objects:
  6036 ;;		On entry : 0/0
  6037 ;;		On exit  : 0/0
  6038 ;;		Unchanged: 0/0
  6039 ;; Data sizes:     COMRAM   BANK0   BANK1   BANK2   BANK3   BANK4   BANK5
  6040 ;;      Params:        16       0       0       0       0       0       0
  6041 ;;      Locals:         9       0       0       0       0       0       0
  6042 ;;      Temps:          0       0       0       0       0       0       0
  6043 ;;      Totals:        25       0       0       0       0       0       0
  6044 ;;Total ram usage:       25 bytes
  6045 ;; Hardware stack levels used:    1
  6046 ;; Hardware stack levels required when called:    1
  6047 ;; This function calls:
  6048 ;;		Nothing
  6049 ;; This function is called by:
  6050 ;;		_convert_native_milli_to_milli_kg
  6051 ;; This function uses a non-reentrant model
  6052 ;;
  6053                           
  6054                           	psect	text35
  6055  001A24                     __ptext35:
  6056                           	callstack 0
  6057  001A24                     ___lodiv:
  6058                           	callstack 26
  6059  001A24  EE20  F011         	lfsr	2,___lodiv@quotient
  6060  001A28  0E07               	movlw	7
  6061  001A2A                     u1971:
  6062  001A2A  6ADE               	clrf	postinc2,c
  6063  001A2C  06E8               	decf	wreg,f,c
  6064  001A2E  E2FD               	bc	u1971
  6065  001A30  5009               	movf	___lodiv@divisor^0,w,c
  6066  001A32  100A               	iorwf	(___lodiv@divisor+1)^0,w,c
  6067  001A34  100B               	iorwf	(___lodiv@divisor+2)^0,w,c
  6068  001A36  100C               	iorwf	(___lodiv@divisor+3)^0,w,c
  6069  001A38  100D               	iorwf	(___lodiv@divisor+4)^0,w,c
  6070  001A3A  100E               	iorwf	(___lodiv@divisor+5)^0,w,c
  6071  001A3C  100F               	iorwf	(___lodiv@divisor+6)^0,w,c
  6072  001A3E  1010               	iorwf	(___lodiv@divisor+7)^0,w,c
  6073  001A40  B4D8               	btfsc	status,2,c
  6074  001A42  EF25  F00D         	goto	u1981
  6075  001A46  EF27  F00D         	goto	u1980
  6076  001A4A                     u1981:
  6077  001A4A  EF79  F00D         	goto	l817
  6078  001A4E                     u1980:
  6079  001A4E  0E01               	movlw	1
  6080  001A50  6E19               	movwf	___lodiv@counter^0,c
  6081  001A52  EF35  F00D         	goto	l2308
  6082  001A56                     l2306:
  6083  001A56  90D8               	bcf	status,0,c
  6084  001A58  3609               	rlcf	___lodiv@divisor^0,f,c
  6085  001A5A  360A               	rlcf	(___lodiv@divisor+1)^0,f,c
  6086  001A5C  360B               	rlcf	(___lodiv@divisor+2)^0,f,c
  6087  001A5E  360C               	rlcf	(___lodiv@divisor+3)^0,f,c
  6088  001A60  360D               	rlcf	(___lodiv@divisor+4)^0,f,c
  6089  001A62  360E               	rlcf	(___lodiv@divisor+5)^0,f,c
  6090  001A64  360F               	rlcf	(___lodiv@divisor+6)^0,f,c
  6091  001A66  3610               	rlcf	(___lodiv@divisor+7)^0,f,c
  6092  001A68  2A19               	incf	___lodiv@counter^0,f,c
  6093  001A6A                     l2308:
  6094  001A6A  AE10               	btfss	(___lodiv@divisor+7)^0,7,c
  6095  001A6C  EF3A  F00D         	goto	u1991
  6096  001A70  EF3C  F00D         	goto	u1990
  6097  001A74                     u1991:
  6098  001A74  EF2B  F00D         	goto	l2306
  6099  001A78                     u1990:
  6100  001A78                     l2310:
  6101  001A78  90D8               	bcf	status,0,c
  6102  001A7A  3611               	rlcf	___lodiv@quotient^0,f,c
  6103  001A7C  3612               	rlcf	(___lodiv@quotient+1)^0,f,c
  6104  001A7E  3613               	rlcf	(___lodiv@quotient+2)^0,f,c
  6105  001A80  3614               	rlcf	(___lodiv@quotient+3)^0,f,c
  6106  001A82  3615               	rlcf	(___lodiv@quotient+4)^0,f,c
  6107  001A84  3616               	rlcf	(___lodiv@quotient+5)^0,f,c
  6108  001A86  3617               	rlcf	(___lodiv@quotient+6)^0,f,c
  6109  001A88  3618               	rlcf	(___lodiv@quotient+7)^0,f,c
  6110  001A8A  5009               	movf	___lodiv@divisor^0,w,c
  6111  001A8C  5C01               	subwf	___lodiv@dividend^0,w,c
  6112  001A8E  500A               	movf	(___lodiv@divisor+1)^0,w,c
  6113  001A90  5802               	subwfb	(___lodiv@dividend+1)^0,w,c
  6114  001A92  500B               	movf	(___lodiv@divisor+2)^0,w,c
  6115  001A94  5803               	subwfb	(___lodiv@dividend+2)^0,w,c
  6116  001A96  500C               	movf	(___lodiv@divisor+3)^0,w,c
  6117  001A98  5804               	subwfb	(___lodiv@dividend+3)^0,w,c
  6118  001A9A  500D               	movf	(___lodiv@divisor+4)^0,w,c
  6119  001A9C  5805               	subwfb	(___lodiv@dividend+4)^0,w,c
  6120  001A9E  500E               	movf	(___lodiv@divisor+5)^0,w,c
  6121  001AA0  5806               	subwfb	(___lodiv@dividend+5)^0,w,c
  6122  001AA2  500F               	movf	(___lodiv@divisor+6)^0,w,c
  6123  001AA4  5807               	subwfb	(___lodiv@dividend+6)^0,w,c
  6124  001AA6  5010               	movf	(___lodiv@divisor+7)^0,w,c
  6125  001AA8  5808               	subwfb	(___lodiv@dividend+7)^0,w,c
  6126  001AAA  A0D8               	btfss	status,0,c
  6127  001AAC  EF5A  F00D         	goto	u2001
  6128  001AB0  EF5C  F00D         	goto	u2000
  6129  001AB4                     u2001:
  6130  001AB4  EF6D  F00D         	goto	l2318
  6131  001AB8                     u2000:
  6132  001AB8  5009               	movf	___lodiv@divisor^0,w,c
  6133  001ABA  5E01               	subwf	___lodiv@dividend^0,f,c
  6134  001ABC  500A               	movf	(___lodiv@divisor+1)^0,w,c
  6135  001ABE  5A02               	subwfb	(___lodiv@dividend+1)^0,f,c
  6136  001AC0  500B               	movf	(___lodiv@divisor+2)^0,w,c
  6137  001AC2  5A03               	subwfb	(___lodiv@dividend+2)^0,f,c
  6138  001AC4  500C               	movf	(___lodiv@divisor+3)^0,w,c
  6139  001AC6  5A04               	subwfb	(___lodiv@dividend+3)^0,f,c
  6140  001AC8  500D               	movf	(___lodiv@divisor+4)^0,w,c
  6141  001ACA  5A05               	subwfb	(___lodiv@dividend+4)^0,f,c
  6142  001ACC  500E               	movf	(___lodiv@divisor+5)^0,w,c
  6143  001ACE  5A06               	subwfb	(___lodiv@dividend+5)^0,f,c
  6144  001AD0  500F               	movf	(___lodiv@divisor+6)^0,w,c
  6145  001AD2  5A07               	subwfb	(___lodiv@dividend+6)^0,f,c
  6146  001AD4  5010               	movf	(___lodiv@divisor+7)^0,w,c
  6147  001AD6  5A08               	subwfb	(___lodiv@dividend+7)^0,f,c
  6148  001AD8  8011               	bsf	___lodiv@quotient^0,0,c
  6149  001ADA                     l2318:
  6150  001ADA  90D8               	bcf	status,0,c
  6151  001ADC  3210               	rrcf	(___lodiv@divisor+7)^0,f,c
  6152  001ADE  320F               	rrcf	(___lodiv@divisor+6)^0,f,c
  6153  001AE0  320E               	rrcf	(___lodiv@divisor+5)^0,f,c
  6154  001AE2  320D               	rrcf	(___lodiv@divisor+4)^0,f,c
  6155  001AE4  320C               	rrcf	(___lodiv@divisor+3)^0,f,c
  6156  001AE6  320B               	rrcf	(___lodiv@divisor+2)^0,f,c
  6157  001AE8  320A               	rrcf	(___lodiv@divisor+1)^0,f,c
  6158  001AEA  3209               	rrcf	___lodiv@divisor^0,f,c
  6159  001AEC  2E19               	decfsz	___lodiv@counter^0,f,c
  6160  001AEE  EF3C  F00D         	goto	l2310
  6161  001AF2                     l817:
  6162  001AF2  C011  F001         	movff	___lodiv@quotient,?___lodiv
  6163  001AF6  C012  F002         	movff	___lodiv@quotient+1,?___lodiv+1
  6164  001AFA  C013  F003         	movff	___lodiv@quotient+2,?___lodiv+2
  6165  001AFE  C014  F004         	movff	___lodiv@quotient+3,?___lodiv+3
  6166  001B02  C015  F005         	movff	___lodiv@quotient+4,?___lodiv+4
  6167  001B06  C016  F006         	movff	___lodiv@quotient+5,?___lodiv+5
  6168  001B0A  C017  F007         	movff	___lodiv@quotient+6,?___lodiv+6
  6169  001B0E  C018  F008         	movff	___lodiv@quotient+7,?___lodiv+7
  6170  001B12  0012               	return		;funcret
  6171  001B14                     __end_of___lodiv:
  6172                           	callstack 0
  6173                           
  6174 ;; *************** function ___lmul *****************
  6175 ;; Defined at:
  6176 ;;		line 15 in file "C:\Program Files\Microchip\xc8\v2.31\pic\sources\c99\common\Umul32.c"
  6177 ;; Parameters:    Size  Location     Type
  6178 ;;  multiplier      4    0[COMRAM] unsigned long 
  6179 ;;  multiplicand    4    4[COMRAM] unsigned long 
  6180 ;; Auto vars:     Size  Location     Type
  6181 ;;  product         4    8[COMRAM] unsigned long 
  6182 ;; Return value:  Size  Location     Type
  6183 ;;                  4    0[COMRAM] unsigned long 
  6184 ;; Registers used:
  6185 ;;		wreg, status,2, status,0
  6186 ;; Tracked objects:
  6187 ;;		On entry : 0/0
  6188 ;;		On exit  : 0/0
  6189 ;;		Unchanged: 0/0
  6190 ;; Data sizes:     COMRAM   BANK0   BANK1   BANK2   BANK3   BANK4   BANK5
  6191 ;;      Params:         8       0       0       0       0       0       0
  6192 ;;      Locals:         4       0       0       0       0       0       0
  6193 ;;      Temps:          0       0       0       0       0       0       0
  6194 ;;      Totals:        12       0       0       0       0       0       0
  6195 ;;Total ram usage:       12 bytes
  6196 ;; Hardware stack levels used:    1
  6197 ;; Hardware stack levels required when called:    1
  6198 ;; This function calls:
  6199 ;;		Nothing
  6200 ;; This function is called by:
  6201 ;;		_pow10_u32
  6202 ;;		_parse_number_at
  6203 ;;		_convert_native_milli_to_milli_kg
  6204 ;; This function uses a non-reentrant model
  6205 ;;
  6206                           
  6207                           	psect	text36
  6208  00205C                     __ptext36:
  6209                           	callstack 0
  6210  00205C                     ___lmul:
  6211                           	callstack 24
  6212  00205C  0E00               	movlw	0
  6213  00205E  6E09               	movwf	___lmul@product^0,c
  6214  002060  0E00               	movlw	0
  6215  002062  6E0A               	movwf	(___lmul@product+1)^0,c
  6216  002064  0E00               	movlw	0
  6217  002066  6E0B               	movwf	(___lmul@product+2)^0,c
  6218  002068  0E00               	movlw	0
  6219  00206A  6E0C               	movwf	(___lmul@product+3)^0,c
  6220  00206C                     l2000:
  6221  00206C  A001               	btfss	___lmul@multiplier^0,0,c
  6222  00206E  EF3B  F010         	goto	u1391
  6223  002072  EF3D  F010         	goto	u1390
  6224  002076                     u1391:
  6225  002076  EF45  F010         	goto	l2004
  6226  00207A                     u1390:
  6227  00207A  5005               	movf	___lmul@multiplicand^0,w,c
  6228  00207C  2609               	addwf	___lmul@product^0,f,c
  6229  00207E  5006               	movf	(___lmul@multiplicand+1)^0,w,c
  6230  002080  220A               	addwfc	(___lmul@product+1)^0,f,c
  6231  002082  5007               	movf	(___lmul@multiplicand+2)^0,w,c
  6232  002084  220B               	addwfc	(___lmul@product+2)^0,f,c
  6233  002086  5008               	movf	(___lmul@multiplicand+3)^0,w,c
  6234  002088  220C               	addwfc	(___lmul@product+3)^0,f,c
  6235  00208A                     l2004:
  6236  00208A  90D8               	bcf	status,0,c
  6237  00208C  3605               	rlcf	___lmul@multiplicand^0,f,c
  6238  00208E  3606               	rlcf	(___lmul@multiplicand+1)^0,f,c
  6239  002090  3607               	rlcf	(___lmul@multiplicand+2)^0,f,c
  6240  002092  3608               	rlcf	(___lmul@multiplicand+3)^0,f,c
  6241  002094  90D8               	bcf	status,0,c
  6242  002096  3204               	rrcf	(___lmul@multiplier+3)^0,f,c
  6243  002098  3203               	rrcf	(___lmul@multiplier+2)^0,f,c
  6244  00209A  3202               	rrcf	(___lmul@multiplier+1)^0,f,c
  6245  00209C  3201               	rrcf	___lmul@multiplier^0,f,c
  6246  00209E  5001               	movf	___lmul@multiplier^0,w,c
  6247  0020A0  1002               	iorwf	(___lmul@multiplier+1)^0,w,c
  6248  0020A2  1003               	iorwf	(___lmul@multiplier+2)^0,w,c
  6249  0020A4  1004               	iorwf	(___lmul@multiplier+3)^0,w,c
  6250  0020A6  A4D8               	btfss	status,2,c
  6251  0020A8  EF58  F010         	goto	u1401
  6252  0020AC  EF5A  F010         	goto	u1400
  6253  0020B0                     u1401:
  6254  0020B0  EF36  F010         	goto	l2000
  6255  0020B4                     u1400:
  6256  0020B4  C009  F001         	movff	___lmul@product,?___lmul
  6257  0020B8  C00A  F002         	movff	___lmul@product+1,?___lmul+1
  6258  0020BC  C00B  F003         	movff	___lmul@product+2,?___lmul+2
  6259  0020C0  C00C  F004         	movff	___lmul@product+3,?___lmul+3
  6260  0020C4  0012               	return		;funcret
  6261  0020C6                     __end_of___lmul:
  6262                           	callstack 0
  6263                           
  6264 ;; *************** function ___lldiv *****************
  6265 ;; Defined at:
  6266 ;;		line 7 in file "C:\Program Files\Microchip\xc8\v2.31\pic\sources\c99\common\__lldiv.c"
  6267 ;; Parameters:    Size  Location     Type
  6268 ;;  dividend        4    0[COMRAM] unsigned long 
  6269 ;;  divisor         4    4[COMRAM] unsigned long 
  6270 ;; Auto vars:     Size  Location     Type
  6271 ;;  quotient        4    8[COMRAM] unsigned long 
  6272 ;;  counter         1   12[COMRAM] unsigned char 
  6273 ;; Return value:  Size  Location     Type
  6274 ;;                  4    0[COMRAM] unsigned long 
  6275 ;; Registers used:
  6276 ;;		wreg, status,2, status,0
  6277 ;; Tracked objects:
  6278 ;;		On entry : 0/0
  6279 ;;		On exit  : 0/0
  6280 ;;		Unchanged: 0/0
  6281 ;; Data sizes:     COMRAM   BANK0   BANK1   BANK2   BANK3   BANK4   BANK5
  6282 ;;      Params:         8       0       0       0       0       0       0
  6283 ;;      Locals:         5       0       0       0       0       0       0
  6284 ;;      Temps:          0       0       0       0       0       0       0
  6285 ;;      Totals:        13       0       0       0       0       0       0
  6286 ;;Total ram usage:       13 bytes
  6287 ;; Hardware stack levels used:    1
  6288 ;; Hardware stack levels required when called:    1
  6289 ;; This function calls:
  6290 ;;		Nothing
  6291 ;; This function is called by:
  6292 ;;		_calculate_brg_value
  6293 ;;		_uart2_write_uint32
  6294 ;;		_uart2_write_uint32_padded
  6295 ;;		_parse_number_at
  6296 ;;		_convert_native_milli_to_milli_kg
  6297 ;;		_uart2_write_wn_weight
  6298 ;; This function uses a non-reentrant model
  6299 ;;
  6300                           
  6301                           	psect	text37
  6302  001E24                     __ptext37:
  6303                           	callstack 0
  6304  001E24                     ___lldiv:
  6305                           	callstack 27
  6306  001E24  0E00               	movlw	0
  6307  001E26  6E09               	movwf	___lldiv@quotient^0,c
  6308  001E28  0E00               	movlw	0
  6309  001E2A  6E0A               	movwf	(___lldiv@quotient+1)^0,c
  6310  001E2C  0E00               	movlw	0
  6311  001E2E  6E0B               	movwf	(___lldiv@quotient+2)^0,c
  6312  001E30  0E00               	movlw	0
  6313  001E32  6E0C               	movwf	(___lldiv@quotient+3)^0,c
  6314  001E34  5005               	movf	___lldiv@divisor^0,w,c
  6315  001E36  1006               	iorwf	(___lldiv@divisor+1)^0,w,c
  6316  001E38  1007               	iorwf	(___lldiv@divisor+2)^0,w,c
  6317  001E3A  1008               	iorwf	(___lldiv@divisor+3)^0,w,c
  6318  001E3C  B4D8               	btfsc	status,2,c
  6319  001E3E  EF23  F00F         	goto	u1471
  6320  001E42  EF25  F00F         	goto	u1470
  6321  001E46                     u1471:
  6322  001E46  EF5B  F00F         	goto	l406
  6323  001E4A                     u1470:
  6324  001E4A  0E01               	movlw	1
  6325  001E4C  6E0D               	movwf	___lldiv@counter^0,c
  6326  001E4E  EF2F  F00F         	goto	l2050
  6327  001E52                     l2048:
  6328  001E52  90D8               	bcf	status,0,c
  6329  001E54  3605               	rlcf	___lldiv@divisor^0,f,c
  6330  001E56  3606               	rlcf	(___lldiv@divisor+1)^0,f,c
  6331  001E58  3607               	rlcf	(___lldiv@divisor+2)^0,f,c
  6332  001E5A  3608               	rlcf	(___lldiv@divisor+3)^0,f,c
  6333  001E5C  2A0D               	incf	___lldiv@counter^0,f,c
  6334  001E5E                     l2050:
  6335  001E5E  AE08               	btfss	(___lldiv@divisor+3)^0,7,c
  6336  001E60  EF34  F00F         	goto	u1481
  6337  001E64  EF36  F00F         	goto	u1480
  6338  001E68                     u1481:
  6339  001E68  EF29  F00F         	goto	l2048
  6340  001E6C                     u1480:
  6341  001E6C                     l2052:
  6342  001E6C  90D8               	bcf	status,0,c
  6343  001E6E  3609               	rlcf	___lldiv@quotient^0,f,c
  6344  001E70  360A               	rlcf	(___lldiv@quotient+1)^0,f,c
  6345  001E72  360B               	rlcf	(___lldiv@quotient+2)^0,f,c
  6346  001E74  360C               	rlcf	(___lldiv@quotient+3)^0,f,c
  6347  001E76  5005               	movf	___lldiv@divisor^0,w,c
  6348  001E78  5C01               	subwf	___lldiv@dividend^0,w,c
  6349  001E7A  5006               	movf	(___lldiv@divisor+1)^0,w,c
  6350  001E7C  5802               	subwfb	(___lldiv@dividend+1)^0,w,c
  6351  001E7E  5007               	movf	(___lldiv@divisor+2)^0,w,c
  6352  001E80  5803               	subwfb	(___lldiv@dividend+2)^0,w,c
  6353  001E82  5008               	movf	(___lldiv@divisor+3)^0,w,c
  6354  001E84  5804               	subwfb	(___lldiv@dividend+3)^0,w,c
  6355  001E86  A0D8               	btfss	status,0,c
  6356  001E88  EF48  F00F         	goto	u1491
  6357  001E8C  EF4A  F00F         	goto	u1490
  6358  001E90                     u1491:
  6359  001E90  EF53  F00F         	goto	l2060
  6360  001E94                     u1490:
  6361  001E94  5005               	movf	___lldiv@divisor^0,w,c
  6362  001E96  5E01               	subwf	___lldiv@dividend^0,f,c
  6363  001E98  5006               	movf	(___lldiv@divisor+1)^0,w,c
  6364  001E9A  5A02               	subwfb	(___lldiv@dividend+1)^0,f,c
  6365  001E9C  5007               	movf	(___lldiv@divisor+2)^0,w,c
  6366  001E9E  5A03               	subwfb	(___lldiv@dividend+2)^0,f,c
  6367  001EA0  5008               	movf	(___lldiv@divisor+3)^0,w,c
  6368  001EA2  5A04               	subwfb	(___lldiv@dividend+3)^0,f,c
  6369  001EA4  8009               	bsf	___lldiv@quotient^0,0,c
  6370  001EA6                     l2060:
  6371  001EA6  90D8               	bcf	status,0,c
  6372  001EA8  3208               	rrcf	(___lldiv@divisor+3)^0,f,c
  6373  001EAA  3207               	rrcf	(___lldiv@divisor+2)^0,f,c
  6374  001EAC  3206               	rrcf	(___lldiv@divisor+1)^0,f,c
  6375  001EAE  3205               	rrcf	___lldiv@divisor^0,f,c
  6376  001EB0  2E0D               	decfsz	___lldiv@counter^0,f,c
  6377  001EB2  EF36  F00F         	goto	l2052
  6378  001EB6                     l406:
  6379  001EB6  C009  F001         	movff	___lldiv@quotient,?___lldiv
  6380  001EBA  C00A  F002         	movff	___lldiv@quotient+1,?___lldiv+1
  6381  001EBE  C00B  F003         	movff	___lldiv@quotient+2,?___lldiv+2
  6382  001EC2  C00C  F004         	movff	___lldiv@quotient+3,?___lldiv+3
  6383  001EC6  0012               	return		;funcret
  6384  001EC8                     __end_of___lldiv:
  6385                           	callstack 0
  6386                           
  6387 ;; *************** function _isr *****************
  6388 ;; Defined at:
  6389 ;;		line 222 in file "AWS_Standard_Weight_Converter_V2.c"
  6390 ;; Parameters:    Size  Location     Type
  6391 ;;		None
  6392 ;; Auto vars:     Size  Location     Type
  6393 ;;		None
  6394 ;; Return value:  Size  Location     Type
  6395 ;;                  1    wreg      void 
  6396 ;; Registers used:
  6397 ;;		wreg, status,2, status,0
  6398 ;; Tracked objects:
  6399 ;;		On entry : 0/0
  6400 ;;		On exit  : 0/0
  6401 ;;		Unchanged: 0/0
  6402 ;; Data sizes:     COMRAM   BANK0   BANK1   BANK2   BANK3   BANK4   BANK5
  6403 ;;      Params:         0       0       0       0       0       0       0
  6404 ;;      Locals:         0       0       0       0       0       0       0
  6405 ;;      Temps:          0       0       0       0       0       0       0
  6406 ;;      Totals:         0       0       0       0       0       0       0
  6407 ;;Total ram usage:        0 bytes
  6408 ;; Hardware stack levels used:    1
  6409 ;; This function calls:
  6410 ;;		Nothing
  6411 ;; This function is called by:
  6412 ;;		Interrupt level 2
  6413 ;; This function uses a non-reentrant model
  6414 ;;
  6415                           
  6416                           	psect	intcode
  6417  000008                     __pintcode:
  6418                           	callstack 0
  6419  000008                     _isr:
  6420                           	callstack 23
  6421                           
  6422                           ;incstack = 0
  6423  000008  825E               	bsf	int$flags,1,c	;set compiler interrupt flag (level 2)
  6424  00000A                     
  6425                           ;AWS_Standard_Weight_Converter_V2.c: 224:     if (INTCONbits.TMR0IF)
  6426  00000A  A4F2               	btfss	242,2,c	;volatile
  6427  00000C  EF0A  F000         	goto	i2u269_41
  6428  000010  EF0C  F000         	goto	i2u269_40
  6429  000014                     i2u269_41:
  6430  000014  EF18  F000         	goto	i2l92
  6431  000018                     i2u269_40:
  6432  000018                     
  6433                           ;AWS_Standard_Weight_Converter_V2.c: 225:     {;AWS_Standard_Weight_Converter_V2.c: 226:
      +                                   TMR0H = ((uint8_t)(65036u >> 8));
  6434  000018  0EFE               	movlw	254
  6435  00001A  6ED7               	movwf	215,c	;volatile
  6436                           
  6437                           ;AWS_Standard_Weight_Converter_V2.c: 227:         TMR0L = ((uint8_t)(65036u & 0xFF));
  6438  00001C  0E0C               	movlw	12
  6439  00001E  6ED6               	movwf	214,c	;volatile
  6440  000020                     
  6441                           ;AWS_Standard_Weight_Converter_V2.c: 228:         INTCONbits.TMR0IF = 0;
  6442  000020  94F2               	bcf	242,2,c	;volatile
  6443  000022                     
  6444                           ;AWS_Standard_Weight_Converter_V2.c: 229:         g_millis++;
  6445  000022  0E01               	movlw	1
  6446  000024  0101               	movlb	1	; () banked
  6447  000026  2700               	addwf	_g_millis& (0+255),f,b	;volatile
  6448  000028  0E00               	movlw	0
  6449  00002A  2301               	addwfc	(_g_millis+1)& (0+255),f,b	;volatile
  6450  00002C  2302               	addwfc	(_g_millis+2)& (0+255),f,b	;volatile
  6451  00002E  2303               	addwfc	(_g_millis+3)& (0+255),f,b	;volatile
  6452  000030                     i2l92:
  6453  000030  925E               	bcf	int$flags,1,c	;clear compiler interrupt flag (level 2)
  6454  000032  0011               	retfie		f
  6455  000034                     __end_of_isr:
  6456                           	callstack 0
  6457                           
  6458                           	psect	rparam
  6459  0000                     
  6460                           	psect	temp
  6461  00005E                     btemp:
  6462                           	callstack 0
  6463  00005E                     	ds	1
  6464  0000                     int$flags	set	btemp
  6465  0000                     wtemp8	set	btemp+1
  6466  0000                     ttemp5	set	btemp+1
  6467  0000                     ttemp6	set	btemp+4
  6468  0000                     ttemp7	set	btemp+8
  6469                           
  6470                           	psect	config
  6471                           
  6472                           ; Padding undefined space
  6473  300000                     	org	3145728
  6474  300000  FF                 	db	255
  6475                           
  6476                           ;Config register CONFIG1H @ 0x300001
  6477                           ;	Oscillator Selection bits
  6478                           ;	FOSC = INTIO67, Internal oscillator block
  6479                           ;	4X PLL Enable
  6480                           ;	PLLCFG = OFF, Oscillator used directly
  6481                           ;	Primary clock enable bit
  6482                           ;	PRICLKEN = ON, Primary clock enabled
  6483                           ;	Fail-Safe Clock Monitor Enable bit
  6484                           ;	FCMEN = OFF, Fail-Safe Clock Monitor disabled
  6485                           ;	Internal/External Oscillator Switchover bit
  6486                           ;	IESO = OFF, Oscillator Switchover mode disabled
  6487  300001                     	org	3145729
  6488  300001  28                 	db	40
  6489                           
  6490                           ;Config register CONFIG2L @ 0x300002
  6491                           ;	Power-up Timer Enable bit
  6492                           ;	PWRTEN = ON, Power up timer enabled
  6493                           ;	Brown-out Reset Enable bits
  6494                           ;	BOREN = SBORDIS, Brown-out Reset enabled in hardware only (SBOREN is disabled)
  6495                           ;	Brown Out Reset Voltage bits
  6496                           ;	BORV = 190, VBOR set to 1.90 V nominal
  6497  300002                     	org	3145730
  6498  300002  1E                 	db	30
  6499                           
  6500                           ;Config register CONFIG2H @ 0x300003
  6501                           ;	Watchdog Timer Enable bits
  6502                           ;	WDTEN = OFF, Watch dog timer is always disabled. SWDTEN has no effect.
  6503                           ;	Watchdog Timer Postscale Select bits
  6504                           ;	WDTPS = 32768, 1:32768
  6505  300003                     	org	3145731
  6506  300003  3C                 	db	60
  6507                           
  6508                           ; Padding undefined space
  6509  300004                     	org	3145732
  6510  300004  FF                 	db	255
  6511                           
  6512                           ;Config register CONFIG3H @ 0x300005
  6513                           ;	CCP2 MUX bit
  6514                           ;	CCP2MX = PORTC1, CCP2 input/output is multiplexed with RC1
  6515                           ;	PORTB A/D Enable bit
  6516                           ;	PBADEN = OFF, PORTB<5:0> pins are configured as digital I/O on Reset
  6517                           ;	P3A/CCP3 Mux bit
  6518                           ;	CCP3MX = PORTB5, P3A/CCP3 input/output is multiplexed with RB5
  6519                           ;	HFINTOSC Fast Start-up
  6520                           ;	HFOFST = ON, HFINTOSC output and ready status are not delayed by the oscillator stable
      +                           status
  6521                           ;	Timer3 Clock input mux bit
  6522                           ;	T3CMX = PORTC0, T3CKI is on RC0
  6523                           ;	ECCP2 B output mux bit
  6524                           ;	P2BMX = PORTB5, P2B is on RB5
  6525                           ;	MCLR Pin Enable bit
  6526                           ;	MCLRE = EXTMCLR, MCLR pin enabled, RE3 input pin disabled
  6527  300005                     	org	3145733
  6528  300005  BD                 	db	189
  6529                           
  6530                           ;Config register CONFIG4L @ 0x300006
  6531                           ;	Stack Full/Underflow Reset Enable bit
  6532                           ;	STVREN = ON, Stack full/underflow will cause Reset
  6533                           ;	Single-Supply ICSP Enable bit
  6534                           ;	LVP = OFF, Single-Supply ICSP disabled
  6535                           ;	Extended Instruction Set Enable bit
  6536                           ;	XINST = OFF, Instruction set extension and Indexed Addressing mode disabled (Legacy mo
      +                          de)
  6537                           ;	Background Debug
  6538                           ;	DEBUG = OFF, Disabled
  6539  300006                     	org	3145734
  6540  300006  81                 	db	129
  6541                           
  6542                           ; Padding undefined space
  6543  300007                     	org	3145735
  6544  300007  FF                 	db	255
  6545                           
  6546                           ;Config register CONFIG5L @ 0x300008
  6547                           ;	Code Protection Block 0
  6548                           ;	CP0 = OFF, Block 0 (000800-001FFFh) not code-protected
  6549                           ;	Code Protection Block 1
  6550                           ;	CP1 = OFF, Block 1 (002000-003FFFh) not code-protected
  6551                           ;	Code Protection Block 2
  6552                           ;	CP2 = OFF, Block 2 (004000-005FFFh) not code-protected
  6553                           ;	Code Protection Block 3
  6554                           ;	CP3 = OFF, Block 3 (006000-007FFFh) not code-protected
  6555  300008                     	org	3145736
  6556  300008  0F                 	db	15
  6557                           
  6558                           ;Config register CONFIG5H @ 0x300009
  6559                           ;	Boot Block Code Protection bit
  6560                           ;	CPB = OFF, Boot block (000000-0007FFh) not code-protected
  6561                           ;	Data EEPROM Code Protection bit
  6562                           ;	CPD = OFF, Data EEPROM not code-protected
  6563  300009                     	org	3145737
  6564  300009  C0                 	db	192
  6565                           
  6566                           ;Config register CONFIG6L @ 0x30000A
  6567                           ;	Write Protection Block 0
  6568                           ;	WRT0 = OFF, Block 0 (000800-001FFFh) not write-protected
  6569                           ;	Write Protection Block 1
  6570                           ;	WRT1 = OFF, Block 1 (002000-003FFFh) not write-protected
  6571                           ;	Write Protection Block 2
  6572                           ;	WRT2 = OFF, Block 2 (004000-005FFFh) not write-protected
  6573                           ;	Write Protection Block 3
  6574                           ;	WRT3 = OFF, Block 3 (006000-007FFFh) not write-protected
  6575  30000A                     	org	3145738
  6576  30000A  0F                 	db	15
  6577                           
  6578                           ;Config register CONFIG6H @ 0x30000B
  6579                           ;	Configuration Register Write Protection bit
  6580                           ;	WRTC = OFF, Configuration registers (300000-3000FFh) not write-protected
  6581                           ;	Boot Block Write Protection bit
  6582                           ;	WRTB = OFF, Boot Block (000000-0007FFh) not write-protected
  6583                           ;	Data EEPROM Write Protection bit
  6584                           ;	WRTD = OFF, Data EEPROM not write-protected
  6585  30000B                     	org	3145739
  6586  30000B  E0                 	db	224
  6587                           
  6588                           ;Config register CONFIG7L @ 0x30000C
  6589                           ;	Table Read Protection Block 0
  6590                           ;	EBTR0 = OFF, Block 0 (000800-001FFFh) not protected from table reads executed in other
      +                           blocks
  6591                           ;	Table Read Protection Block 1
  6592                           ;	EBTR1 = OFF, Block 1 (002000-003FFFh) not protected from table reads executed in other
      +                           blocks
  6593                           ;	Table Read Protection Block 2
  6594                           ;	EBTR2 = OFF, Block 2 (004000-005FFFh) not protected from table reads executed in other
      +                           blocks
  6595                           ;	Table Read Protection Block 3
  6596                           ;	EBTR3 = OFF, Block 3 (006000-007FFFh) not protected from table reads executed in other
      +                           blocks
  6597  30000C                     	org	3145740
  6598  30000C  0F                 	db	15
  6599                           
  6600                           ;Config register CONFIG7H @ 0x30000D
  6601                           ;	Boot Block Table Read Protection bit
  6602                           ;	EBTRB = OFF, Boot Block (000000-0007FFh) not protected from table reads executed in ot
      +                          her blocks
  6603  30000D                     	org	3145741
  6604  30000D  40                 	db	64
  6605                           tosu	equ	0xFFF
  6606                           tosh	equ	0xFFE
  6607                           tosl	equ	0xFFD
  6608                           stkptr	equ	0xFFC
  6609                           pclatu	equ	0xFFB
  6610                           pclath	equ	0xFFA
  6611                           pcl	equ	0xFF9
  6612                           tblptru	equ	0xFF8
  6613                           tblptrh	equ	0xFF7
  6614                           tblptrl	equ	0xFF6
  6615                           tablat	equ	0xFF5
  6616                           prodh	equ	0xFF4
  6617                           prodl	equ	0xFF3
  6618                           indf0	equ	0xFEF
  6619                           postinc0	equ	0xFEE
  6620                           postdec0	equ	0xFED
  6621                           preinc0	equ	0xFEC
  6622                           plusw0	equ	0xFEB
  6623                           fsr0h	equ	0xFEA
  6624                           fsr0l	equ	0xFE9
  6625                           wreg	equ	0xFE8
  6626                           indf1	equ	0xFE7
  6627                           postinc1	equ	0xFE6
  6628                           postdec1	equ	0xFE5
  6629                           preinc1	equ	0xFE4
  6630                           plusw1	equ	0xFE3
  6631                           fsr1h	equ	0xFE2
  6632                           fsr1l	equ	0xFE1
  6633                           bsr	equ	0xFE0
  6634                           indf2	equ	0xFDF
  6635                           postinc2	equ	0xFDE
  6636                           postdec2	equ	0xFDD
  6637                           preinc2	equ	0xFDC
  6638                           plusw2	equ	0xFDB
  6639                           fsr2h	equ	0xFDA
  6640                           fsr2l	equ	0xFD9
  6641                           status	equ	0xFD8

Data Sizes:
    Strings     112
    Constant    0
    Data        0
    BSS         4
    Persistent  0
    Stack       0

Auto Spaces:
    Space          Size  Autos    Used
    COMRAM           94     93      93
    BANK0           160    159     159
    BANK1           256      0       4
    BANK2           256      0       0
    BANK3           256      0       0
    BANK4           256      0       0
    BANK5           256      0       0

Pointer List with Targets:

    handle_scale_byte@line_buffer	PTR unsigned char  size(2) Largest target is 96
		 -> main@scale_line(BANK0[96]), 

    handle_scale_byte@line_index	PTR unsigned char  size(2) Largest target is 1
		 -> main@scale_line_index(BANK0[1]), 

    process_scale_line@line	PTR unsigned char  size(2) Largest target is 96
		 -> main@scale_line(BANK0[96]), 

    uart2_write_wn_weight@weight	PTR const struct . size(2) Largest target is 7
		 -> process_scale_line@weight(BANK0[7]), 

    parse_weight_line@weight	PTR struct . size(2) Largest target is 7
		 -> process_scale_line@weight(BANK0[7]), 

    parse_weight_line@line	PTR const unsigned char  size(2) Largest target is 96
		 -> main@scale_line(BANK0[96]), 

    detect_status@line	PTR const unsigned char  size(2) Largest target is 96
		 -> main@scale_line(BANK0[96]), 

    detect_unit@line	PTR const unsigned char  size(2) Largest target is 96
		 -> main@scale_line(BANK0[96]), 

    find_best_number@text	PTR const unsigned char  size(2) Largest target is 96
		 -> main@scale_line(BANK0[96]), 

    parse_number_at@text	PTR const unsigned char  size(2) Largest target is 96
		 -> main@scale_line(BANK0[96]), 

    contains_isolated_letter_ci@text	PTR const unsigned char  size(2) Largest target is 96
		 -> main@scale_line(BANK0[96]), 

    contains_ci@pattern	PTR const unsigned char  size(2) Largest target is 9
		 -> STR_40(CODE[7]), STR_39(CODE[3]), STR_36(CODE[4]), STR_34(CODE[7]), 
		 -> STR_32(CODE[5]), STR_31(CODE[3]), STR_28(CODE[4]), STR_26(CODE[5]), 
		 -> STR_24(CODE[3]), STR_22(CODE[4]), STR_21(CODE[5]), STR_18(CODE[4]), 
		 -> STR_16(CODE[5]), STR_15(CODE[6]), STR_12(CODE[6]), STR_10(CODE[3]), 
		 -> STR_9(CODE[4]), STR_6(CODE[9]), STR_4(CODE[4]), STR_3(CODE[3]), 

    contains_ci@text	PTR const unsigned char  size(2) Largest target is 96
		 -> main@scale_line(BANK0[96]), 

    uart2_write_string@text	PTR const unsigned char  size(2) Largest target is 18
		 -> STR_43(CODE[18]), STR_42(CODE[6]), STR_41(CODE[3]), 

    uart1_try_read@byte	PTR unsigned char  size(2) Largest target is 1
		 -> main@received_byte(BANK0[1]), 


Critical Paths under _main in COMRAM

    _main->_handle_scale_byte
    _uart2_init->_calculate_brg_value
    _uart1_init->_calculate_brg_value
    _calculate_brg_value->___lldiv
    _oscillator_init->_delay_ms_blocking
    _startup_led_test->_delay_ms_blocking
    _read_dip_baud->_delay_ms_blocking
    _handle_scale_byte->_process_scale_line
    _process_scale_line->_parse_weight_line
    _uart2_write_wn_weight->_uart2_write_uint32_padded
    _uart2_write_uint32_padded->_uart2_write_uint32
    _uart2_write_uint32->___lldiv
    _uart2_write_error_frame->_uart2_write_string
    _uart2_write_string->_uart2_write_char
    _parse_weight_line->_find_best_number
    _find_best_number->_parse_number_at
    _parse_number_at->_pow10_u32
    _pow10_u32->___lmul
    _detect_unit->_contains_isolated_letter_ci
    _contains_isolated_letter_ci->_is_alpha_ascii
    _is_alpha_ascii->_upper_ascii
    _detect_status->_contains_ci
    _contains_ci->_upper_ascii
    _convert_native_milli_to_milli_kg->___lodiv

Critical Paths under _isr in COMRAM

    None.

Critical Paths under _main in BANK0

    _main->_handle_scale_byte
    _handle_scale_byte->_process_scale_line
    _process_scale_line->_parse_weight_line
    _parse_weight_line->_find_best_number

Critical Paths under _isr in BANK0

    None.

Critical Paths under _main in BANK1

    None.

Critical Paths under _isr in BANK1

    None.

Critical Paths under _main in BANK2

    None.

Critical Paths under _isr in BANK2

    None.

Critical Paths under _main in BANK3

    None.

Critical Paths under _isr in BANK3

    None.

Critical Paths under _main in BANK4

    None.

Critical Paths under _isr in BANK4

    None.

Critical Paths under _main in BANK5

    None.

Critical Paths under _isr in BANK5

    None.

Call Graph Tables:

 ---------------------------------------------------------------------------------
 (Depth) Function   	        Calls       Base Space   Used Autos Params    Refs
 ---------------------------------------------------------------------------------
 (0) _main                                               118   118      0   57775
                                             41 BANK0    118   118      0
                  _delay_ms_blocking
                  _handle_scale_byte
                             _millis
                 _process_scale_line
                      _read_dip_baud
                   _startup_led_test
                        _system_init
                        _timer0_init
                         _uart1_init
                     _uart1_try_read
                         _uart2_init
 ---------------------------------------------------------------------------------
 (1) _uart2_init                                           6     2      4    1482
                                             25 COMRAM     6     2      4
                _calculate_brg_value
 ---------------------------------------------------------------------------------
 (1) _uart1_try_read                                       3     1      2      99
                                              0 COMRAM     3     1      2
 ---------------------------------------------------------------------------------
 (1) _uart1_init                                           6     2      4    1482
                                             25 COMRAM     6     2      4
                _calculate_brg_value
 ---------------------------------------------------------------------------------
 (2) _calculate_brg_value                                 12     8      4    1339
                                             13 COMRAM    12     8      4
                            ___lldiv
 ---------------------------------------------------------------------------------
 (1) _timer0_init                                          0     0      0       0
 ---------------------------------------------------------------------------------
 (1) _system_init                                          0     0      0     373
                          _gpio_init
                    _oscillator_init
 ---------------------------------------------------------------------------------
 (2) _oscillator_init                                      0     0      0     373
                  _delay_ms_blocking
 ---------------------------------------------------------------------------------
 (2) _gpio_init                                            0     0      0       0
 ---------------------------------------------------------------------------------
 (1) _startup_led_test                                     0     0      0     373
                  _delay_ms_blocking
 ---------------------------------------------------------------------------------
 (1) _read_dip_baud                                        7     3      4     399
                                              4 COMRAM     7     3      4
                  _delay_ms_blocking
 ---------------------------------------------------------------------------------
 (3) _delay_ms_blocking                                    4     2      2     373
                                              0 COMRAM     4     2      2
 ---------------------------------------------------------------------------------
 (1) _millis                                               9     5      4      46
                                              0 COMRAM     9     5      4
 ---------------------------------------------------------------------------------
 (1) _handle_scale_byte                                    6     2      4   26836
                                             91 COMRAM     2     2      0
                                             37 BANK0      4     0      4
                 _process_scale_line
            _uart2_write_error_frame
 ---------------------------------------------------------------------------------
 (1) _process_scale_line                                   9     7      2   25992
                                             89 COMRAM     2     0      2
                                             30 BANK0      7     7      0
                  _parse_weight_line
            _uart2_write_error_frame
              _uart2_write_wn_weight
 ---------------------------------------------------------------------------------
 (2) _uart2_write_wn_weight                               18    16      2    5576
                                             39 COMRAM    18    16      2
                            ___lldiv
                            ___llmod
                   _uart2_write_char
                 _uart2_write_string
          _uart2_write_uint32_padded
 ---------------------------------------------------------------------------------
 (3) _uart2_write_uint32_padded                           11     6      5    3466
                                             28 COMRAM    11     6      5
                            ___lldiv
                   _uart2_write_char
                 _uart2_write_uint32
 ---------------------------------------------------------------------------------
 (4) _uart2_write_uint32                                  15    11      4    1862
                                             13 COMRAM    15    11      4
                            ___lldiv
                            ___llmod
                   _uart2_write_char
 ---------------------------------------------------------------------------------
 (5) ___llmod                                              9     1      8     463
                                              0 COMRAM     9     1      8
 ---------------------------------------------------------------------------------
 (2) _uart2_write_error_frame                              0     0      0     295
                 _uart2_write_string
 ---------------------------------------------------------------------------------
 (3) _uart2_write_string                                   2     0      2     295
                                              1 COMRAM     2     0      2
                   _uart2_write_char
 ---------------------------------------------------------------------------------
 (5) _uart2_write_char                                     1     1      0      22
                                              0 COMRAM     1     1      0
 ---------------------------------------------------------------------------------
 (2) _parse_weight_line                                   14    10      4   19884
                                             88 COMRAM     1     1      0
                                             17 BANK0     13     9      4
   _convert_native_milli_to_milli_kg
                      _detect_status
                        _detect_unit
                   _find_best_number
 ---------------------------------------------------------------------------------
 (3) _find_best_number                                    26    18      8    6959
                                             79 COMRAM     9     1      8
                                              0 BANK0     17    17      0
                     _is_digit_ascii
                    _parse_number_at
 ---------------------------------------------------------------------------------
 (4) _parse_number_at                                     58    50      8    6360
                                             21 COMRAM    58    50      8
                            ___lldiv
                             ___lmul
                     _is_digit_ascii
                          _pow10_u32
 ---------------------------------------------------------------------------------
 (5) _pow10_u32                                            9     5      4    1655
                                             12 COMRAM     9     5      4
                             ___lmul
 ---------------------------------------------------------------------------------
 (5) _is_digit_ascii                                       2     2      0      68
                                              0 COMRAM     2     2      0
 ---------------------------------------------------------------------------------
 (3) _detect_unit                                          2     0      2    4710
                                             14 COMRAM     2     0      2
                        _contains_ci
        _contains_isolated_letter_ci
 ---------------------------------------------------------------------------------
 (4) _contains_isolated_letter_ci                         10     7      3     886
                                              4 COMRAM    10     7      3
                     _is_alpha_ascii
                        _upper_ascii
 ---------------------------------------------------------------------------------
 (5) _is_alpha_ascii                                       3     3      0     179
                                              1 COMRAM     3     3      0
                        _upper_ascii
 ---------------------------------------------------------------------------------
 (3) _detect_status                                        2     0      2    3824
                                             12 COMRAM     2     0      2
                        _contains_ci
 ---------------------------------------------------------------------------------
 (4) _contains_ci                                         11     7      4    3506
                                              1 COMRAM    11     7      4
                        _upper_ascii
 ---------------------------------------------------------------------------------
 (5) _upper_ascii                                          1     1      0      88
                                              0 COMRAM     1     1      0
 ---------------------------------------------------------------------------------
 (3) _convert_native_milli_to_milli_kg                    26    21      5    3862
                                             25 COMRAM    26    21      5
                            ___lldiv
                             ___lmul
                            ___lodiv
                             ___omul
 ---------------------------------------------------------------------------------
 (4) ___omul                                              24     8     16     370
                                              0 COMRAM    24     8     16
 ---------------------------------------------------------------------------------
 (4) ___lodiv                                             25     9     16     314
                                              0 COMRAM    25     9     16
 ---------------------------------------------------------------------------------
 (6) ___lmul                                              12     4      8    1586
                                              0 COMRAM    12     4      8
 ---------------------------------------------------------------------------------
 (3) ___lldiv                                             13     5      8    1074
                                              0 COMRAM    13     5      8
 ---------------------------------------------------------------------------------
 Estimated maximum stack depth 6
 ---------------------------------------------------------------------------------
 (Depth) Function   	        Calls       Base Space   Used Autos Params    Refs
 ---------------------------------------------------------------------------------
 (8) _isr                                                  0     0      0       0
 ---------------------------------------------------------------------------------
 Estimated maximum stack depth 8
 ---------------------------------------------------------------------------------

 Call Graph Graphs:

 _main (ROOT)
   _delay_ms_blocking
   _handle_scale_byte
     _process_scale_line
       _parse_weight_line
         _convert_native_milli_to_milli_kg
           ___lldiv
           ___lmul
           ___lodiv
           ___omul
         _detect_status
           _contains_ci
             _upper_ascii
         _detect_unit
           _contains_ci
             _upper_ascii
           _contains_isolated_letter_ci
             _is_alpha_ascii
               _upper_ascii
             _upper_ascii
         _find_best_number
           _is_digit_ascii
           _parse_number_at
             ___lldiv
             ___lmul
             _is_digit_ascii
             _pow10_u32
               ___lmul
       _uart2_write_error_frame
         _uart2_write_string
           _uart2_write_char
       _uart2_write_wn_weight
         ___lldiv
         ___llmod
         _uart2_write_char
         _uart2_write_string
           _uart2_write_char
         _uart2_write_uint32_padded
           ___lldiv
           _uart2_write_char
           _uart2_write_uint32
             ___lldiv
             ___llmod
             _uart2_write_char
     _uart2_write_error_frame
       _uart2_write_string
         _uart2_write_char
   _millis
   _process_scale_line
     _parse_weight_line
       _convert_native_milli_to_milli_kg
         ___lldiv
         ___lmul
         ___lodiv
         ___omul
       _detect_status
         _contains_ci
           _upper_ascii
       _detect_unit
         _contains_ci
           _upper_ascii
         _contains_isolated_letter_ci
           _is_alpha_ascii
             _upper_ascii
           _upper_ascii
       _find_best_number
         _is_digit_ascii
         _parse_number_at
           ___lldiv
           ___lmul
           _is_digit_ascii
           _pow10_u32
             ___lmul
     _uart2_write_error_frame
       _uart2_write_string
         _uart2_write_char
     _uart2_write_wn_weight
       ___lldiv
       ___llmod
       _uart2_write_char
       _uart2_write_string
         _uart2_write_char
       _uart2_write_uint32_padded
         ___lldiv
         _uart2_write_char
         _uart2_write_uint32
           ___lldiv
           ___llmod
           _uart2_write_char
   _read_dip_baud
     _delay_ms_blocking
   _startup_led_test
     _delay_ms_blocking
   _system_init
     _gpio_init
     _oscillator_init
       _delay_ms_blocking
   _timer0_init
   _uart1_init
     _calculate_brg_value
       ___lldiv
   _uart1_try_read
   _uart2_init
     _calculate_brg_value
       ___lldiv

 _isr (ROOT)

 Address spaces:
Name               Size   Autos  Total    Cost      Usage
BIGRAM             5FF      0       0      16        0.0%
EEDATA             100      0       0       0        0.0%
BITBANK5           100      0       0      14        0.0%
BANK5              100      0       0      15        0.0%
BITBANK4           100      0       0      12        0.0%
BANK4              100      0       0      13        0.0%
BITBANK3           100      0       0      10        0.0%
BANK3              100      0       0      11        0.0%
BITBANK2           100      0       0       7        0.0%
BANK2              100      0       0       8        0.0%
BITBANK1           100      0       0       5        0.0%
BANK1              100      0       4       6        1.6%
BITBANK0            A0      0       0       3        0.0%
BANK0               A0     9F      9F       4       99.4%
BITCOMRAM           5E      0       0       0        0.0%
COMRAM              5E     5D      5D       1       98.9%
BITSFR_1             0      0       0     200        0.0%
SFR_1                0      0       0     200        0.0%
BITSFR               0      0       0     200        0.0%
SFR                  0      0       0     200        0.0%
STACK                0      0       0       2        0.0%
NULL                 0      0       0       0        0.0%
ABS                  0      0     100       9        0.0%
DATA                 0      0     100      17        0.0%
CODE                 0      0       0       0        0.0%


Microchip Technology PIC18 Macro Assembler V2.31 build 20201012212115 
Symbol Table                                                                                   Fri Jun 26 17:24:26 2026

                               ??_parse_weight_line 0059                                      uart2_init@baud 001A  
                               __end_of_system_init 23E6                                                 l112 2368  
                                               l106 2384                                                 l203 2252  
                                               l123 20EC                                                 l115 23E4  
                                               l204 2254                                                 l109 2340  
                                               l214 143E                                                 l302 11AA  
                                               l118 21E8                                                 l126 2120  
                                               l134 16C6                                                 l231 1C5E  
                                               l151 22B8                                                 l208 2314  
                                               l240 205A                                                 l233 1CCC  
                                               l146 1DF6                                                 l154 2286  
                                               l331 0D24                                                 l251 0B68  
                                               l163 23BA                                                 l340 0E5A  
                                               l316 100C                                                 l252 0804  
                                               l172 221E                                                 l148 1E22  
                                               l413 1EC6                                                 l341 0E6A  
                                               l325 0BB6                                                 l157 2134  
                                               l406 1EB6                                                 l166 23CC  
                                               l158 2148                                                 l239 204A  
                                               l159 216A                                                 l176 1BF2  
                                               l352 1586                                                 l360 21AA  
                                               l265 093A                                                 l338 0D92  
                                               l282 0B50                                                 l194 1D7E  
                                               l362 21B2                                                 l339 0E14  
                                               l347 17E8                                                 l357 23DA  
                                               l390 20B4                                                 l198 22E4  
                                               l278 0ABC                                                 l366 1A22  
                                               l391 20C4                                                 l199 22E6  
                                               l279 0B0A                                                 l296 1908  
                                               l376 239E                                                 l396 1F44  
                                               l397 1F64                                                 l806 1FEC  
                                               l824 1B12                                                 l817 1AF2  
                                               l799 1FDC                                        ?_contains_ci 0002  
                                               _isr 0008                             uart2_write_uint32@index 001C  
                                               wreg 000FE8                                          _TXSTA1bits 000FAC  
                                        _TXSTA2bits 000F72                             uart2_write_uint32@value 000E  
                         __end_of_parse_weight_line 17EA                                                l2000 206C  
                                              l2002 207A                                                l2010 23C8  
                                              l2004 208A                                                l2012 22BC  
                                              l2100 1BD0                                                l2006 2094  
                                              l2030 224E                                                l2022 2222  
                                              l2014 22C0                                                l2102 1BE2  
                                              l2120 134A                                                l2112 1320  
                                              l2104 12F6                                                l2024 222A  
                                              l2016 22D0                                                l2040 203A  
                                              l2200 0784                                                l2008 23BA  
                                              l2050 1E5E                                                l2042 1E24  
                                              l2130 13F0                                                l2122 1352  
                                              l2114 133C                                                l2106 1308  
                                              l2026 222E                                                l2018 22E0  
                                              l2034 1FF0                                                l2210 0844  
                                              l2202 07A2                                                l2060 1EA6  
                                              l2052 1E6C                                                l2044 1E34  
                                              l2300 1A24                                                l2124 1354  
                                              l2108 131A                                                l2028 223E  
                                              l2036 2004                                                l2220 089C  
                                              l2212 0862                                                l2204 0800  
                                              l2062 1EB0                                                l2054 1E76  
                                              l2046 1E4A                                                l2310 1A78  
                                              l2302 1A30                                                l2126 137C  
                                              l2118 1342                                                l2150 1C18  
                                              l2038 2038                                                l2230 08FC  
                                              l2222 08AC                                                l2214 0890  
                                              l2206 0802                                                l2070 1F90  
                                              l2056 1E94                                                l2048 1E52  
                                              l2320 1AEC                                                l2312 1A8A  
                                              l2304 1A4E                                                l2136 141C  
                                              l2128 13A4                                                l2160 1C90  
                                              l2152 1C2A                                                l2144 1BF4  
                                              l2400 1116                                                l2232 0912  
                                              l2224 08C2                                                l2216 0894  
                                              l2240 0960                                                l2208 0826  
                                              l2072 1F9E                                                l2064 1F66  
                                              l2080 1B14                                                l2058 1EA4  
                                              l2314 1AB8                                                l2306 1A56  
                                              l2138 141E                                                l2170 1CCA  
                                              l2162 1CA6                                                l2154 1C3A  
                                              l2146 1BFC                                                l2402 113A  
                                              l2250 0A3C                                                l2234 0924  
                                              l2226 08D4                                                l2218 089A  
                                              l2322 21EA                                                l2074 1FBC  
                                              l2066 1F7C                                                l2090 1B6E  
                                              l2082 1B18                                                l2330 1CCE  
                                              l2316 1AD8                                                l2308 1A6A  
                                              l2156 1C42                                                l2148 1C04  
                                              l2404 115E                                                l2252 0A4C  
                                              l2228 08EA                                                l2180 06E8  
                                              l2324 21EE                                                l2076 1FCC  
                                              l2068 1F84                                                l2092 1BA2  
                                              l2084 1B2E                                                l2340 1D36  
                                              l2332 1CDE                                                l2318 1ADA  
                                              l2430 0ED8                                                l2158 1C7A  
                                              l2166 1CAC                                                l2414 1188  
                                              l2270 0AD4                                                l2254 0A5C  
                                              l2246 0974                                                l2238 093E  
                                              l2182 0706                                                l2174 0672  
                                              l2326 21FE                                                l2078 1FD6  
                                              l2094 1BA4                                                l2342 1D48  
                                              l2350 1D6A                                                l2334 1CE6  
                                              l2510 20EE                                                l2502 20C6  
                                              l2440 0F4A                                                l2432 0EFC  
                                              l2424 0E6C                                                l2168 1CAE  
                                              l2416 11A8                                                l2408 1164  
                                              l2280 0B3A                                                l2272 0B1A  
                                              l2264 0A90                                                l2248 0984  
                                              l2192 072E                                                l2184 070A  
                                              l2176 0692                                                l2360 1874  
                                              l2352 17EA                                                l2520 16DC  
                                              l2328 2202                                                l2096 1BBA  
                                              l2088 1B38                                                l2344 1D52  
                                              l2336 1D1A                                                l2512 20F2  
                                              l2504 20CA                                                l2600 2378  
                                              l2290 1EC8                                                l2450 0FBC  
                                              l2442 0F6E                                                l2426 0E90  
                                              l2434 0F20                                                l2282 0B4A  
                                              l2274 0B20                                                l2266 0AAC  
                                              l2186 0728                                                l2194 074C  
                                              l2178 06CA                                                l2362 1892  
                                              l2370 18D8                                                l2354 1814  
                                              l2530 1720                                                l2522 16EE  
                                              l2098 1BCE                                                l2346 1D58  
                                              l2338 1D1C                                                l2514 2108  
                                              l2506 20D2                                                l2610 232A  
                                              l2602 2316                                                l2292 1ED4  
                                              l2452 0FE0                                                l2444 0F92  
                                              l2428 0EB4                                                l2380 1032  
                                              l2284 0B60                                                l2276 0B24  
                                              l2268 0AC0                                                l2196 076E  
                                              l2188 072C                                                l2364 18A4  
                                              l2356 1836                                                l2372 18DA  
                                              l2532 172C                                                l2348 1D5A  
                                              l2516 210E                                                l2620 2334  
                                              l2612 232C                                                l2604 2324  
                                              l2294 1EE2                                                l2470 0BCA  
                                              l2462 0B6A                                                l2454 1004  
                                              l2446 0FB6                                                l2438 0F26  
                                              l2390 10A4                                                l2382 1056  
                                              l2278 0B34                                                l2374 18F6  
                                              l2366 18B4                                                l2358 1856  
                                              l2550 17B0                                                l2534 1740  
                                              l2542 1764                                                l2526 16F4  
                                              l2518 16C8                                                l2702 166C  
                                              l2630 233E                                                l2622 2336  
                                              l2614 232E                                                l2606 2326  
                                              l2710 22A4                                                l2296 1F02  
                                              l2480 0D38                                                l2472 0C0A  
                                              l2464 0B6E                                                l2392 10C8  
                                              l2384 107A                                                l2368 18C6  
                                              l2552 17E6                                                l2544 1774  
                                              l2536 1750                                                l2528 170E  
                                              l2560 1456                                                l2624 2338  
                                              l2616 2330                                                l2608 2328  
                                              l2640 1E1A                                                l2632 1D80  
                                              l2720 22B2                                                l2712 22A6  
                                              l2298 1F14                                                l2474 0C66  
                                              l2490 0DE8                                                l2466 0B7C  
                                              l2458 100A                                                l2394 10EC  
                                              l2378 100E                                                l2546 1780  
                                              l2570 1510                                                l2562 1472  
                                              l2810 1942                                                l2802 190C  
                                              l2650 1594                                                l2626 233A  
                                              l2618 2332                                                l2634 1DD6  
                                              l2722 22B4                                                l2714 22A8  
                                              l2730 2274                                                l2492 0E04  
                                              l2484 0D5A                                                l2476 0C86  
                                              l2468 0B80                                                l2388 1080  
                                              l2548 1790                                                l2580 23CE  
                                              l2572 1544                                                l2564 14B4  
                                              l2556 1440                                                l2812 1954  
                                              l2804 1920                                                l2660 15B8  
                                              l2652 1598                                                l2628 233C  
                                              l2644 23DC                                                l2636 1DEC  
                                              l2724 22B6                                                l2716 22AA  
                                              l2708 2288                                                l2740 2282  
                                              l2732 2276                                                l2494 0E24  
                                              l2478 0D10                                                l2398 10F2  
                                              l2574 155C                                                l2566 14D0  
                                              l2590 21A4                                                l2582 216C  
                                              l2830 19E4                                                l2814 1966  
                                              l2662 15C6                                                l2654 15A6  
                                              l2646 23E0                                                l2750 235E  
                                              l2638 1E0A                                                l2718 22AE  
                                              l2742 2284                                                l2734 2278  
                                              l2726 2256                                                l2488 0DA6  
                                              l2576 1562                                                l2568 14DC  
                                              l2592 21AC                                                l2584 216E  
                                              l2832 1A02                                                l2816 197E  
                                              l2824 19AC                                                l2808 1930  
                                              l2920 1680                                                l2680 161C  
                                              l2672 15F4                                                l2664 15CC  
                                              l2656 15A8                                                l2648 1588  
                                              l2760 2386                                                l2752 2360  
                                              l2744 2342                                                l2736 227C  
                                              l2728 2272                                                l2922 0DBA  
                                              l2578 157A                                                l2594 21B0  
                                              l2586 2194                                                l2834 1A10  
                                              l2826 19BC                                                l2818 199C  
                                              l2658 15B6                                                l2762 238C  
                                              l2754 2362                                                l2746 234C  
                                              l2770 2122                                                l2738 2280  
                                              l2850 11D6                                                l2588 2198  
                                              l2836 1A1C                                                l2828 19CC  
                                              l2692 1658                                                l2684 1630  
                                              l2676 1608                                                l2668 15E0  
                                              l2764 2398                                                l2596 236A  
                                              l2756 2364                                                l2748 235C  
                                              l2772 2130                                                l2860 1226  
                                              l2852 11DA                                                l1990 230A  
                                              l2838 1A1E                                                l2790 21B4  
                                              l2766 239A                                                l2598 2376  
                                              l2758 2366                                                l2774 2142  
                                              l2870 1284                                                l2862 122A  
                                              l2854 11E6                                                l2792 21BC  
                                              l2688 1644                                                l2768 239C  
                                              l2784 215C                                                l2872 1298  
                                              l2864 1246                                                l2856 11FA  
                                              l2848 11AC                                                l1994 2312  
                                              l1986 22EA                                                l2794 21BE  
                                              l2786 2168                                                l2778 2156  
                                              l2874 12CC                                                l2866 125A  
                                              l2858 1222                                                l1988 22FA  
                                              l2796 21CE                                                l2876 12DC  
                                              l2868 1272                                                l1998 205C  
                                              l2798 21D8                                                l2878 12E8  
                                              ?_isr 0001                                                STR_1 066B  
                                              STR_2 065E                                                STR_3 066B  
                                              STR_4 065E                                                STR_5 0613  
                                              STR_6 0613                                                STR_7 065A  
                                              STR_8 0668                                                STR_9 065A  
                                       main@pc_baud 00F9                                                u2000 1AB8  
                                              u2001 1AB4                                                u2010 221E  
                                              u2011 221A                                                u2100 18B4  
                                              u2020 1D36                                                u2101 18B0  
                                              u2021 1D32                                                u2110 18C6  
                                              u2030 1D48                                                u2111 18C2  
                                              u2031 1D44                                                u1400 20B4  
                                              u2200 10EC                                                u2040 1D6A  
                                              u1401 20B0                                                u2201 10E8  
                                              u2121 18D0                                                u2041 1D66  
                                              u2210 1116                                                u2130 18F6  
                                              u2050 1836                                                u1410 23C8  
                                              u2211 1112                                                u2131 18F2  
                                              u2051 1832                                                u1411 23C4  
                                              u2300 0F20                                                u2220 113A  
                                              u1420 22D0                                                u2060 1856  
                                              u1500 1F7C                                                u2301 0F1C  
                                              u2221 1136                                                u1421 22CC  
                                              u2141 1900                                                u2061 1852  
                                              u1501 1F78                                                u2310 0F4A  
                                              u2230 115E                                                u2150 1032  
                                              u1430 22E0                                                u2070 1874  
                                              u1510 1F9E                                                u2311 0F46  
                                              u2231 115A                                                u2151 102E  
                                              u1431 22DC                                                u2071 1870  
                                              u1511 1F9A                                                u2400 0E04  
                                              u1600 137C                                                u2320 0F6E  
                                              u1440 223E                                                u2240 1184  
                                              u2160 1056                                                u1520 1FBC  
                                              u2401 0E00                                                u1601 1378  
                                              u2321 0F6A                                                u1441 223A  
                                              u2241 1180                                                u2161 1052  
                                              u2081 188A                                                u1521 1FB8  
                                              u2410 0E24                                                u1370 22FA  
                                              u1610 13A4                                                u2330 0F92  
                                              u1450 224E                                                u2250 11A8  
                                              u2170 107A                                                u2090 18A4  
                                              u1530 1B2E                                                u2411 0E20  
                                              u1371 22F6                                                u1611 13A0  
                                              u2331 0F8E                                                u1451 224A  
                                              u2251 11A4                                                u2171 1076  
                                              u2091 18A0                                                u1531 1B2A  
                                              u1380 230A                                                u1620 13F0  
                                              u2340 0FB6                                                u2260 0E90  
                                              u2180 10A4                                                u1460 204A  
                                              u1700 06E8                                                u1540 1BBA  
                                              u2500 1472                                                u2420 20E8  
                                              u1381 2306                                                u1621 13EC  
                                              u2341 0FB2                                                u2261 0E8C  
                                              u2181 10A0                                                u1461 2046  
                                              u1701 06E4                                                u1541 1BB6  
                                              u2501 146E                                                u2421 20E4  
                                              u1470 1E4A                                                u1390 207A  
                                              u1630 1418                                                u2350 0FE0  
                                              u2270 0EB4                                                u2190 10C8  
                                              u1710 0706                                                u1550 1BCA  
                                              u2510 2194                                                u2430 2108  
                                              u1471 1E46                                                u1391 2076  
                                              u1631 1414                                                u2351 0FDC  
                                              u2271 0EB0                                                u2191 10C4  
                                              u1711 0702                                                u1551 1BC6  
                                              u2511 2190                                                u2431 2104  
                                              u1480 1E6C                                                u1640 143A  
                                              u2360 1004                                                u2280 0ED8  
                                              u1800 0890                                                u1720 0728  
                                              u1560 1BF2                                                u2440 2120  
                                              u2520 1DEC                                                u1481 1E68  
                                              u1641 1436                                                u2361 1000  
                                              u2281 0ED4                                                u1801 088C  
                                              u1721 0724                                                u1561 1BEE  
                                              u2441 211C                                                u2521 1DE8  
                                              u1490 1E94                                                u2370 0B7C  
                                              u1570 1308                                                u2290 0EFC  
                                              u1650 1C2A                                                u1810 08AC  
                                              u1730 074C                                                u2450 16DC  
                                              u2610 1920                                                u2530 1E0A  
                                              u1491 1E90                                                u2371 0B78  
                                              u1571 1304                                                u2291 0EF8  
                                              u1651 1C26                                                u1811 08A8  
                                              u1731 0748                                                u2451 16D8  
                                              u2611 191C                                                u2531 1E06  
                                              u2380 0D10                                                u1580 131A  
                                              u1660 1C3A                                                u1900 0AD4  
                                              u1820 08D4                                                u1740 076E  
                                              u2460 16EE                                                u2620 1942  
                                              u2540 15A6                                                u2700 1246  
                                              u2381 0D0C                                                u1581 1316  
                                              u1661 1C36                                                u1901 0AD0  
                                              u1821 08D0                                                u1741 076A  
                                              u2461 16EA                                                u2621 193E  
                                              u2605 21D6                                                u2541 15A2  
                                              u2701 1242                                                u2390 0D56  
                                              u1590 133C                                                u1670 1C90  
                                              u1910 0B34                                                u1830 08FC  
                                              u2630 1954                                                u2606 21D8  
                                              u2550 15B6                                                u2710 1284  
                                              u2391 0D52                                                u1591 1338  
                                              u1671 1C8C                                                u1911 0B30  
                                              u1831 08F8                                                u1751 0778  
                                              u2471 1706                                                u2631 1950  
                                              u2551 15B2                                                u2711 1280  
                                              u1680 1CA6                                                u1920 0B4A  
                                              u1840 0924                                                u1760 07A2  
                                              u2480 1720                                                u2640 1966  
                                              u2560 15C6                                                u2720 12CC  
                                              u1681 1CA2                                                u1921 0B46  
                                              u1841 0920                                                u1761 079E  
                                              u2481 171C                                                u2641 1962  
                                              u2561 15C2                                                u2721 12C8  
                                              u1690 1CCA                                                u1930 0B60  
                                              u1850 0960                                                u1770 0826  
                                              u2490 1452                                                u2650 197E  
                                              u2570 2130                                                u1691 1CC6  
                                              u1931 0B5C                                                u1851 095C  
                                              u1771 0822                                                u2491 144E  
                                              u2651 197A                                                u2571 212C  
                                              u1860 0970                                                u1780 0844  
                                              u2660 19BC                                                u2580 2142  
                                              u1941 1ECE                                                u1861 096C  
                                              u1781 0840                                                u2661 19B8  
                                              u2581 213E                                                u1950 1EE2  
                                              u1870 0984                                                u1790 0862  
                                              u2670 19CC                                                u2590 2156  
                                              u1951 1EDE                                                u1871 0980  
                                              u1791 085E                                                u2671 19C8  
                                              u2591 2152                                                u1960 1F44  
                                              u1880 0A4C                                                u2680 19E4  
                                              u1961 1F40                                                u1881 0A48  
                                              u2681 19E0                                                u1890 0AAC  
                                              u1971 1A2A                                                u1891 0AA8  
                                              u1980 1A4E                                                u1981 1A4A  
                                              u1990 1A78                                                u1991 1A74  
                     ??_contains_isolated_letter_ci 0008                                                i2l92 0030  
                   contains_isolated_letter_ci@next 000C                     contains_isolated_letter_ci@text 0005  
                                              _main 11AC                                                fsr2h 000FDA  
                                              indf2 000FDF                                                fsr2l 000FD9  
                                              btemp 005E                                         _upper_ascii 22E8  
                          uart2_write_uint32@buffer 0012                                                start 0034  
                               _is_alpha_ascii$1302 0003                             __size_of_uart1_try_read 004A  
                                      ___param_bank 000000                                               ??_isr 0001  
                                      _BAUDCON1bits 000FB8                                        _BAUDCON2bits 000F70  
                                             ?_main 0001                                               STR_10 0668  
                                             STR_11 062A                                               STR_12 062A  
                                             STR_20 0652                                               STR_21 063B  
                                             STR_13 0630                                               STR_22 0652  
                                             STR_14 0645                                               STR_30 0640  
                                             STR_31 0665                                               STR_15 0630  
                                             STR_23 0662                                               STR_40 061C  
                                             STR_24 0662                                               STR_32 0640  
                                             STR_16 0645                                               STR_41 066E  
                                             STR_17 0656                                               STR_25 0636  
                                             STR_33 0623                                               STR_42 060D  
                                             STR_26 0636                                               STR_34 0623  
                                             STR_18 0656                                               STR_27 064E  
                                             STR_35 064A                                               STR_19 063B  
                                             STR_43 0601                                               STR_36 064A  
                                             STR_28 064E                                               STR_29 0665  
                                             STR_38 061C                                               STR_39 0642  
                                   __end_of___lldiv 1EC8                                     __end_of___lodiv 1B14  
                                   __end_of___llmod 1FEE                                               _TMR0H 000FD7  
                                             _TMR0L 000FD6                                 ___lmul@multiplicand 0005  
                           __end_of_oscillator_init 2386                                    _uart2_write_char 23B8  
          __end_of_convert_native_milli_to_milli_kg 0E6C           __size_of_convert_native_milli_to_milli_kg 0302  
                ??_convert_native_milli_to_milli_kg 001F                   ?_convert_native_milli_to_milli_kg 001A  
                  _convert_native_milli_to_milli_kg 0B6A                     uart2_write_uint32_padded@digits 0027  
                           __end_of_parse_number_at 0B6A                                               tablat 000FF5  
                                             plusw0 000FEB                                               plusw1 000FE3  
                                             plusw2 000FDB                                               ttemp5 005F  
                                             ttemp6 0062                                               ttemp7 0066  
                                             status 000FD8                                               wtemp8 005F  
                        __end_of_uart2_write_uint32 1BF4                                    ___lodiv@dividend 0001  
                                  parse_number_at@i 0047                          __end_of_uart2_write_string 2220  
                                uart1_try_read@byte 0001                                     __initialization 23A0  
                      __size_of_calculate_brg_value 00A4                                     detect_unit@line 000F  
                                       _system_init 23DC                                        __end_of_main 12F6  
              __size_of_contains_isolated_letter_ci 00DA                                   find_best_number@i 0068  
                           _uart2_write_error_frame 23CE                                              ??_main 0089  
                              main@scale_line_index 00FE                                       __activetblptr 000002  
                                  ___lodiv@quotient 0011                                __size_of_detect_unit 019E  
                                      contains_ci@i 000B                                        contains_ci@j 000C  
                              find_best_number@best 0069                                find_best_number@text 0050  
                        __size_of_parse_weight_line 0122                                   main@received_byte 00FD  
                                  ___llmod@dividend 0001                                              _ANSELA 000F38  
                                            _ANSELB 000F39                                              _ANSELC 000F3A  
                                            i2l2840 000A                                              i2l2842 0018  
                                            i2l2844 0020                                              i2l2846 0022  
                            calculate_brg_value@brg 0016                                              _RCREG1 000FAE  
                                            _SPBRG1 000FAF                                              _SPBRG2 000F75  
                                  _startup_led_test 2386                                              _TXREG2 000F73  
                          __end_of_find_best_number 190A                          ?_uart2_write_uint32_padded 001D  
                                            ___lmul 205C                                              ___omul 1EC8  
                                         ??___lldiv 0009                                           ??___lodiv 0011  
                                      ?_timer0_init 0001                                           ??___llmod 0009  
                           __size_of_is_alpha_ascii 0036                                              _millis 21B4  
                           __size_of_is_digit_ascii 002E                              __size_of_read_dip_baud 0140  
                                      __mediumconst 0000                                              tblptrh 000FF7  
                                            tblptrl 000FF6                                              tblptru 000FF8  
                              __size_of_contains_ci 014A                                    ?_oscillator_init 0001  
                                  ?_parse_number_at 0016                                   parse_number_at@d1 0034  
                                 parse_number_at@d2 0035                                   parse_number_at@d3 0036  
                                 parse_number_at@d4 0037                                          __accesstop 0060  
                           __end_of__initialization 23AA                        contains_isolated_letter_ci@i 000E  
                                     ___rparam_used 000001                                      _uart1_try_read 2122  
                                    __pcstackCOMRAM 0001                           ??_uart2_write_error_frame 0004  
              convert_native_milli_to_milli_kg@unit 001E                                         millis@value 0005  
                             __end_of_detect_status 100E                          __end_of_process_scale_line 21B4  
                                        __pbssBANK1 0100                          parse_number_at@has_decimal 003C  
                                __size_of_gpio_init 002C                                  __size_of_pow10_u32 006E  
                                      ?_upper_ascii 0001                              __end_of_uart1_try_read 216C  
                contains_isolated_letter_ci@current 000B                                       _read_dip_baud 1588  
                                   contains_ci@text 0002                            __end_of_uart2_write_char 23CE  
                             _uart2_write_wn_weight 1440                                   _delay_ms_blocking 20C6  
                                   millis@gie_state 0009                                             ?___lmul 0001  
                                           ?___omul 0001                                  ?_delay_ms_blocking 0001  
                               ___omul@multiplicand 0009                                      ___lmul@product 0009  
                                           ?_millis 0001                                 ??_delay_ms_blocking 0003  
                           calculate_brg_value@baud 000E                                        upper_ascii@c 0001  
                   __end_of_uart2_write_error_frame 23DC                   contains_isolated_letter_ci@letter 0007  
                                           _SPBRGH1 000FB0                                             _SPBRGH2 000F76  
                               _calculate_brg_value 1D80                   contains_isolated_letter_ci@target 000A  
                               _is_digit_ascii$1298 0001                            process_scale_line@weight 007E  
convert_native_milli_to_milli_kg@native_milli_value 001A                                      ?_read_dip_baud 0005  
                                   ?_uart1_try_read 0001                                      main@scale_baud 00F5  
                                    main@scale_line 008D          convert_native_milli_to_milli_kg@abs_native 0030  
                         __end_of_delay_ms_blocking 2122                                             __Hparam 0000  
                                           __Lparam 0000                                ?_calculate_brg_value 000E  
                                      ?_system_init 0001                                     __size_of___lmul 006A  
                                   __size_of___omul 009E                                             ___lldiv 1E24  
                                           ___lodiv 1A24                                             ___llmod 1F66  
                                    _is_alpha_ascii 2220                                        __psmallconst 0600  
                                _uart2_write_uint32 1B14                                             __pcinit 23A0  
                                   __size_of_millis 0036                                             __ramtop 0600  
                              __size_of_timer0_init 0028                                  _uart2_write_string 21EA  
                                    _is_digit_ascii 22BA                                             __ptext0 11AC  
                                           __ptext1 2256                                             __ptext2 2122  
                                           __ptext3 2288                                             __ptext4 1D80  
                                           __ptext5 2342                                             __ptext6 23DC  
                                           __ptext7 236A                                             __ptext8 2316  
                                           __ptext9 2386                            __end_of_startup_led_test 23A0  
                                 __end_of_gpio_init 2342                                           _T0CONbits 000FD5  
                                 __end_of_pow10_u32 205C                                        __size_of_isr 002C  
                               ?_uart2_write_uint32 000E                                 ?_uart2_write_string 0002  
               __end_of_contains_isolated_letter_ci 1CCE                         _contains_isolated_letter_ci 1BF4  
                                           main@now 00ED                                end_of_initialization 23AA  
         convert_native_milli_to_milli_kg@converted 002C                                      pow10_u32@value 0012  
                                    pow10_u32@power 0011                                      ___omul@product 0011  
                                        _uart1_init 2288                                          _uart2_init 2256  
                                     __Lmediumconst 0000                         ??_uart2_write_uint32_padded 0022  
                                 ?_find_best_number 0050                                     ___lldiv@divisor 0005  
                              ??_uart2_write_uint32 0012                                     ___lldiv@counter 000D  
                            ?_uart2_write_wn_weight 0028                               ??_calculate_brg_value 0012  
                              ??_uart2_write_string 0004                              __end_of_is_alpha_ascii 2256  
                                ??_find_best_number 0058                                             postdec2 000FDD  
                                           postinc2 000FDE                              __end_of_is_digit_ascii 22E8  
                                         _PORTBbits 000F81                                       ??_detect_unit 0011  
                             parse_weight_line@line 0071                               parse_weight_line@unit 007D  
                     parse_number_at@integer_digits 003D                                       uart1_init@brg 001E  
                                         _TRISBbits 000F93                                           _TRISCbits 000F94  
                                  main@last_rx_time 00F1                                       uart2_init@brg 001E  
                                   ??_read_dip_baud 0009                          __size_of_delay_ms_blocking 005C  
                              __size_of_upper_ascii 002E                                     ?_is_alpha_ascii 0001  
                                    __end_of___lmul 20C6                                     ?_is_digit_ascii 0001  
                                    __end_of___omul 1F66                                   _handle_scale_byte 190A  
                                ?_handle_scale_byte 0085                                      __end_of_millis 21EA  
                                     ??_contains_ci 0006                           _uart2_write_uint32_padded 1CCE  
                       uart2_write_wn_weight@weight 0028                                 start_initialization 23A0  
                                   ___lodiv@divisor 0009                                     ___lodiv@counter 0019  
                                       __end_of_isr 0034                                 ??_handle_scale_byte 005C  
                               __end_of_detect_unit 11AC                                   detect_status@line 000D  
                                _process_scale_line 216C                                         ?_uart1_init 001A  
                                       ?_uart2_init 001A                                   ___omul@multiplier 0001  
                                   ___llmod@divisor 0005                            __size_of_oscillator_init 001C  
                                   ___llmod@counter 0009                            __size_of_parse_number_at 04F8  
                               ?_process_scale_line 005A                               handle_scale_byte@byte 005D  
                         __end_of_handle_scale_byte 1A24                                            ??___lmul 0009  
                                          ??___omul 0011                                   ?_uart2_write_char 0001  
                              __size_of_system_init 000A                                  contains_ci@pattern 0004  
                                ??_uart2_write_char 0001                                            ??_millis 0005  
                              ??_process_scale_line 005C                                       __pcstackBANK0 0060  
                               __end_of_contains_ci 1440                          parse_number_at@start_index 0018  
                                  ??_uart1_try_read 0003                            ?_uart2_write_error_frame 0001  
                            __size_of_detect_status 01A2                              uart2_write_string@text 0002  
               contains_isolated_letter_ci@previous 000D                                           __pintcode 0008  
                                          ?___lldiv 0001                                            ?___lodiv 0001  
                                          ?___llmod 0001              convert_native_milli_to_milli_kg@temp64 0024  
                      handle_scale_byte@line_buffer 0085                                         _detect_unit 100E  
                               __size_of_uart1_init 0032                                   ?_startup_led_test 0001  
                               __size_of_uart2_init 0032                                         __smallconst 0600  
                      uart2_write_wn_weight@kg_part 002E                                  ??_startup_led_test 0005  
                                         _gpio_init 2316                                           _pow10_u32 1FEE  
                                   is_alpha_ascii@c 0002                                     is_alpha_ascii@u 0004  
                           ??_uart2_write_wn_weight 002A                                            _LATBbits 000F8A  
                                          _LATCbits 000F8B                       parse_number_at@decimal_digits 0042  
                                 uart2_write_char@c 0001            convert_native_milli_to_milli_kg@negative 0023  
                                          _PIR1bits 000F9E                                            i2u269_40 0018  
                                          i2u269_41 0014                                            _PIR3bits 000FA4  
                                          _RCONbits 000FD0                          __size_of_handle_scale_byte 011A  
                                 ??_oscillator_init 0005                                       ??_timer0_init 0001  
                                 ??_parse_number_at 001E                                     is_digit_ascii@c 0002  
                         __size_of_find_best_number 0120                                         _contains_ci 12F6  
                                     _detect_status 0E6C                      uart2_write_uint32_padded@value 001D  
                                        ?_gpio_init 0001                                          ?_pow10_u32 000D  
                 uart2_write_wn_weight@abs_milli_kg 0036                                   ___lmul@multiplier 0001  
                                       _INTCON2bits 000FF1                  __size_of_uart2_write_uint32_padded 00B2  
                       __end_of_calculate_brg_value 1E24                                   read_dip_baud@code 000B  
                                  ??_is_alpha_ascii 0002                                            __Hrparam 0000  
                                  ??_is_digit_ascii 0001                         __size_of_uart2_write_uint32 00E0  
                                          __Lrparam 0000                         __size_of_uart2_write_string 0036  
                                  __size_of___lldiv 00A4                                    __size_of___lodiv 00F0  
                                  __size_of___llmod 0088                             parse_number_at@has_sign 0033  
                                    ?_detect_status 000D                                 __end_of_timer0_init 236A  
                           parse_number_at@negative 0032                                            _g_millis 0100  
                                          __ptext10 1588                                            __ptext11 20C6  
                                          __ptext20 21EA                                            __ptext12 21B4  
                                          __ptext21 23B8                                            __ptext13 190A  
                                          __ptext30 0E6C                                            __ptext22 16C8  
                                          __ptext14 216C                                            __ptext31 12F6  
                                          __ptext23 17EA                                            __ptext15 1440  
                                          __ptext32 22E8                                            __ptext24 0672  
                                          __ptext16 1CCE                                            __ptext33 0B6A  
                                          __ptext25 1FEE                                            __ptext17 1B14  
                                          __ptext34 1EC8                                            __ptext26 22BA  
                                          __ptext18 1F66                                            __ptext35 1A24  
                                          __ptext27 100E                                            __ptext19 23CE  
                                          __ptext36 205C                                            __ptext28 1BF4  
                                          __ptext37 1E24                                            __ptext29 2220  
                            process_scale_line@line 005A                         handle_scale_byte@line_index 0087  
                                      ??_uart1_init 001E                                        ??_uart2_init 001E  
                 __end_of_uart2_write_uint32_padded 1D80                                       __size_of_main 014A  
                                     ??_upper_ascii 0001                               __end_of_read_dip_baud 16C8  
                uart2_write_uint32_padded@pad_count 0022                     parse_number_at@native_milli_abs 003E  
                                          int$flags 005E                       uart2_write_uint32_padded@temp 0023  
                uart2_write_uint32_padded@min_width 0021                                  __end_of_uart1_init 22BA  
                                __end_of_uart2_init 2288                                         _OSCTUNEbits 000F9B  
                                        _INTCONbits 000FF2                                         ??_gpio_init 0001  
                                       ??_pow10_u32 0011                           __size_of_uart2_write_char 0016  
                                          intlevel2 0000                                    ___lldiv@dividend 0001  
                                        _RCSTA1bits 000FAB                                          _RCSTA2bits 000F71  
                                        _OSCCONbits 000FD3                         parse_number_at@integer_part 0043  
                         find_best_number@candidate 0060                                       ??_system_init 0005  
                               __end_of_upper_ascii 2316                                         _timer0_init 2342  
                                   ??_detect_status 000F                    __size_of_uart2_write_error_frame 000E  
                                      ?_detect_unit 000F                                    _find_best_number 17EA  
                                  ___lldiv@quotient 0009                               parse_number_at@result 0048  
                       __size_of_process_scale_line 0048                             parse_weight_line@number 0075  
                           parse_weight_line@weight 0073                      uart2_write_wn_weight@gram_part 0032  
                      ?_contains_isolated_letter_ci 0005                                 delay_ms_blocking@ms 0001  
                                 _parse_weight_line 16C8                                     _oscillator_init 236A  
                         __size_of_startup_led_test 001A                                  ?_parse_weight_line 0071  
                                delay_ms_blocking@i 0003                                 parse_number_at@text 0016  
                                   _parse_number_at 0672                      __size_of_uart2_write_wn_weight 0148  
                     __end_of_uart2_write_wn_weight 1588                                      uart1_init@baud 001A  
