

Microchip MPLAB XC8 Assembler V2.31 build 20201012212115 
                                                                                               Wed Mar 11 14:48:04 2026

Microchip MPLAB XC8 C Compiler v2.31 (Free license) build 20201012212115 Og1 
     1                           	processor	18F25K22
     2                           	fnconf	rparam,??,?,0
     3                           	pagewidth 120
     4                           	opt	flic
     5                           	psect	idataBANK0,global,class=CODE,delta=1,noexec
     6                           	psect	smallconst,global,reloc=2,class=SMALLCONST,delta=1,noexec
     7                           	psect	cinit,global,reloc=2,class=CODE,delta=1
     8                           	psect	bssCOMRAM,global,class=COMRAM,space=1,delta=1,lowdata,noexec
     9                           	psect	bssBANK0,global,class=BANK0,space=1,delta=1,lowdata,noexec
    10                           	psect	dataBANK0,global,class=BANK0,space=1,delta=1,lowdata,noexec
    11                           	psect	cstackCOMRAM,global,class=COMRAM,space=1,delta=1,lowdata,noexec
    12                           	psect	text0,global,reloc=2,class=CODE,delta=1
    13                           	psect	text1,global,reloc=2,class=CODE,delta=1
    14                           	psect	text2,global,reloc=2,class=CODE,delta=1
    15                           	psect	text3,global,reloc=2,class=CODE,delta=1
    16                           	psect	text4,global,reloc=2,class=CODE,delta=1
    17                           	psect	text5,global,reloc=2,class=CODE,delta=1
    18                           	psect	text6,global,reloc=2,class=CODE,delta=1
    19                           	psect	text7,global,reloc=2,class=CODE,delta=1
    20                           	psect	text8,global,reloc=2,class=CODE,delta=1
    21                           	psect	text9,global,reloc=2,class=CODE,delta=1
    22                           	psect	text10,global,reloc=2,class=CODE,delta=1
    23                           	psect	text11,global,reloc=2,class=CODE,delta=1
    24                           	psect	text12,global,reloc=2,class=CODE,delta=1
    25                           	psect	text13,global,reloc=2,class=CODE,delta=1
    26                           	psect	text14,global,reloc=2,class=CODE,delta=1
    27                           	psect	text15,global,reloc=2,class=CODE,delta=1
    28                           	psect	text16,global,reloc=2,class=CODE,delta=1
    29                           	psect	text17,global,reloc=2,class=CODE,delta=1
    30                           	psect	text18,global,reloc=2,class=CODE,delta=1
    31                           	psect	text19,global,reloc=2,class=CODE,delta=1
    32                           	psect	text20,global,reloc=2,class=CODE,delta=1
    33                           	psect	text21,global,reloc=2,class=CODE,delta=1,group=1
    34                           	psect	text22,global,reloc=2,class=CODE,delta=1,group=1
    35                           	psect	text23,global,reloc=2,class=CODE,delta=1
    36                           	psect	text24,global,reloc=2,class=CODE,delta=1
    37                           	psect	text25,global,reloc=2,class=CODE,delta=1
    38                           	psect	text26,global,reloc=2,class=CODE,delta=1
    39                           	psect	text27,global,reloc=2,class=CODE,delta=1
    40                           	psect	text28,global,reloc=2,class=CODE,delta=1
    41                           	psect	text29,global,reloc=2,class=CODE,delta=1
    42                           	psect	text30,global,reloc=2,class=CODE,delta=1
    43                           	psect	text31,global,reloc=2,class=CODE,delta=1
    44                           	psect	text32,global,reloc=2,class=CODE,delta=1
    45                           	psect	text33,global,reloc=2,class=CODE,delta=1
    46                           	psect	text34,global,reloc=2,class=CODE,delta=1
    47                           	psect	text35,global,reloc=2,class=CODE,delta=1
    48                           	psect	text36,global,reloc=2,class=CODE,delta=1
    49                           	psect	text37,global,reloc=2,class=CODE,delta=1
    50                           	psect	text38,global,reloc=2,class=CODE,delta=1
    51                           	psect	text39,global,reloc=2,class=CODE,delta=1
    52                           	psect	text40,global,reloc=2,class=CODE,delta=1
    53                           	psect	text41,global,reloc=2,class=CODE,delta=1
    54                           	psect	text42,global,reloc=2,class=CODE,delta=1
    55                           	psect	text43,global,reloc=2,class=CODE,delta=1
    56                           	psect	text44,global,reloc=2,class=CODE,delta=1
    57                           	psect	text45,global,reloc=2,class=CODE,delta=1
    58                           	psect	text46,global,reloc=2,class=CODE,delta=1
    59                           	psect	text47,global,reloc=2,class=CODE,delta=1
    60                           	psect	text48,global,reloc=2,class=CODE,delta=1
    61                           	psect	text49,global,reloc=2,class=CODE,delta=1
    62                           	psect	text50,global,reloc=2,class=CODE,delta=1
    63                           	psect	text51,global,reloc=2,class=CODE,delta=1
    64                           	psect	intcode,global,reloc=2,class=CODE,delta=1
    65                           	psect	intsave_regs,global,class=BIGRAM,space=1,delta=1,noexec
    66                           	psect	rparam,global,class=COMRAM,space=1,delta=1,noexec
    67                           	psect	temp,global,ovrld,common,class=COMRAM,space=1,delta=1
    68                           	psect	config,global,abs,ovrld,class=CONFIG,space=4,delta=1,noexec
    69  0000                     
    70                           ; Generated 21/07/2023 GMT
    71                           ; 
    72                           ; Copyright © 2023, Microchip Technology Inc. and its subsidiaries ("Microchip")
    73                           ; All rights reserved.
    74                           ; 
    75                           ; This software is developed by Microchip Technology Inc. and its subsidiaries ("Microch
      +                          ip").
    76                           ; 
    77                           ; Redistribution and use in source and binary forms, with or without modification, are
    78                           ; permitted provided that the following conditions are met:
    79                           ; 
    80                           ;     1. Redistributions of source code must retain the above copyright notice, this lis
      +                          t of
    81                           ;        conditions and the following disclaimer.
    82                           ; 
    83                           ;     2. Redistributions in binary form must reproduce the above copyright notice, this 
      +                          list
    84                           ;        of conditions and the following disclaimer in the documentation and/or other
    85                           ;        materials provided with the distribution. Publication is not required when
    86                           ;        this file is used in an embedded application.
    87                           ; 
    88                           ;     3. Microchip's name may not be used to endorse or promote products derived from th
      +                          is
    89                           ;        software without specific prior written permission.
    90                           ; 
    91                           ; THIS SOFTWARE IS PROVIDED BY MICROCHIP "AS IS" AND ANY EXPRESS OR IMPLIED WARRANTIES,
    92                           ; INCLUDING, BUT NOT LIMITED TO, THE IMPLIED WARRANTIES OF MERCHANTABILITY AND FITNESS F
      +                          OR
    93                           ; PURPOSE ARE DISCLAIMED.  IN NO EVENT SHALL MICROCHIP BE LIABLE FOR ANY DIRECT, INDIREC
      +                          T,
    94                           ; INCIDENTAL, SPECIAL, EXEMPLARY, OR CONSEQUENTIAL DAMAGES (INCLUDING BUT NOT LIMITED TO
    95                           ; PROCUREMENT OF SUBSTITUTE GOODS OR SERVICES; LOSS OF USE, DATA OR PROFITS; OR BUSINESS
    96                           ; INTERRUPTION) HOWSOEVER CAUSED AND ON ANY THEORY OF LIABILITY, WHETHER IN CONTRACT, ST
      +                          RICT
    97                           ; LIABILITY, OR TORT (INCLUDING NEGLIGENCE OR OTHERWISE) ARISING IN ANY WAY OUT OF THE U
      +                          SE OF
    98                           ; THIS SOFTWARE, EVEN IF ADVISED OF THE POSSIBILITY OF SUCH DAMAGE.
    99                           ; 
   100                           ; 
   101                           ; Code-generator required, PIC18F25K22 Definitions
   102                           ; 
   103                           ; SFR Addresses
   104  0000                     
   105                           	psect	idataBANK0
   106  002760                     __pidataBANK0:
   107                           	callstack 0
   108                           
   109                           ;initializer for _g_graphic_arrow_blink_state
   110  002760  01                 	db	1
   111                           
   112                           ;initializer for _g_display_refresh_request
   113  002761  01                 	db	1
   114                           
   115                           	psect	smallconst
   116  000600                     __psmallconst:
   117                           	callstack 0
   118  000600  00                 	db	0
   119  000601                     oled_draw_old_runtime_screen@icon_vac_off:
   120                           	callstack 0
   121  000601  3C                 	db	60
   122  000602  42                 	db	66
   123  000603  81                 	db	129
   124  000604  81                 	db	129
   125  000605  81                 	db	129
   126  000606  81                 	db	129
   127  000607  42                 	db	66
   128  000608  3C                 	db	60
   129  000609                     __end_ofoled_draw_old_runtime_screen@icon_vac_off:
   130                           	callstack 0
   131  000609                     oled_draw_old_runtime_screen@icon_vac_on:
   132                           	callstack 0
   133  000609  3C                 	db	60
   134  00060A  42                 	db	66
   135  00060B  81                 	db	129
   136  00060C  A5                 	db	165
   137  00060D  81                 	db	129
   138  00060E  99                 	db	153
   139  00060F  42                 	db	66
   140  000610  3C                 	db	60
   141  000611                     __end_ofoled_draw_old_runtime_screen@icon_vac_on:
   142                           	callstack 0
   143  000611                     oled_draw_old_runtime_screen@icon_brush_off:
   144                           	callstack 0
   145  000611  18                 	db	24
   146  000612  24                 	db	36
   147  000613  42                 	db	66
   148  000614  81                 	db	129
   149  000615  42                 	db	66
   150  000616  24                 	db	36
   151  000617  18                 	db	24
   152  000618  00                 	db	0
   153  000619                     __end_ofoled_draw_old_runtime_screen@icon_brush_off:
   154                           	callstack 0
   155  000619                     oled_draw_old_runtime_screen@icon_brush_on:
   156                           	callstack 0
   157  000619  18                 	db	24
   158  00061A  3C                 	db	60
   159  00061B  7E                 	db	126
   160  00061C  FF                 	db	255
   161  00061D  7E                 	db	126
   162  00061E  24                 	db	36
   163  00061F  66                 	db	102
   164  000620  42                 	db	66
   165  000621                     __end_ofoled_draw_old_runtime_screen@icon_brush_on:
   166                           	callstack 0
   167  000621                     _down_arrow:
   168                           	callstack 0
   169  000621  10                 	db	16
   170  000622  30                 	db	48
   171  000623  FF                 	db	255
   172  000624  30                 	db	48
   173  000625  10                 	db	16
   174  000626                     __end_of_down_arrow:
   175                           	callstack 0
   176  000626                     font_get_pattern@digits:
   177                           	callstack 0
   178  000626  3E                 	db	62
   179  000627  51                 	db	81
   180  000628  49                 	db	73
   181  000629  45                 	db	69
   182  00062A  3E                 	db	62
   183  00062B  00                 	db	0
   184  00062C  42                 	db	66
   185  00062D  7F                 	db	127
   186  00062E  40                 	db	64
   187  00062F  00                 	db	0
   188  000630  42                 	db	66
   189  000631  61                 	db	97
   190  000632  51                 	db	81
   191  000633  49                 	db	73
   192  000634  46                 	db	70
   193  000635  21                 	db	33
   194  000636  41                 	db	65
   195  000637  45                 	db	69
   196  000638  4B                 	db	75
   197  000639  31                 	db	49
   198  00063A  18                 	db	24
   199  00063B  14                 	db	20
   200  00063C  12                 	db	18
   201  00063D  7F                 	db	127
   202  00063E  10                 	db	16
   203  00063F  27                 	db	39
   204  000640  45                 	db	69
   205  000641  45                 	db	69
   206  000642  45                 	db	69
   207  000643  39                 	db	57
   208  000644  3C                 	db	60
   209  000645  4A                 	db	74
   210  000646  49                 	db	73
   211  000647  49                 	db	73
   212  000648  30                 	db	48
   213  000649  01                 	db	1
   214  00064A  71                 	db	113
   215  00064B  09                 	db	9
   216  00064C  05                 	db	5
   217  00064D  03                 	db	3
   218  00064E  36                 	db	54
   219  00064F  49                 	db	73
   220  000650  49                 	db	73
   221  000651  49                 	db	73
   222  000652  36                 	db	54
   223  000653  06                 	db	6
   224  000654  49                 	db	73
   225  000655  49                 	db	73
   226  000656  29                 	db	41
   227  000657  1E                 	db	30
   228  000658                     __end_offont_get_pattern@digits:
   229                           	callstack 0
   230  000658                     font_get_pattern@colon_char:
   231                           	callstack 0
   232  000658  00                 	db	0
   233  000659  36                 	db	54
   234  00065A  36                 	db	54
   235  00065B  00                 	db	0
   236  00065C  00                 	db	0
   237  00065D                     __end_offont_get_pattern@colon_char:
   238                           	callstack 0
   239  00065D                     font_get_pattern@letter_space:
   240                           	callstack 0
   241  00065D  00                 	db	0
   242  00065E  00                 	db	0
   243  00065F  00                 	db	0
   244  000660  00                 	db	0
   245  000661  00                 	db	0
   246  000662                     __end_offont_get_pattern@letter_space:
   247                           	callstack 0
   248  000662                     font_get_pattern@letter_E:
   249                           	callstack 0
   250  000662  7F                 	db	127
   251  000663  49                 	db	73
   252  000664  49                 	db	73
   253  000665  49                 	db	73
   254  000666  41                 	db	65
   255  000667                     __end_offont_get_pattern@letter_E:
   256                           	callstack 0
   257  000667                     font_get_pattern@letter_H:
   258                           	callstack 0
   259  000667  7F                 	db	127
   260  000668  08                 	db	8
   261  000669  08                 	db	8
   262  00066A  08                 	db	8
   263  00066B  7F                 	db	127
   264  00066C                     __end_offont_get_pattern@letter_H:
   265                           	callstack 0
   266  00066C                     font_get_pattern@letter_M:
   267                           	callstack 0
   268  00066C  7F                 	db	127
   269  00066D  02                 	db	2
   270  00066E  0C                 	db	12
   271  00066F  02                 	db	2
   272  000670  7F                 	db	127
   273  000671                     __end_offont_get_pattern@letter_M:
   274                           	callstack 0
   275  000671                     font_get_pattern@letter_I:
   276                           	callstack 0
   277  000671  00                 	db	0
   278  000672  41                 	db	65
   279  000673  7F                 	db	127
   280  000674  41                 	db	65
   281  000675  00                 	db	0
   282  000676                     __end_offont_get_pattern@letter_I:
   283                           	callstack 0
   284  000676                     font_get_pattern@letter_D:
   285                           	callstack 0
   286  000676  7F                 	db	127
   287  000677  41                 	db	65
   288  000678  41                 	db	65
   289  000679  22                 	db	34
   290  00067A  1C                 	db	28
   291  00067B                     __end_offont_get_pattern@letter_D:
   292                           	callstack 0
   293  00067B                     font_get_pattern@letter_U:
   294                           	callstack 0
   295  00067B  3F                 	db	63
   296  00067C  40                 	db	64
   297  00067D  40                 	db	64
   298  00067E  40                 	db	64
   299  00067F  3F                 	db	63
   300  000680                     __end_offont_get_pattern@letter_U:
   301                           	callstack 0
   302  000680                     font_get_pattern@letter_R:
   303                           	callstack 0
   304  000680  7F                 	db	127
   305  000681  09                 	db	9
   306  000682  19                 	db	25
   307  000683  29                 	db	41
   308  000684  46                 	db	70
   309  000685                     __end_offont_get_pattern@letter_R:
   310                           	callstack 0
   311  000685                     font_get_pattern@letter_B:
   312                           	callstack 0
   313  000685  7F                 	db	127
   314  000686  49                 	db	73
   315  000687  49                 	db	73
   316  000688  49                 	db	73
   317  000689  36                 	db	54
   318  00068A                     __end_offont_get_pattern@letter_B:
   319                           	callstack 0
   320  00068A                     font_get_pattern@letter_C:
   321                           	callstack 0
   322  00068A  3E                 	db	62
   323  00068B  41                 	db	65
   324  00068C  41                 	db	65
   325  00068D  41                 	db	65
   326  00068E  22                 	db	34
   327  00068F                     __end_offont_get_pattern@letter_C:
   328                           	callstack 0
   329  00068F                     font_get_pattern@letter_A:
   330                           	callstack 0
   331  00068F  7E                 	db	126
   332  000690  11                 	db	17
   333  000691  11                 	db	17
   334  000692  11                 	db	17
   335  000693  7E                 	db	126
   336  000694                     __end_offont_get_pattern@letter_A:
   337                           	callstack 0
   338  000694                     font_get_pattern@letter_V:
   339                           	callstack 0
   340  000694  07                 	db	7
   341  000695  18                 	db	24
   342  000696  60                 	db	96
   343  000697  18                 	db	24
   344  000698  07                 	db	7
   345  000699                     __end_offont_get_pattern@letter_V:
   346                           	callstack 0
   347  000699                     font_get_pattern@letter_O:
   348                           	callstack 0
   349  000699  3E                 	db	62
   350  00069A  41                 	db	65
   351  00069B  41                 	db	65
   352  00069C  41                 	db	65
   353  00069D  3E                 	db	62
   354  00069E                     __end_offont_get_pattern@letter_O:
   355                           	callstack 0
   356  00069E                     font_get_pattern@letter_T:
   357                           	callstack 0
   358  00069E  01                 	db	1
   359  00069F  01                 	db	1
   360  0006A0  7F                 	db	127
   361  0006A1  01                 	db	1
   362  0006A2  01                 	db	1
   363  0006A3                     __end_offont_get_pattern@letter_T:
   364                           	callstack 0
   365  0000                     _ANSELC	set	3898
   366  0000                     _ANSELB	set	3897
   367  0000                     _ANSELA	set	3896
   368  0000                     _EECON2	set	4007
   369  0000                     _EEDATA	set	4008
   370  0000                     _EEADR	set	4009
   371  0000                     _EECON1bits	set	4006
   372  0000                     _PORTCbits	set	3970
   373  0000                     _PORTAbits	set	3968
   374  0000                     _T0CONbits	set	4053
   375  0000                     _INTCONbits	set	4082
   376  0000                     _TMR0L	set	4054
   377  0000                     _TMR0H	set	4055
   378  0000                     _T0CON	set	4053
   379  0000                     _LATBbits	set	3978
   380  0000                     _LATAbits	set	3977
   381  0000                     _LATCbits	set	3979
   382  0000                     _TRISBbits	set	3987
   383  0000                     _TRISCbits	set	3988
   384  0000                     _TRISAbits	set	3986
   385  0000                     _OSCCON	set	4051
   386  0006A3                     STR_1:
   387  0006A3  44                 	db	68	;'D'
   388  0006A4  49                 	db	73	;'I'
   389  0006A5  4D                 	db	77	;'M'
   390  0006A6  41                 	db	65	;'A'
   391  0006A7  00                 	db	0
   392  0006A8  00                 	db	0	; dummy byte at the end
   393  0000                     
   394                           ; #config settings
   395                           
   396                           	psect	cinit
   397  00253A                     __pcinit:
   398                           	callstack 0
   399  00253A                     start_initialization:
   400                           	callstack 0
   401  00253A                     __initialization:
   402                           	callstack 0
   403                           
   404                           ; Initialize objects allocated to BANK0 (2 bytes)
   405                           ; load TBLPTR registers with __pidataBANK0
   406  00253A  0E60               	movlw	low __pidataBANK0
   407  00253C  6EF6               	movwf	tblptrl,c
   408  00253E  0E27               	movlw	high __pidataBANK0
   409  002540  6EF7               	movwf	tblptrh,c
   410  002542  0E00               	movlw	low (__pidataBANK0 shr (0+16))
   411  002544  6EF8               	movwf	tblptru,c
   412  002546  0009               	tblrd		*+	;fetch initializer
   413  002548  CFF5 F087          	movff	tablat,__pdataBANK0
   414  00254C  0009               	tblrd		*+	;fetch initializer
   415  00254E  CFF5 F088          	movff	tablat,__pdataBANK0+1
   416                           
   417                           ; Clear objects allocated to BANK0 (39 bytes)
   418  002552  EE00  F060         	lfsr	0,__pbssBANK0
   419  002556  0E27               	movlw	39
   420  002558                     clear_0:
   421  002558  6AEE               	clrf	postinc0,c
   422  00255A  06E8               	decf	wreg,f,c
   423  00255C  E1FD               	bnz	clear_0
   424                           
   425                           ; Clear objects allocated to COMRAM (6 bytes)
   426  00255E  6A5E               	clrf	(__pbssCOMRAM+5)& (0+255),c
   427  002560  6A5D               	clrf	(__pbssCOMRAM+4)& (0+255),c
   428  002562  6A5C               	clrf	(__pbssCOMRAM+3)& (0+255),c
   429  002564  6A5B               	clrf	(__pbssCOMRAM+2)& (0+255),c
   430  002566  6A5A               	clrf	(__pbssCOMRAM+1)& (0+255),c
   431  002568  6A59               	clrf	__pbssCOMRAM& (0+255),c
   432  00256A                     end_of_initialization:
   433                           	callstack 0
   434  00256A                     __end_of__initialization:
   435                           	callstack 0
   436  00256A  905F               	bcf	int$flags,0,c	;clear compiler interrupt flag (level 1)
   437  00256C  925F               	bcf	int$flags,1,c	;clear compiler interrupt flag (level 2)
   438  00256E  0E00               	movlw	low (__Lmediumconst shr (0+16))
   439  002570  6EF8               	movwf	tblptru,c
   440  002572  0100               	movlb	0
   441  002574  EFE2  F010         	goto	_main	;jump to C main() function
   442                           
   443                           	psect	bssCOMRAM
   444  000059                     __pbssCOMRAM:
   445                           	callstack 0
   446  000059                     _g_brush_release_on:
   447                           	callstack 0
   448  000059                     	ds	1
   449  00005A                     _g_vacuum_delay_active:
   450                           	callstack 0
   451  00005A                     	ds	1
   452  00005B                     _g_vacuum_on:
   453                           	callstack 0
   454  00005B                     	ds	1
   455  00005C                     _g_brush_on:
   456                           	callstack 0
   457  00005C                     	ds	1
   458  00005D                     _g_vac_sw_state:
   459                           	callstack 0
   460  00005D                     	ds	1
   461  00005E                     _g_brush_sw_state:
   462                           	callstack 0
   463  00005E                     	ds	1
   464                           
   465                           	psect	bssBANK0
   466  000060                     __pbssBANK0:
   467                           	callstack 0
   468  000060                     _g_vacuum_seconds:
   469                           	callstack 0
   470  000060                     	ds	4
   471  000064                     _g_brush_seconds:
   472                           	callstack 0
   473  000064                     	ds	4
   474  000068                     _g_overall_seconds:
   475                           	callstack 0
   476  000068                     	ds	4
   477  00006C                     isr@ms_for_1s:
   478                           	callstack 0
   479  00006C                     	ds	2
   480  00006E                     _g_brush_release_ticks_left:
   481                           	callstack 0
   482  00006E                     	ds	2
   483  000070                     _g_brush_hold_ticks:
   484                           	callstack 0
   485  000070                     	ds	2
   486  000072                     _g_boot_ms:
   487                           	callstack 0
   488  000072                     	ds	2
   489  000074                     _g_ms_counter:
   490                           	callstack 0
   491  000074                     	ds	2
   492  000076                     oled_update_screen@prev_graphic_mode:
   493                           	callstack 0
   494  000076                     	ds	1
   495  000077                     update_logic_1s@eeprom_save_counter:
   496                           	callstack 0
   497  000077                     	ds	1
   498  000078                     update_logic_1s@logo_phase:
   499                           	callstack 0
   500  000078                     	ds	1
   501  000079                     update_logic_10ms@prev_graphic_mode:
   502                           	callstack 0
   503  000079                     	ds	1
   504  00007A                     update_logic_10ms@graphic_arrow_blink_counter:
   505                           	callstack 0
   506  00007A                     	ds	1
   507  00007B                     update_logic_10ms@last_delay_active:
   508                           	callstack 0
   509  00007B                     	ds	1
   510  00007C                     update_logic_10ms@blink_10ms:
   511                           	callstack 0
   512  00007C                     	ds	1
   513  00007D                     _g_logo_blink_state:
   514                           	callstack 0
   515  00007D                     	ds	1
   516  00007E                     _g_brush_long_press_done:
   517                           	callstack 0
   518  00007E                     	ds	1
   519  00007F                     _g_brush_tracking_press:
   520                           	callstack 0
   521  00007F                     	ds	1
   522  000080                     _g_vacuum_off_delay:
   523                           	callstack 0
   524  000080                     	ds	1
   525  000081                     _vac_sw_integrator:
   526                           	callstack 0
   527  000081                     	ds	1
   528  000082                     _brush_sw_integrator:
   529                           	callstack 0
   530  000082                     	ds	1
   531  000083                     _g_vac_sw_prev_state:
   532                           	callstack 0
   533  000083                     	ds	1
   534  000084                     _g_brush_sw_prev_state:
   535                           	callstack 0
   536  000084                     	ds	1
   537  000085                     _g_1s_flag:
   538                           	callstack 0
   539  000085                     	ds	1
   540  000086                     _g_10ms_flag:
   541                           	callstack 0
   542  000086                     	ds	1
   543                           
   544                           	psect	dataBANK0
   545  000087                     __pdataBANK0:
   546                           	callstack 0
   547  000087                     _g_graphic_arrow_blink_state:
   548                           	callstack 0
   549  000087                     	ds	1
   550  000088                     _g_display_refresh_request:
   551                           	callstack 0
   552  000088                     	ds	1
   553                           
   554                           	psect	cstackCOMRAM
   555  000001                     __pcstackCOMRAM:
   556                           	callstack 0
   557  000001                     ??_update_outputs:
   558  000001                     ?_font_get_pattern:
   559                           	callstack 0
   560  000001                     ?___llmod:
   561                           	callstack 0
   562  000001                     debounce_inputs_10ms@raw_brush:
   563                           	callstack 0
   564  000001                     handle_brush_switch_10ms@brush_rising_edge:
   565                           	callstack 0
   566  000001                     handle_vac_switch_10ms@vac_falling_edge:
   567                           	callstack 0
   568  000001                     delay_us_soft@us:
   569                           	callstack 0
   570  000001                     scale4x_vertical@out:
   571                           	callstack 0
   572  000001                     eeprom_write_byte@addr:
   573                           	callstack 0
   574  000001                     eeprom_read_byte@addr:
   575                           	callstack 0
   576  000001                     ___llmod@dividend:
   577                           	callstack 0
   578                           
   579                           ; 4 bytes @ 0x0
   580  000001                     	ds	1
   581  000002                     debounce_inputs_10ms@raw_vac:
   582                           	callstack 0
   583  000002                     handle_brush_switch_10ms@brush_falling_edge:
   584                           	callstack 0
   585  000002                     _handle_vac_switch_10ms$823:
   586                           	callstack 0
   587                           
   588                           ; 1 bytes @ 0x1
   589  000002                     	ds	1
   590  000003                     ??_font_get_pattern:
   591  000003                     ??_scale4x_vertical:
   592  000003                     ??_hourmeter_load_from_eeprom:
   593  000003                     delay_us_soft@i:
   594                           	callstack 0
   595  000003                     _handle_brush_switch_10ms$818:
   596                           	callstack 0
   597  000003                     eeprom_write_byte@value:
   598                           	callstack 0
   599                           
   600                           ; 1 bytes @ 0x2
   601  000003                     	ds	1
   602  000004                     _handle_brush_switch_10ms$820:
   603                           	callstack 0
   604  000004                     i2c_write_byte@data:
   605                           	callstack 0
   606  000004                     delay_ms_soft@ms:
   607                           	callstack 0
   608  000004                     hourmeter_save_to_eeprom@val:
   609                           	callstack 0
   610                           
   611                           ; 4 bytes @ 0x3
   612  000004                     	ds	1
   613  000005                     i2c_write_byte@i:
   614                           	callstack 0
   615  000005                     scale4x_vertical@in:
   616                           	callstack 0
   617  000005                     ___llmod@divisor:
   618                           	callstack 0
   619                           
   620                           ; 4 bytes @ 0x4
   621  000005                     	ds	1
   622  000006                     oled_send_command@cmd:
   623                           	callstack 0
   624  000006                     oled_send_data_byte@data:
   625                           	callstack 0
   626  000006                     scale4x_vertical@base:
   627                           	callstack 0
   628                           
   629                           ; 1 bytes @ 0x5
   630  000006                     	ds	1
   631  000007                     oled_set_cursor@page:
   632                           	callstack 0
   633  000007                     font_get_pattern@c:
   634                           	callstack 0
   635  000007                     scale4x_vertical@byte:
   636                           	callstack 0
   637                           
   638                           ; 1 bytes @ 0x6
   639  000007                     	ds	1
   640  000008                     ??_oled_draw_char:
   641  000008                     oled_set_cursor@col:
   642                           	callstack 0
   643  000008                     scale4x_vertical@bit:
   644                           	callstack 0
   645  000008                     hourmeter_load_from_eeprom@magic:
   646                           	callstack 0
   647                           
   648                           ; 1 bytes @ 0x7
   649  000008                     	ds	1
   650  000009                     oled_clear@col:
   651                           	callstack 0
   652  000009                     scale4x_vertical@pos:
   653                           	callstack 0
   654  000009                     oled_draw_underline_animated@page:
   655                           	callstack 0
   656  000009                     oled_clear_5x8@page:
   657                           	callstack 0
   658  000009                     oled_draw_rectangle@y_page:
   659                           	callstack 0
   660  000009                     oled_draw_brush_bristles@rect_width:
   661                           	callstack 0
   662  000009                     oled_draw_down_arrow_5x8@page:
   663                           	callstack 0
   664  000009                     ___llmod@counter:
   665                           	callstack 0
   666  000009                     hourmeter_load_from_eeprom@val:
   667                           	callstack 0
   668                           
   669                           ; 4 bytes @ 0x8
   670  000009                     	ds	1
   671  00000A                     ?___lldiv:
   672                           	callstack 0
   673  00000A                     oled_clear@page:
   674                           	callstack 0
   675  00000A                     oled_draw_char@c:
   676                           	callstack 0
   677  00000A                     scale4x_vertical@k:
   678                           	callstack 0
   679  00000A                     oled_draw_underline_animated@width:
   680                           	callstack 0
   681  00000A                     oled_clear_5x8@x:
   682                           	callstack 0
   683  00000A                     oled_draw_rectangle@width:
   684                           	callstack 0
   685  00000A                     oled_draw_brush_bristles@bristle_page:
   686                           	callstack 0
   687  00000A                     oled_draw_down_arrow_5x8@x:
   688                           	callstack 0
   689  00000A                     ___lldiv@dividend:
   690                           	callstack 0
   691                           
   692                           ; 4 bytes @ 0x9
   693  00000A                     	ds	1
   694  00000B                     ??_oled_draw_brush_bristles:
   695  00000B                     scale4x_vertical@r:
   696                           	callstack 0
   697  00000B                     oled_draw_underline_animated@pattern:
   698                           	callstack 0
   699  00000B                     oled_clear_5x8@i:
   700                           	callstack 0
   701  00000B                     oled_draw_rectangle@height_page:
   702                           	callstack 0
   703  00000B                     oled_draw_down_arrow_5x8@i:
   704                           	callstack 0
   705  00000B                     oled_draw_char@pattern:
   706                           	callstack 0
   707                           
   708                           ; 2 bytes @ 0xA
   709  00000B                     	ds	1
   710  00000C                     ??_oled_draw_rectangle:
   711  00000C                     oled_draw_char_huge@page:
   712                           	callstack 0
   713  00000C                     oled_draw_underline_animated@chunk:
   714                           	callstack 0
   715  00000C                     oled_draw_brush_bristles@inner_start_x:
   716                           	callstack 0
   717                           
   718                           ; 1 bytes @ 0xB
   719  00000C                     	ds	1
   720  00000D                     oled_draw_text@page:
   721                           	callstack 0
   722  00000D                     oled_draw_char_huge@c:
   723                           	callstack 0
   724  00000D                     oled_draw_brush_bristles@inner_end_x:
   725                           	callstack 0
   726  00000D                     oled_draw_graphic_screen@right_arrow_x:
   727                           	callstack 0
   728  00000D                     oled_draw_underline_animated@chunk_delay_ms:
   729                           	callstack 0
   730                           
   731                           ; 2 bytes @ 0xC
   732  00000D                     	ds	1
   733  00000E                     ??_oled_draw_char_huge:
   734  00000E                     oled_draw_rectangle@x:
   735                           	callstack 0
   736  00000E                     oled_draw_brush_bristles@rect_x:
   737                           	callstack 0
   738  00000E                     oled_draw_text@text:
   739                           	callstack 0
   740  00000E                     ___lldiv@divisor:
   741                           	callstack 0
   742                           
   743                           ; 4 bytes @ 0xD
   744  00000E                     	ds	1
   745  00000F                     oled_draw_underline_animated@col:
   746                           	callstack 0
   747  00000F                     oled_draw_rectangle@i:
   748                           	callstack 0
   749  00000F                     oled_draw_brush_bristles@x:
   750                           	callstack 0
   751                           
   752                           ; 1 bytes @ 0xE
   753  00000F                     	ds	1
   754  000010                     oled_draw_text@col:
   755                           	callstack 0
   756  000010                     oled_draw_underline_animated@i:
   757                           	callstack 0
   758  000010                     oled_draw_char_huge@scaled:
   759                           	callstack 0
   760                           
   761                           ; 20 bytes @ 0xF
   762  000010                     	ds	1
   763  000011                     oled_draw_underline_animated@n:
   764                           	callstack 0
   765  000011                     oled_draw_text_centered@text:
   766                           	callstack 0
   767                           
   768                           ; 2 bytes @ 0x10
   769  000011                     	ds	1
   770  000012                     oled_draw_underline_animated@drawn:
   771                           	callstack 0
   772  000012                     ___lldiv@quotient:
   773                           	callstack 0
   774                           
   775                           ; 4 bytes @ 0x11
   776  000012                     	ds	1
   777  000013                     ??_oled_draw_text_centered:
   778                           
   779                           ; 1 bytes @ 0x12
   780  000013                     	ds	3
   781  000016                     ___lldiv@counter:
   782                           	callstack 0
   783                           
   784                           ; 1 bytes @ 0x15
   785  000016                     	ds	1
   786  000017                     oled_draw_text_centered@page:
   787                           	callstack 0
   788  000017                     format_hourmeter_string@buf:
   789                           	callstack 0
   790  000017                     format_runtime_string@buf:
   791                           	callstack 0
   792                           
   793                           ; 2 bytes @ 0x16
   794  000017                     	ds	1
   795  000018                     oled_draw_text_centered@p:
   796                           	callstack 0
   797                           
   798                           ; 2 bytes @ 0x17
   799  000018                     	ds	1
   800  000019                     format_hourmeter_string@seconds:
   801                           	callstack 0
   802  000019                     format_runtime_string@seconds:
   803                           	callstack 0
   804                           
   805                           ; 4 bytes @ 0x18
   806  000019                     	ds	1
   807  00001A                     oled_draw_text_centered@width:
   808                           	callstack 0
   809                           
   810                           ; 1 bytes @ 0x19
   811  00001A                     	ds	1
   812  00001B                     oled_draw_text_centered@start_col:
   813                           	callstack 0
   814                           
   815                           ; 1 bytes @ 0x1A
   816  00001B                     	ds	1
   817  00001C                     oled_draw_text_centered@len:
   818                           	callstack 0
   819                           
   820                           ; 1 bytes @ 0x1B
   821  00001C                     	ds	1
   822  00001D                     format_hourmeter_string@mm:
   823                           	callstack 0
   824  00001D                     format_runtime_string@mm:
   825                           	callstack 0
   826                           
   827                           ; 4 bytes @ 0x1C
   828  00001D                     	ds	4
   829  000021                     format_hourmeter_string@hh:
   830                           	callstack 0
   831  000021                     format_runtime_string@ss:
   832                           	callstack 0
   833                           
   834                           ; 4 bytes @ 0x20
   835  000021                     	ds	3
   836  000024                     oled_draw_char_huge@pattern:
   837                           	callstack 0
   838                           
   839                           ; 2 bytes @ 0x23
   840  000024                     	ds	1
   841  000025                     format_runtime_string@hh:
   842                           	callstack 0
   843                           
   844                           ; 4 bytes @ 0x24
   845  000025                     	ds	1
   846  000026                     oled_draw_char_huge@col:
   847                           	callstack 0
   848                           
   849                           ; 1 bytes @ 0x25
   850  000026                     	ds	1
   851  000027                     oled_draw_char_huge@p:
   852                           	callstack 0
   853                           
   854                           ; 1 bytes @ 0x26
   855  000027                     	ds	1
   856  000028                     oled_draw_char_huge@i:
   857                           	callstack 0
   858                           
   859                           ; 1 bytes @ 0x27
   860  000028                     	ds	1
   861  000029                     ??_oled_draw_old_runtime_screen:
   862  000029                     oled_draw_text_huge@page:
   863                           	callstack 0
   864                           
   865                           ; 1 bytes @ 0x28
   866  000029                     	ds	1
   867  00002A                     oled_draw_text_huge@text:
   868                           	callstack 0
   869                           
   870                           ; 2 bytes @ 0x29
   871  00002A                     	ds	2
   872  00002C                     oled_draw_text_huge@col:
   873                           	callstack 0
   874                           
   875                           ; 1 bytes @ 0x2B
   876  00002C                     	ds	1
   877  00002D                     oled_draw_text_huge@p:
   878                           	callstack 0
   879  00002D                     oled_draw_old_runtime_screen@timebuf:
   880                           	callstack 0
   881                           
   882                           ; 9 bytes @ 0x2C
   883  00002D                     	ds	1
   884  00002E                     oled_draw_text_huge@x:
   885                           	callstack 0
   886                           
   887                           ; 1 bytes @ 0x2D
   888  00002E                     	ds	1
   889  00002F                     
   890                           ; 1 bytes @ 0x2E
   891  00002F                     	ds	1
   892  000030                     oled_show_boot_screen@char_advance:
   893                           	callstack 0
   894                           
   895                           ; 1 bytes @ 0x2F
   896  000030                     	ds	2
   897  000032                     oled_show_boot_screen@underline_page:
   898                           	callstack 0
   899                           
   900                           ; 1 bytes @ 0x31
   901  000032                     	ds	1
   902  000033                     oled_show_boot_screen@i:
   903                           	callstack 0
   904                           
   905                           ; 1 bytes @ 0x32
   906  000033                     	ds	1
   907  000034                     oled_show_boot_screen@start_col:
   908                           	callstack 0
   909                           
   910                           ; 1 bytes @ 0x33
   911  000034                     	ds	1
   912  000035                     oled_show_boot_screen@text_width:
   913                           	callstack 0
   914                           
   915                           ; 1 bytes @ 0x34
   916  000035                     	ds	1
   917  000036                     oled_draw_old_runtime_screen@linebuf:
   918                           	callstack 0
   919                           
   920                           ; 24 bytes @ 0x35
   921  000036                     	ds	24
   922  00004E                     oled_draw_old_runtime_screen@text_width:
   923                           	callstack 0
   924                           
   925                           ; 1 bytes @ 0x4D
   926  00004E                     	ds	1
   927  00004F                     oled_draw_old_runtime_screen@total_width:
   928                           	callstack 0
   929                           
   930                           ; 1 bytes @ 0x4E
   931  00004F                     	ds	1
   932  000050                     oled_draw_old_runtime_screen@icon_col:
   933                           	callstack 0
   934                           
   935                           ; 1 bytes @ 0x4F
   936  000050                     	ds	1
   937  000051                     oled_draw_old_runtime_screen@text_col:
   938                           	callstack 0
   939                           
   940                           ; 1 bytes @ 0x50
   941  000051                     	ds	1
   942  000052                     oled_draw_old_runtime_screen@p:
   943                           	callstack 0
   944                           
   945                           ; 2 bytes @ 0x51
   946  000052                     	ds	2
   947  000054                     oled_draw_old_runtime_screen@icon_width:
   948                           	callstack 0
   949                           
   950                           ; 1 bytes @ 0x53
   951  000054                     	ds	1
   952  000055                     oled_draw_old_runtime_screen@start_col:
   953                           	callstack 0
   954                           
   955                           ; 1 bytes @ 0x54
   956  000055                     	ds	1
   957  000056                     oled_draw_old_runtime_screen@len:
   958                           	callstack 0
   959                           
   960                           ; 1 bytes @ 0x55
   961  000056                     	ds	1
   962  000057                     oled_draw_old_runtime_screen@i:
   963                           	callstack 0
   964                           
   965                           ; 1 bytes @ 0x56
   966  000057                     	ds	1
   967  000058                     oled_update_screen@graphic_mode:
   968                           	callstack 0
   969                           
   970                           ; 1 bytes @ 0x57
   971  000058                     	ds	1
   972  000059                     
   973                           ; 1 bytes @ 0x58
   974 ;;
   975 ;;Main: autosize = 0, tempsize = 0, incstack = 0, save=0
   976 ;;
   977 ;; *************** function _main *****************
   978 ;; Defined at:
   979 ;;		line 1447 in file "Dima_March_2026_BT-V1.c"
   980 ;; Parameters:    Size  Location     Type
   981 ;;		None
   982 ;; Auto vars:     Size  Location     Type
   983 ;;		None
   984 ;; Return value:  Size  Location     Type
   985 ;;                  2  527[None  ] int 
   986 ;; Registers used:
   987 ;;		wreg, fsr0l, fsr0h, fsr1l, fsr1h, fsr2l, fsr2h, status,2, status,0, tblptrl, tblptrh, tblptru, prodl, prodh, cstack
   988 ;; Tracked objects:
   989 ;;		On entry : 0/0
   990 ;;		On exit  : 0/0
   991 ;;		Unchanged: 0/0
   992 ;; Data sizes:     COMRAM   BANK0   BANK1   BANK2   BANK3   BANK4   BANK5
   993 ;;      Params:         0       0       0       0       0       0       0
   994 ;;      Locals:         0       0       0       0       0       0       0
   995 ;;      Temps:          0       0       0       0       0       0       0
   996 ;;      Totals:         0       0       0       0       0       0       0
   997 ;;Total ram usage:        0 bytes
   998 ;; Hardware stack levels required when called:   10
   999 ;; This function calls:
  1000 ;;		_hourmeter_load_from_eeprom
  1001 ;;		_oled_send_command
  1002 ;;		_oled_show_boot_screen
  1003 ;;		_oled_update_screen
  1004 ;;		_system_init
  1005 ;;		_update_logic_10ms
  1006 ;;		_update_logic_1s
  1007 ;; This function is called by:
  1008 ;;		Startup code after reset
  1009 ;; This function uses a non-reentrant model
  1010 ;;
  1011                           
  1012                           	psect	text0
  1013  0021C4                     __ptext0:
  1014                           	callstack 0
  1015  0021C4                     _main:
  1016                           	callstack 21
  1017  0021C4                     
  1018                           ;Dima_March_2026_BT-V1.c: 1449:     system_init();
  1019  0021C4  EC5B  F013         	call	_system_init	;wreg free
  1020                           
  1021                           ;Dima_March_2026_BT-V1.c: 1451:     hourmeter_load_from_eeprom();
  1022  0021C8  ECC4  F009         	call	_hourmeter_load_from_eeprom	;wreg free
  1023  0021CC                     
  1024                           ;Dima_March_2026_BT-V1.c: 1453:     oled_show_boot_screen();
  1025  0021CC  EC97  F00E         	call	_oled_show_boot_screen	;wreg free
  1026  0021D0                     
  1027                           ;Dima_March_2026_BT-V1.c: 1455:     oled_update_screen();
  1028  0021D0  EC0A  F012         	call	_oled_update_screen	;wreg free
  1029  0021D4                     
  1030                           ;Dima_March_2026_BT-V1.c: 1456:     oled_send_command(0xAF);
  1031  0021D4  0EAF               	movlw	175
  1032  0021D6  EC31  F013         	call	_oled_send_command
  1033  0021DA                     l3568:
  1034                           
  1035                           ;Dima_March_2026_BT-V1.c: 1459:     {;Dima_March_2026_BT-V1.c: 1460:         if (g_10ms_
      +                          flag)
  1036  0021DA  0100               	movlb	0	; () banked
  1037  0021DC  5186               	movf	_g_10ms_flag& (0+255),w,b	;volatile
  1038  0021DE  B4D8               	btfsc	status,2,c
  1039  0021E0  EFF4  F010         	goto	u3041
  1040  0021E4  EFF6  F010         	goto	u3040
  1041  0021E8                     u3041:
  1042  0021E8  EFFA  F010         	goto	l3574
  1043  0021EC                     u3040:
  1044  0021EC                     
  1045                           ; BSR set to: 0
  1046                           ;Dima_March_2026_BT-V1.c: 1461:         {;Dima_March_2026_BT-V1.c: 1462:             g_1
      +                          0ms_flag = 0u;
  1047  0021EC  0E00               	movlw	0
  1048  0021EE  6F86               	movwf	_g_10ms_flag& (0+255),b	;volatile
  1049  0021F0                     
  1050                           ; BSR set to: 0
  1051                           ;Dima_March_2026_BT-V1.c: 1463:             update_logic_10ms();
  1052  0021F0  EC22  F00C         	call	_update_logic_10ms	;wreg free
  1053  0021F4                     l3574:
  1054                           
  1055                           ;Dima_March_2026_BT-V1.c: 1466:         if (g_1s_flag)
  1056  0021F4  0100               	movlb	0	; () banked
  1057  0021F6  5185               	movf	_g_1s_flag& (0+255),w,b	;volatile
  1058  0021F8  B4D8               	btfsc	status,2,c
  1059  0021FA  EF01  F011         	goto	u3051
  1060  0021FE  EF03  F011         	goto	u3050
  1061  002202                     u3051:
  1062  002202  EF07  F011         	goto	l3580
  1063  002206                     u3050:
  1064  002206                     
  1065                           ; BSR set to: 0
  1066                           ;Dima_March_2026_BT-V1.c: 1467:         {;Dima_March_2026_BT-V1.c: 1468:             g_1
      +                          s_flag = 0u;
  1067  002206  0E00               	movlw	0
  1068  002208  6F85               	movwf	_g_1s_flag& (0+255),b	;volatile
  1069  00220A                     
  1070                           ; BSR set to: 0
  1071                           ;Dima_March_2026_BT-V1.c: 1469:             update_logic_1s();
  1072  00220A  EC97  F00B         	call	_update_logic_1s	;wreg free
  1073  00220E                     l3580:
  1074                           
  1075                           ;Dima_March_2026_BT-V1.c: 1472:         if (g_display_refresh_request)
  1076  00220E  0100               	movlb	0	; () banked
  1077  002210  5188               	movf	_g_display_refresh_request& (0+255),w,b	;volatile
  1078  002212  B4D8               	btfsc	status,2,c
  1079  002214  EF0E  F011         	goto	u3061
  1080  002218  EF10  F011         	goto	u3060
  1081  00221C                     u3061:
  1082  00221C  EFED  F010         	goto	l3568
  1083  002220                     u3060:
  1084  002220                     
  1085                           ; BSR set to: 0
  1086                           ;Dima_March_2026_BT-V1.c: 1473:         {;Dima_March_2026_BT-V1.c: 1474:             g_d
      +                          isplay_refresh_request = 0;
  1087  002220  0E00               	movlw	0
  1088  002222  6F88               	movwf	_g_display_refresh_request& (0+255),b	;volatile
  1089  002224                     
  1090                           ; BSR set to: 0
  1091                           ;Dima_March_2026_BT-V1.c: 1475:             oled_update_screen();
  1092  002224  EC0A  F012         	call	_oled_update_screen	;wreg free
  1093  002228  EFED  F010         	goto	l3568
  1094  00222C  EF3C  F000         	goto	start
  1095  002230                     __end_of_main:
  1096                           	callstack 0
  1097                           
  1098 ;; *************** function _update_logic_1s *****************
  1099 ;; Defined at:
  1100 ;;		line 579 in file "Dima_March_2026_BT-V1.c"
  1101 ;; Parameters:    Size  Location     Type
  1102 ;;		None
  1103 ;; Auto vars:     Size  Location     Type
  1104 ;;		None
  1105 ;; Return value:  Size  Location     Type
  1106 ;;                  1    wreg      void 
  1107 ;; Registers used:
  1108 ;;		wreg, status,2, status,0, cstack
  1109 ;; Tracked objects:
  1110 ;;		On entry : 0/0
  1111 ;;		On exit  : 0/0
  1112 ;;		Unchanged: 0/0
  1113 ;; Data sizes:     COMRAM   BANK0   BANK1   BANK2   BANK3   BANK4   BANK5
  1114 ;;      Params:         0       0       0       0       0       0       0
  1115 ;;      Locals:         0       0       0       0       0       0       0
  1116 ;;      Temps:          0       0       0       0       0       0       0
  1117 ;;      Totals:         0       0       0       0       0       0       0
  1118 ;;Total ram usage:        0 bytes
  1119 ;; Hardware stack levels used:    1
  1120 ;; Hardware stack levels required when called:    3
  1121 ;; This function calls:
  1122 ;;		_hourmeter_save_to_eeprom
  1123 ;;		_update_outputs
  1124 ;; This function is called by:
  1125 ;;		_main
  1126 ;; This function uses a non-reentrant model
  1127 ;;
  1128                           
  1129                           	psect	text1
  1130  00172E                     __ptext1:
  1131                           	callstack 0
  1132  00172E                     _update_logic_1s:
  1133                           	callstack 27
  1134  00172E                     
  1135                           ;Dima_March_2026_BT-V1.c: 581:     static _Bool logo_phase = 0;;Dima_March_2026_BT-V1.c:
      +                           582:     static uint8_t eeprom_save_counter = 0u;;Dima_March_2026_BT-V1.c: 584:     log
      +                          o_phase = !logo_phase;
  1136  00172E  0100               	movlb	0	; () banked
  1137  001730  5178               	movf	update_logic_1s@logo_phase& (0+255),w,b
  1138  001732  B4D8               	btfsc	status,2,c
  1139  001734  EF9E  F00B         	goto	u2851
  1140  001738  EFA1  F00B         	goto	u2850
  1141  00173C                     u2851:
  1142  00173C  0E01               	movlw	1
  1143  00173E  EFA2  F00B         	goto	u2860
  1144  001742                     u2850:
  1145  001742  0E00               	movlw	0
  1146  001744                     u2860:
  1147  001744  6F78               	movwf	update_logic_1s@logo_phase& (0+255),b
  1148  001746                     
  1149                           ; BSR set to: 0
  1150                           ;Dima_March_2026_BT-V1.c: 585:     g_logo_blink_state = logo_phase;
  1151  001746  C078  F07D         	movff	update_logic_1s@logo_phase,_g_logo_blink_state	;volatile
  1152  00174A                     
  1153                           ; BSR set to: 0
  1154                           ;Dima_March_2026_BT-V1.c: 587:     g_overall_seconds++;
  1155  00174A  0E01               	movlw	1
  1156  00174C  2768               	addwf	_g_overall_seconds& (0+255),f,b	;volatile
  1157  00174E  0E00               	movlw	0
  1158  001750  2369               	addwfc	(_g_overall_seconds+1)& (0+255),f,b	;volatile
  1159  001752  236A               	addwfc	(_g_overall_seconds+2)& (0+255),f,b	;volatile
  1160  001754  236B               	addwfc	(_g_overall_seconds+3)& (0+255),f,b	;volatile
  1161  001756                     
  1162                           ; BSR set to: 0
  1163                           ;Dima_March_2026_BT-V1.c: 589:     if (g_overall_seconds >= (99999UL * 3600UL))
  1164  001756  0EF0               	movlw	240
  1165  001758  5D68               	subwf	_g_overall_seconds& (0+255),w,b	;volatile
  1166  00175A  0E1B               	movlw	27
  1167  00175C  5969               	subwfb	(_g_overall_seconds+1)& (0+255),w,b	;volatile
  1168  00175E  0E75               	movlw	117
  1169  001760  596A               	subwfb	(_g_overall_seconds+2)& (0+255),w,b	;volatile
  1170  001762  0E15               	movlw	21
  1171  001764  596B               	subwfb	(_g_overall_seconds+3)& (0+255),w,b	;volatile
  1172  001766  A0D8               	btfss	status,0,c
  1173  001768  EFB8  F00B         	goto	u2871
  1174  00176C  EFBA  F00B         	goto	u2870
  1175  001770                     u2871:
  1176  001770  EFC4  F00B         	goto	l3428
  1177  001774                     u2870:
  1178  001774                     
  1179                           ; BSR set to: 0
  1180                           ;Dima_March_2026_BT-V1.c: 590:     {;Dima_March_2026_BT-V1.c: 591:         g_overall_sec
      +                          onds = 0u;
  1181  001774  0E00               	movlw	0
  1182  001776  6F68               	movwf	_g_overall_seconds& (0+255),b	;volatile
  1183  001778  0E00               	movlw	0
  1184  00177A  6F69               	movwf	(_g_overall_seconds+1)& (0+255),b	;volatile
  1185  00177C  0E00               	movlw	0
  1186  00177E  6F6A               	movwf	(_g_overall_seconds+2)& (0+255),b	;volatile
  1187  001780  0E00               	movlw	0
  1188  001782  6F6B               	movwf	(_g_overall_seconds+3)& (0+255),b	;volatile
  1189  001784                     
  1190                           ; BSR set to: 0
  1191                           ;Dima_March_2026_BT-V1.c: 592:         hourmeter_save_to_eeprom();
  1192  001784  EC80  F011         	call	_hourmeter_save_to_eeprom	;wreg free
  1193  001788                     l3428:
  1194                           
  1195                           ;Dima_March_2026_BT-V1.c: 595:     if (g_brush_on)
  1196  001788  505C               	movf	_g_brush_on^0,w,c	;volatile
  1197  00178A  B4D8               	btfsc	status,2,c
  1198  00178C  EFCA  F00B         	goto	u2881
  1199  001790  EFCC  F00B         	goto	u2880
  1200  001794                     u2881:
  1201  001794  EFD3  F00B         	goto	l3432
  1202  001798                     u2880:
  1203  001798                     
  1204                           ;Dima_March_2026_BT-V1.c: 596:     {;Dima_March_2026_BT-V1.c: 597:         g_brush_secon
      +                          ds++;
  1205  001798  0E01               	movlw	1
  1206  00179A  0100               	movlb	0	; () banked
  1207  00179C  2764               	addwf	_g_brush_seconds& (0+255),f,b	;volatile
  1208  00179E  0E00               	movlw	0
  1209  0017A0  2365               	addwfc	(_g_brush_seconds+1)& (0+255),f,b	;volatile
  1210  0017A2  2366               	addwfc	(_g_brush_seconds+2)& (0+255),f,b	;volatile
  1211  0017A4  2367               	addwfc	(_g_brush_seconds+3)& (0+255),f,b	;volatile
  1212  0017A6                     l3432:
  1213                           
  1214                           ;Dima_March_2026_BT-V1.c: 600:     if (g_vacuum_on)
  1215  0017A6  505B               	movf	_g_vacuum_on^0,w,c	;volatile
  1216  0017A8  B4D8               	btfsc	status,2,c
  1217  0017AA  EFD9  F00B         	goto	u2891
  1218  0017AE  EFDB  F00B         	goto	u2890
  1219  0017B2                     u2891:
  1220  0017B2  EFE2  F00B         	goto	l3436
  1221  0017B6                     u2890:
  1222  0017B6                     
  1223                           ;Dima_March_2026_BT-V1.c: 601:     {;Dima_March_2026_BT-V1.c: 602:         g_vacuum_seco
      +                          nds++;
  1224  0017B6  0E01               	movlw	1
  1225  0017B8  0100               	movlb	0	; () banked
  1226  0017BA  2760               	addwf	_g_vacuum_seconds& (0+255),f,b	;volatile
  1227  0017BC  0E00               	movlw	0
  1228  0017BE  2361               	addwfc	(_g_vacuum_seconds+1)& (0+255),f,b	;volatile
  1229  0017C0  2362               	addwfc	(_g_vacuum_seconds+2)& (0+255),f,b	;volatile
  1230  0017C2  2363               	addwfc	(_g_vacuum_seconds+3)& (0+255),f,b	;volatile
  1231  0017C4                     l3436:
  1232                           
  1233                           ;Dima_March_2026_BT-V1.c: 605:     if (g_vacuum_delay_active && g_vacuum_on)
  1234  0017C4  505A               	movf	_g_vacuum_delay_active^0,w,c	;volatile
  1235  0017C6  B4D8               	btfsc	status,2,c
  1236  0017C8  EFE8  F00B         	goto	u2901
  1237  0017CC  EFEA  F00B         	goto	u2900
  1238  0017D0                     u2901:
  1239  0017D0  EF0C  F00C         	goto	l3448
  1240  0017D4                     u2900:
  1241  0017D4  505B               	movf	_g_vacuum_on^0,w,c	;volatile
  1242  0017D6  B4D8               	btfsc	status,2,c
  1243  0017D8  EFF0  F00B         	goto	u2911
  1244  0017DC  EFF2  F00B         	goto	u2910
  1245  0017E0                     u2911:
  1246  0017E0  EF0C  F00C         	goto	l3448
  1247  0017E4                     u2910:
  1248  0017E4                     
  1249                           ;Dima_March_2026_BT-V1.c: 606:     {;Dima_March_2026_BT-V1.c: 607:         if (g_vacuum_
      +                          off_delay < 10u)
  1250  0017E4  0E0A               	movlw	10
  1251  0017E6  0100               	movlb	0	; () banked
  1252  0017E8  6180               	cpfslt	_g_vacuum_off_delay& (0+255),b	;volatile
  1253  0017EA  EFF9  F00B         	goto	u2921
  1254  0017EE  EFFB  F00B         	goto	u2920
  1255  0017F2                     u2921:
  1256  0017F2  EFFC  F00B         	goto	l3444
  1257  0017F6                     u2920:
  1258  0017F6                     
  1259                           ; BSR set to: 0
  1260                           ;Dima_March_2026_BT-V1.c: 608:         {;Dima_March_2026_BT-V1.c: 609:             g_vac
      +                          uum_off_delay++;
  1261  0017F6  2B80               	incf	_g_vacuum_off_delay& (0+255),f,b	;volatile
  1262  0017F8                     l3444:
  1263                           
  1264                           ; BSR set to: 0
  1265                           ;Dima_March_2026_BT-V1.c: 612:         if (g_vacuum_off_delay >= 10u)
  1266  0017F8  0E09               	movlw	9
  1267  0017FA  6580               	cpfsgt	_g_vacuum_off_delay& (0+255),b	;volatile
  1268  0017FC  EF02  F00C         	goto	u2931
  1269  001800  EF04  F00C         	goto	u2930
  1270  001804                     u2931:
  1271  001804  EF0F  F00C         	goto	l3450
  1272  001808                     u2930:
  1273  001808                     
  1274                           ; BSR set to: 0
  1275                           ;Dima_March_2026_BT-V1.c: 613:         {;Dima_March_2026_BT-V1.c: 614:             g_vac
      +                          uum_on = 0;
  1276  001808  0E00               	movlw	0
  1277  00180A  6E5B               	movwf	_g_vacuum_on^0,c	;volatile
  1278                           
  1279                           ;Dima_March_2026_BT-V1.c: 615:             g_vacuum_delay_active = 0;
  1280  00180C  0E00               	movlw	0
  1281  00180E  6E5A               	movwf	_g_vacuum_delay_active^0,c	;volatile
  1282                           
  1283                           ;Dima_March_2026_BT-V1.c: 616:             g_vacuum_off_delay = 0u;
  1284  001810  0E00               	movlw	0
  1285  001812  6F80               	movwf	_g_vacuum_off_delay& (0+255),b	;volatile
  1286  001814  EF0F  F00C         	goto	l3450
  1287  001818                     l3448:
  1288                           
  1289                           ;Dima_March_2026_BT-V1.c: 620:     {;Dima_March_2026_BT-V1.c: 621:         g_vacuum_off_
      +                          delay = 0u;
  1290  001818  0E00               	movlw	0
  1291  00181A  0100               	movlb	0	; () banked
  1292  00181C  6F80               	movwf	_g_vacuum_off_delay& (0+255),b	;volatile
  1293  00181E                     l3450:
  1294                           
  1295                           ; BSR set to: 0
  1296                           ;Dima_March_2026_BT-V1.c: 624:     update_outputs();
  1297  00181E  EC18  F011         	call	_update_outputs	;wreg free
  1298  001822                     
  1299                           ;Dima_March_2026_BT-V1.c: 625:     g_display_refresh_request = 1;
  1300  001822  0E01               	movlw	1
  1301  001824  0100               	movlb	0	; () banked
  1302  001826  6F88               	movwf	_g_display_refresh_request& (0+255),b	;volatile
  1303  001828                     
  1304                           ; BSR set to: 0
  1305                           ;Dima_March_2026_BT-V1.c: 627:     eeprom_save_counter++;
  1306  001828  2B77               	incf	update_logic_1s@eeprom_save_counter& (0+255),f,b
  1307  00182A                     
  1308                           ; BSR set to: 0
  1309                           ;Dima_March_2026_BT-V1.c: 628:     if (eeprom_save_counter >= 10u)
  1310  00182A  0E09               	movlw	9
  1311  00182C  6577               	cpfsgt	update_logic_1s@eeprom_save_counter& (0+255),b
  1312  00182E  EF1B  F00C         	goto	u2941
  1313  001832  EF1D  F00C         	goto	u2940
  1314  001836                     u2941:
  1315  001836  EF21  F00C         	goto	l234
  1316  00183A                     u2940:
  1317  00183A                     
  1318                           ; BSR set to: 0
  1319                           ;Dima_March_2026_BT-V1.c: 629:     {;Dima_March_2026_BT-V1.c: 630:         eeprom_save_c
      +                          ounter = 0u;
  1320  00183A  0E00               	movlw	0
  1321  00183C  6F77               	movwf	update_logic_1s@eeprom_save_counter& (0+255),b
  1322  00183E                     
  1323                           ; BSR set to: 0
  1324                           ;Dima_March_2026_BT-V1.c: 631:         hourmeter_save_to_eeprom();
  1325  00183E  EC80  F011         	call	_hourmeter_save_to_eeprom	;wreg free
  1326  001842                     l234:
  1327  001842  0012               	return		;funcret
  1328  001844                     __end_of_update_logic_1s:
  1329                           	callstack 0
  1330                           
  1331 ;; *************** function _hourmeter_save_to_eeprom *****************
  1332 ;; Defined at:
  1333 ;;		line 1409 in file "Dima_March_2026_BT-V1.c"
  1334 ;; Parameters:    Size  Location     Type
  1335 ;;		None
  1336 ;; Auto vars:     Size  Location     Type
  1337 ;;  val             4    3[COMRAM] unsigned long 
  1338 ;; Return value:  Size  Location     Type
  1339 ;;                  1    wreg      void 
  1340 ;; Registers used:
  1341 ;;		wreg, status,2, cstack
  1342 ;; Tracked objects:
  1343 ;;		On entry : 0/0
  1344 ;;		On exit  : 0/0
  1345 ;;		Unchanged: 0/0
  1346 ;; Data sizes:     COMRAM   BANK0   BANK1   BANK2   BANK3   BANK4   BANK5
  1347 ;;      Params:         0       0       0       0       0       0       0
  1348 ;;      Locals:         4       0       0       0       0       0       0
  1349 ;;      Temps:          0       0       0       0       0       0       0
  1350 ;;      Totals:         4       0       0       0       0       0       0
  1351 ;;Total ram usage:        4 bytes
  1352 ;; Hardware stack levels used:    1
  1353 ;; Hardware stack levels required when called:    2
  1354 ;; This function calls:
  1355 ;;		_eeprom_write_byte
  1356 ;; This function is called by:
  1357 ;;		_update_logic_1s
  1358 ;; This function uses a non-reentrant model
  1359 ;;
  1360                           
  1361                           	psect	text2
  1362  002300                     __ptext2:
  1363                           	callstack 0
  1364  002300                     _hourmeter_save_to_eeprom:
  1365                           	callstack 27
  1366  002300                     
  1367                           ;Dima_March_2026_BT-V1.c: 1411:     uint32_t val = g_overall_seconds;
  1368  002300  C068  F004         	movff	_g_overall_seconds,hourmeter_save_to_eeprom@val	;volatile
  1369  002304  C069  F005         	movff	_g_overall_seconds+1,hourmeter_save_to_eeprom@val+1	;volatile
  1370  002308  C06A  F006         	movff	_g_overall_seconds+2,hourmeter_save_to_eeprom@val+2	;volatile
  1371  00230C  C06B  F007         	movff	_g_overall_seconds+3,hourmeter_save_to_eeprom@val+3	;volatile
  1372  002310                     
  1373                           ;Dima_March_2026_BT-V1.c: 1413:     eeprom_write_byte(0x0000u + 0u, (uint8_t)(val & 0xFF
      +                          u));
  1374  002310  0E00               	movlw	0
  1375  002312  6E02               	movwf	(eeprom_write_byte@addr+1)^0,c
  1376  002314  0E00               	movlw	0
  1377  002316  6E01               	movwf	eeprom_write_byte@addr^0,c
  1378  002318  C004  F003         	movff	hourmeter_save_to_eeprom@val,eeprom_write_byte@value
  1379  00231C  ECBC  F012         	call	_eeprom_write_byte	;wreg free
  1380                           
  1381                           ;Dima_March_2026_BT-V1.c: 1414:     eeprom_write_byte(0x0000u + 1u, (uint8_t)((val >> 8)
      +                           & 0xFFu));
  1382  002320  0E00               	movlw	0
  1383  002322  6E02               	movwf	(eeprom_write_byte@addr+1)^0,c
  1384  002324  0E01               	movlw	1
  1385  002326  6E01               	movwf	eeprom_write_byte@addr^0,c
  1386  002328  C005  F003         	movff	hourmeter_save_to_eeprom@val+1,eeprom_write_byte@value
  1387  00232C  ECBC  F012         	call	_eeprom_write_byte	;wreg free
  1388                           
  1389                           ;Dima_March_2026_BT-V1.c: 1415:     eeprom_write_byte(0x0000u + 2u, (uint8_t)((val >> 16
      +                          ) & 0xFFu));
  1390  002330  0E00               	movlw	0
  1391  002332  6E02               	movwf	(eeprom_write_byte@addr+1)^0,c
  1392  002334  0E02               	movlw	2
  1393  002336  6E01               	movwf	eeprom_write_byte@addr^0,c
  1394  002338  C006  F003         	movff	hourmeter_save_to_eeprom@val+2,eeprom_write_byte@value
  1395  00233C  ECBC  F012         	call	_eeprom_write_byte	;wreg free
  1396                           
  1397                           ;Dima_March_2026_BT-V1.c: 1416:     eeprom_write_byte(0x0000u + 3u, (uint8_t)((val >> 24
      +                          ) & 0xFFu));
  1398  002340  0E00               	movlw	0
  1399  002342  6E02               	movwf	(eeprom_write_byte@addr+1)^0,c
  1400  002344  0E03               	movlw	3
  1401  002346  6E01               	movwf	eeprom_write_byte@addr^0,c
  1402  002348  C007  F003         	movff	hourmeter_save_to_eeprom@val+3,eeprom_write_byte@value
  1403  00234C  ECBC  F012         	call	_eeprom_write_byte	;wreg free
  1404                           
  1405                           ;Dima_March_2026_BT-V1.c: 1418:     eeprom_write_byte(0x0004u, 0x5Au);
  1406  002350  0E00               	movlw	0
  1407  002352  6E02               	movwf	(eeprom_write_byte@addr+1)^0,c
  1408  002354  0E04               	movlw	4
  1409  002356  6E01               	movwf	eeprom_write_byte@addr^0,c
  1410  002358  0E5A               	movlw	90
  1411  00235A  6E03               	movwf	eeprom_write_byte@value^0,c
  1412  00235C  ECBC  F012         	call	_eeprom_write_byte	;wreg free
  1413  002360  0012               	return		;funcret
  1414  002362                     __end_of_hourmeter_save_to_eeprom:
  1415                           	callstack 0
  1416                           
  1417 ;; *************** function _eeprom_write_byte *****************
  1418 ;; Defined at:
  1419 ;;		line 1368 in file "Dima_March_2026_BT-V1.c"
  1420 ;; Parameters:    Size  Location     Type
  1421 ;;  addr            2    0[COMRAM] unsigned short 
  1422 ;;  value           1    2[COMRAM] unsigned char 
  1423 ;; Auto vars:     Size  Location     Type
  1424 ;;		None
  1425 ;; Return value:  Size  Location     Type
  1426 ;;                  1    wreg      void 
  1427 ;; Registers used:
  1428 ;;		wreg, status,2
  1429 ;; Tracked objects:
  1430 ;;		On entry : 0/0
  1431 ;;		On exit  : 0/0
  1432 ;;		Unchanged: 0/0
  1433 ;; Data sizes:     COMRAM   BANK0   BANK1   BANK2   BANK3   BANK4   BANK5
  1434 ;;      Params:         3       0       0       0       0       0       0
  1435 ;;      Locals:         0       0       0       0       0       0       0
  1436 ;;      Temps:          0       0       0       0       0       0       0
  1437 ;;      Totals:         3       0       0       0       0       0       0
  1438 ;;Total ram usage:        3 bytes
  1439 ;; Hardware stack levels used:    1
  1440 ;; Hardware stack levels required when called:    1
  1441 ;; This function calls:
  1442 ;;		Nothing
  1443 ;; This function is called by:
  1444 ;;		_hourmeter_save_to_eeprom
  1445 ;; This function uses a non-reentrant model
  1446 ;;
  1447                           
  1448                           	psect	text3
  1449  002578                     __ptext3:
  1450                           	callstack 0
  1451  002578                     _eeprom_write_byte:
  1452                           	callstack 27
  1453  002578                     l504:
  1454                           
  1455                           ;Dima_March_2026_BT-V1.c: 1370:     while (EECON1bits.WR)
  1456  002578  B2A6               	btfsc	166,1,c	;volsfr
  1457  00257A  EFC1  F012         	goto	u2061
  1458  00257E  EFC3  F012         	goto	u2060
  1459  002582                     u2061:
  1460  002582  EFBC  F012         	goto	l504
  1461  002586                     u2060:
  1462  002586                     
  1463                           ;Dima_March_2026_BT-V1.c: 1374:     EEADR = (uint8_t)(addr & 0xFFu);
  1464  002586  C001  FFA9         	movff	eeprom_write_byte@addr,4009	;volatile
  1465                           
  1466                           ;Dima_March_2026_BT-V1.c: 1375:     EEDATA = value;
  1467  00258A  C003  FFA8         	movff	eeprom_write_byte@value,4008	;volatile
  1468                           
  1469                           ;Dima_March_2026_BT-V1.c: 1377:     EECON1bits.EEPGD = 0;
  1470  00258E  9EA6               	bcf	166,7,c	;volsfr
  1471                           
  1472                           ;Dima_March_2026_BT-V1.c: 1378:     EECON1bits.CFGS = 0;
  1473  002590  9CA6               	bcf	166,6,c	;volsfr
  1474                           
  1475                           ;Dima_March_2026_BT-V1.c: 1379:     EECON1bits.WREN = 1;
  1476  002592  84A6               	bsf	166,2,c	;volsfr
  1477                           
  1478                           ;Dima_March_2026_BT-V1.c: 1381:     INTCONbits.GIE = 0;
  1479  002594  9EF2               	bcf	242,7,c	;volatile
  1480  002596                     
  1481                           ;Dima_March_2026_BT-V1.c: 1382:     EECON2 = 0x55;
  1482  002596  0E55               	movlw	85
  1483  002598  6EA7               	movwf	167,c	;volsfr
  1484                           
  1485                           ;Dima_March_2026_BT-V1.c: 1383:     EECON2 = 0xAA;
  1486  00259A  0EAA               	movlw	170
  1487  00259C  6EA7               	movwf	167,c	;volsfr
  1488  00259E                     
  1489                           ;Dima_March_2026_BT-V1.c: 1384:     EECON1bits.WR = 1;
  1490  00259E  82A6               	bsf	166,1,c	;volsfr
  1491  0025A0                     
  1492                           ;Dima_March_2026_BT-V1.c: 1385:     INTCONbits.GIE = 1;
  1493  0025A0  8EF2               	bsf	242,7,c	;volatile
  1494  0025A2                     l507:
  1495                           
  1496                           ;Dima_March_2026_BT-V1.c: 1387:     while (EECON1bits.WR)
  1497  0025A2  B2A6               	btfsc	166,1,c	;volsfr
  1498  0025A4  EFD6  F012         	goto	u2071
  1499  0025A8  EFD8  F012         	goto	u2070
  1500  0025AC                     u2071:
  1501  0025AC  EFD1  F012         	goto	l507
  1502  0025B0                     u2070:
  1503  0025B0                     
  1504                           ;Dima_March_2026_BT-V1.c: 1391:     EECON1bits.WREN = 0;
  1505  0025B0  94A6               	bcf	166,2,c	;volsfr
  1506  0025B2  0012               	return		;funcret
  1507  0025B4                     __end_of_eeprom_write_byte:
  1508                           	callstack 0
  1509                           
  1510 ;; *************** function _update_logic_10ms *****************
  1511 ;; Defined at:
  1512 ;;		line 513 in file "Dima_March_2026_BT-V1.c"
  1513 ;; Parameters:    Size  Location     Type
  1514 ;;		None
  1515 ;; Auto vars:     Size  Location     Type
  1516 ;;		None
  1517 ;; Return value:  Size  Location     Type
  1518 ;;                  1    wreg      void 
  1519 ;; Registers used:
  1520 ;;		wreg, status,2, status,0, cstack
  1521 ;; Tracked objects:
  1522 ;;		On entry : 0/0
  1523 ;;		On exit  : 0/0
  1524 ;;		Unchanged: 0/0
  1525 ;; Data sizes:     COMRAM   BANK0   BANK1   BANK2   BANK3   BANK4   BANK5
  1526 ;;      Params:         0       0       0       0       0       0       0
  1527 ;;      Locals:         0       0       0       0       0       0       0
  1528 ;;      Temps:          0       0       0       0       0       0       0
  1529 ;;      Totals:         0       0       0       0       0       0       0
  1530 ;;Total ram usage:        0 bytes
  1531 ;; Hardware stack levels used:    1
  1532 ;; Hardware stack levels required when called:    3
  1533 ;; This function calls:
  1534 ;;		_debounce_inputs_10ms
  1535 ;;		_handle_brush_switch_10ms
  1536 ;;		_handle_vac_switch_10ms
  1537 ;;		_update_outputs
  1538 ;; This function is called by:
  1539 ;;		_main
  1540 ;; This function uses a non-reentrant model
  1541 ;;
  1542                           
  1543                           	psect	text4
  1544  001844                     __ptext4:
  1545                           	callstack 0
  1546  001844                     _update_logic_10ms:
  1547                           	callstack 27
  1548  001844                     
  1549                           ;Dima_March_2026_BT-V1.c: 515:     static uint8_t blink_10ms = 0u;;Dima_March_2026_BT-V1
      +                          .c: 516:     static _Bool last_delay_active = 0;;Dima_March_2026_BT-V1.c: 517:     stati
      +                          c uint8_t graphic_arrow_blink_counter = 0u;;Dima_March_2026_BT-V1.c: 518:     static _Bo
      +                          ol prev_graphic_mode = 0;;Dima_March_2026_BT-V1.c: 520:     debounce_inputs_10ms();
  1550  001844  EC09  F00D         	call	_debounce_inputs_10ms	;wreg free
  1551                           
  1552                           ;Dima_March_2026_BT-V1.c: 521:     handle_brush_switch_10ms();
  1553  001848  EC1B  F008         	call	_handle_brush_switch_10ms	;wreg free
  1554  00184C                     
  1555                           ;Dima_March_2026_BT-V1.c: 522:     handle_vac_switch_10ms();
  1556  00184C  EC40  F00F         	call	_handle_vac_switch_10ms	;wreg free
  1557  001850                     
  1558                           ;Dima_March_2026_BT-V1.c: 524:     if (g_vacuum_delay_active)
  1559  001850  505A               	movf	_g_vacuum_delay_active^0,w,c	;volatile
  1560  001852  B4D8               	btfsc	status,2,c
  1561  001854  EF2E  F00C         	goto	u2761
  1562  001858  EF30  F00C         	goto	u2760
  1563  00185C                     u2761:
  1564  00185C  EF4C  F00C         	goto	l3396
  1565  001860                     u2760:
  1566  001860                     
  1567                           ;Dima_March_2026_BT-V1.c: 525:     {;Dima_March_2026_BT-V1.c: 526:         if (!last_del
      +                          ay_active)
  1568  001860  0100               	movlb	0	; () banked
  1569  001862  517B               	movf	update_logic_10ms@last_delay_active& (0+255),w,b
  1570  001864  A4D8               	btfss	status,2,c
  1571  001866  EF37  F00C         	goto	u2771
  1572  00186A  EF39  F00C         	goto	u2770
  1573  00186E                     u2771:
  1574  00186E  EF3E  F00C         	goto	l3388
  1575  001872                     u2770:
  1576  001872                     
  1577                           ; BSR set to: 0
  1578                           ;Dima_March_2026_BT-V1.c: 527:         {;Dima_March_2026_BT-V1.c: 528:             last_
      +                          delay_active = 1;
  1579  001872  0E01               	movlw	1
  1580  001874  6F7B               	movwf	update_logic_10ms@last_delay_active& (0+255),b
  1581                           
  1582                           ;Dima_March_2026_BT-V1.c: 529:             blink_10ms = 0u;
  1583  001876  0E00               	movlw	0
  1584  001878  6F7C               	movwf	update_logic_10ms@blink_10ms& (0+255),b
  1585  00187A                     
  1586                           ; BSR set to: 0
  1587                           ;Dima_March_2026_BT-V1.c: 530:             LATBbits.LATB0 = 1;
  1588  00187A  808A               	bsf	138,0,c	;volatile
  1589  00187C                     l3388:
  1590                           
  1591                           ; BSR set to: 0
  1592                           ;Dima_March_2026_BT-V1.c: 533:         blink_10ms++;
  1593  00187C  2B7C               	incf	update_logic_10ms@blink_10ms& (0+255),f,b
  1594  00187E                     
  1595                           ; BSR set to: 0
  1596                           ;Dima_March_2026_BT-V1.c: 534:         if (blink_10ms >= 30u)
  1597  00187E  0E1D               	movlw	29
  1598  001880  657C               	cpfsgt	update_logic_10ms@blink_10ms& (0+255),b
  1599  001882  EF45  F00C         	goto	u2781
  1600  001886  EF47  F00C         	goto	u2780
  1601  00188A                     u2781:
  1602  00188A  EF52  F00C         	goto	l213
  1603  00188E                     u2780:
  1604  00188E                     
  1605                           ; BSR set to: 0
  1606                           ;Dima_March_2026_BT-V1.c: 535:         {;Dima_March_2026_BT-V1.c: 536:             blink
      +                          _10ms = 0u;
  1607  00188E  0E00               	movlw	0
  1608  001890  6F7C               	movwf	update_logic_10ms@blink_10ms& (0+255),b
  1609  001892                     
  1610                           ; BSR set to: 0
  1611                           ;Dima_March_2026_BT-V1.c: 537:             LATBbits.LATB0 ^= 1;
  1612  001892  708A               	btg	138,0,c	;volatile
  1613  001894  EF52  F00C         	goto	l213
  1614  001898                     l3396:
  1615                           
  1616                           ;Dima_March_2026_BT-V1.c: 541:     {;Dima_March_2026_BT-V1.c: 542:         last_delay_ac
      +                          tive = 0;
  1617  001898  0E00               	movlw	0
  1618  00189A  0100               	movlb	0	; () banked
  1619  00189C  6F7B               	movwf	update_logic_10ms@last_delay_active& (0+255),b
  1620                           
  1621                           ;Dima_March_2026_BT-V1.c: 543:         blink_10ms = 0u;
  1622  00189E  0E00               	movlw	0
  1623  0018A0  6F7C               	movwf	update_logic_10ms@blink_10ms& (0+255),b
  1624  0018A2                     
  1625                           ; BSR set to: 0
  1626                           ;Dima_March_2026_BT-V1.c: 544:         LATBbits.LATB0 = 0;
  1627  0018A2  908A               	bcf	138,0,c	;volatile
  1628  0018A4                     l213:
  1629                           
  1630                           ; BSR set to: 0
  1631                           ;Dima_March_2026_BT-V1.c: 547:     if (g_brush_release_on)
  1632  0018A4  5059               	movf	_g_brush_release_on^0,w,c	;volatile
  1633  0018A6  B4D8               	btfsc	status,2,c
  1634  0018A8  EF58  F00C         	goto	u2791
  1635  0018AC  EF5A  F00C         	goto	u2790
  1636  0018B0                     u2791:
  1637  0018B0  EF84  F00C         	goto	l3410
  1638  0018B4                     u2790:
  1639  0018B4                     
  1640                           ; BSR set to: 0
  1641                           ;Dima_March_2026_BT-V1.c: 548:     {;Dima_March_2026_BT-V1.c: 549:         if (!prev_gra
      +                          phic_mode)
  1642  0018B4  5179               	movf	update_logic_10ms@prev_graphic_mode& (0+255),w,b
  1643  0018B6  A4D8               	btfss	status,2,c
  1644  0018B8  EF60  F00C         	goto	u2801
  1645  0018BC  EF62  F00C         	goto	u2800
  1646  0018C0                     u2801:
  1647  0018C0  EF6A  F00C         	goto	l3404
  1648  0018C4                     u2800:
  1649  0018C4                     
  1650                           ; BSR set to: 0
  1651                           ;Dima_March_2026_BT-V1.c: 550:         {;Dima_March_2026_BT-V1.c: 551:             prev_
      +                          graphic_mode = 1;
  1652  0018C4  0E01               	movlw	1
  1653  0018C6  6F79               	movwf	update_logic_10ms@prev_graphic_mode& (0+255),b
  1654                           
  1655                           ;Dima_March_2026_BT-V1.c: 552:             graphic_arrow_blink_counter = 0u;
  1656  0018C8  0E00               	movlw	0
  1657  0018CA  6F7A               	movwf	update_logic_10ms@graphic_arrow_blink_counter& (0+255),b
  1658                           
  1659                           ;Dima_March_2026_BT-V1.c: 553:             g_graphic_arrow_blink_state = 1;
  1660  0018CC  0E01               	movlw	1
  1661  0018CE  6F87               	movwf	_g_graphic_arrow_blink_state& (0+255),b	;volatile
  1662                           
  1663                           ;Dima_March_2026_BT-V1.c: 554:             g_display_refresh_request = 1;
  1664  0018D0  0E01               	movlw	1
  1665  0018D2  6F88               	movwf	_g_display_refresh_request& (0+255),b	;volatile
  1666  0018D4                     l3404:
  1667                           
  1668                           ; BSR set to: 0
  1669                           ;Dima_March_2026_BT-V1.c: 557:         graphic_arrow_blink_counter++;
  1670  0018D4  2B7A               	incf	update_logic_10ms@graphic_arrow_blink_counter& (0+255),f,b
  1671  0018D6                     
  1672                           ; BSR set to: 0
  1673                           ;Dima_March_2026_BT-V1.c: 558:         if (graphic_arrow_blink_counter >= 15u)
  1674  0018D6  0E0E               	movlw	14
  1675  0018D8  657A               	cpfsgt	update_logic_10ms@graphic_arrow_blink_counter& (0+255),b
  1676  0018DA  EF71  F00C         	goto	u2811
  1677  0018DE  EF73  F00C         	goto	u2810
  1678  0018E2                     u2811:
  1679  0018E2  EF94  F00C         	goto	l3414
  1680  0018E6                     u2810:
  1681  0018E6                     
  1682                           ; BSR set to: 0
  1683                           ;Dima_March_2026_BT-V1.c: 559:         {;Dima_March_2026_BT-V1.c: 560:             graph
      +                          ic_arrow_blink_counter = 0u;
  1684  0018E6  0E00               	movlw	0
  1685  0018E8  6F7A               	movwf	update_logic_10ms@graphic_arrow_blink_counter& (0+255),b
  1686                           
  1687                           ;Dima_March_2026_BT-V1.c: 561:             g_graphic_arrow_blink_state = !g_graphic_arro
      +                          w_blink_state;
  1688  0018EA  5187               	movf	_g_graphic_arrow_blink_state& (0+255),w,b	;volatile
  1689  0018EC  B4D8               	btfsc	status,2,c
  1690  0018EE  EF7B  F00C         	goto	u2821
  1691  0018F2  EF7E  F00C         	goto	u2820
  1692  0018F6                     u2821:
  1693  0018F6  0E01               	movlw	1
  1694  0018F8  EF7F  F00C         	goto	u2830
  1695  0018FC                     u2820:
  1696  0018FC  0E00               	movlw	0
  1697  0018FE                     u2830:
  1698  0018FE  6F87               	movwf	_g_graphic_arrow_blink_state& (0+255),b	;volatile
  1699                           
  1700                           ;Dima_March_2026_BT-V1.c: 562:             g_display_refresh_request = 1;
  1701  001900  0E01               	movlw	1
  1702  001902  6F88               	movwf	_g_display_refresh_request& (0+255),b	;volatile
  1703  001904  EF94  F00C         	goto	l3414
  1704  001908                     l3410:
  1705                           
  1706                           ; BSR set to: 0
  1707                           ;Dima_March_2026_BT-V1.c: 566:     {;Dima_March_2026_BT-V1.c: 567:         if (prev_grap
      +                          hic_mode)
  1708  001908  5179               	movf	update_logic_10ms@prev_graphic_mode& (0+255),w,b
  1709  00190A  B4D8               	btfsc	status,2,c
  1710  00190C  EF8A  F00C         	goto	u2841
  1711  001910  EF8C  F00C         	goto	u2840
  1712  001914                     u2841:
  1713  001914  EF94  F00C         	goto	l3414
  1714  001918                     u2840:
  1715  001918                     
  1716                           ; BSR set to: 0
  1717                           ;Dima_March_2026_BT-V1.c: 568:         {;Dima_March_2026_BT-V1.c: 569:             prev_
      +                          graphic_mode = 0;
  1718  001918  0E00               	movlw	0
  1719  00191A  6F79               	movwf	update_logic_10ms@prev_graphic_mode& (0+255),b
  1720                           
  1721                           ;Dima_March_2026_BT-V1.c: 570:             graphic_arrow_blink_counter = 0u;
  1722  00191C  0E00               	movlw	0
  1723  00191E  6F7A               	movwf	update_logic_10ms@graphic_arrow_blink_counter& (0+255),b
  1724                           
  1725                           ;Dima_March_2026_BT-V1.c: 571:             g_graphic_arrow_blink_state = 1;
  1726  001920  0E01               	movlw	1
  1727  001922  6F87               	movwf	_g_graphic_arrow_blink_state& (0+255),b	;volatile
  1728                           
  1729                           ;Dima_March_2026_BT-V1.c: 572:             g_display_refresh_request = 1;
  1730  001924  0E01               	movlw	1
  1731  001926  6F88               	movwf	_g_display_refresh_request& (0+255),b	;volatile
  1732  001928                     l3414:
  1733                           
  1734                           ; BSR set to: 0
  1735                           ;Dima_March_2026_BT-V1.c: 576:     update_outputs();
  1736  001928  EC18  F011         	call	_update_outputs	;wreg free
  1737  00192C  0012               	return		;funcret
  1738  00192E                     __end_of_update_logic_10ms:
  1739                           	callstack 0
  1740                           
  1741 ;; *************** function _update_outputs *****************
  1742 ;; Defined at:
  1743 ;;		line 505 in file "Dima_March_2026_BT-V1.c"
  1744 ;; Parameters:    Size  Location     Type
  1745 ;;		None
  1746 ;; Auto vars:     Size  Location     Type
  1747 ;;		None
  1748 ;; Return value:  Size  Location     Type
  1749 ;;                  1    wreg      void 
  1750 ;; Registers used:
  1751 ;;		wreg, status,2, status,0
  1752 ;; Tracked objects:
  1753 ;;		On entry : 0/0
  1754 ;;		On exit  : 0/0
  1755 ;;		Unchanged: 0/0
  1756 ;; Data sizes:     COMRAM   BANK0   BANK1   BANK2   BANK3   BANK4   BANK5
  1757 ;;      Params:         0       0       0       0       0       0       0
  1758 ;;      Locals:         0       0       0       0       0       0       0
  1759 ;;      Temps:          1       0       0       0       0       0       0
  1760 ;;      Totals:         1       0       0       0       0       0       0
  1761 ;;Total ram usage:        1 bytes
  1762 ;; Hardware stack levels used:    1
  1763 ;; Hardware stack levels required when called:    1
  1764 ;; This function calls:
  1765 ;;		Nothing
  1766 ;; This function is called by:
  1767 ;;		_update_logic_10ms
  1768 ;;		_update_logic_1s
  1769 ;; This function uses a non-reentrant model
  1770 ;;
  1771                           
  1772                           	psect	text5
  1773  002230                     __ptext5:
  1774                           	callstack 0
  1775  002230                     _update_outputs:
  1776                           	callstack 28
  1777  002230                     
  1778                           ;Dima_March_2026_BT-V1.c: 507:     LATCbits.LATC0 = g_brush_on ? 1 : 0;
  1779  002230  505C               	movf	_g_brush_on^0,w,c	;volatile
  1780  002232  A4D8               	btfss	status,2,c
  1781  002234  EF1E  F011         	goto	u2471
  1782  002238  EF22  F011         	goto	u2470
  1783  00223C                     u2471:
  1784  00223C  6A01               	clrf	??_update_outputs^0,c
  1785  00223E  2A01               	incf	??_update_outputs^0,f,c
  1786  002240  EF23  F011         	goto	u2488
  1787  002244                     u2470:
  1788  002244  6A01               	clrf	??_update_outputs^0,c
  1789  002246                     u2488:
  1790  002246  508B               	movf	139,w,c	;volatile
  1791  002248  1801               	xorwf	??_update_outputs^0,w,c
  1792  00224A  0BFE               	andlw	-2
  1793  00224C  1801               	xorwf	??_update_outputs^0,w,c
  1794  00224E  6E8B               	movwf	139,c	;volatile
  1795                           
  1796                           ;Dima_March_2026_BT-V1.c: 508:     LATCbits.LATC1 = g_vacuum_on ? 1 : 0;
  1797  002250  505B               	movf	_g_vacuum_on^0,w,c	;volatile
  1798  002252  A4D8               	btfss	status,2,c
  1799  002254  EF2E  F011         	goto	u2491
  1800  002258  EF32  F011         	goto	u2490
  1801  00225C                     u2491:
  1802  00225C  6A01               	clrf	??_update_outputs^0,c
  1803  00225E  2A01               	incf	??_update_outputs^0,f,c
  1804  002260  EF33  F011         	goto	u2508
  1805  002264                     u2490:
  1806  002264  6A01               	clrf	??_update_outputs^0,c
  1807  002266                     u2508:
  1808  002266  4601               	rlncf	??_update_outputs^0,f,c
  1809  002268  508B               	movf	139,w,c	;volatile
  1810  00226A  1801               	xorwf	??_update_outputs^0,w,c
  1811  00226C  0BFD               	andlw	-3
  1812  00226E  1801               	xorwf	??_update_outputs^0,w,c
  1813  002270  6E8B               	movwf	139,c	;volatile
  1814                           
  1815                           ;Dima_March_2026_BT-V1.c: 509:     LATAbits.LATA2 = g_brush_release_on ? 1 : 0;
  1816  002272  5059               	movf	_g_brush_release_on^0,w,c	;volatile
  1817  002274  A4D8               	btfss	status,2,c
  1818  002276  EF3F  F011         	goto	u2511
  1819  00227A  EF43  F011         	goto	u2510
  1820  00227E                     u2511:
  1821  00227E  6A01               	clrf	??_update_outputs^0,c
  1822  002280  2A01               	incf	??_update_outputs^0,f,c
  1823  002282  EF44  F011         	goto	u2528
  1824  002286                     u2510:
  1825  002286  6A01               	clrf	??_update_outputs^0,c
  1826  002288                     u2528:
  1827  002288  4601               	rlncf	??_update_outputs^0,f,c
  1828  00228A  4601               	rlncf	??_update_outputs^0,f,c
  1829  00228C  5089               	movf	137,w,c	;volatile
  1830  00228E  1801               	xorwf	??_update_outputs^0,w,c
  1831  002290  0BFB               	andlw	-5
  1832  002292  1801               	xorwf	??_update_outputs^0,w,c
  1833  002294  6E89               	movwf	137,c	;volatile
  1834  002296  0012               	return		;funcret
  1835  002298                     __end_of_update_outputs:
  1836                           	callstack 0
  1837                           
  1838 ;; *************** function _handle_vac_switch_10ms *****************
  1839 ;; Defined at:
  1840 ;;		line 472 in file "Dima_March_2026_BT-V1.c"
  1841 ;; Parameters:    Size  Location     Type
  1842 ;;		None
  1843 ;; Auto vars:     Size  Location     Type
  1844 ;;  vac_falling_    1    0[COMRAM] _Bool 
  1845 ;; Return value:  Size  Location     Type
  1846 ;;                  1    wreg      void 
  1847 ;; Registers used:
  1848 ;;		wreg, status,2
  1849 ;; Tracked objects:
  1850 ;;		On entry : 0/0
  1851 ;;		On exit  : 0/0
  1852 ;;		Unchanged: 0/0
  1853 ;; Data sizes:     COMRAM   BANK0   BANK1   BANK2   BANK3   BANK4   BANK5
  1854 ;;      Params:         0       0       0       0       0       0       0
  1855 ;;      Locals:         2       0       0       0       0       0       0
  1856 ;;      Temps:          0       0       0       0       0       0       0
  1857 ;;      Totals:         2       0       0       0       0       0       0
  1858 ;;Total ram usage:        2 bytes
  1859 ;; Hardware stack levels used:    1
  1860 ;; Hardware stack levels required when called:    1
  1861 ;; This function calls:
  1862 ;;		Nothing
  1863 ;; This function is called by:
  1864 ;;		_update_logic_10ms
  1865 ;; This function uses a non-reentrant model
  1866 ;;
  1867                           
  1868                           	psect	text6
  1869  001E80                     __ptext6:
  1870                           	callstack 0
  1871  001E80                     _handle_vac_switch_10ms:
  1872                           	callstack 28
  1873  001E80                     
  1874                           ;Dima_March_2026_BT-V1.c: 474:     _Bool vac_falling_edge = (g_vac_sw_prev_state && !g_v
      +                          ac_sw_state);
  1875  001E80  0E00               	movlw	0
  1876  001E82  6E02               	movwf	_handle_vac_switch_10ms$823^0,c
  1877  001E84  0100               	movlb	0	; () banked
  1878  001E86  5183               	movf	_g_vac_sw_prev_state& (0+255),w,b	;volatile
  1879  001E88  B4D8               	btfsc	status,2,c
  1880  001E8A  EF49  F00F         	goto	u2401
  1881  001E8E  EF4B  F00F         	goto	u2400
  1882  001E92                     u2401:
  1883  001E92  EF55  F00F         	goto	l190
  1884  001E96                     u2400:
  1885  001E96                     
  1886                           ; BSR set to: 0
  1887  001E96  505D               	movf	_g_vac_sw_state^0,w,c	;volatile
  1888  001E98  A4D8               	btfss	status,2,c
  1889  001E9A  EF51  F00F         	goto	u2411
  1890  001E9E  EF53  F00F         	goto	u2410
  1891  001EA2                     u2411:
  1892  001EA2  EF55  F00F         	goto	l190
  1893  001EA6                     u2410:
  1894  001EA6                     
  1895                           ; BSR set to: 0
  1896  001EA6  0E01               	movlw	1
  1897  001EA8  6E02               	movwf	_handle_vac_switch_10ms$823^0,c
  1898  001EAA                     l190:
  1899                           
  1900                           ; BSR set to: 0
  1901  001EAA  5002               	movf	_handle_vac_switch_10ms$823^0,w,c
  1902  001EAC  A4D8               	btfss	status,2,c
  1903  001EAE  EF5B  F00F         	goto	u2421
  1904  001EB2  EF5E  F00F         	goto	u2420
  1905  001EB6                     u2421:
  1906  001EB6  0E01               	movlw	1
  1907  001EB8  EF5F  F00F         	goto	u2430
  1908  001EBC                     u2420:
  1909  001EBC  0E00               	movlw	0
  1910  001EBE                     u2430:
  1911  001EBE  6E01               	movwf	handle_vac_switch_10ms@vac_falling_edge^0,c
  1912                           
  1913                           ;Dima_March_2026_BT-V1.c: 476:     if (vac_falling_edge)
  1914  001EC0  5001               	movf	handle_vac_switch_10ms@vac_falling_edge^0,w,c
  1915  001EC2  B4D8               	btfsc	status,2,c
  1916  001EC4  EF66  F00F         	goto	u2441
  1917  001EC8  EF68  F00F         	goto	u2440
  1918  001ECC                     u2441:
  1919  001ECC  EF8C  F00F         	goto	l3086
  1920  001ED0                     u2440:
  1921  001ED0                     
  1922                           ; BSR set to: 0
  1923                           ;Dima_March_2026_BT-V1.c: 477:     {;Dima_March_2026_BT-V1.c: 478:         if (!g_vacuum
      +                          _on)
  1924  001ED0  505B               	movf	_g_vacuum_on^0,w,c	;volatile
  1925  001ED2  A4D8               	btfss	status,2,c
  1926  001ED4  EF6E  F00F         	goto	u2451
  1927  001ED8  EF70  F00F         	goto	u2450
  1928  001EDC                     u2451:
  1929  001EDC  EF78  F00F         	goto	l3080
  1930  001EE0                     u2450:
  1931  001EE0                     
  1932                           ; BSR set to: 0
  1933                           ;Dima_March_2026_BT-V1.c: 479:         {;Dima_March_2026_BT-V1.c: 480:             g_vac
      +                          uum_on = 1;
  1934  001EE0  0E01               	movlw	1
  1935  001EE2  6E5B               	movwf	_g_vacuum_on^0,c	;volatile
  1936                           
  1937                           ;Dima_March_2026_BT-V1.c: 481:             g_vacuum_delay_active = 0;
  1938  001EE4  0E00               	movlw	0
  1939  001EE6  6E5A               	movwf	_g_vacuum_delay_active^0,c	;volatile
  1940                           
  1941                           ;Dima_March_2026_BT-V1.c: 482:             g_vacuum_off_delay = 0u;
  1942  001EE8  0E00               	movlw	0
  1943  001EEA  6F80               	movwf	_g_vacuum_off_delay& (0+255),b	;volatile
  1944                           
  1945                           ;Dima_March_2026_BT-V1.c: 483:         }
  1946  001EEC  EF8A  F00F         	goto	l193
  1947  001EF0                     l3080:
  1948                           
  1949                           ; BSR set to: 0
  1950                           ;Dima_March_2026_BT-V1.c: 485:         {;Dima_March_2026_BT-V1.c: 486:             if (g
      +                          _vacuum_delay_active)
  1951  001EF0  505A               	movf	_g_vacuum_delay_active^0,w,c	;volatile
  1952  001EF2  B4D8               	btfsc	status,2,c
  1953  001EF4  EF7E  F00F         	goto	u2461
  1954  001EF8  EF80  F00F         	goto	u2460
  1955  001EFC                     u2461:
  1956  001EFC  EF86  F00F         	goto	l3084
  1957  001F00                     u2460:
  1958  001F00                     
  1959                           ; BSR set to: 0
  1960                           ;Dima_March_2026_BT-V1.c: 487:             {;Dima_March_2026_BT-V1.c: 488:              
      +                             g_vacuum_delay_active = 0;
  1961  001F00  0E00               	movlw	0
  1962  001F02  6E5A               	movwf	_g_vacuum_delay_active^0,c	;volatile
  1963                           
  1964                           ;Dima_March_2026_BT-V1.c: 489:                 g_vacuum_off_delay = 0u;
  1965  001F04  0E00               	movlw	0
  1966  001F06  6F80               	movwf	_g_vacuum_off_delay& (0+255),b	;volatile
  1967                           
  1968                           ;Dima_March_2026_BT-V1.c: 490:             }
  1969  001F08  EF8A  F00F         	goto	l193
  1970  001F0C                     l3084:
  1971                           
  1972                           ; BSR set to: 0
  1973                           ;Dima_March_2026_BT-V1.c: 492:             {;Dima_March_2026_BT-V1.c: 493:              
      +                             g_vacuum_delay_active = 1;
  1974  001F0C  0E01               	movlw	1
  1975  001F0E  6E5A               	movwf	_g_vacuum_delay_active^0,c	;volatile
  1976                           
  1977                           ;Dima_March_2026_BT-V1.c: 494:                 g_vacuum_off_delay = 0u;
  1978  001F10  0E00               	movlw	0
  1979  001F12  6F80               	movwf	_g_vacuum_off_delay& (0+255),b	;volatile
  1980  001F14                     l193:
  1981                           
  1982                           ; BSR set to: 0
  1983                           ;Dima_March_2026_BT-V1.c: 498:         g_display_refresh_request = 1;
  1984  001F14  0E01               	movlw	1
  1985  001F16  6F88               	movwf	_g_display_refresh_request& (0+255),b	;volatile
  1986  001F18                     l3086:
  1987                           
  1988                           ; BSR set to: 0
  1989                           ;Dima_March_2026_BT-V1.c: 501:     g_vac_sw_prev_state = g_vac_sw_state;
  1990  001F18  C05D  F083         	movff	_g_vac_sw_state,_g_vac_sw_prev_state	;volatile
  1991  001F1C                     
  1992                           ; BSR set to: 0
  1993  001F1C  0012               	return		;funcret
  1994  001F1E                     __end_of_handle_vac_switch_10ms:
  1995                           	callstack 0
  1996                           
  1997 ;; *************** function _handle_brush_switch_10ms *****************
  1998 ;; Defined at:
  1999 ;;		line 407 in file "Dima_March_2026_BT-V1.c"
  2000 ;; Parameters:    Size  Location     Type
  2001 ;;		None
  2002 ;; Auto vars:     Size  Location     Type
  2003 ;;  brush_fallin    1    1[COMRAM] _Bool 
  2004 ;;  brush_rising    1    0[COMRAM] _Bool 
  2005 ;; Return value:  Size  Location     Type
  2006 ;;                  1    wreg      void 
  2007 ;; Registers used:
  2008 ;;		wreg, status,2, status,0
  2009 ;; Tracked objects:
  2010 ;;		On entry : 0/0
  2011 ;;		On exit  : 0/0
  2012 ;;		Unchanged: 0/0
  2013 ;; Data sizes:     COMRAM   BANK0   BANK1   BANK2   BANK3   BANK4   BANK5
  2014 ;;      Params:         0       0       0       0       0       0       0
  2015 ;;      Locals:         4       0       0       0       0       0       0
  2016 ;;      Temps:          0       0       0       0       0       0       0
  2017 ;;      Totals:         4       0       0       0       0       0       0
  2018 ;;Total ram usage:        4 bytes
  2019 ;; Hardware stack levels used:    1
  2020 ;; Hardware stack levels required when called:    1
  2021 ;; This function calls:
  2022 ;;		Nothing
  2023 ;; This function is called by:
  2024 ;;		_update_logic_10ms
  2025 ;; This function uses a non-reentrant model
  2026 ;;
  2027                           
  2028                           	psect	text7
  2029  001036                     __ptext7:
  2030                           	callstack 0
  2031  001036                     _handle_brush_switch_10ms:
  2032                           	callstack 28
  2033  001036                     
  2034                           ;Dima_March_2026_BT-V1.c: 409:     _Bool brush_rising_edge = (!g_brush_sw_prev_state && 
      +                          g_brush_sw_state);
  2035  001036  0E00               	movlw	0
  2036  001038  6E03               	movwf	_handle_brush_switch_10ms$818^0,c
  2037  00103A  0100               	movlb	0	; () banked
  2038  00103C  5184               	movf	_g_brush_sw_prev_state& (0+255),w,b	;volatile
  2039  00103E  A4D8               	btfss	status,2,c
  2040  001040  EF24  F008         	goto	u2181
  2041  001044  EF26  F008         	goto	u2180
  2042  001048                     u2181:
  2043  001048  EF30  F008         	goto	l173
  2044  00104C                     u2180:
  2045  00104C                     
  2046                           ; BSR set to: 0
  2047  00104C  505E               	movf	_g_brush_sw_state^0,w,c	;volatile
  2048  00104E  B4D8               	btfsc	status,2,c
  2049  001050  EF2C  F008         	goto	u2191
  2050  001054  EF2E  F008         	goto	u2190
  2051  001058                     u2191:
  2052  001058  EF30  F008         	goto	l173
  2053  00105C                     u2190:
  2054  00105C                     
  2055                           ; BSR set to: 0
  2056  00105C  0E01               	movlw	1
  2057  00105E  6E03               	movwf	_handle_brush_switch_10ms$818^0,c
  2058  001060                     l173:
  2059                           
  2060                           ; BSR set to: 0
  2061  001060  5003               	movf	_handle_brush_switch_10ms$818^0,w,c
  2062  001062  A4D8               	btfss	status,2,c
  2063  001064  EF36  F008         	goto	u2201
  2064  001068  EF39  F008         	goto	u2200
  2065  00106C                     u2201:
  2066  00106C  0E01               	movlw	1
  2067  00106E  EF3A  F008         	goto	u2210
  2068  001072                     u2200:
  2069  001072  0E00               	movlw	0
  2070  001074                     u2210:
  2071  001074  6E01               	movwf	handle_brush_switch_10ms@brush_rising_edge^0,c
  2072                           
  2073                           ;Dima_March_2026_BT-V1.c: 410:     _Bool brush_falling_edge = ( g_brush_sw_prev_state &&
      +                           !g_brush_sw_state);
  2074  001076  0E00               	movlw	0
  2075  001078  6E04               	movwf	_handle_brush_switch_10ms$820^0,c
  2076  00107A  5184               	movf	_g_brush_sw_prev_state& (0+255),w,b	;volatile
  2077  00107C  B4D8               	btfsc	status,2,c
  2078  00107E  EF43  F008         	goto	u2221
  2079  001082  EF45  F008         	goto	u2220
  2080  001086                     u2221:
  2081  001086  EF4F  F008         	goto	l175
  2082  00108A                     u2220:
  2083  00108A                     
  2084                           ; BSR set to: 0
  2085  00108A  505E               	movf	_g_brush_sw_state^0,w,c	;volatile
  2086  00108C  A4D8               	btfss	status,2,c
  2087  00108E  EF4B  F008         	goto	u2231
  2088  001092  EF4D  F008         	goto	u2230
  2089  001096                     u2231:
  2090  001096  EF4F  F008         	goto	l175
  2091  00109A                     u2230:
  2092  00109A                     
  2093                           ; BSR set to: 0
  2094  00109A  0E01               	movlw	1
  2095  00109C  6E04               	movwf	_handle_brush_switch_10ms$820^0,c
  2096  00109E                     l175:
  2097                           
  2098                           ; BSR set to: 0
  2099  00109E  5004               	movf	_handle_brush_switch_10ms$820^0,w,c
  2100  0010A0  A4D8               	btfss	status,2,c
  2101  0010A2  EF55  F008         	goto	u2241
  2102  0010A6  EF58  F008         	goto	u2240
  2103  0010AA                     u2241:
  2104  0010AA  0E01               	movlw	1
  2105  0010AC  EF59  F008         	goto	u2250
  2106  0010B0                     u2240:
  2107  0010B0  0E00               	movlw	0
  2108  0010B2                     u2250:
  2109  0010B2  6E02               	movwf	handle_brush_switch_10ms@brush_falling_edge^0,c
  2110                           
  2111                           ;Dima_March_2026_BT-V1.c: 412:     if (brush_rising_edge)
  2112  0010B4  5001               	movf	handle_brush_switch_10ms@brush_rising_edge^0,w,c
  2113  0010B6  B4D8               	btfsc	status,2,c
  2114  0010B8  EF60  F008         	goto	u2261
  2115  0010BC  EF62  F008         	goto	u2260
  2116  0010C0                     u2261:
  2117  0010C0  EF6A  F008         	goto	l176
  2118  0010C4                     u2260:
  2119  0010C4                     
  2120                           ; BSR set to: 0
  2121                           ;Dima_March_2026_BT-V1.c: 413:     {;Dima_March_2026_BT-V1.c: 414:         g_brush_track
      +                          ing_press = 1;
  2122  0010C4  0E01               	movlw	1
  2123  0010C6  6F7F               	movwf	_g_brush_tracking_press& (0+255),b	;volatile
  2124                           
  2125                           ;Dima_March_2026_BT-V1.c: 415:         g_brush_hold_ticks = 0u;
  2126  0010C8  0E00               	movlw	0
  2127  0010CA  6F71               	movwf	(_g_brush_hold_ticks+1)& (0+255),b	;volatile
  2128  0010CC  0E00               	movlw	0
  2129  0010CE  6F70               	movwf	_g_brush_hold_ticks& (0+255),b	;volatile
  2130                           
  2131                           ;Dima_March_2026_BT-V1.c: 416:         g_brush_long_press_done = 0;
  2132  0010D0  0E00               	movlw	0
  2133  0010D2  6F7E               	movwf	_g_brush_long_press_done& (0+255),b	;volatile
  2134  0010D4                     l176:
  2135                           
  2136                           ; BSR set to: 0
  2137                           ;Dima_March_2026_BT-V1.c: 419:     if (g_brush_tracking_press && g_brush_sw_state)
  2138  0010D4  517F               	movf	_g_brush_tracking_press& (0+255),w,b	;volatile
  2139  0010D6  B4D8               	btfsc	status,2,c
  2140  0010D8  EF70  F008         	goto	u2271
  2141  0010DC  EF72  F008         	goto	u2270
  2142  0010E0                     u2271:
  2143  0010E0  EFA8  F008         	goto	l177
  2144  0010E4                     u2270:
  2145  0010E4                     
  2146                           ; BSR set to: 0
  2147  0010E4  505E               	movf	_g_brush_sw_state^0,w,c	;volatile
  2148  0010E6  B4D8               	btfsc	status,2,c
  2149  0010E8  EF78  F008         	goto	u2281
  2150  0010EC  EF7A  F008         	goto	u2280
  2151  0010F0                     u2281:
  2152  0010F0  EFA8  F008         	goto	l177
  2153  0010F4                     u2280:
  2154  0010F4                     
  2155                           ; BSR set to: 0
  2156                           ;Dima_March_2026_BT-V1.c: 420:     {;Dima_March_2026_BT-V1.c: 421:         if (g_brush_h
      +                          old_ticks < 100u)
  2157  0010F4  5171               	movf	(_g_brush_hold_ticks+1)& (0+255),w,b	;volatile
  2158  0010F6  E107               	bnz	u2291
  2159  0010F8  0E64               	movlw	100
  2160  0010FA  5D70               	subwf	_g_brush_hold_ticks& (0+255),w,b	;volatile
  2161  0010FC  B0D8               	btfsc	status,0,c
  2162  0010FE  EF83  F008         	goto	u2291
  2163  001102  EF85  F008         	goto	u2290
  2164  001106                     u2291:
  2165  001106  EF87  F008         	goto	l3048
  2166  00110A                     u2290:
  2167  00110A                     
  2168                           ; BSR set to: 0
  2169                           ;Dima_March_2026_BT-V1.c: 422:         {;Dima_March_2026_BT-V1.c: 423:             g_bru
      +                          sh_hold_ticks++;
  2170  00110A  4B70               	infsnz	_g_brush_hold_ticks& (0+255),f,b	;volatile
  2171  00110C  2B71               	incf	(_g_brush_hold_ticks+1)& (0+255),f,b	;volatile
  2172  00110E                     l3048:
  2173                           
  2174                           ; BSR set to: 0
  2175                           ;Dima_March_2026_BT-V1.c: 426:         if ((!g_brush_long_press_done) &&
  2176  00110E  517E               	movf	_g_brush_long_press_done& (0+255),w,b	;volatile
  2177  001110  A4D8               	btfss	status,2,c
  2178  001112  EF8D  F008         	goto	u2301
  2179  001116  EF8F  F008         	goto	u2300
  2180  00111A                     u2301:
  2181  00111A  EFA8  F008         	goto	l177
  2182  00111E                     u2300:
  2183  00111E                     
  2184                           ; BSR set to: 0
  2185  00111E  5171               	movf	(_g_brush_hold_ticks+1)& (0+255),w,b	;volatile
  2186  001120  E109               	bnz	u2310
  2187  001122  0E64               	movlw	100
  2188  001124  5D70               	subwf	_g_brush_hold_ticks& (0+255),w,b	;volatile
  2189  001126  A0D8               	btfss	status,0,c
  2190  001128  EF98  F008         	goto	u2311
  2191  00112C  EF9A  F008         	goto	u2310
  2192  001130                     u2311:
  2193  001130  EFA8  F008         	goto	l177
  2194  001134                     u2310:
  2195  001134                     
  2196                           ; BSR set to: 0
  2197                           ;Dima_March_2026_BT-V1.c: 428:         {;Dima_March_2026_BT-V1.c: 429:             g_bru
      +                          sh_long_press_done = 1;
  2198  001134  0E01               	movlw	1
  2199  001136  6F7E               	movwf	_g_brush_long_press_done& (0+255),b	;volatile
  2200                           
  2201                           ;Dima_March_2026_BT-V1.c: 430:             g_brush_on = 0;
  2202  001138  0E00               	movlw	0
  2203  00113A  6E5C               	movwf	_g_brush_on^0,c	;volatile
  2204                           
  2205                           ;Dima_March_2026_BT-V1.c: 431:             g_brush_release_on = 1;
  2206  00113C  0E01               	movlw	1
  2207  00113E  6E59               	movwf	_g_brush_release_on^0,c	;volatile
  2208                           
  2209                           ;Dima_March_2026_BT-V1.c: 432:             g_brush_release_ticks_left = 200u;
  2210  001140  0E00               	movlw	0
  2211  001142  6F6F               	movwf	(_g_brush_release_ticks_left+1)& (0+255),b	;volatile
  2212  001144  0EC8               	movlw	200
  2213  001146  6F6E               	movwf	_g_brush_release_ticks_left& (0+255),b	;volatile
  2214                           
  2215                           ;Dima_March_2026_BT-V1.c: 434:             g_graphic_arrow_blink_state = 1;
  2216  001148  0E01               	movlw	1
  2217  00114A  6F87               	movwf	_g_graphic_arrow_blink_state& (0+255),b	;volatile
  2218                           
  2219                           ;Dima_March_2026_BT-V1.c: 435:             g_display_refresh_request = 1;
  2220  00114C  0E01               	movlw	1
  2221  00114E  6F88               	movwf	_g_display_refresh_request& (0+255),b	;volatile
  2222  001150                     l177:
  2223                           
  2224                           ; BSR set to: 0
  2225                           ;Dima_March_2026_BT-V1.c: 439:     if (brush_falling_edge)
  2226  001150  5002               	movf	handle_brush_switch_10ms@brush_falling_edge^0,w,c
  2227  001152  B4D8               	btfsc	status,2,c
  2228  001154  EFAE  F008         	goto	u2321
  2229  001158  EFB0  F008         	goto	u2320
  2230  00115C                     u2321:
  2231  00115C  EFD5  F008         	goto	l180
  2232  001160                     u2320:
  2233  001160                     
  2234                           ; BSR set to: 0
  2235                           ;Dima_March_2026_BT-V1.c: 440:     {;Dima_March_2026_BT-V1.c: 441:         if (g_brush_t
      +                          racking_press)
  2236  001160  517F               	movf	_g_brush_tracking_press& (0+255),w,b	;volatile
  2237  001162  B4D8               	btfsc	status,2,c
  2238  001164  EFB6  F008         	goto	u2331
  2239  001168  EFB8  F008         	goto	u2330
  2240  00116C                     u2331:
  2241  00116C  EFD5  F008         	goto	l180
  2242  001170                     u2330:
  2243  001170                     
  2244                           ; BSR set to: 0
  2245                           ;Dima_March_2026_BT-V1.c: 442:         {;Dima_March_2026_BT-V1.c: 443:             if (!
      +                          g_brush_long_press_done)
  2246  001170  517E               	movf	_g_brush_long_press_done& (0+255),w,b	;volatile
  2247  001172  A4D8               	btfss	status,2,c
  2248  001174  EFBE  F008         	goto	u2341
  2249  001178  EFC0  F008         	goto	u2340
  2250  00117C                     u2341:
  2251  00117C  EFCB  F008         	goto	l182
  2252  001180                     u2340:
  2253  001180                     
  2254                           ; BSR set to: 0
  2255                           ;Dima_March_2026_BT-V1.c: 444:             {;Dima_March_2026_BT-V1.c: 445:              
      +                             g_brush_on = !g_brush_on;
  2256  001180  505C               	movf	_g_brush_on^0,w,c	;volatile
  2257  001182  B4D8               	btfsc	status,2,c
  2258  001184  EFC6  F008         	goto	u2351
  2259  001188  EFC9  F008         	goto	u2350
  2260  00118C                     u2351:
  2261  00118C  0E01               	movlw	1
  2262  00118E  EFCA  F008         	goto	u2360
  2263  001192                     u2350:
  2264  001192  0E00               	movlw	0
  2265  001194                     u2360:
  2266  001194  6E5C               	movwf	_g_brush_on^0,c	;volatile
  2267  001196                     l182:
  2268                           
  2269                           ; BSR set to: 0
  2270                           ;Dima_March_2026_BT-V1.c: 448:             g_brush_tracking_press = 0;
  2271  001196  0E00               	movlw	0
  2272  001198  6F7F               	movwf	_g_brush_tracking_press& (0+255),b	;volatile
  2273                           
  2274                           ;Dima_March_2026_BT-V1.c: 449:             g_brush_hold_ticks = 0u;
  2275  00119A  0E00               	movlw	0
  2276  00119C  6F71               	movwf	(_g_brush_hold_ticks+1)& (0+255),b	;volatile
  2277  00119E  0E00               	movlw	0
  2278  0011A0  6F70               	movwf	_g_brush_hold_ticks& (0+255),b	;volatile
  2279                           
  2280                           ;Dima_March_2026_BT-V1.c: 450:             g_brush_long_press_done = 0;
  2281  0011A2  0E00               	movlw	0
  2282  0011A4  6F7E               	movwf	_g_brush_long_press_done& (0+255),b	;volatile
  2283                           
  2284                           ;Dima_March_2026_BT-V1.c: 451:             g_display_refresh_request = 1;
  2285  0011A6  0E01               	movlw	1
  2286  0011A8  6F88               	movwf	_g_display_refresh_request& (0+255),b	;volatile
  2287  0011AA                     l180:
  2288                           
  2289                           ; BSR set to: 0
  2290                           ;Dima_March_2026_BT-V1.c: 455:     if (g_brush_release_on)
  2291  0011AA  5059               	movf	_g_brush_release_on^0,w,c	;volatile
  2292  0011AC  B4D8               	btfsc	status,2,c
  2293  0011AE  EFDB  F008         	goto	u2371
  2294  0011B2  EFDD  F008         	goto	u2370
  2295  0011B6                     u2371:
  2296  0011B6  EFF6  F008         	goto	l3068
  2297  0011BA                     u2370:
  2298  0011BA                     
  2299                           ; BSR set to: 0
  2300                           ;Dima_March_2026_BT-V1.c: 456:     {;Dima_March_2026_BT-V1.c: 457:         if (g_brush_r
      +                          elease_ticks_left > 0u)
  2301  0011BA  516E               	movf	_g_brush_release_ticks_left& (0+255),w,b	;volatile
  2302  0011BC  116F               	iorwf	(_g_brush_release_ticks_left+1)& (0+255),w,b	;volatile
  2303  0011BE  B4D8               	btfsc	status,2,c
  2304  0011C0  EFE4  F008         	goto	u2381
  2305  0011C4  EFE6  F008         	goto	u2380
  2306  0011C8                     u2381:
  2307  0011C8  EFE9  F008         	goto	l3064
  2308  0011CC                     u2380:
  2309  0011CC                     
  2310                           ; BSR set to: 0
  2311                           ;Dima_March_2026_BT-V1.c: 458:         {;Dima_March_2026_BT-V1.c: 459:             g_bru
      +                          sh_release_ticks_left--;
  2312  0011CC  076E               	decf	_g_brush_release_ticks_left& (0+255),f,b	;volatile
  2313  0011CE  A0D8               	btfss	status,0,c
  2314  0011D0  076F               	decf	(_g_brush_release_ticks_left+1)& (0+255),f,b	;volatile
  2315  0011D2                     l3064:
  2316                           
  2317                           ; BSR set to: 0
  2318                           ;Dima_March_2026_BT-V1.c: 462:         if (g_brush_release_ticks_left == 0u)
  2319  0011D2  516E               	movf	_g_brush_release_ticks_left& (0+255),w,b	;volatile
  2320  0011D4  116F               	iorwf	(_g_brush_release_ticks_left+1)& (0+255),w,b	;volatile
  2321  0011D6  A4D8               	btfss	status,2,c
  2322  0011D8  EFF0  F008         	goto	u2391
  2323  0011DC  EFF2  F008         	goto	u2390
  2324  0011E0                     u2391:
  2325  0011E0  EFF6  F008         	goto	l3068
  2326  0011E4                     u2390:
  2327  0011E4                     
  2328                           ; BSR set to: 0
  2329                           ;Dima_March_2026_BT-V1.c: 463:         {;Dima_March_2026_BT-V1.c: 464:             g_bru
      +                          sh_release_on = 0;
  2330  0011E4  0E00               	movlw	0
  2331  0011E6  6E59               	movwf	_g_brush_release_on^0,c	;volatile
  2332                           
  2333                           ;Dima_March_2026_BT-V1.c: 465:             g_display_refresh_request = 1;
  2334  0011E8  0E01               	movlw	1
  2335  0011EA  6F88               	movwf	_g_display_refresh_request& (0+255),b	;volatile
  2336  0011EC                     l3068:
  2337                           
  2338                           ; BSR set to: 0
  2339                           ;Dima_March_2026_BT-V1.c: 469:     g_brush_sw_prev_state = g_brush_sw_state;
  2340  0011EC  C05E  F084         	movff	_g_brush_sw_state,_g_brush_sw_prev_state	;volatile
  2341  0011F0                     
  2342                           ; BSR set to: 0
  2343  0011F0  0012               	return		;funcret
  2344  0011F2                     __end_of_handle_brush_switch_10ms:
  2345                           	callstack 0
  2346                           
  2347 ;; *************** function _debounce_inputs_10ms *****************
  2348 ;; Defined at:
  2349 ;;		line 350 in file "Dima_March_2026_BT-V1.c"
  2350 ;; Parameters:    Size  Location     Type
  2351 ;;		None
  2352 ;; Auto vars:     Size  Location     Type
  2353 ;;  raw_vac         1    1[COMRAM] _Bool 
  2354 ;;  raw_brush       1    0[COMRAM] _Bool 
  2355 ;; Return value:  Size  Location     Type
  2356 ;;                  1    wreg      void 
  2357 ;; Registers used:
  2358 ;;		wreg, status,2, status,0, cstack
  2359 ;; Tracked objects:
  2360 ;;		On entry : 0/0
  2361 ;;		On exit  : 0/0
  2362 ;;		Unchanged: 0/0
  2363 ;; Data sizes:     COMRAM   BANK0   BANK1   BANK2   BANK3   BANK4   BANK5
  2364 ;;      Params:         0       0       0       0       0       0       0
  2365 ;;      Locals:         2       0       0       0       0       0       0
  2366 ;;      Temps:          0       0       0       0       0       0       0
  2367 ;;      Totals:         2       0       0       0       0       0       0
  2368 ;;Total ram usage:        2 bytes
  2369 ;; Hardware stack levels used:    1
  2370 ;; Hardware stack levels required when called:    2
  2371 ;; This function calls:
  2372 ;;		_read_brush_sw_raw
  2373 ;;		_read_vac_sw_raw
  2374 ;; This function is called by:
  2375 ;;		_update_logic_10ms
  2376 ;; This function uses a non-reentrant model
  2377 ;;
  2378                           
  2379                           	psect	text8
  2380  001A12                     __ptext8:
  2381                           	callstack 0
  2382  001A12                     _debounce_inputs_10ms:
  2383                           	callstack 27
  2384  001A12                     
  2385                           ;Dima_March_2026_BT-V1.c: 352:     _Bool raw_brush = read_brush_sw_raw();
  2386  001A12  EC86  F013         	call	_read_brush_sw_raw	;wreg free
  2387  001A16  6E01               	movwf	debounce_inputs_10ms@raw_brush^0,c
  2388                           
  2389                           ;Dima_March_2026_BT-V1.c: 353:     _Bool raw_vac = read_vac_sw_raw();
  2390  001A18  EC7C  F013         	call	_read_vac_sw_raw	;wreg free
  2391  001A1C  6E02               	movwf	debounce_inputs_10ms@raw_vac^0,c
  2392  001A1E                     
  2393                           ;Dima_March_2026_BT-V1.c: 355:     if (raw_brush)
  2394  001A1E  5001               	movf	debounce_inputs_10ms@raw_brush^0,w,c
  2395  001A20  B4D8               	btfsc	status,2,c
  2396  001A22  EF15  F00D         	goto	u2081
  2397  001A26  EF17  F00D         	goto	u2080
  2398  001A2A                     u2081:
  2399  001A2A  EF23  F00D         	goto	l3002
  2400  001A2E                     u2080:
  2401  001A2E                     
  2402                           ;Dima_March_2026_BT-V1.c: 356:     {;Dima_March_2026_BT-V1.c: 357:         if (brush_sw_
      +                          integrator < 4u)
  2403  001A2E  0E04               	movlw	4
  2404  001A30  0100               	movlb	0	; () banked
  2405  001A32  6182               	cpfslt	_brush_sw_integrator& (0+255),b
  2406  001A34  EF1E  F00D         	goto	u2091
  2407  001A38  EF20  F00D         	goto	u2090
  2408  001A3C                     u2091:
  2409  001A3C  EF2D  F00D         	goto	l3006
  2410  001A40                     u2090:
  2411  001A40                     
  2412                           ; BSR set to: 0
  2413                           ;Dima_March_2026_BT-V1.c: 358:         {;Dima_March_2026_BT-V1.c: 359:             brush
      +                          _sw_integrator++;
  2414  001A40  2B82               	incf	_brush_sw_integrator& (0+255),f,b
  2415  001A42  EF2D  F00D         	goto	l3006
  2416  001A46                     l3002:
  2417                           
  2418                           ;Dima_March_2026_BT-V1.c: 363:     {;Dima_March_2026_BT-V1.c: 364:         if (brush_sw_
      +                          integrator > 0u)
  2419  001A46  0100               	movlb	0	; () banked
  2420  001A48  5182               	movf	_brush_sw_integrator& (0+255),w,b
  2421  001A4A  B4D8               	btfsc	status,2,c
  2422  001A4C  EF2A  F00D         	goto	u2101
  2423  001A50  EF2C  F00D         	goto	u2100
  2424  001A54                     u2101:
  2425  001A54  EF2D  F00D         	goto	l3006
  2426  001A58                     u2100:
  2427  001A58                     
  2428                           ; BSR set to: 0
  2429                           ;Dima_March_2026_BT-V1.c: 365:         {;Dima_March_2026_BT-V1.c: 366:             brush
      +                          _sw_integrator--;
  2430  001A58  0782               	decf	_brush_sw_integrator& (0+255),f,b
  2431  001A5A                     l3006:
  2432                           
  2433                           ; BSR set to: 0
  2434                           ;Dima_March_2026_BT-V1.c: 370:     if (brush_sw_integrator == 0u)
  2435  001A5A  5182               	movf	_brush_sw_integrator& (0+255),w,b
  2436  001A5C  A4D8               	btfss	status,2,c
  2437  001A5E  EF33  F00D         	goto	u2111
  2438  001A62  EF35  F00D         	goto	u2110
  2439  001A66                     u2111:
  2440  001A66  EF39  F00D         	goto	l3010
  2441  001A6A                     u2110:
  2442  001A6A                     
  2443                           ; BSR set to: 0
  2444                           ;Dima_March_2026_BT-V1.c: 371:     {;Dima_March_2026_BT-V1.c: 372:         g_brush_sw_st
      +                          ate = 0;
  2445  001A6A  0E00               	movlw	0
  2446  001A6C  6E5E               	movwf	_g_brush_sw_state^0,c	;volatile
  2447                           
  2448                           ;Dima_March_2026_BT-V1.c: 373:     }
  2449  001A6E  EF45  F00D         	goto	l160
  2450  001A72                     l3010:
  2451                           
  2452                           ; BSR set to: 0
  2453  001A72  0E03               	movlw	3
  2454  001A74  6582               	cpfsgt	_brush_sw_integrator& (0+255),b
  2455  001A76  EF3F  F00D         	goto	u2121
  2456  001A7A  EF41  F00D         	goto	u2120
  2457  001A7E                     u2121:
  2458  001A7E  EF45  F00D         	goto	l160
  2459  001A82                     u2120:
  2460  001A82                     
  2461                           ; BSR set to: 0
  2462                           ;Dima_March_2026_BT-V1.c: 375:     {;Dima_March_2026_BT-V1.c: 376:         brush_sw_inte
      +                          grator = 4u;
  2463  001A82  0E04               	movlw	4
  2464  001A84  6F82               	movwf	_brush_sw_integrator& (0+255),b
  2465                           
  2466                           ;Dima_March_2026_BT-V1.c: 377:         g_brush_sw_state = 1;
  2467  001A86  0E01               	movlw	1
  2468  001A88  6E5E               	movwf	_g_brush_sw_state^0,c	;volatile
  2469  001A8A                     l160:
  2470                           
  2471                           ; BSR set to: 0
  2472                           ;Dima_March_2026_BT-V1.c: 380:     if (raw_vac)
  2473  001A8A  5002               	movf	debounce_inputs_10ms@raw_vac^0,w,c
  2474  001A8C  B4D8               	btfsc	status,2,c
  2475  001A8E  EF4B  F00D         	goto	u2131
  2476  001A92  EF4D  F00D         	goto	u2130
  2477  001A96                     u2131:
  2478  001A96  EF58  F00D         	goto	l3018
  2479  001A9A                     u2130:
  2480  001A9A                     
  2481                           ; BSR set to: 0
  2482                           ;Dima_March_2026_BT-V1.c: 381:     {;Dima_March_2026_BT-V1.c: 382:         if (vac_sw_in
      +                          tegrator < 4u)
  2483  001A9A  0E04               	movlw	4
  2484  001A9C  6181               	cpfslt	_vac_sw_integrator& (0+255),b
  2485  001A9E  EF53  F00D         	goto	u2141
  2486  001AA2  EF55  F00D         	goto	u2140
  2487  001AA6                     u2141:
  2488  001AA6  EF61  F00D         	goto	l3022
  2489  001AAA                     u2140:
  2490  001AAA                     
  2491                           ; BSR set to: 0
  2492                           ;Dima_March_2026_BT-V1.c: 383:         {;Dima_March_2026_BT-V1.c: 384:             vac_s
      +                          w_integrator++;
  2493  001AAA  2B81               	incf	_vac_sw_integrator& (0+255),f,b
  2494  001AAC  EF61  F00D         	goto	l3022
  2495  001AB0                     l3018:
  2496                           
  2497                           ; BSR set to: 0
  2498                           ;Dima_March_2026_BT-V1.c: 388:     {;Dima_March_2026_BT-V1.c: 389:         if (vac_sw_in
      +                          tegrator > 0u)
  2499  001AB0  5181               	movf	_vac_sw_integrator& (0+255),w,b
  2500  001AB2  B4D8               	btfsc	status,2,c
  2501  001AB4  EF5E  F00D         	goto	u2151
  2502  001AB8  EF60  F00D         	goto	u2150
  2503  001ABC                     u2151:
  2504  001ABC  EF61  F00D         	goto	l3022
  2505  001AC0                     u2150:
  2506  001AC0                     
  2507                           ; BSR set to: 0
  2508                           ;Dima_March_2026_BT-V1.c: 390:         {;Dima_March_2026_BT-V1.c: 391:             vac_s
      +                          w_integrator--;
  2509  001AC0  0781               	decf	_vac_sw_integrator& (0+255),f,b
  2510  001AC2                     l3022:
  2511                           
  2512                           ; BSR set to: 0
  2513                           ;Dima_March_2026_BT-V1.c: 395:     if (vac_sw_integrator == 0u)
  2514  001AC2  5181               	movf	_vac_sw_integrator& (0+255),w,b
  2515  001AC4  A4D8               	btfss	status,2,c
  2516  001AC6  EF67  F00D         	goto	u2161
  2517  001ACA  EF69  F00D         	goto	u2160
  2518  001ACE                     u2161:
  2519  001ACE  EF6D  F00D         	goto	l3026
  2520  001AD2                     u2160:
  2521  001AD2                     
  2522                           ; BSR set to: 0
  2523                           ;Dima_March_2026_BT-V1.c: 396:     {;Dima_March_2026_BT-V1.c: 397:         g_vac_sw_stat
      +                          e = 0;
  2524  001AD2  0E00               	movlw	0
  2525  001AD4  6E5D               	movwf	_g_vac_sw_state^0,c	;volatile
  2526                           
  2527                           ;Dima_March_2026_BT-V1.c: 398:     }
  2528  001AD6  EF79  F00D         	goto	l169
  2529  001ADA                     l3026:
  2530                           
  2531                           ; BSR set to: 0
  2532  001ADA  0E03               	movlw	3
  2533  001ADC  6581               	cpfsgt	_vac_sw_integrator& (0+255),b
  2534  001ADE  EF73  F00D         	goto	u2171
  2535  001AE2  EF75  F00D         	goto	u2170
  2536  001AE6                     u2171:
  2537  001AE6  EF79  F00D         	goto	l169
  2538  001AEA                     u2170:
  2539  001AEA                     
  2540                           ; BSR set to: 0
  2541                           ;Dima_March_2026_BT-V1.c: 400:     {;Dima_March_2026_BT-V1.c: 401:         vac_sw_integr
      +                          ator = 4u;
  2542  001AEA  0E04               	movlw	4
  2543  001AEC  6F81               	movwf	_vac_sw_integrator& (0+255),b
  2544                           
  2545                           ;Dima_March_2026_BT-V1.c: 402:         g_vac_sw_state = 1;
  2546  001AEE  0E01               	movlw	1
  2547  001AF0  6E5D               	movwf	_g_vac_sw_state^0,c	;volatile
  2548  001AF2                     l169:
  2549                           
  2550                           ; BSR set to: 0
  2551  001AF2  0012               	return		;funcret
  2552  001AF4                     __end_of_debounce_inputs_10ms:
  2553                           	callstack 0
  2554                           
  2555 ;; *************** function _read_vac_sw_raw *****************
  2556 ;; Defined at:
  2557 ;;		line 337 in file "Dima_March_2026_BT-V1.c"
  2558 ;; Parameters:    Size  Location     Type
  2559 ;;		None
  2560 ;; Auto vars:     Size  Location     Type
  2561 ;;		None
  2562 ;; Return value:  Size  Location     Type
  2563 ;;                  1    wreg      _Bool 
  2564 ;; Registers used:
  2565 ;;		wreg
  2566 ;; Tracked objects:
  2567 ;;		On entry : 0/0
  2568 ;;		On exit  : 0/0
  2569 ;;		Unchanged: 0/0
  2570 ;; Data sizes:     COMRAM   BANK0   BANK1   BANK2   BANK3   BANK4   BANK5
  2571 ;;      Params:         0       0       0       0       0       0       0
  2572 ;;      Locals:         0       0       0       0       0       0       0
  2573 ;;      Temps:          0       0       0       0       0       0       0
  2574 ;;      Totals:         0       0       0       0       0       0       0
  2575 ;;Total ram usage:        0 bytes
  2576 ;; Hardware stack levels used:    1
  2577 ;; Hardware stack levels required when called:    1
  2578 ;; This function calls:
  2579 ;;		Nothing
  2580 ;; This function is called by:
  2581 ;;		_debounce_inputs_10ms
  2582 ;; This function uses a non-reentrant model
  2583 ;;
  2584                           
  2585                           	psect	text9
  2586  0026F8                     __ptext9:
  2587                           	callstack 0
  2588  0026F8                     _read_vac_sw_raw:
  2589                           	callstack 27
  2590  0026F8                     
  2591                           ;Dima_March_2026_BT-V1.c: 340:     {;Dima_March_2026_BT-V1.c: 341:         return (PORTA
      +                          bits.RA1 != 0u) ? 1 : 0;
  2592  0026F8  B280               	btfsc	128,1,c	;volatile
  2593  0026FA  EF81  F013         	goto	u1771
  2594  0026FE  EF84  F013         	goto	u1770
  2595  002702                     u1771:
  2596  002702  0E01               	movlw	1
  2597  002704  EF85  F013         	goto	u1776
  2598  002708                     u1770:
  2599  002708  0E00               	movlw	0
  2600  00270A                     u1776:
  2601  00270A  0012               	return		;funcret
  2602  00270C                     __end_of_read_vac_sw_raw:
  2603                           	callstack 0
  2604                           
  2605 ;; *************** function _read_brush_sw_raw *****************
  2606 ;; Defined at:
  2607 ;;		line 325 in file "Dima_March_2026_BT-V1.c"
  2608 ;; Parameters:    Size  Location     Type
  2609 ;;		None
  2610 ;; Auto vars:     Size  Location     Type
  2611 ;;		None
  2612 ;; Return value:  Size  Location     Type
  2613 ;;                  1    wreg      _Bool 
  2614 ;; Registers used:
  2615 ;;		wreg
  2616 ;; Tracked objects:
  2617 ;;		On entry : 0/0
  2618 ;;		On exit  : 0/0
  2619 ;;		Unchanged: 0/0
  2620 ;; Data sizes:     COMRAM   BANK0   BANK1   BANK2   BANK3   BANK4   BANK5
  2621 ;;      Params:         0       0       0       0       0       0       0
  2622 ;;      Locals:         0       0       0       0       0       0       0
  2623 ;;      Temps:          0       0       0       0       0       0       0
  2624 ;;      Totals:         0       0       0       0       0       0       0
  2625 ;;Total ram usage:        0 bytes
  2626 ;; Hardware stack levels used:    1
  2627 ;; Hardware stack levels required when called:    1
  2628 ;; This function calls:
  2629 ;;		Nothing
  2630 ;; This function is called by:
  2631 ;;		_debounce_inputs_10ms
  2632 ;; This function uses a non-reentrant model
  2633 ;;
  2634                           
  2635                           	psect	text10
  2636  00270C                     __ptext10:
  2637                           	callstack 0
  2638  00270C                     _read_brush_sw_raw:
  2639                           	callstack 27
  2640  00270C                     
  2641                           ;Dima_March_2026_BT-V1.c: 328:     {;Dima_March_2026_BT-V1.c: 329:         return (PORTA
      +                          bits.RA0 != 0u) ? 1 : 0;
  2642  00270C  B080               	btfsc	128,0,c	;volatile
  2643  00270E  EF8B  F013         	goto	u1761
  2644  002712  EF8E  F013         	goto	u1760
  2645  002716                     u1761:
  2646  002716  0E01               	movlw	1
  2647  002718  EF8F  F013         	goto	u1766
  2648  00271C                     u1760:
  2649  00271C  0E00               	movlw	0
  2650  00271E                     u1766:
  2651  00271E  0012               	return		;funcret
  2652  002720                     __end_of_read_brush_sw_raw:
  2653                           	callstack 0
  2654                           
  2655 ;; *************** function _system_init *****************
  2656 ;; Defined at:
  2657 ;;		line 243 in file "Dima_March_2026_BT-V1.c"
  2658 ;; Parameters:    Size  Location     Type
  2659 ;;		None
  2660 ;; Auto vars:     Size  Location     Type
  2661 ;;		None
  2662 ;; Return value:  Size  Location     Type
  2663 ;;                  1    wreg      void 
  2664 ;; Registers used:
  2665 ;;		wreg, status,2, status,0, cstack
  2666 ;; Tracked objects:
  2667 ;;		On entry : 0/0
  2668 ;;		On exit  : 0/0
  2669 ;;		Unchanged: 0/0
  2670 ;; Data sizes:     COMRAM   BANK0   BANK1   BANK2   BANK3   BANK4   BANK5
  2671 ;;      Params:         0       0       0       0       0       0       0
  2672 ;;      Locals:         0       0       0       0       0       0       0
  2673 ;;      Temps:          0       0       0       0       0       0       0
  2674 ;;      Totals:         0       0       0       0       0       0       0
  2675 ;;Total ram usage:        0 bytes
  2676 ;; Hardware stack levels used:    1
  2677 ;; Hardware stack levels required when called:    6
  2678 ;; This function calls:
  2679 ;;		_i2c_init
  2680 ;;		_io_init
  2681 ;;		_oled_init
  2682 ;;		_osc_init
  2683 ;;		_timer0_init
  2684 ;; This function is called by:
  2685 ;;		_main
  2686 ;; This function uses a non-reentrant model
  2687 ;;
  2688                           
  2689                           	psect	text11
  2690  0026B6                     __ptext11:
  2691                           	callstack 0
  2692  0026B6                     _system_init:
  2693                           	callstack 24
  2694  0026B6                     
  2695                           ;Dima_March_2026_BT-V1.c: 245:     osc_init();
  2696  0026B6  ECAA  F013         	call	_osc_init	;wreg free
  2697                           
  2698                           ;Dima_March_2026_BT-V1.c: 246:     io_init();
  2699  0026BA  ECF4  F012         	call	_io_init	;wreg free
  2700  0026BE                     
  2701                           ;Dima_March_2026_BT-V1.c: 247:     i2c_init();
  2702  0026BE  ECA0  F013         	call	_i2c_init	;wreg free
  2703  0026C2                     
  2704                           ;Dima_March_2026_BT-V1.c: 248:     oled_init();
  2705  0026C2  ECDC  F00D         	call	_oled_init	;wreg free
  2706  0026C6                     
  2707                           ;Dima_March_2026_BT-V1.c: 249:     timer0_init();
  2708  0026C6  EC66  F013         	call	_timer0_init	;wreg free
  2709  0026CA  0012               	return		;funcret
  2710  0026CC                     __end_of_system_init:
  2711                           	callstack 0
  2712                           
  2713 ;; *************** function _timer0_init *****************
  2714 ;; Defined at:
  2715 ;;		line 282 in file "Dima_March_2026_BT-V1.c"
  2716 ;; Parameters:    Size  Location     Type
  2717 ;;		None
  2718 ;; Auto vars:     Size  Location     Type
  2719 ;;		None
  2720 ;; Return value:  Size  Location     Type
  2721 ;;                  1    wreg      void 
  2722 ;; Registers used:
  2723 ;;		wreg, status,2
  2724 ;; Tracked objects:
  2725 ;;		On entry : 0/0
  2726 ;;		On exit  : 0/0
  2727 ;;		Unchanged: 0/0
  2728 ;; Data sizes:     COMRAM   BANK0   BANK1   BANK2   BANK3   BANK4   BANK5
  2729 ;;      Params:         0       0       0       0       0       0       0
  2730 ;;      Locals:         0       0       0       0       0       0       0
  2731 ;;      Temps:          0       0       0       0       0       0       0
  2732 ;;      Totals:         0       0       0       0       0       0       0
  2733 ;;Total ram usage:        0 bytes
  2734 ;; Hardware stack levels used:    1
  2735 ;; Hardware stack levels required when called:    1
  2736 ;; This function calls:
  2737 ;;		Nothing
  2738 ;; This function is called by:
  2739 ;;		_system_init
  2740 ;; This function uses a non-reentrant model
  2741 ;;
  2742                           
  2743                           	psect	text12
  2744  0026CC                     __ptext12:
  2745                           	callstack 0
  2746  0026CC                     _timer0_init:
  2747                           	callstack 28
  2748  0026CC                     
  2749                           ;Dima_March_2026_BT-V1.c: 284:     T0CON = 0b00001000;
  2750  0026CC  0E08               	movlw	8
  2751  0026CE  6ED5               	movwf	213,c	;volatile
  2752                           
  2753                           ;Dima_March_2026_BT-V1.c: 285:     TMR0H = 0xF0;
  2754  0026D0  0EF0               	movlw	240
  2755  0026D2  6ED7               	movwf	215,c	;volatile
  2756                           
  2757                           ;Dima_March_2026_BT-V1.c: 286:     TMR0L = 0x60;
  2758  0026D4  0E60               	movlw	96
  2759  0026D6  6ED6               	movwf	214,c	;volatile
  2760  0026D8                     
  2761                           ;Dima_March_2026_BT-V1.c: 288:     INTCONbits.TMR0IF = 0;
  2762  0026D8  94F2               	bcf	242,2,c	;volatile
  2763  0026DA                     
  2764                           ;Dima_March_2026_BT-V1.c: 289:     INTCONbits.TMR0IE = 1;
  2765  0026DA  8AF2               	bsf	242,5,c	;volatile
  2766  0026DC                     
  2767                           ;Dima_March_2026_BT-V1.c: 290:     INTCONbits.GIE = 1;
  2768  0026DC  8EF2               	bsf	242,7,c	;volatile
  2769  0026DE                     
  2770                           ;Dima_March_2026_BT-V1.c: 292:     T0CONbits.TMR0ON = 1;
  2771  0026DE  8ED5               	bsf	213,7,c	;volatile
  2772  0026E0  0012               	return		;funcret
  2773  0026E2                     __end_of_timer0_init:
  2774                           	callstack 0
  2775                           
  2776 ;; *************** function _osc_init *****************
  2777 ;; Defined at:
  2778 ;;		line 252 in file "Dima_March_2026_BT-V1.c"
  2779 ;; Parameters:    Size  Location     Type
  2780 ;;		None
  2781 ;; Auto vars:     Size  Location     Type
  2782 ;;		None
  2783 ;; Return value:  Size  Location     Type
  2784 ;;                  1    wreg      void 
  2785 ;; Registers used:
  2786 ;;		wreg, status,2
  2787 ;; Tracked objects:
  2788 ;;		On entry : 0/0
  2789 ;;		On exit  : 0/0
  2790 ;;		Unchanged: 0/0
  2791 ;; Data sizes:     COMRAM   BANK0   BANK1   BANK2   BANK3   BANK4   BANK5
  2792 ;;      Params:         0       0       0       0       0       0       0
  2793 ;;      Locals:         0       0       0       0       0       0       0
  2794 ;;      Temps:          0       0       0       0       0       0       0
  2795 ;;      Totals:         0       0       0       0       0       0       0
  2796 ;;Total ram usage:        0 bytes
  2797 ;; Hardware stack levels used:    1
  2798 ;; Hardware stack levels required when called:    1
  2799 ;; This function calls:
  2800 ;;		Nothing
  2801 ;; This function is called by:
  2802 ;;		_system_init
  2803 ;; This function uses a non-reentrant model
  2804 ;;
  2805                           
  2806                           	psect	text13
  2807  002754                     __ptext13:
  2808                           	callstack 0
  2809  002754                     _osc_init:
  2810                           	callstack 28
  2811  002754                     
  2812                           ;Dima_March_2026_BT-V1.c: 254:     OSCCON = 0b01110010;
  2813  002754  0E72               	movlw	114
  2814  002756  6ED3               	movwf	211,c	;volatile
  2815  002758  0012               	return		;funcret
  2816  00275A                     __end_of_osc_init:
  2817                           	callstack 0
  2818                           
  2819 ;; *************** function _oled_init *****************
  2820 ;; Defined at:
  2821 ;;		line 730 in file "Dima_March_2026_BT-V1.c"
  2822 ;; Parameters:    Size  Location     Type
  2823 ;;		None
  2824 ;; Auto vars:     Size  Location     Type
  2825 ;;		None
  2826 ;; Return value:  Size  Location     Type
  2827 ;;                  1    wreg      void 
  2828 ;; Registers used:
  2829 ;;		wreg, status,2, status,0, cstack
  2830 ;; Tracked objects:
  2831 ;;		On entry : 0/0
  2832 ;;		On exit  : 0/0
  2833 ;;		Unchanged: 0/0
  2834 ;; Data sizes:     COMRAM   BANK0   BANK1   BANK2   BANK3   BANK4   BANK5
  2835 ;;      Params:         0       0       0       0       0       0       0
  2836 ;;      Locals:         0       0       0       0       0       0       0
  2837 ;;      Temps:          0       0       0       0       0       0       0
  2838 ;;      Totals:         0       0       0       0       0       0       0
  2839 ;;Total ram usage:        0 bytes
  2840 ;; Hardware stack levels used:    1
  2841 ;; Hardware stack levels required when called:    5
  2842 ;; This function calls:
  2843 ;;		_delay_ms_soft
  2844 ;;		_oled_send_command
  2845 ;; This function is called by:
  2846 ;;		_system_init
  2847 ;; This function uses a non-reentrant model
  2848 ;;
  2849                           
  2850                           	psect	text14
  2851  001BB8                     __ptext14:
  2852                           	callstack 0
  2853  001BB8                     _oled_init:
  2854                           	callstack 24
  2855  001BB8                     
  2856                           ;Dima_March_2026_BT-V1.c: 732:     delay_ms_soft(30);
  2857  001BB8  0E00               	movlw	0
  2858  001BBA  6E05               	movwf	(delay_ms_soft@ms+1)^0,c
  2859  001BBC  0E1E               	movlw	30
  2860  001BBE  6E04               	movwf	delay_ms_soft@ms^0,c
  2861  001BC0  EC0A  F013         	call	_delay_ms_soft	;wreg free
  2862                           
  2863                           ;Dima_March_2026_BT-V1.c: 734:     oled_send_command(0xAE);
  2864  001BC4  0EAE               	movlw	174
  2865  001BC6  EC31  F013         	call	_oled_send_command
  2866                           
  2867                           ;Dima_March_2026_BT-V1.c: 735:     oled_send_command(0x20);
  2868  001BCA  0E20               	movlw	32
  2869  001BCC  EC31  F013         	call	_oled_send_command
  2870                           
  2871                           ;Dima_March_2026_BT-V1.c: 736:     oled_send_command(0x00);
  2872  001BD0  0E00               	movlw	0
  2873  001BD2  EC31  F013         	call	_oled_send_command
  2874                           
  2875                           ;Dima_March_2026_BT-V1.c: 737:     oled_send_command(0xB0);
  2876  001BD6  0EB0               	movlw	176
  2877  001BD8  EC31  F013         	call	_oled_send_command
  2878                           
  2879                           ;Dima_March_2026_BT-V1.c: 739:     oled_send_command(0x20);
  2880  001BDC  0E20               	movlw	32
  2881  001BDE  EC31  F013         	call	_oled_send_command
  2882                           
  2883                           ;Dima_March_2026_BT-V1.c: 740:     oled_send_command(0x00);
  2884  001BE2  0E00               	movlw	0
  2885  001BE4  EC31  F013         	call	_oled_send_command
  2886                           
  2887                           ;Dima_March_2026_BT-V1.c: 741:     oled_send_command(0xB0);
  2888  001BE8  0EB0               	movlw	176
  2889  001BEA  EC31  F013         	call	_oled_send_command
  2890                           
  2891                           ;Dima_March_2026_BT-V1.c: 742:     oled_send_command(0xC8);
  2892  001BEE  0EC8               	movlw	200
  2893  001BF0  EC31  F013         	call	_oled_send_command
  2894                           
  2895                           ;Dima_March_2026_BT-V1.c: 743:     oled_send_command(0x00);
  2896  001BF4  0E00               	movlw	0
  2897  001BF6  EC31  F013         	call	_oled_send_command
  2898                           
  2899                           ;Dima_March_2026_BT-V1.c: 744:     oled_send_command(0x10);
  2900  001BFA  0E10               	movlw	16
  2901  001BFC  EC31  F013         	call	_oled_send_command
  2902                           
  2903                           ;Dima_March_2026_BT-V1.c: 745:     oled_send_command(0x40);
  2904  001C00  0E40               	movlw	64
  2905  001C02  EC31  F013         	call	_oled_send_command
  2906                           
  2907                           ;Dima_March_2026_BT-V1.c: 746:     oled_send_command(0x81);
  2908  001C06  0E81               	movlw	129
  2909  001C08  EC31  F013         	call	_oled_send_command
  2910                           
  2911                           ;Dima_March_2026_BT-V1.c: 747:     oled_send_command(0x7F);
  2912  001C0C  0E7F               	movlw	127
  2913  001C0E  EC31  F013         	call	_oled_send_command
  2914                           
  2915                           ;Dima_March_2026_BT-V1.c: 748:     oled_send_command(0xA1);
  2916  001C12  0EA1               	movlw	161
  2917  001C14  EC31  F013         	call	_oled_send_command
  2918                           
  2919                           ;Dima_March_2026_BT-V1.c: 749:     oled_send_command(0xA6);
  2920  001C18  0EA6               	movlw	166
  2921  001C1A  EC31  F013         	call	_oled_send_command
  2922                           
  2923                           ;Dima_March_2026_BT-V1.c: 750:     oled_send_command(0xA8);
  2924  001C1E  0EA8               	movlw	168
  2925  001C20  EC31  F013         	call	_oled_send_command
  2926                           
  2927                           ;Dima_March_2026_BT-V1.c: 751:     oled_send_command(0x3F);
  2928  001C24  0E3F               	movlw	63
  2929  001C26  EC31  F013         	call	_oled_send_command
  2930                           
  2931                           ;Dima_March_2026_BT-V1.c: 752:     oled_send_command(0xA4);
  2932  001C2A  0EA4               	movlw	164
  2933  001C2C  EC31  F013         	call	_oled_send_command
  2934                           
  2935                           ;Dima_March_2026_BT-V1.c: 753:     oled_send_command(0xD3);
  2936  001C30  0ED3               	movlw	211
  2937  001C32  EC31  F013         	call	_oled_send_command
  2938                           
  2939                           ;Dima_March_2026_BT-V1.c: 754:     oled_send_command(0x00);
  2940  001C36  0E00               	movlw	0
  2941  001C38  EC31  F013         	call	_oled_send_command
  2942                           
  2943                           ;Dima_March_2026_BT-V1.c: 755:     oled_send_command(0xD5);
  2944  001C3C  0ED5               	movlw	213
  2945  001C3E  EC31  F013         	call	_oled_send_command
  2946                           
  2947                           ;Dima_March_2026_BT-V1.c: 756:     oled_send_command(0x80);
  2948  001C42  0E80               	movlw	128
  2949  001C44  EC31  F013         	call	_oled_send_command
  2950                           
  2951                           ;Dima_March_2026_BT-V1.c: 757:     oled_send_command(0xD9);
  2952  001C48  0ED9               	movlw	217
  2953  001C4A  EC31  F013         	call	_oled_send_command
  2954                           
  2955                           ;Dima_March_2026_BT-V1.c: 758:     oled_send_command(0xF1);
  2956  001C4E  0EF1               	movlw	241
  2957  001C50  EC31  F013         	call	_oled_send_command
  2958                           
  2959                           ;Dima_March_2026_BT-V1.c: 759:     oled_send_command(0xDA);
  2960  001C54  0EDA               	movlw	218
  2961  001C56  EC31  F013         	call	_oled_send_command
  2962                           
  2963                           ;Dima_March_2026_BT-V1.c: 760:     oled_send_command(0x12);
  2964  001C5A  0E12               	movlw	18
  2965  001C5C  EC31  F013         	call	_oled_send_command
  2966                           
  2967                           ;Dima_March_2026_BT-V1.c: 761:     oled_send_command(0xDB);
  2968  001C60  0EDB               	movlw	219
  2969  001C62  EC31  F013         	call	_oled_send_command
  2970                           
  2971                           ;Dima_March_2026_BT-V1.c: 762:     oled_send_command(0x40);
  2972  001C66  0E40               	movlw	64
  2973  001C68  EC31  F013         	call	_oled_send_command
  2974                           
  2975                           ;Dima_March_2026_BT-V1.c: 763:     oled_send_command(0x8D);
  2976  001C6C  0E8D               	movlw	141
  2977  001C6E  EC31  F013         	call	_oled_send_command
  2978                           
  2979                           ;Dima_March_2026_BT-V1.c: 764:     oled_send_command(0x14);
  2980  001C72  0E14               	movlw	20
  2981  001C74  EC31  F013         	call	_oled_send_command
  2982  001C78  0012               	return		;funcret
  2983  001C7A                     __end_of_oled_init:
  2984                           	callstack 0
  2985                           
  2986 ;; *************** function _io_init *****************
  2987 ;; Defined at:
  2988 ;;		line 257 in file "Dima_March_2026_BT-V1.c"
  2989 ;; Parameters:    Size  Location     Type
  2990 ;;		None
  2991 ;; Auto vars:     Size  Location     Type
  2992 ;;		None
  2993 ;; Return value:  Size  Location     Type
  2994 ;;                  1    wreg      void 
  2995 ;; Registers used:
  2996 ;;		wreg, status,2
  2997 ;; Tracked objects:
  2998 ;;		On entry : 0/0
  2999 ;;		On exit  : 0/0
  3000 ;;		Unchanged: 0/0
  3001 ;; Data sizes:     COMRAM   BANK0   BANK1   BANK2   BANK3   BANK4   BANK5
  3002 ;;      Params:         0       0       0       0       0       0       0
  3003 ;;      Locals:         0       0       0       0       0       0       0
  3004 ;;      Temps:          0       0       0       0       0       0       0
  3005 ;;      Totals:         0       0       0       0       0       0       0
  3006 ;;Total ram usage:        0 bytes
  3007 ;; Hardware stack levels used:    1
  3008 ;; Hardware stack levels required when called:    1
  3009 ;; This function calls:
  3010 ;;		Nothing
  3011 ;; This function is called by:
  3012 ;;		_system_init
  3013 ;; This function uses a non-reentrant model
  3014 ;;
  3015                           
  3016                           	psect	text15
  3017  0025E8                     __ptext15:
  3018                           	callstack 0
  3019  0025E8                     _io_init:
  3020                           	callstack 28
  3021  0025E8                     
  3022                           ;Dima_March_2026_BT-V1.c: 259:     ANSELA = 0x00;
  3023  0025E8  0E00               	movlw	0
  3024  0025EA  010F               	movlb	15	; () banked
  3025  0025EC  6F38               	movwf	56,b	;volatile
  3026                           
  3027                           ;Dima_March_2026_BT-V1.c: 260:     ANSELB = 0x00;
  3028  0025EE  0E00               	movlw	0
  3029  0025F0  6F39               	movwf	57,b	;volatile
  3030                           
  3031                           ;Dima_March_2026_BT-V1.c: 261:     ANSELC = 0x00;
  3032  0025F2  0E00               	movlw	0
  3033  0025F4  6F3A               	movwf	58,b	;volatile
  3034  0025F6                     
  3035                           ; BSR set to: 15
  3036                           ;Dima_March_2026_BT-V1.c: 263:     TRISAbits.TRISA0 = 1;
  3037  0025F6  8092               	bsf	146,0,c	;volatile
  3038  0025F8                     
  3039                           ; BSR set to: 15
  3040                           ;Dima_March_2026_BT-V1.c: 264:     TRISAbits.TRISA1 = 1;
  3041  0025F8  8292               	bsf	146,1,c	;volatile
  3042  0025FA                     
  3043                           ; BSR set to: 15
  3044                           ;Dima_March_2026_BT-V1.c: 266:     TRISCbits.TRISC0 = 0;
  3045  0025FA  9094               	bcf	148,0,c	;volatile
  3046  0025FC                     
  3047                           ; BSR set to: 15
  3048                           ;Dima_March_2026_BT-V1.c: 267:     TRISCbits.TRISC1 = 0;
  3049  0025FC  9294               	bcf	148,1,c	;volatile
  3050  0025FE                     
  3051                           ; BSR set to: 15
  3052                           ;Dima_March_2026_BT-V1.c: 268:     TRISAbits.TRISA2 = 0;
  3053  0025FE  9492               	bcf	146,2,c	;volatile
  3054  002600                     
  3055                           ; BSR set to: 15
  3056                           ;Dima_March_2026_BT-V1.c: 269:     TRISBbits.TRISB0 = 0;
  3057  002600  9093               	bcf	147,0,c	;volatile
  3058  002602                     
  3059                           ; BSR set to: 15
  3060                           ;Dima_March_2026_BT-V1.c: 271:     LATCbits.LATC0 = 0;
  3061  002602  908B               	bcf	139,0,c	;volatile
  3062  002604                     
  3063                           ; BSR set to: 15
  3064                           ;Dima_March_2026_BT-V1.c: 272:     LATCbits.LATC1 = 0;
  3065  002604  928B               	bcf	139,1,c	;volatile
  3066  002606                     
  3067                           ; BSR set to: 15
  3068                           ;Dima_March_2026_BT-V1.c: 273:     LATAbits.LATA2 = 0;
  3069  002606  9489               	bcf	137,2,c	;volatile
  3070  002608                     
  3071                           ; BSR set to: 15
  3072                           ;Dima_March_2026_BT-V1.c: 274:     LATBbits.LATB0 = 0;
  3073  002608  908A               	bcf	138,0,c	;volatile
  3074  00260A                     
  3075                           ; BSR set to: 15
  3076                           ;Dima_March_2026_BT-V1.c: 276:     TRISCbits.TRISC3 = 1;
  3077  00260A  8694               	bsf	148,3,c	;volatile
  3078  00260C                     
  3079                           ; BSR set to: 15
  3080                           ;Dima_March_2026_BT-V1.c: 277:     TRISCbits.TRISC4 = 1;
  3081  00260C  8894               	bsf	148,4,c	;volatile
  3082  00260E                     
  3083                           ; BSR set to: 15
  3084                           ;Dima_March_2026_BT-V1.c: 278:     LATCbits.LATC3 = 0;
  3085  00260E  968B               	bcf	139,3,c	;volatile
  3086  002610                     
  3087                           ; BSR set to: 15
  3088                           ;Dima_March_2026_BT-V1.c: 279:     LATCbits.LATC4 = 0;
  3089  002610  988B               	bcf	139,4,c	;volatile
  3090  002612                     
  3091                           ; BSR set to: 15
  3092  002612  0012               	return		;funcret
  3093  002614                     __end_of_io_init:
  3094                           	callstack 0
  3095                           
  3096 ;; *************** function _i2c_init *****************
  3097 ;; Defined at:
  3098 ;;		line 641 in file "Dima_March_2026_BT-V1.c"
  3099 ;; Parameters:    Size  Location     Type
  3100 ;;		None
  3101 ;; Auto vars:     Size  Location     Type
  3102 ;;		None
  3103 ;; Return value:  Size  Location     Type
  3104 ;;                  1    wreg      void 
  3105 ;; Registers used:
  3106 ;;		None
  3107 ;; Tracked objects:
  3108 ;;		On entry : 0/0
  3109 ;;		On exit  : 0/0
  3110 ;;		Unchanged: 0/0
  3111 ;; Data sizes:     COMRAM   BANK0   BANK1   BANK2   BANK3   BANK4   BANK5
  3112 ;;      Params:         0       0       0       0       0       0       0
  3113 ;;      Locals:         0       0       0       0       0       0       0
  3114 ;;      Temps:          0       0       0       0       0       0       0
  3115 ;;      Totals:         0       0       0       0       0       0       0
  3116 ;;Total ram usage:        0 bytes
  3117 ;; Hardware stack levels used:    1
  3118 ;; Hardware stack levels required when called:    1
  3119 ;; This function calls:
  3120 ;;		Nothing
  3121 ;; This function is called by:
  3122 ;;		_system_init
  3123 ;; This function uses a non-reentrant model
  3124 ;;
  3125                           
  3126                           	psect	text16
  3127  002740                     __ptext16:
  3128                           	callstack 0
  3129  002740                     _i2c_init:
  3130                           	callstack 28
  3131  002740                     
  3132                           ;Dima_March_2026_BT-V1.c: 643:     TRISCbits.TRISC3 = 1;
  3133  002740  8694               	bsf	148,3,c	;volatile
  3134                           
  3135                           ;Dima_March_2026_BT-V1.c: 644:     TRISCbits.TRISC4 = 1;
  3136  002742  8894               	bsf	148,4,c	;volatile
  3137                           
  3138                           ;Dima_March_2026_BT-V1.c: 645:     LATCbits.LATC3 = 0;
  3139  002744  968B               	bcf	139,3,c	;volatile
  3140                           
  3141                           ;Dima_March_2026_BT-V1.c: 646:     LATCbits.LATC4 = 0;
  3142  002746  988B               	bcf	139,4,c	;volatile
  3143  002748  0012               	return		;funcret
  3144  00274A                     __end_of_i2c_init:
  3145                           	callstack 0
  3146                           
  3147 ;; *************** function _oled_update_screen *****************
  3148 ;; Defined at:
  3149 ;;		line 1299 in file "Dima_March_2026_BT-V1.c"
  3150 ;; Parameters:    Size  Location     Type
  3151 ;;		None
  3152 ;; Auto vars:     Size  Location     Type
  3153 ;;  graphic_mode    1   87[COMRAM] _Bool 
  3154 ;; Return value:  Size  Location     Type
  3155 ;;                  1    wreg      void 
  3156 ;; Registers used:
  3157 ;;		wreg, fsr0l, fsr0h, fsr1l, fsr1h, fsr2l, fsr2h, status,2, status,0, tblptrl, tblptrh, tblptru, prodl, prodh, cstack
  3158 ;; Tracked objects:
  3159 ;;		On entry : 0/0
  3160 ;;		On exit  : 0/0
  3161 ;;		Unchanged: 0/0
  3162 ;; Data sizes:     COMRAM   BANK0   BANK1   BANK2   BANK3   BANK4   BANK5
  3163 ;;      Params:         0       0       0       0       0       0       0
  3164 ;;      Locals:         1       0       0       0       0       0       0
  3165 ;;      Temps:          0       0       0       0       0       0       0
  3166 ;;      Totals:         1       0       0       0       0       0       0
  3167 ;;Total ram usage:        1 bytes
  3168 ;; Hardware stack levels used:    1
  3169 ;; Hardware stack levels required when called:    9
  3170 ;; This function calls:
  3171 ;;		_oled_clear
  3172 ;;		_oled_draw_graphic_base
  3173 ;;		_oled_draw_graphic_screen
  3174 ;;		_oled_draw_old_runtime_screen
  3175 ;; This function is called by:
  3176 ;;		_main
  3177 ;; This function uses a non-reentrant model
  3178 ;;
  3179                           
  3180                           	psect	text17
  3181  002414                     __ptext17:
  3182                           	callstack 0
  3183  002414                     _oled_update_screen:
  3184                           	callstack 21
  3185  002414                     
  3186                           ;Dima_March_2026_BT-V1.c: 1301:     static _Bool prev_graphic_mode = 0;;Dima_March_2026_
      +                          BT-V1.c: 1302:     _Bool graphic_mode = g_brush_release_on;
  3187  002414  C059  F058         	movff	_g_brush_release_on,oled_update_screen@graphic_mode	;volatile
  3188  002418                     
  3189                           ;Dima_March_2026_BT-V1.c: 1304:     if (graphic_mode)
  3190  002418  5058               	movf	oled_update_screen@graphic_mode^0,w,c
  3191  00241A  B4D8               	btfsc	status,2,c
  3192  00241C  EF12  F012         	goto	u2951
  3193  002420  EF14  F012         	goto	u2950
  3194  002424                     u2951:
  3195  002424  EF23  F012         	goto	l3472
  3196  002428                     u2950:
  3197  002428                     
  3198                           ;Dima_March_2026_BT-V1.c: 1305:     {;Dima_March_2026_BT-V1.c: 1306:         if (!prev_g
      +                          raphic_mode)
  3199  002428  0100               	movlb	0	; () banked
  3200  00242A  5176               	movf	oled_update_screen@prev_graphic_mode& (0+255),w,b
  3201  00242C  A4D8               	btfss	status,2,c
  3202  00242E  EF1B  F012         	goto	u2961
  3203  002432  EF1D  F012         	goto	u2960
  3204  002436                     u2961:
  3205  002436  EF1F  F012         	goto	l3470
  3206  00243A                     u2960:
  3207  00243A                     
  3208                           ; BSR set to: 0
  3209                           ;Dima_March_2026_BT-V1.c: 1307:         {;Dima_March_2026_BT-V1.c: 1308:             ole
      +                          d_draw_graphic_base();
  3210  00243A  ECDA  F012         	call	_oled_draw_graphic_base	;wreg free
  3211  00243E                     l3470:
  3212                           
  3213                           ;Dima_March_2026_BT-V1.c: 1311:         oled_draw_graphic_screen();
  3214  00243E  EC7B  F012         	call	_oled_draw_graphic_screen	;wreg free
  3215                           
  3216                           ;Dima_March_2026_BT-V1.c: 1312:     }
  3217  002442  EF30  F012         	goto	l3478
  3218  002446                     l3472:
  3219                           
  3220                           ;Dima_March_2026_BT-V1.c: 1314:     {;Dima_March_2026_BT-V1.c: 1315:         if (prev_gr
      +                          aphic_mode)
  3221  002446  0100               	movlb	0	; () banked
  3222  002448  5176               	movf	oled_update_screen@prev_graphic_mode& (0+255),w,b
  3223  00244A  B4D8               	btfsc	status,2,c
  3224  00244C  EF2A  F012         	goto	u2971
  3225  002450  EF2C  F012         	goto	u2970
  3226  002454                     u2971:
  3227  002454  EF2E  F012         	goto	l3476
  3228  002458                     u2970:
  3229  002458                     
  3230                           ; BSR set to: 0
  3231                           ;Dima_March_2026_BT-V1.c: 1316:         {;Dima_March_2026_BT-V1.c: 1317:             ole
      +                          d_clear();
  3232  002458  EC58  F012         	call	_oled_clear	;wreg free
  3233  00245C                     l3476:
  3234                           
  3235                           ;Dima_March_2026_BT-V1.c: 1320:         oled_draw_old_runtime_screen();
  3236  00245C  EC55  F003         	call	_oled_draw_old_runtime_screen	;wreg free
  3237  002460                     l3478:
  3238                           
  3239                           ;Dima_March_2026_BT-V1.c: 1323:     prev_graphic_mode = graphic_mode;
  3240  002460  C058  F076         	movff	oled_update_screen@graphic_mode,oled_update_screen@prev_graphic_mode
  3241  002464  0012               	return		;funcret
  3242  002466                     __end_of_oled_update_screen:
  3243                           	callstack 0
  3244                           
  3245 ;; *************** function _oled_draw_old_runtime_screen *****************
  3246 ;; Defined at:
  3247 ;;		line 1165 in file "Dima_March_2026_BT-V1.c"
  3248 ;; Parameters:    Size  Location     Type
  3249 ;;		None
  3250 ;; Auto vars:     Size  Location     Type
  3251 ;;  linebuf        24   53[COMRAM] unsigned char [24]
  3252 ;;  timebuf         9   44[COMRAM] unsigned char [9]
  3253 ;;  p               2   81[COMRAM] PTR const unsigned char 
  3254 ;;		 -> oled_draw_old_runtime_screen@linebuf(24), 
  3255 ;;  i               1   86[COMRAM] unsigned char 
  3256 ;;  len             1   85[COMRAM] unsigned char 
  3257 ;;  start_col       1   84[COMRAM] unsigned char 
  3258 ;;  icon_width      1   83[COMRAM] const unsigned char 
  3259 ;;  text_col        1   80[COMRAM] unsigned char 
  3260 ;;  icon_col        1   79[COMRAM] unsigned char 
  3261 ;;  total_width     1   78[COMRAM] unsigned char 
  3262 ;;  text_width      1   77[COMRAM] unsigned char 
  3263 ;; Return value:  Size  Location     Type
  3264 ;;                  1    wreg      void 
  3265 ;; Registers used:
  3266 ;;		wreg, fsr0l, fsr0h, fsr1l, fsr1h, fsr2l, fsr2h, status,2, status,0, tblptrl, tblptrh, tblptru, prodl, prodh, cstack
  3267 ;; Tracked objects:
  3268 ;;		On entry : 0/0
  3269 ;;		On exit  : 0/0
  3270 ;;		Unchanged: 0/0
  3271 ;; Data sizes:     COMRAM   BANK0   BANK1   BANK2   BANK3   BANK4   BANK5
  3272 ;;      Params:         0       0       0       0       0       0       0
  3273 ;;      Locals:        43       0       0       0       0       0       0
  3274 ;;      Temps:          4       0       0       0       0       0       0
  3275 ;;      Totals:        47       0       0       0       0       0       0
  3276 ;;Total ram usage:       47 bytes
  3277 ;; Hardware stack levels used:    1
  3278 ;; Hardware stack levels required when called:    8
  3279 ;; This function calls:
  3280 ;;		_format_hourmeter_string
  3281 ;;		_format_runtime_string
  3282 ;;		_oled_draw_text
  3283 ;;		_oled_draw_text_centered
  3284 ;;		_oled_send_data_byte
  3285 ;;		_oled_send_data_start
  3286 ;;		_oled_send_data_stop
  3287 ;;		_oled_set_cursor
  3288 ;; This function is called by:
  3289 ;;		_oled_update_screen
  3290 ;; This function uses a non-reentrant model
  3291 ;;
  3292                           
  3293                           	psect	text18
  3294  0006AA                     __ptext18:
  3295                           	callstack 0
  3296  0006AA                     _oled_draw_old_runtime_screen:
  3297                           	callstack 21
  3298  0006AA                     
  3299                           ;Dima_March_2026_BT-V1.c: 1167:     char timebuf[9];;Dima_March_2026_BT-V1.c: 1168:     
      +                          char linebuf[24];;Dima_March_2026_BT-V1.c: 1169:     uint8_t len;;Dima_March_2026_BT-V1.
      +                          c: 1170:     const char *p;;Dima_March_2026_BT-V1.c: 1171:     uint8_t text_width;;Dima_
      +                          March_2026_BT-V1.c: 1172:     const uint8_t icon_width = 10u;
  3300  0006AA  0E0A               	movlw	10
  3301  0006AC  6E54               	movwf	oled_draw_old_runtime_screen@icon_width^0,c
  3302  0006AE                     
  3303                           ;Dima_March_2026_BT-V1.c: 1173:     uint8_t total_width;;Dima_March_2026_BT-V1.c: 1174: 
      +                              uint8_t start_col;;Dima_March_2026_BT-V1.c: 1175:     uint8_t icon_col;;Dima_March_2
      +                          026_BT-V1.c: 1176:     uint8_t text_col;;Dima_March_2026_BT-V1.c: 1177:     uint8_t i;;D
      +                          ima_March_2026_BT-V1.c: 1179:     static const uint8_t icon_brush_on[8] = { 0x18,0x3C,0x
      +                          7E,0xFF,0x7E,0x24,0x66,0x42 };;Dima_March_2026_BT-V1.c: 1180:     static const uint8_t i
      +                          con_brush_off[8] = { 0x18,0x24,0x42,0x81,0x42,0x24,0x18,0x00 };;Dima_March_2026_BT-V1.c:
      +                           1181:     static const uint8_t icon_vac_on[8] = { 0x3C,0x42,0x81,0xA5,0x81,0x99,0x42,0x
      +                          3C };
  3304  0006AE  0EA3               	movlw	low STR_1
  3305  0006B0  6E11               	movwf	oled_draw_text_centered@text^0,c
  3306  0006B2  0E06               	movlw	high STR_1
  3307  0006B4  6E12               	movwf	(oled_draw_text_centered@text+1)^0,c
  3308  0006B6  0E00               	movlw	0
  3309  0006B8  ECDB  F00F         	call	_oled_draw_text_centered
  3310  0006BC                     
  3311                           ;Dima_March_2026_BT-V1.c: 1186:     format_hourmeter_string(timebuf, g_overall_seconds);
  3312  0006BC  0E2D               	movlw	low oled_draw_old_runtime_screen@timebuf
  3313  0006BE  6E17               	movwf	format_hourmeter_string@buf^0,c
  3314  0006C0  0E00               	movlw	high oled_draw_old_runtime_screen@timebuf
  3315  0006C2  6E18               	movwf	(format_hourmeter_string@buf+1)^0,c
  3316  0006C4  C068  F019         	movff	_g_overall_seconds,format_hourmeter_string@seconds	;volatile
  3317  0006C8  C069  F01A         	movff	_g_overall_seconds+1,format_hourmeter_string@seconds+1	;volatile
  3318  0006CC  C06A  F01B         	movff	_g_overall_seconds+2,format_hourmeter_string@seconds+2	;volatile
  3319  0006D0  C06B  F01C         	movff	_g_overall_seconds+3,format_hourmeter_string@seconds+3	;volatile
  3320  0006D4  EC34  F005         	call	_format_hourmeter_string	;wreg free
  3321  0006D8                     
  3322                           ;Dima_March_2026_BT-V1.c: 1187:     linebuf[0] = 'H';
  3323  0006D8  0E48               	movlw	72
  3324  0006DA  6E36               	movwf	oled_draw_old_runtime_screen@linebuf^0,c
  3325  0006DC                     
  3326                           ;Dima_March_2026_BT-V1.c: 1188:     linebuf[1] = 'O';
  3327  0006DC  0E4F               	movlw	79
  3328  0006DE  6E37               	movwf	(oled_draw_old_runtime_screen@linebuf+1)^0,c
  3329  0006E0                     
  3330                           ;Dima_March_2026_BT-V1.c: 1189:     linebuf[2] = 'U';
  3331  0006E0  0E55               	movlw	85
  3332  0006E2  6E38               	movwf	(oled_draw_old_runtime_screen@linebuf+2)^0,c
  3333  0006E4                     
  3334                           ;Dima_March_2026_BT-V1.c: 1190:     linebuf[3] = 'R';
  3335  0006E4  0E52               	movlw	82
  3336  0006E6  6E39               	movwf	(oled_draw_old_runtime_screen@linebuf+3)^0,c
  3337  0006E8                     
  3338                           ;Dima_March_2026_BT-V1.c: 1191:     linebuf[4] = ' ';
  3339  0006E8  0E20               	movlw	32
  3340  0006EA  6E3A               	movwf	(oled_draw_old_runtime_screen@linebuf+4)^0,c
  3341  0006EC                     
  3342                           ;Dima_March_2026_BT-V1.c: 1192:     linebuf[5] = 'M';
  3343  0006EC  0E4D               	movlw	77
  3344  0006EE  6E3B               	movwf	(oled_draw_old_runtime_screen@linebuf+5)^0,c
  3345  0006F0                     
  3346                           ;Dima_March_2026_BT-V1.c: 1193:     linebuf[6] = 'E';
  3347  0006F0  0E45               	movlw	69
  3348  0006F2  6E3C               	movwf	(oled_draw_old_runtime_screen@linebuf+6)^0,c
  3349  0006F4                     
  3350                           ;Dima_March_2026_BT-V1.c: 1194:     linebuf[7] = 'T';
  3351  0006F4  0E54               	movlw	84
  3352  0006F6  6E3D               	movwf	(oled_draw_old_runtime_screen@linebuf+7)^0,c
  3353  0006F8                     
  3354                           ;Dima_March_2026_BT-V1.c: 1195:     linebuf[8] = 'E';
  3355  0006F8  0E45               	movlw	69
  3356  0006FA  6E3E               	movwf	(oled_draw_old_runtime_screen@linebuf+8)^0,c
  3357  0006FC                     
  3358                           ;Dima_March_2026_BT-V1.c: 1196:     linebuf[9] = 'R';
  3359  0006FC  0E52               	movlw	82
  3360  0006FE  6E3F               	movwf	(oled_draw_old_runtime_screen@linebuf+9)^0,c
  3361  000700                     
  3362                           ;Dima_March_2026_BT-V1.c: 1197:     linebuf[10] = ' ';
  3363  000700  0E20               	movlw	32
  3364  000702  6E40               	movwf	(oled_draw_old_runtime_screen@linebuf+10)^0,c
  3365  000704                     
  3366                           ;Dima_March_2026_BT-V1.c: 1198:     linebuf[11] = ' ';
  3367  000704  0E20               	movlw	32
  3368  000706  6E41               	movwf	(oled_draw_old_runtime_screen@linebuf+11)^0,c
  3369  000708                     
  3370                           ;Dima_March_2026_BT-V1.c: 1199:     for (i = 0; i < 9u; i++) linebuf[12u + i] = timebuf[
      +                          i];
  3371  000708  0E00               	movlw	0
  3372  00070A  6E57               	movwf	oled_draw_old_runtime_screen@i^0,c
  3373  00070C                     l3178:
  3374  00070C  0E2D               	movlw	low oled_draw_old_runtime_screen@timebuf
  3375  00070E  2457               	addwf	oled_draw_old_runtime_screen@i^0,w,c
  3376  000710  6ED9               	movwf	fsr2l,c
  3377  000712  6ADA               	clrf	fsr2h,c
  3378  000714  0E00               	movlw	high oled_draw_old_runtime_screen@timebuf
  3379  000716  22DA               	addwfc	fsr2h,f,c
  3380  000718  5057               	movf	oled_draw_old_runtime_screen@i^0,w,c
  3381  00071A  6E29               	movwf	??_oled_draw_old_runtime_screen^0,c
  3382  00071C  6A2A               	clrf	(??_oled_draw_old_runtime_screen+1)^0,c
  3383  00071E  0E0C               	movlw	12
  3384  000720  2629               	addwf	??_oled_draw_old_runtime_screen^0,f,c
  3385  000722  0E00               	movlw	0
  3386  000724  222A               	addwfc	(??_oled_draw_old_runtime_screen+1)^0,f,c
  3387  000726  0E36               	movlw	low oled_draw_old_runtime_screen@linebuf
  3388  000728  2429               	addwf	??_oled_draw_old_runtime_screen^0,w,c
  3389  00072A  6EE1               	movwf	fsr1l,c
  3390  00072C  0E00               	movlw	high oled_draw_old_runtime_screen@linebuf
  3391  00072E  202A               	addwfc	(??_oled_draw_old_runtime_screen+1)^0,w,c
  3392  000730  6EE2               	movwf	fsr1h,c
  3393  000732  CFDF FFE7          	movff	indf2,indf1
  3394  000736  2A57               	incf	oled_draw_old_runtime_screen@i^0,f,c
  3395  000738  0E08               	movlw	8
  3396  00073A  6457               	cpfsgt	oled_draw_old_runtime_screen@i^0,c
  3397  00073C  EFA2  F003         	goto	u2591
  3398  000740  EFA4  F003         	goto	u2590
  3399  000744                     u2591:
  3400  000744  EF86  F003         	goto	l3178
  3401  000748                     u2590:
  3402  000748                     
  3403                           ;Dima_March_2026_BT-V1.c: 1200:     linebuf[21] = '\0';
  3404  000748  0E00               	movlw	0
  3405  00074A  6E4B               	movwf	(oled_draw_old_runtime_screen@linebuf+21)^0,c
  3406  00074C                     
  3407                           ;Dima_March_2026_BT-V1.c: 1201:     oled_draw_text_centered(2, linebuf);
  3408  00074C  0E36               	movlw	low oled_draw_old_runtime_screen@linebuf
  3409  00074E  6E11               	movwf	oled_draw_text_centered@text^0,c
  3410  000750  0E00               	movlw	high oled_draw_old_runtime_screen@linebuf
  3411  000752  6E12               	movwf	(oled_draw_text_centered@text+1)^0,c
  3412  000754  0E02               	movlw	2
  3413  000756  ECDB  F00F         	call	_oled_draw_text_centered
  3414  00075A                     
  3415                           ;Dima_March_2026_BT-V1.c: 1203:     format_runtime_string(timebuf, g_brush_seconds);
  3416  00075A  0E2D               	movlw	low oled_draw_old_runtime_screen@timebuf
  3417  00075C  6E17               	movwf	format_runtime_string@buf^0,c
  3418  00075E  0E00               	movlw	high oled_draw_old_runtime_screen@timebuf
  3419  000760  6E18               	movwf	(format_runtime_string@buf+1)^0,c
  3420  000762  C064  F019         	movff	_g_brush_seconds,format_runtime_string@seconds	;volatile
  3421  000766  C065  F01A         	movff	_g_brush_seconds+1,format_runtime_string@seconds+1	;volatile
  3422  00076A  C066  F01B         	movff	_g_brush_seconds+2,format_runtime_string@seconds+2	;volatile
  3423  00076E  C067  F01C         	movff	_g_brush_seconds+3,format_runtime_string@seconds+3	;volatile
  3424  000772  ECB7  F006         	call	_format_runtime_string	;wreg free
  3425  000776                     
  3426                           ;Dima_March_2026_BT-V1.c: 1204:     linebuf[0] = 'B';
  3427  000776  0E42               	movlw	66
  3428  000778  6E36               	movwf	oled_draw_old_runtime_screen@linebuf^0,c
  3429  00077A                     
  3430                           ;Dima_March_2026_BT-V1.c: 1205:     linebuf[1] = 'R';
  3431  00077A  0E52               	movlw	82
  3432  00077C  6E37               	movwf	(oled_draw_old_runtime_screen@linebuf+1)^0,c
  3433  00077E                     
  3434                           ;Dima_March_2026_BT-V1.c: 1206:     linebuf[2] = 'U';
  3435  00077E  0E55               	movlw	85
  3436  000780  6E38               	movwf	(oled_draw_old_runtime_screen@linebuf+2)^0,c
  3437  000782                     
  3438                           ;Dima_March_2026_BT-V1.c: 1207:     linebuf[3] = ' ';
  3439  000782  0E20               	movlw	32
  3440  000784  6E39               	movwf	(oled_draw_old_runtime_screen@linebuf+3)^0,c
  3441  000786                     
  3442                           ;Dima_March_2026_BT-V1.c: 1208:     linebuf[4] = ' ';
  3443  000786  0E20               	movlw	32
  3444  000788  6E3A               	movwf	(oled_draw_old_runtime_screen@linebuf+4)^0,c
  3445  00078A                     
  3446                           ;Dima_March_2026_BT-V1.c: 1209:     for (i = 0; i < 9u; i++) linebuf[5u + i] = timebuf[i
      +                          ];
  3447  00078A  0E00               	movlw	0
  3448  00078C  6E57               	movwf	oled_draw_old_runtime_screen@i^0,c
  3449  00078E                     l3206:
  3450  00078E  0E2D               	movlw	low oled_draw_old_runtime_screen@timebuf
  3451  000790  2457               	addwf	oled_draw_old_runtime_screen@i^0,w,c
  3452  000792  6ED9               	movwf	fsr2l,c
  3453  000794  6ADA               	clrf	fsr2h,c
  3454  000796  0E00               	movlw	high oled_draw_old_runtime_screen@timebuf
  3455  000798  22DA               	addwfc	fsr2h,f,c
  3456  00079A  5057               	movf	oled_draw_old_runtime_screen@i^0,w,c
  3457  00079C  6E29               	movwf	??_oled_draw_old_runtime_screen^0,c
  3458  00079E  6A2A               	clrf	(??_oled_draw_old_runtime_screen+1)^0,c
  3459  0007A0  0E05               	movlw	5
  3460  0007A2  2629               	addwf	??_oled_draw_old_runtime_screen^0,f,c
  3461  0007A4  0E00               	movlw	0
  3462  0007A6  222A               	addwfc	(??_oled_draw_old_runtime_screen+1)^0,f,c
  3463  0007A8  0E36               	movlw	low oled_draw_old_runtime_screen@linebuf
  3464  0007AA  2429               	addwf	??_oled_draw_old_runtime_screen^0,w,c
  3465  0007AC  6EE1               	movwf	fsr1l,c
  3466  0007AE  0E00               	movlw	high oled_draw_old_runtime_screen@linebuf
  3467  0007B0  202A               	addwfc	(??_oled_draw_old_runtime_screen+1)^0,w,c
  3468  0007B2  6EE2               	movwf	fsr1h,c
  3469  0007B4  CFDF FFE7          	movff	indf2,indf1
  3470  0007B8  2A57               	incf	oled_draw_old_runtime_screen@i^0,f,c
  3471  0007BA  0E08               	movlw	8
  3472  0007BC  6457               	cpfsgt	oled_draw_old_runtime_screen@i^0,c
  3473  0007BE  EFE3  F003         	goto	u2601
  3474  0007C2  EFE5  F003         	goto	u2600
  3475  0007C6                     u2601:
  3476  0007C6  EFC7  F003         	goto	l3206
  3477  0007CA                     u2600:
  3478  0007CA                     
  3479                           ;Dima_March_2026_BT-V1.c: 1210:     linebuf[14] = '\0';
  3480  0007CA  0E00               	movlw	0
  3481  0007CC  6E44               	movwf	(oled_draw_old_runtime_screen@linebuf+14)^0,c
  3482                           
  3483                           ;Dima_March_2026_BT-V1.c: 1212:     len = 0u;
  3484  0007CE  0E00               	movlw	0
  3485  0007D0  6E56               	movwf	oled_draw_old_runtime_screen@len^0,c
  3486  0007D2                     
  3487                           ;Dima_March_2026_BT-V1.c: 1213:     p = linebuf;
  3488  0007D2  0E36               	movlw	low oled_draw_old_runtime_screen@linebuf
  3489  0007D4  6E52               	movwf	oled_draw_old_runtime_screen@p^0,c
  3490  0007D6  0E00               	movlw	high oled_draw_old_runtime_screen@linebuf
  3491  0007D8  6E53               	movwf	(oled_draw_old_runtime_screen@p+1)^0,c
  3492                           
  3493                           ;Dima_March_2026_BT-V1.c: 1214:     while (*p && len < 23u) { len++; p++; }
  3494  0007DA  EFF2  F003         	goto	l3218
  3495  0007DE                     l3216:
  3496  0007DE  2A56               	incf	oled_draw_old_runtime_screen@len^0,f,c
  3497  0007E0  4A52               	infsnz	oled_draw_old_runtime_screen@p^0,f,c
  3498  0007E2  2A53               	incf	(oled_draw_old_runtime_screen@p+1)^0,f,c
  3499  0007E4                     l3218:
  3500  0007E4  C052  FFD9         	movff	oled_draw_old_runtime_screen@p,fsr2l
  3501  0007E8  C053  FFDA         	movff	oled_draw_old_runtime_screen@p+1,fsr2h
  3502  0007EC  50DF               	movf	indf2,w,c
  3503  0007EE  B4D8               	btfsc	status,2,c
  3504  0007F0  EFFC  F003         	goto	u2611
  3505  0007F4  EFFE  F003         	goto	u2610
  3506  0007F8                     u2611:
  3507  0007F8  EF06  F004         	goto	l3222
  3508  0007FC                     u2610:
  3509  0007FC  0E16               	movlw	22
  3510  0007FE  6456               	cpfsgt	oled_draw_old_runtime_screen@len^0,c
  3511  000800  EF04  F004         	goto	u2621
  3512  000804  EF06  F004         	goto	u2620
  3513  000808                     u2621:
  3514  000808  EFEF  F003         	goto	l3216
  3515  00080C                     u2620:
  3516  00080C                     l3222:
  3517                           
  3518                           ;Dima_March_2026_BT-V1.c: 1215:     text_width = (uint8_t)(len * 6u);
  3519  00080C  5056               	movf	oled_draw_old_runtime_screen@len^0,w,c
  3520  00080E  0D06               	mullw	6
  3521  000810  CFF3 F04E          	movff	prodl,oled_draw_old_runtime_screen@text_width
  3522  000814                     
  3523                           ;Dima_March_2026_BT-V1.c: 1216:     total_width = (uint8_t)(icon_width + text_width);
  3524  000814  5054               	movf	oled_draw_old_runtime_screen@icon_width^0,w,c
  3525  000816  244E               	addwf	oled_draw_old_runtime_screen@text_width^0,w,c
  3526  000818  6E4F               	movwf	oled_draw_old_runtime_screen@total_width^0,c
  3527  00081A                     
  3528                           ;Dima_March_2026_BT-V1.c: 1217:     start_col = (uint8_t)((128u - total_width) / 2u);
  3529  00081A  0E80               	movlw	128
  3530  00081C  6E29               	movwf	??_oled_draw_old_runtime_screen^0,c
  3531  00081E  0E00               	movlw	0
  3532  000820  6E2A               	movwf	(??_oled_draw_old_runtime_screen+1)^0,c
  3533  000822  504F               	movf	oled_draw_old_runtime_screen@total_width^0,w,c
  3534  000824  5E29               	subwf	??_oled_draw_old_runtime_screen^0,f,c
  3535  000826  0E00               	movlw	0
  3536  000828  5A2A               	subwfb	(??_oled_draw_old_runtime_screen+1)^0,f,c
  3537  00082A  90D8               	bcf	status,0,c
  3538  00082C  302A               	rrcf	(??_oled_draw_old_runtime_screen+1)^0,w,c
  3539  00082E  6E2C               	movwf	(??_oled_draw_old_runtime_screen+3)^0,c
  3540  000830  3029               	rrcf	??_oled_draw_old_runtime_screen^0,w,c
  3541  000832  6E2B               	movwf	(??_oled_draw_old_runtime_screen+2)^0,c
  3542  000834  502B               	movf	(??_oled_draw_old_runtime_screen+2)^0,w,c
  3543  000836  6E55               	movwf	oled_draw_old_runtime_screen@start_col^0,c
  3544  000838                     
  3545                           ;Dima_March_2026_BT-V1.c: 1218:     icon_col = start_col;
  3546  000838  C055  F050         	movff	oled_draw_old_runtime_screen@start_col,oled_draw_old_runtime_screen@icon_col
  3547  00083C                     
  3548                           ;Dima_March_2026_BT-V1.c: 1219:     text_col = (uint8_t)(start_col + icon_width);
  3549  00083C  5055               	movf	oled_draw_old_runtime_screen@start_col^0,w,c
  3550  00083E  2454               	addwf	oled_draw_old_runtime_screen@icon_width^0,w,c
  3551  000840  6E51               	movwf	oled_draw_old_runtime_screen@text_col^0,c
  3552  000842                     
  3553                           ;Dima_March_2026_BT-V1.c: 1221:     oled_set_cursor(icon_col, 4);
  3554  000842  0E04               	movlw	4
  3555  000844  6E07               	movwf	oled_set_cursor@page^0,c
  3556  000846  5050               	movf	oled_draw_old_runtime_screen@icon_col^0,w,c
  3557  000848  EC20  F013         	call	_oled_set_cursor
  3558  00084C                     
  3559                           ;Dima_March_2026_BT-V1.c: 1222:     oled_send_data_start();
  3560  00084C  EC90  F013         	call	_oled_send_data_start	;wreg free
  3561  000850                     
  3562                           ;Dima_March_2026_BT-V1.c: 1223:     if (g_brush_on && g_logo_blink_state)
  3563  000850  505C               	movf	_g_brush_on^0,w,c	;volatile
  3564  000852  B4D8               	btfsc	status,2,c
  3565  000854  EF2E  F004         	goto	u2631
  3566  000858  EF30  F004         	goto	u2630
  3567  00085C                     u2631:
  3568  00085C  EF50  F004         	goto	l3252
  3569  000860                     u2630:
  3570  000860  0100               	movlb	0	; () banked
  3571  000862  517D               	movf	_g_logo_blink_state& (0+255),w,b	;volatile
  3572  000864  B4D8               	btfsc	status,2,c
  3573  000866  EF37  F004         	goto	u2641
  3574  00086A  EF39  F004         	goto	u2640
  3575  00086E                     u2641:
  3576  00086E  EF50  F004         	goto	l3252
  3577  000872                     u2640:
  3578  000872                     
  3579                           ; BSR set to: 0
  3580                           ;Dima_March_2026_BT-V1.c: 1224:     {;Dima_March_2026_BT-V1.c: 1225:         for (i = 0;
      +                           i < 8u; i++) oled_send_data_byte(icon_brush_on[i]);
  3581  000872  0E00               	movlw	0
  3582  000874  6E57               	movwf	oled_draw_old_runtime_screen@i^0,c
  3583  000876                     l3246:
  3584  000876  0E19               	movlw	low oled_draw_old_runtime_screen@icon_brush_on
  3585  000878  2457               	addwf	oled_draw_old_runtime_screen@i^0,w,c
  3586  00087A  6EF6               	movwf	tblptrl,c
  3587  00087C  6AF7               	clrf	tblptrh,c
  3588  00087E  0E06               	movlw	high oled_draw_old_runtime_screen@icon_brush_on
  3589  000880  22F7               	addwfc	tblptrh,f,c
  3590  000882                     	if	0	;There are less than 3 active tblptr bytes
  3591  000882                     	endif
  3592  000882  0008               	tblrd		*
  3593  000884  50F5               	movf	tablat,w,c
  3594  000886  ECA5  F013         	call	_oled_send_data_byte
  3595  00088A  2A57               	incf	oled_draw_old_runtime_screen@i^0,f,c
  3596  00088C  0E07               	movlw	7
  3597  00088E  6457               	cpfsgt	oled_draw_old_runtime_screen@i^0,c
  3598  000890  EF4C  F004         	goto	u2651
  3599  000894  EF4E  F004         	goto	u2650
  3600  000898                     u2651:
  3601  000898  EF3B  F004         	goto	l3246
  3602  00089C                     u2650:
  3603  00089C  EF65  F004         	goto	l3264
  3604  0008A0                     l3252:
  3605                           
  3606                           ;Dima_March_2026_BT-V1.c: 1228:     {;Dima_March_2026_BT-V1.c: 1229:         for (i = 0;
      +                           i < 8u; i++) oled_send_data_byte(icon_brush_off[i]);
  3607  0008A0  0E00               	movlw	0
  3608  0008A2  6E57               	movwf	oled_draw_old_runtime_screen@i^0,c
  3609  0008A4                     l3258:
  3610  0008A4  0E11               	movlw	low oled_draw_old_runtime_screen@icon_brush_off
  3611  0008A6  2457               	addwf	oled_draw_old_runtime_screen@i^0,w,c
  3612  0008A8  6EF6               	movwf	tblptrl,c
  3613  0008AA  6AF7               	clrf	tblptrh,c
  3614  0008AC  0E06               	movlw	high oled_draw_old_runtime_screen@icon_brush_off
  3615  0008AE  22F7               	addwfc	tblptrh,f,c
  3616  0008B0                     	if	0	;There are less than 3 active tblptr bytes
  3617  0008B0                     	endif
  3618  0008B0  0008               	tblrd		*
  3619  0008B2  50F5               	movf	tablat,w,c
  3620  0008B4  ECA5  F013         	call	_oled_send_data_byte
  3621  0008B8  2A57               	incf	oled_draw_old_runtime_screen@i^0,f,c
  3622  0008BA  0E07               	movlw	7
  3623  0008BC  6457               	cpfsgt	oled_draw_old_runtime_screen@i^0,c
  3624  0008BE  EF63  F004         	goto	u2661
  3625  0008C2  EF65  F004         	goto	u2660
  3626  0008C6                     u2661:
  3627  0008C6  EF52  F004         	goto	l3258
  3628  0008CA                     u2660:
  3629  0008CA                     l3264:
  3630                           
  3631                           ;Dima_March_2026_BT-V1.c: 1231:     oled_send_data_stop();
  3632  0008CA  ECAD  F013         	call	_oled_send_data_stop	;wreg free
  3633  0008CE                     
  3634                           ;Dima_March_2026_BT-V1.c: 1232:     oled_draw_text(text_col, 4, linebuf);
  3635  0008CE  0E04               	movlw	4
  3636  0008D0  6E0D               	movwf	oled_draw_text@page^0,c
  3637  0008D2  0E36               	movlw	low oled_draw_old_runtime_screen@linebuf
  3638  0008D4  6E0E               	movwf	oled_draw_text@text^0,c
  3639  0008D6  0E00               	movlw	high oled_draw_old_runtime_screen@linebuf
  3640  0008D8  6E0F               	movwf	(oled_draw_text@text+1)^0,c
  3641  0008DA  5051               	movf	oled_draw_old_runtime_screen@text_col^0,w,c
  3642  0008DC  ECA9  F010         	call	_oled_draw_text
  3643  0008E0                     
  3644                           ;Dima_March_2026_BT-V1.c: 1234:     format_runtime_string(timebuf, g_vacuum_seconds);
  3645  0008E0  0E2D               	movlw	low oled_draw_old_runtime_screen@timebuf
  3646  0008E2  6E17               	movwf	format_runtime_string@buf^0,c
  3647  0008E4  0E00               	movlw	high oled_draw_old_runtime_screen@timebuf
  3648  0008E6  6E18               	movwf	(format_runtime_string@buf+1)^0,c
  3649  0008E8  C060  F019         	movff	_g_vacuum_seconds,format_runtime_string@seconds	;volatile
  3650  0008EC  C061  F01A         	movff	_g_vacuum_seconds+1,format_runtime_string@seconds+1	;volatile
  3651  0008F0  C062  F01B         	movff	_g_vacuum_seconds+2,format_runtime_string@seconds+2	;volatile
  3652  0008F4  C063  F01C         	movff	_g_vacuum_seconds+3,format_runtime_string@seconds+3	;volatile
  3653  0008F8  ECB7  F006         	call	_format_runtime_string	;wreg free
  3654  0008FC                     
  3655                           ;Dima_March_2026_BT-V1.c: 1235:     linebuf[0] = 'V';
  3656  0008FC  0E56               	movlw	86
  3657  0008FE  6E36               	movwf	oled_draw_old_runtime_screen@linebuf^0,c
  3658  000900                     
  3659                           ;Dima_March_2026_BT-V1.c: 1236:     linebuf[1] = 'A';
  3660  000900  0E41               	movlw	65
  3661  000902  6E37               	movwf	(oled_draw_old_runtime_screen@linebuf+1)^0,c
  3662  000904                     
  3663                           ;Dima_March_2026_BT-V1.c: 1237:     linebuf[2] = 'C';
  3664  000904  0E43               	movlw	67
  3665  000906  6E38               	movwf	(oled_draw_old_runtime_screen@linebuf+2)^0,c
  3666  000908                     
  3667                           ;Dima_March_2026_BT-V1.c: 1238:     linebuf[3] = ' ';
  3668  000908  0E20               	movlw	32
  3669  00090A  6E39               	movwf	(oled_draw_old_runtime_screen@linebuf+3)^0,c
  3670  00090C                     
  3671                           ;Dima_March_2026_BT-V1.c: 1239:     linebuf[4] = ' ';
  3672  00090C  0E20               	movlw	32
  3673  00090E  6E3A               	movwf	(oled_draw_old_runtime_screen@linebuf+4)^0,c
  3674  000910                     
  3675                           ;Dima_March_2026_BT-V1.c: 1240:     for (i = 0; i < 9u; i++) linebuf[5u + i] = timebuf[i
      +                          ];
  3676  000910  0E00               	movlw	0
  3677  000912  6E57               	movwf	oled_draw_old_runtime_screen@i^0,c
  3678  000914                     l3286:
  3679  000914  0E2D               	movlw	low oled_draw_old_runtime_screen@timebuf
  3680  000916  2457               	addwf	oled_draw_old_runtime_screen@i^0,w,c
  3681  000918  6ED9               	movwf	fsr2l,c
  3682  00091A  6ADA               	clrf	fsr2h,c
  3683  00091C  0E00               	movlw	high oled_draw_old_runtime_screen@timebuf
  3684  00091E  22DA               	addwfc	fsr2h,f,c
  3685  000920  5057               	movf	oled_draw_old_runtime_screen@i^0,w,c
  3686  000922  6E29               	movwf	??_oled_draw_old_runtime_screen^0,c
  3687  000924  6A2A               	clrf	(??_oled_draw_old_runtime_screen+1)^0,c
  3688  000926  0E05               	movlw	5
  3689  000928  2629               	addwf	??_oled_draw_old_runtime_screen^0,f,c
  3690  00092A  0E00               	movlw	0
  3691  00092C  222A               	addwfc	(??_oled_draw_old_runtime_screen+1)^0,f,c
  3692  00092E  0E36               	movlw	low oled_draw_old_runtime_screen@linebuf
  3693  000930  2429               	addwf	??_oled_draw_old_runtime_screen^0,w,c
  3694  000932  6EE1               	movwf	fsr1l,c
  3695  000934  0E00               	movlw	high oled_draw_old_runtime_screen@linebuf
  3696  000936  202A               	addwfc	(??_oled_draw_old_runtime_screen+1)^0,w,c
  3697  000938  6EE2               	movwf	fsr1h,c
  3698  00093A  CFDF FFE7          	movff	indf2,indf1
  3699  00093E  2A57               	incf	oled_draw_old_runtime_screen@i^0,f,c
  3700  000940  0E08               	movlw	8
  3701  000942  6457               	cpfsgt	oled_draw_old_runtime_screen@i^0,c
  3702  000944  EFA6  F004         	goto	u2671
  3703  000948  EFA8  F004         	goto	u2670
  3704  00094C                     u2671:
  3705  00094C  EF8A  F004         	goto	l3286
  3706  000950                     u2670:
  3707  000950                     
  3708                           ;Dima_March_2026_BT-V1.c: 1241:     linebuf[14] = '\0';
  3709  000950  0E00               	movlw	0
  3710  000952  6E44               	movwf	(oled_draw_old_runtime_screen@linebuf+14)^0,c
  3711                           
  3712                           ;Dima_March_2026_BT-V1.c: 1243:     len = 0u;
  3713  000954  0E00               	movlw	0
  3714  000956  6E56               	movwf	oled_draw_old_runtime_screen@len^0,c
  3715  000958                     
  3716                           ;Dima_March_2026_BT-V1.c: 1244:     p = linebuf;
  3717  000958  0E36               	movlw	low oled_draw_old_runtime_screen@linebuf
  3718  00095A  6E52               	movwf	oled_draw_old_runtime_screen@p^0,c
  3719  00095C  0E00               	movlw	high oled_draw_old_runtime_screen@linebuf
  3720  00095E  6E53               	movwf	(oled_draw_old_runtime_screen@p+1)^0,c
  3721                           
  3722                           ;Dima_March_2026_BT-V1.c: 1245:     while (*p && len < 23u) { len++; p++; }
  3723  000960  EFB5  F004         	goto	l3298
  3724  000964                     l3296:
  3725  000964  2A56               	incf	oled_draw_old_runtime_screen@len^0,f,c
  3726  000966  4A52               	infsnz	oled_draw_old_runtime_screen@p^0,f,c
  3727  000968  2A53               	incf	(oled_draw_old_runtime_screen@p+1)^0,f,c
  3728  00096A                     l3298:
  3729  00096A  C052  FFD9         	movff	oled_draw_old_runtime_screen@p,fsr2l
  3730  00096E  C053  FFDA         	movff	oled_draw_old_runtime_screen@p+1,fsr2h
  3731  000972  50DF               	movf	indf2,w,c
  3732  000974  B4D8               	btfsc	status,2,c
  3733  000976  EFBF  F004         	goto	u2681
  3734  00097A  EFC1  F004         	goto	u2680
  3735  00097E                     u2681:
  3736  00097E  EFC9  F004         	goto	l3302
  3737  000982                     u2680:
  3738  000982  0E16               	movlw	22
  3739  000984  6456               	cpfsgt	oled_draw_old_runtime_screen@len^0,c
  3740  000986  EFC7  F004         	goto	u2691
  3741  00098A  EFC9  F004         	goto	u2690
  3742  00098E                     u2691:
  3743  00098E  EFB2  F004         	goto	l3296
  3744  000992                     u2690:
  3745  000992                     l3302:
  3746                           
  3747                           ;Dima_March_2026_BT-V1.c: 1246:     text_width = (uint8_t)(len * 6u);
  3748  000992  5056               	movf	oled_draw_old_runtime_screen@len^0,w,c
  3749  000994  0D06               	mullw	6
  3750  000996  CFF3 F04E          	movff	prodl,oled_draw_old_runtime_screen@text_width
  3751  00099A                     
  3752                           ;Dima_March_2026_BT-V1.c: 1247:     total_width = (uint8_t)(icon_width + text_width);
  3753  00099A  5054               	movf	oled_draw_old_runtime_screen@icon_width^0,w,c
  3754  00099C  244E               	addwf	oled_draw_old_runtime_screen@text_width^0,w,c
  3755  00099E  6E4F               	movwf	oled_draw_old_runtime_screen@total_width^0,c
  3756  0009A0                     
  3757                           ;Dima_March_2026_BT-V1.c: 1248:     start_col = (uint8_t)((128u - total_width) / 2u);
  3758  0009A0  0E80               	movlw	128
  3759  0009A2  6E29               	movwf	??_oled_draw_old_runtime_screen^0,c
  3760  0009A4  0E00               	movlw	0
  3761  0009A6  6E2A               	movwf	(??_oled_draw_old_runtime_screen+1)^0,c
  3762  0009A8  504F               	movf	oled_draw_old_runtime_screen@total_width^0,w,c
  3763  0009AA  5E29               	subwf	??_oled_draw_old_runtime_screen^0,f,c
  3764  0009AC  0E00               	movlw	0
  3765  0009AE  5A2A               	subwfb	(??_oled_draw_old_runtime_screen+1)^0,f,c
  3766  0009B0  90D8               	bcf	status,0,c
  3767  0009B2  302A               	rrcf	(??_oled_draw_old_runtime_screen+1)^0,w,c
  3768  0009B4  6E2C               	movwf	(??_oled_draw_old_runtime_screen+3)^0,c
  3769  0009B6  3029               	rrcf	??_oled_draw_old_runtime_screen^0,w,c
  3770  0009B8  6E2B               	movwf	(??_oled_draw_old_runtime_screen+2)^0,c
  3771  0009BA  502B               	movf	(??_oled_draw_old_runtime_screen+2)^0,w,c
  3772  0009BC  6E55               	movwf	oled_draw_old_runtime_screen@start_col^0,c
  3773  0009BE                     
  3774                           ;Dima_March_2026_BT-V1.c: 1249:     icon_col = start_col;
  3775  0009BE  C055  F050         	movff	oled_draw_old_runtime_screen@start_col,oled_draw_old_runtime_screen@icon_col
  3776  0009C2                     
  3777                           ;Dima_March_2026_BT-V1.c: 1250:     text_col = (uint8_t)(start_col + icon_width);
  3778  0009C2  5055               	movf	oled_draw_old_runtime_screen@start_col^0,w,c
  3779  0009C4  2454               	addwf	oled_draw_old_runtime_screen@icon_width^0,w,c
  3780  0009C6  6E51               	movwf	oled_draw_old_runtime_screen@text_col^0,c
  3781  0009C8                     
  3782                           ;Dima_March_2026_BT-V1.c: 1252:     oled_set_cursor(icon_col, 6);
  3783  0009C8  0E06               	movlw	6
  3784  0009CA  6E07               	movwf	oled_set_cursor@page^0,c
  3785  0009CC  5050               	movf	oled_draw_old_runtime_screen@icon_col^0,w,c
  3786  0009CE  EC20  F013         	call	_oled_set_cursor
  3787  0009D2                     
  3788                           ;Dima_March_2026_BT-V1.c: 1253:     oled_send_data_start();
  3789  0009D2  EC90  F013         	call	_oled_send_data_start	;wreg free
  3790  0009D6                     
  3791                           ;Dima_March_2026_BT-V1.c: 1254:     if (g_vacuum_on && g_logo_blink_state)
  3792  0009D6  505B               	movf	_g_vacuum_on^0,w,c	;volatile
  3793  0009D8  B4D8               	btfsc	status,2,c
  3794  0009DA  EFF1  F004         	goto	u2701
  3795  0009DE  EFF3  F004         	goto	u2700
  3796  0009E2                     u2701:
  3797  0009E2  EF13  F005         	goto	l3332
  3798  0009E6                     u2700:
  3799  0009E6  0100               	movlb	0	; () banked
  3800  0009E8  517D               	movf	_g_logo_blink_state& (0+255),w,b	;volatile
  3801  0009EA  B4D8               	btfsc	status,2,c
  3802  0009EC  EFFA  F004         	goto	u2711
  3803  0009F0  EFFC  F004         	goto	u2710
  3804  0009F4                     u2711:
  3805  0009F4  EF13  F005         	goto	l3332
  3806  0009F8                     u2710:
  3807  0009F8                     
  3808                           ; BSR set to: 0
  3809                           ;Dima_March_2026_BT-V1.c: 1255:     {;Dima_March_2026_BT-V1.c: 1256:         for (i = 0;
      +                           i < 8u; i++) oled_send_data_byte(icon_vac_on[i]);
  3810  0009F8  0E00               	movlw	0
  3811  0009FA  6E57               	movwf	oled_draw_old_runtime_screen@i^0,c
  3812  0009FC                     l3326:
  3813  0009FC  0E09               	movlw	low oled_draw_old_runtime_screen@icon_vac_on
  3814  0009FE  2457               	addwf	oled_draw_old_runtime_screen@i^0,w,c
  3815  000A00  6EF6               	movwf	tblptrl,c
  3816  000A02  6AF7               	clrf	tblptrh,c
  3817  000A04  0E06               	movlw	high oled_draw_old_runtime_screen@icon_vac_on
  3818  000A06  22F7               	addwfc	tblptrh,f,c
  3819  000A08                     	if	0	;There are less than 3 active tblptr bytes
  3820  000A08                     	endif
  3821  000A08  0008               	tblrd		*
  3822  000A0A  50F5               	movf	tablat,w,c
  3823  000A0C  ECA5  F013         	call	_oled_send_data_byte
  3824  000A10  2A57               	incf	oled_draw_old_runtime_screen@i^0,f,c
  3825  000A12  0E07               	movlw	7
  3826  000A14  6457               	cpfsgt	oled_draw_old_runtime_screen@i^0,c
  3827  000A16  EF0F  F005         	goto	u2721
  3828  000A1A  EF11  F005         	goto	u2720
  3829  000A1E                     u2721:
  3830  000A1E  EFFE  F004         	goto	l3326
  3831  000A22                     u2720:
  3832  000A22  EF28  F005         	goto	l3344
  3833  000A26                     l3332:
  3834                           
  3835                           ;Dima_March_2026_BT-V1.c: 1259:     {;Dima_March_2026_BT-V1.c: 1260:         for (i = 0;
      +                           i < 8u; i++) oled_send_data_byte(icon_vac_off[i]);
  3836  000A26  0E00               	movlw	0
  3837  000A28  6E57               	movwf	oled_draw_old_runtime_screen@i^0,c
  3838  000A2A                     l3338:
  3839  000A2A  0E01               	movlw	low oled_draw_old_runtime_screen@icon_vac_off
  3840  000A2C  2457               	addwf	oled_draw_old_runtime_screen@i^0,w,c
  3841  000A2E  6EF6               	movwf	tblptrl,c
  3842  000A30  6AF7               	clrf	tblptrh,c
  3843  000A32  0E06               	movlw	high oled_draw_old_runtime_screen@icon_vac_off
  3844  000A34  22F7               	addwfc	tblptrh,f,c
  3845  000A36                     	if	0	;There are less than 3 active tblptr bytes
  3846  000A36                     	endif
  3847  000A36  0008               	tblrd		*
  3848  000A38  50F5               	movf	tablat,w,c
  3849  000A3A  ECA5  F013         	call	_oled_send_data_byte
  3850  000A3E  2A57               	incf	oled_draw_old_runtime_screen@i^0,f,c
  3851  000A40  0E07               	movlw	7
  3852  000A42  6457               	cpfsgt	oled_draw_old_runtime_screen@i^0,c
  3853  000A44  EF26  F005         	goto	u2731
  3854  000A48  EF28  F005         	goto	u2730
  3855  000A4C                     u2731:
  3856  000A4C  EF15  F005         	goto	l3338
  3857  000A50                     u2730:
  3858  000A50                     l3344:
  3859                           
  3860                           ;Dima_March_2026_BT-V1.c: 1262:     oled_send_data_stop();
  3861  000A50  ECAD  F013         	call	_oled_send_data_stop	;wreg free
  3862  000A54                     
  3863                           ;Dima_March_2026_BT-V1.c: 1263:     oled_draw_text(text_col, 6, linebuf);
  3864  000A54  0E06               	movlw	6
  3865  000A56  6E0D               	movwf	oled_draw_text@page^0,c
  3866  000A58  0E36               	movlw	low oled_draw_old_runtime_screen@linebuf
  3867  000A5A  6E0E               	movwf	oled_draw_text@text^0,c
  3868  000A5C  0E00               	movlw	high oled_draw_old_runtime_screen@linebuf
  3869  000A5E  6E0F               	movwf	(oled_draw_text@text+1)^0,c
  3870  000A60  5051               	movf	oled_draw_old_runtime_screen@text_col^0,w,c
  3871  000A62  ECA9  F010         	call	_oled_draw_text
  3872  000A66  0012               	return		;funcret
  3873  000A68                     __end_of_oled_draw_old_runtime_screen:
  3874                           	callstack 0
  3875                           
  3876 ;; *************** function _format_runtime_string *****************
  3877 ;; Defined at:
  3878 ;;		line 911 in file "Dima_March_2026_BT-V1.c"
  3879 ;; Parameters:    Size  Location     Type
  3880 ;;  buf             2   22[COMRAM] PTR unsigned char 
  3881 ;;		 -> oled_draw_old_runtime_screen@timebuf(9), 
  3882 ;;  seconds         4   24[COMRAM] unsigned long 
  3883 ;; Auto vars:     Size  Location     Type
  3884 ;;  hh              4   36[COMRAM] unsigned long 
  3885 ;;  ss              4   32[COMRAM] unsigned long 
  3886 ;;  mm              4   28[COMRAM] unsigned long 
  3887 ;; Return value:  Size  Location     Type
  3888 ;;                  1    wreg      void 
  3889 ;; Registers used:
  3890 ;;		wreg, fsr2l, fsr2h, status,2, status,0, cstack
  3891 ;; Tracked objects:
  3892 ;;		On entry : 0/0
  3893 ;;		On exit  : 0/0
  3894 ;;		Unchanged: 0/0
  3895 ;; Data sizes:     COMRAM   BANK0   BANK1   BANK2   BANK3   BANK4   BANK5
  3896 ;;      Params:         6       0       0       0       0       0       0
  3897 ;;      Locals:        12       0       0       0       0       0       0
  3898 ;;      Temps:          0       0       0       0       0       0       0
  3899 ;;      Totals:        18       0       0       0       0       0       0
  3900 ;;Total ram usage:       18 bytes
  3901 ;; Hardware stack levels used:    1
  3902 ;; Hardware stack levels required when called:    2
  3903 ;; This function calls:
  3904 ;;		___lldiv
  3905 ;;		___llmod
  3906 ;; This function is called by:
  3907 ;;		_oled_draw_old_runtime_screen
  3908 ;; This function uses a non-reentrant model
  3909 ;;
  3910                           
  3911                           	psect	text19
  3912  000D6E                     __ptext19:
  3913                           	callstack 0
  3914  000D6E                     _format_runtime_string:
  3915                           	callstack 26
  3916  000D6E                     
  3917                           ;Dima_March_2026_BT-V1.c: 911: void format_runtime_string(char *buf, uint32_t seconds);D
      +                          ima_March_2026_BT-V1.c: 912: {;Dima_March_2026_BT-V1.c: 913:     uint32_t hh = seconds /
      +                           3600u;
  3918  000D6E  C019  F00A         	movff	format_runtime_string@seconds,___lldiv@dividend
  3919  000D72  C01A  F00B         	movff	format_runtime_string@seconds+1,___lldiv@dividend+1
  3920  000D76  C01B  F00C         	movff	format_runtime_string@seconds+2,___lldiv@dividend+2
  3921  000D7A  C01C  F00D         	movff	format_runtime_string@seconds+3,___lldiv@dividend+3
  3922  000D7E  0E10               	movlw	16
  3923  000D80  6E0E               	movwf	___lldiv@divisor^0,c
  3924  000D82  0E0E               	movlw	14
  3925  000D84  6E0F               	movwf	(___lldiv@divisor+1)^0,c
  3926  000D86  0E00               	movlw	0
  3927  000D88  6E10               	movwf	(___lldiv@divisor+2)^0,c
  3928  000D8A  0E00               	movlw	0
  3929  000D8C  6E11               	movwf	(___lldiv@divisor+3)^0,c
  3930  000D8E  ECEE  F00E         	call	___lldiv	;wreg free
  3931  000D92  C00A  F025         	movff	?___lldiv,format_runtime_string@hh
  3932  000D96  C00B  F026         	movff	?___lldiv+1,format_runtime_string@hh+1
  3933  000D9A  C00C  F027         	movff	?___lldiv+2,format_runtime_string@hh+2
  3934  000D9E  C00D  F028         	movff	?___lldiv+3,format_runtime_string@hh+3
  3935                           
  3936                           ;Dima_March_2026_BT-V1.c: 914:     uint32_t mm = (seconds % 3600u) / 60u;
  3937  000DA2  0E10               	movlw	16
  3938  000DA4  6E05               	movwf	___llmod@divisor^0,c
  3939  000DA6  0E0E               	movlw	14
  3940  000DA8  6E06               	movwf	(___llmod@divisor+1)^0,c
  3941  000DAA  0E00               	movlw	0
  3942  000DAC  6E07               	movwf	(___llmod@divisor+2)^0,c
  3943  000DAE  0E00               	movlw	0
  3944  000DB0  6E08               	movwf	(___llmod@divisor+3)^0,c
  3945  000DB2  C019  F001         	movff	format_runtime_string@seconds,___llmod@dividend
  3946  000DB6  C01A  F002         	movff	format_runtime_string@seconds+1,___llmod@dividend+1
  3947  000DBA  C01B  F003         	movff	format_runtime_string@seconds+2,___llmod@dividend+2
  3948  000DBE  C01C  F004         	movff	format_runtime_string@seconds+3,___llmod@dividend+3
  3949  000DC2  EC24  F010         	call	___llmod	;wreg free
  3950  000DC6  C001  F00A         	movff	?___llmod,___lldiv@dividend
  3951  000DCA  C002  F00B         	movff	?___llmod+1,___lldiv@dividend+1
  3952  000DCE  C003  F00C         	movff	?___llmod+2,___lldiv@dividend+2
  3953  000DD2  C004  F00D         	movff	?___llmod+3,___lldiv@dividend+3
  3954  000DD6  0E3C               	movlw	60
  3955  000DD8  6E0E               	movwf	___lldiv@divisor^0,c
  3956  000DDA  0E00               	movlw	0
  3957  000DDC  6E0F               	movwf	(___lldiv@divisor+1)^0,c
  3958  000DDE  0E00               	movlw	0
  3959  000DE0  6E10               	movwf	(___lldiv@divisor+2)^0,c
  3960  000DE2  0E00               	movlw	0
  3961  000DE4  6E11               	movwf	(___lldiv@divisor+3)^0,c
  3962  000DE6  ECEE  F00E         	call	___lldiv	;wreg free
  3963  000DEA  C00A  F01D         	movff	?___lldiv,format_runtime_string@mm
  3964  000DEE  C00B  F01E         	movff	?___lldiv+1,format_runtime_string@mm+1
  3965  000DF2  C00C  F01F         	movff	?___lldiv+2,format_runtime_string@mm+2
  3966  000DF6  C00D  F020         	movff	?___lldiv+3,format_runtime_string@mm+3
  3967                           
  3968                           ;Dima_March_2026_BT-V1.c: 915:     uint32_t ss = seconds % 60u;
  3969  000DFA  C019  F001         	movff	format_runtime_string@seconds,___llmod@dividend
  3970  000DFE  C01A  F002         	movff	format_runtime_string@seconds+1,___llmod@dividend+1
  3971  000E02  C01B  F003         	movff	format_runtime_string@seconds+2,___llmod@dividend+2
  3972  000E06  C01C  F004         	movff	format_runtime_string@seconds+3,___llmod@dividend+3
  3973  000E0A  0E3C               	movlw	60
  3974  000E0C  6E05               	movwf	___llmod@divisor^0,c
  3975  000E0E  0E00               	movlw	0
  3976  000E10  6E06               	movwf	(___llmod@divisor+1)^0,c
  3977  000E12  0E00               	movlw	0
  3978  000E14  6E07               	movwf	(___llmod@divisor+2)^0,c
  3979  000E16  0E00               	movlw	0
  3980  000E18  6E08               	movwf	(___llmod@divisor+3)^0,c
  3981  000E1A  EC24  F010         	call	___llmod	;wreg free
  3982  000E1E  C001  F021         	movff	?___llmod,format_runtime_string@ss
  3983  000E22  C002  F022         	movff	?___llmod+1,format_runtime_string@ss+1
  3984  000E26  C003  F023         	movff	?___llmod+2,format_runtime_string@ss+2
  3985  000E2A  C004  F024         	movff	?___llmod+3,format_runtime_string@ss+3
  3986  000E2E                     
  3987                           ;Dima_March_2026_BT-V1.c: 917:     if (hh > 99u)
  3988  000E2E  5028               	movf	(format_runtime_string@hh+3)^0,w,c
  3989  000E30  1027               	iorwf	(format_runtime_string@hh+2)^0,w,c
  3990  000E32  1026               	iorwf	(format_runtime_string@hh+1)^0,w,c
  3991  000E34  E109               	bnz	u1840
  3992  000E36  0E64               	movlw	100
  3993  000E38  5C25               	subwf	format_runtime_string@hh^0,w,c
  3994  000E3A  A0D8               	btfss	status,0,c
  3995  000E3C  EF22  F007         	goto	u1841
  3996  000E40  EF24  F007         	goto	u1840
  3997  000E44                     u1841:
  3998  000E44  EF2C  F007         	goto	l2756
  3999  000E48                     u1840:
  4000  000E48                     
  4001                           ;Dima_March_2026_BT-V1.c: 918:     {;Dima_March_2026_BT-V1.c: 919:         hh = 99u;
  4002  000E48  0E63               	movlw	99
  4003  000E4A  6E25               	movwf	format_runtime_string@hh^0,c
  4004  000E4C  0E00               	movlw	0
  4005  000E4E  6E26               	movwf	(format_runtime_string@hh+1)^0,c
  4006  000E50  0E00               	movlw	0
  4007  000E52  6E27               	movwf	(format_runtime_string@hh+2)^0,c
  4008  000E54  0E00               	movlw	0
  4009  000E56  6E28               	movwf	(format_runtime_string@hh+3)^0,c
  4010  000E58                     l2756:
  4011                           
  4012                           ;Dima_March_2026_BT-V1.c: 922:     buf[0] = '0' + (char)((hh / 10u) % 10u);
  4013  000E58  0E0A               	movlw	10
  4014  000E5A  6E0E               	movwf	___lldiv@divisor^0,c
  4015  000E5C  0E00               	movlw	0
  4016  000E5E  6E0F               	movwf	(___lldiv@divisor+1)^0,c
  4017  000E60  0E00               	movlw	0
  4018  000E62  6E10               	movwf	(___lldiv@divisor+2)^0,c
  4019  000E64  0E00               	movlw	0
  4020  000E66  6E11               	movwf	(___lldiv@divisor+3)^0,c
  4021  000E68  C025  F00A         	movff	format_runtime_string@hh,___lldiv@dividend
  4022  000E6C  C026  F00B         	movff	format_runtime_string@hh+1,___lldiv@dividend+1
  4023  000E70  C027  F00C         	movff	format_runtime_string@hh+2,___lldiv@dividend+2
  4024  000E74  C028  F00D         	movff	format_runtime_string@hh+3,___lldiv@dividend+3
  4025  000E78  ECEE  F00E         	call	___lldiv	;wreg free
  4026  000E7C  C00A  F001         	movff	?___lldiv,___llmod@dividend
  4027  000E80  C00B  F002         	movff	?___lldiv+1,___llmod@dividend+1
  4028  000E84  C00C  F003         	movff	?___lldiv+2,___llmod@dividend+2
  4029  000E88  C00D  F004         	movff	?___lldiv+3,___llmod@dividend+3
  4030  000E8C  0E0A               	movlw	10
  4031  000E8E  6E05               	movwf	___llmod@divisor^0,c
  4032  000E90  0E00               	movlw	0
  4033  000E92  6E06               	movwf	(___llmod@divisor+1)^0,c
  4034  000E94  0E00               	movlw	0
  4035  000E96  6E07               	movwf	(___llmod@divisor+2)^0,c
  4036  000E98  0E00               	movlw	0
  4037  000E9A  6E08               	movwf	(___llmod@divisor+3)^0,c
  4038  000E9C  EC24  F010         	call	___llmod	;wreg free
  4039  000EA0  5001               	movf	?___llmod^0,w,c
  4040  000EA2  0F30               	addlw	48
  4041  000EA4  C017  FFD9         	movff	format_runtime_string@buf,fsr2l
  4042  000EA8  C018  FFDA         	movff	format_runtime_string@buf+1,fsr2h
  4043  000EAC  6EDF               	movwf	indf2,c
  4044  000EAE                     
  4045                           ;Dima_March_2026_BT-V1.c: 923:     buf[1] = '0' + (char)( hh % 10u);
  4046  000EAE  EE20 F001          	lfsr	2,1
  4047  000EB2  5017               	movf	format_runtime_string@buf^0,w,c
  4048  000EB4  26D9               	addwf	fsr2l,f,c
  4049  000EB6  5018               	movf	(format_runtime_string@buf+1)^0,w,c
  4050  000EB8  22DA               	addwfc	fsr2h,f,c
  4051  000EBA  C025  F001         	movff	format_runtime_string@hh,___llmod@dividend
  4052  000EBE  C026  F002         	movff	format_runtime_string@hh+1,___llmod@dividend+1
  4053  000EC2  C027  F003         	movff	format_runtime_string@hh+2,___llmod@dividend+2
  4054  000EC6  C028  F004         	movff	format_runtime_string@hh+3,___llmod@dividend+3
  4055  000ECA  0E0A               	movlw	10
  4056  000ECC  6E05               	movwf	___llmod@divisor^0,c
  4057  000ECE  0E00               	movlw	0
  4058  000ED0  6E06               	movwf	(___llmod@divisor+1)^0,c
  4059  000ED2  0E00               	movlw	0
  4060  000ED4  6E07               	movwf	(___llmod@divisor+2)^0,c
  4061  000ED6  0E00               	movlw	0
  4062  000ED8  6E08               	movwf	(___llmod@divisor+3)^0,c
  4063  000EDA  EC24  F010         	call	___llmod	;wreg free
  4064  000EDE  5001               	movf	?___llmod^0,w,c
  4065  000EE0  0F30               	addlw	48
  4066  000EE2  6EDF               	movwf	indf2,c
  4067  000EE4                     
  4068                           ;Dima_March_2026_BT-V1.c: 924:     buf[2] = ':';
  4069  000EE4  EE20 F002          	lfsr	2,2
  4070  000EE8  5017               	movf	format_runtime_string@buf^0,w,c
  4071  000EEA  26D9               	addwf	fsr2l,f,c
  4072  000EEC  5018               	movf	(format_runtime_string@buf+1)^0,w,c
  4073  000EEE  22DA               	addwfc	fsr2h,f,c
  4074  000EF0  0E3A               	movlw	58
  4075  000EF2  6EDF               	movwf	indf2,c
  4076  000EF4                     
  4077                           ;Dima_March_2026_BT-V1.c: 925:     buf[3] = '0' + (char)((mm / 10u) % 10u);
  4078  000EF4  EE20 F003          	lfsr	2,3
  4079  000EF8  5017               	movf	format_runtime_string@buf^0,w,c
  4080  000EFA  26D9               	addwf	fsr2l,f,c
  4081  000EFC  5018               	movf	(format_runtime_string@buf+1)^0,w,c
  4082  000EFE  22DA               	addwfc	fsr2h,f,c
  4083  000F00  0E0A               	movlw	10
  4084  000F02  6E0E               	movwf	___lldiv@divisor^0,c
  4085  000F04  0E00               	movlw	0
  4086  000F06  6E0F               	movwf	(___lldiv@divisor+1)^0,c
  4087  000F08  0E00               	movlw	0
  4088  000F0A  6E10               	movwf	(___lldiv@divisor+2)^0,c
  4089  000F0C  0E00               	movlw	0
  4090  000F0E  6E11               	movwf	(___lldiv@divisor+3)^0,c
  4091  000F10  C01D  F00A         	movff	format_runtime_string@mm,___lldiv@dividend
  4092  000F14  C01E  F00B         	movff	format_runtime_string@mm+1,___lldiv@dividend+1
  4093  000F18  C01F  F00C         	movff	format_runtime_string@mm+2,___lldiv@dividend+2
  4094  000F1C  C020  F00D         	movff	format_runtime_string@mm+3,___lldiv@dividend+3
  4095  000F20  ECEE  F00E         	call	___lldiv	;wreg free
  4096  000F24  C00A  F001         	movff	?___lldiv,___llmod@dividend
  4097  000F28  C00B  F002         	movff	?___lldiv+1,___llmod@dividend+1
  4098  000F2C  C00C  F003         	movff	?___lldiv+2,___llmod@dividend+2
  4099  000F30  C00D  F004         	movff	?___lldiv+3,___llmod@dividend+3
  4100  000F34  0E0A               	movlw	10
  4101  000F36  6E05               	movwf	___llmod@divisor^0,c
  4102  000F38  0E00               	movlw	0
  4103  000F3A  6E06               	movwf	(___llmod@divisor+1)^0,c
  4104  000F3C  0E00               	movlw	0
  4105  000F3E  6E07               	movwf	(___llmod@divisor+2)^0,c
  4106  000F40  0E00               	movlw	0
  4107  000F42  6E08               	movwf	(___llmod@divisor+3)^0,c
  4108  000F44  EC24  F010         	call	___llmod	;wreg free
  4109  000F48  5001               	movf	?___llmod^0,w,c
  4110  000F4A  0F30               	addlw	48
  4111  000F4C  6EDF               	movwf	indf2,c
  4112  000F4E                     
  4113                           ;Dima_March_2026_BT-V1.c: 926:     buf[4] = '0' + (char)( mm % 10u);
  4114  000F4E  EE20 F004          	lfsr	2,4
  4115  000F52  5017               	movf	format_runtime_string@buf^0,w,c
  4116  000F54  26D9               	addwf	fsr2l,f,c
  4117  000F56  5018               	movf	(format_runtime_string@buf+1)^0,w,c
  4118  000F58  22DA               	addwfc	fsr2h,f,c
  4119  000F5A  C01D  F001         	movff	format_runtime_string@mm,___llmod@dividend
  4120  000F5E  C01E  F002         	movff	format_runtime_string@mm+1,___llmod@dividend+1
  4121  000F62  C01F  F003         	movff	format_runtime_string@mm+2,___llmod@dividend+2
  4122  000F66  C020  F004         	movff	format_runtime_string@mm+3,___llmod@dividend+3
  4123  000F6A  0E0A               	movlw	10
  4124  000F6C  6E05               	movwf	___llmod@divisor^0,c
  4125  000F6E  0E00               	movlw	0
  4126  000F70  6E06               	movwf	(___llmod@divisor+1)^0,c
  4127  000F72  0E00               	movlw	0
  4128  000F74  6E07               	movwf	(___llmod@divisor+2)^0,c
  4129  000F76  0E00               	movlw	0
  4130  000F78  6E08               	movwf	(___llmod@divisor+3)^0,c
  4131  000F7A  EC24  F010         	call	___llmod	;wreg free
  4132  000F7E  5001               	movf	?___llmod^0,w,c
  4133  000F80  0F30               	addlw	48
  4134  000F82  6EDF               	movwf	indf2,c
  4135  000F84                     
  4136                           ;Dima_March_2026_BT-V1.c: 927:     buf[5] = ':';
  4137  000F84  EE20 F005          	lfsr	2,5
  4138  000F88  5017               	movf	format_runtime_string@buf^0,w,c
  4139  000F8A  26D9               	addwf	fsr2l,f,c
  4140  000F8C  5018               	movf	(format_runtime_string@buf+1)^0,w,c
  4141  000F8E  22DA               	addwfc	fsr2h,f,c
  4142  000F90  0E3A               	movlw	58
  4143  000F92  6EDF               	movwf	indf2,c
  4144  000F94                     
  4145                           ;Dima_March_2026_BT-V1.c: 928:     buf[6] = '0' + (char)((ss / 10u) % 10u);
  4146  000F94  EE20 F006          	lfsr	2,6
  4147  000F98  5017               	movf	format_runtime_string@buf^0,w,c
  4148  000F9A  26D9               	addwf	fsr2l,f,c
  4149  000F9C  5018               	movf	(format_runtime_string@buf+1)^0,w,c
  4150  000F9E  22DA               	addwfc	fsr2h,f,c
  4151  000FA0  0E0A               	movlw	10
  4152  000FA2  6E0E               	movwf	___lldiv@divisor^0,c
  4153  000FA4  0E00               	movlw	0
  4154  000FA6  6E0F               	movwf	(___lldiv@divisor+1)^0,c
  4155  000FA8  0E00               	movlw	0
  4156  000FAA  6E10               	movwf	(___lldiv@divisor+2)^0,c
  4157  000FAC  0E00               	movlw	0
  4158  000FAE  6E11               	movwf	(___lldiv@divisor+3)^0,c
  4159  000FB0  C021  F00A         	movff	format_runtime_string@ss,___lldiv@dividend
  4160  000FB4  C022  F00B         	movff	format_runtime_string@ss+1,___lldiv@dividend+1
  4161  000FB8  C023  F00C         	movff	format_runtime_string@ss+2,___lldiv@dividend+2
  4162  000FBC  C024  F00D         	movff	format_runtime_string@ss+3,___lldiv@dividend+3
  4163  000FC0  ECEE  F00E         	call	___lldiv	;wreg free
  4164  000FC4  C00A  F001         	movff	?___lldiv,___llmod@dividend
  4165  000FC8  C00B  F002         	movff	?___lldiv+1,___llmod@dividend+1
  4166  000FCC  C00C  F003         	movff	?___lldiv+2,___llmod@dividend+2
  4167  000FD0  C00D  F004         	movff	?___lldiv+3,___llmod@dividend+3
  4168  000FD4  0E0A               	movlw	10
  4169  000FD6  6E05               	movwf	___llmod@divisor^0,c
  4170  000FD8  0E00               	movlw	0
  4171  000FDA  6E06               	movwf	(___llmod@divisor+1)^0,c
  4172  000FDC  0E00               	movlw	0
  4173  000FDE  6E07               	movwf	(___llmod@divisor+2)^0,c
  4174  000FE0  0E00               	movlw	0
  4175  000FE2  6E08               	movwf	(___llmod@divisor+3)^0,c
  4176  000FE4  EC24  F010         	call	___llmod	;wreg free
  4177  000FE8  5001               	movf	?___llmod^0,w,c
  4178  000FEA  0F30               	addlw	48
  4179  000FEC  6EDF               	movwf	indf2,c
  4180  000FEE                     
  4181                           ;Dima_March_2026_BT-V1.c: 929:     buf[7] = '0' + (char)( ss % 10u);
  4182  000FEE  EE20 F007          	lfsr	2,7
  4183  000FF2  5017               	movf	format_runtime_string@buf^0,w,c
  4184  000FF4  26D9               	addwf	fsr2l,f,c
  4185  000FF6  5018               	movf	(format_runtime_string@buf+1)^0,w,c
  4186  000FF8  22DA               	addwfc	fsr2h,f,c
  4187  000FFA  C021  F001         	movff	format_runtime_string@ss,___llmod@dividend
  4188  000FFE  C022  F002         	movff	format_runtime_string@ss+1,___llmod@dividend+1
  4189  001002  C023  F003         	movff	format_runtime_string@ss+2,___llmod@dividend+2
  4190  001006  C024  F004         	movff	format_runtime_string@ss+3,___llmod@dividend+3
  4191  00100A  0E0A               	movlw	10
  4192  00100C  6E05               	movwf	___llmod@divisor^0,c
  4193  00100E  0E00               	movlw	0
  4194  001010  6E06               	movwf	(___llmod@divisor+1)^0,c
  4195  001012  0E00               	movlw	0
  4196  001014  6E07               	movwf	(___llmod@divisor+2)^0,c
  4197  001016  0E00               	movlw	0
  4198  001018  6E08               	movwf	(___llmod@divisor+3)^0,c
  4199  00101A  EC24  F010         	call	___llmod	;wreg free
  4200  00101E  5001               	movf	?___llmod^0,w,c
  4201  001020  0F30               	addlw	48
  4202  001022  6EDF               	movwf	indf2,c
  4203  001024                     
  4204                           ;Dima_March_2026_BT-V1.c: 930:     buf[8] = '\0';
  4205  001024  EE20 F008          	lfsr	2,8
  4206  001028  5017               	movf	format_runtime_string@buf^0,w,c
  4207  00102A  26D9               	addwf	fsr2l,f,c
  4208  00102C  5018               	movf	(format_runtime_string@buf+1)^0,w,c
  4209  00102E  22DA               	addwfc	fsr2h,f,c
  4210  001030  0E00               	movlw	0
  4211  001032  6EDF               	movwf	indf2,c
  4212  001034  0012               	return		;funcret
  4213  001036                     __end_of_format_runtime_string:
  4214                           	callstack 0
  4215                           
  4216 ;; *************** function _format_hourmeter_string *****************
  4217 ;; Defined at:
  4218 ;;		line 890 in file "Dima_March_2026_BT-V1.c"
  4219 ;; Parameters:    Size  Location     Type
  4220 ;;  buf             2   22[COMRAM] PTR unsigned char 
  4221 ;;		 -> oled_draw_old_runtime_screen@timebuf(9), 
  4222 ;;  seconds         4   24[COMRAM] unsigned long 
  4223 ;; Auto vars:     Size  Location     Type
  4224 ;;  hh              4   32[COMRAM] unsigned long 
  4225 ;;  mm              4   28[COMRAM] unsigned long 
  4226 ;; Return value:  Size  Location     Type
  4227 ;;                  1    wreg      void 
  4228 ;; Registers used:
  4229 ;;		wreg, fsr2l, fsr2h, status,2, status,0, cstack
  4230 ;; Tracked objects:
  4231 ;;		On entry : 0/0
  4232 ;;		On exit  : 0/0
  4233 ;;		Unchanged: 0/0
  4234 ;; Data sizes:     COMRAM   BANK0   BANK1   BANK2   BANK3   BANK4   BANK5
  4235 ;;      Params:         6       0       0       0       0       0       0
  4236 ;;      Locals:         8       0       0       0       0       0       0
  4237 ;;      Temps:          0       0       0       0       0       0       0
  4238 ;;      Totals:        14       0       0       0       0       0       0
  4239 ;;Total ram usage:       14 bytes
  4240 ;; Hardware stack levels used:    1
  4241 ;; Hardware stack levels required when called:    2
  4242 ;; This function calls:
  4243 ;;		___lldiv
  4244 ;;		___llmod
  4245 ;; This function is called by:
  4246 ;;		_oled_draw_old_runtime_screen
  4247 ;; This function uses a non-reentrant model
  4248 ;;
  4249                           
  4250                           	psect	text20
  4251  000A68                     __ptext20:
  4252                           	callstack 0
  4253  000A68                     _format_hourmeter_string:
  4254                           	callstack 26
  4255  000A68                     
  4256                           ;Dima_March_2026_BT-V1.c: 890: void format_hourmeter_string(char *buf, uint32_t seconds)
      +                          ;Dima_March_2026_BT-V1.c: 891: {;Dima_March_2026_BT-V1.c: 892:     uint32_t hh = seconds
      +                           / 3600u;
  4257  000A68  C019  F00A         	movff	format_hourmeter_string@seconds,___lldiv@dividend
  4258  000A6C  C01A  F00B         	movff	format_hourmeter_string@seconds+1,___lldiv@dividend+1
  4259  000A70  C01B  F00C         	movff	format_hourmeter_string@seconds+2,___lldiv@dividend+2
  4260  000A74  C01C  F00D         	movff	format_hourmeter_string@seconds+3,___lldiv@dividend+3
  4261  000A78  0E10               	movlw	16
  4262  000A7A  6E0E               	movwf	___lldiv@divisor^0,c
  4263  000A7C  0E0E               	movlw	14
  4264  000A7E  6E0F               	movwf	(___lldiv@divisor+1)^0,c
  4265  000A80  0E00               	movlw	0
  4266  000A82  6E10               	movwf	(___lldiv@divisor+2)^0,c
  4267  000A84  0E00               	movlw	0
  4268  000A86  6E11               	movwf	(___lldiv@divisor+3)^0,c
  4269  000A88  ECEE  F00E         	call	___lldiv	;wreg free
  4270  000A8C  C00A  F021         	movff	?___lldiv,format_hourmeter_string@hh
  4271  000A90  C00B  F022         	movff	?___lldiv+1,format_hourmeter_string@hh+1
  4272  000A94  C00C  F023         	movff	?___lldiv+2,format_hourmeter_string@hh+2
  4273  000A98  C00D  F024         	movff	?___lldiv+3,format_hourmeter_string@hh+3
  4274                           
  4275                           ;Dima_March_2026_BT-V1.c: 893:     uint32_t mm = (seconds % 3600u) / 60u;
  4276  000A9C  0E10               	movlw	16
  4277  000A9E  6E05               	movwf	___llmod@divisor^0,c
  4278  000AA0  0E0E               	movlw	14
  4279  000AA2  6E06               	movwf	(___llmod@divisor+1)^0,c
  4280  000AA4  0E00               	movlw	0
  4281  000AA6  6E07               	movwf	(___llmod@divisor+2)^0,c
  4282  000AA8  0E00               	movlw	0
  4283  000AAA  6E08               	movwf	(___llmod@divisor+3)^0,c
  4284  000AAC  C019  F001         	movff	format_hourmeter_string@seconds,___llmod@dividend
  4285  000AB0  C01A  F002         	movff	format_hourmeter_string@seconds+1,___llmod@dividend+1
  4286  000AB4  C01B  F003         	movff	format_hourmeter_string@seconds+2,___llmod@dividend+2
  4287  000AB8  C01C  F004         	movff	format_hourmeter_string@seconds+3,___llmod@dividend+3
  4288  000ABC  EC24  F010         	call	___llmod	;wreg free
  4289  000AC0  C001  F00A         	movff	?___llmod,___lldiv@dividend
  4290  000AC4  C002  F00B         	movff	?___llmod+1,___lldiv@dividend+1
  4291  000AC8  C003  F00C         	movff	?___llmod+2,___lldiv@dividend+2
  4292  000ACC  C004  F00D         	movff	?___llmod+3,___lldiv@dividend+3
  4293  000AD0  0E3C               	movlw	60
  4294  000AD2  6E0E               	movwf	___lldiv@divisor^0,c
  4295  000AD4  0E00               	movlw	0
  4296  000AD6  6E0F               	movwf	(___lldiv@divisor+1)^0,c
  4297  000AD8  0E00               	movlw	0
  4298  000ADA  6E10               	movwf	(___lldiv@divisor+2)^0,c
  4299  000ADC  0E00               	movlw	0
  4300  000ADE  6E11               	movwf	(___lldiv@divisor+3)^0,c
  4301  000AE0  ECEE  F00E         	call	___lldiv	;wreg free
  4302  000AE4  C00A  F01D         	movff	?___lldiv,format_hourmeter_string@mm
  4303  000AE8  C00B  F01E         	movff	?___lldiv+1,format_hourmeter_string@mm+1
  4304  000AEC  C00C  F01F         	movff	?___lldiv+2,format_hourmeter_string@mm+2
  4305  000AF0  C00D  F020         	movff	?___lldiv+3,format_hourmeter_string@mm+3
  4306  000AF4                     
  4307                           ;Dima_March_2026_BT-V1.c: 895:     if (hh > 99999u)
  4308  000AF4  5024               	movf	(format_hourmeter_string@hh+3)^0,w,c
  4309  000AF6  E10D               	bnz	u1830
  4310  000AF8  0EA0               	movlw	160
  4311  000AFA  5C21               	subwf	format_hourmeter_string@hh^0,w,c
  4312  000AFC  0E86               	movlw	134
  4313  000AFE  5822               	subwfb	(format_hourmeter_string@hh+1)^0,w,c
  4314  000B00  0E01               	movlw	1
  4315  000B02  5823               	subwfb	(format_hourmeter_string@hh+2)^0,w,c
  4316  000B04  A0D8               	btfss	status,0,c
  4317  000B06  EF87  F005         	goto	u1831
  4318  000B0A  EF89  F005         	goto	u1830
  4319  000B0E                     u1831:
  4320  000B0E  EF91  F005         	goto	l2732
  4321  000B12                     u1830:
  4322  000B12                     
  4323                           ;Dima_March_2026_BT-V1.c: 896:     {;Dima_March_2026_BT-V1.c: 897:         hh = 99999u;
  4324  000B12  0E9F               	movlw	159
  4325  000B14  6E21               	movwf	format_hourmeter_string@hh^0,c
  4326  000B16  0E86               	movlw	134
  4327  000B18  6E22               	movwf	(format_hourmeter_string@hh+1)^0,c
  4328  000B1A  0E01               	movlw	1
  4329  000B1C  6E23               	movwf	(format_hourmeter_string@hh+2)^0,c
  4330  000B1E  0E00               	movlw	0
  4331  000B20  6E24               	movwf	(format_hourmeter_string@hh+3)^0,c
  4332  000B22                     l2732:
  4333                           
  4334                           ;Dima_March_2026_BT-V1.c: 900:     buf[0] = '0' + (char)((hh / 10000u) % 10u);
  4335  000B22  0E10               	movlw	16
  4336  000B24  6E0E               	movwf	___lldiv@divisor^0,c
  4337  000B26  0E27               	movlw	39
  4338  000B28  6E0F               	movwf	(___lldiv@divisor+1)^0,c
  4339  000B2A  0E00               	movlw	0
  4340  000B2C  6E10               	movwf	(___lldiv@divisor+2)^0,c
  4341  000B2E  0E00               	movlw	0
  4342  000B30  6E11               	movwf	(___lldiv@divisor+3)^0,c
  4343  000B32  C021  F00A         	movff	format_hourmeter_string@hh,___lldiv@dividend
  4344  000B36  C022  F00B         	movff	format_hourmeter_string@hh+1,___lldiv@dividend+1
  4345  000B3A  C023  F00C         	movff	format_hourmeter_string@hh+2,___lldiv@dividend+2
  4346  000B3E  C024  F00D         	movff	format_hourmeter_string@hh+3,___lldiv@dividend+3
  4347  000B42  ECEE  F00E         	call	___lldiv	;wreg free
  4348  000B46  C00A  F001         	movff	?___lldiv,___llmod@dividend
  4349  000B4A  C00B  F002         	movff	?___lldiv+1,___llmod@dividend+1
  4350  000B4E  C00C  F003         	movff	?___lldiv+2,___llmod@dividend+2
  4351  000B52  C00D  F004         	movff	?___lldiv+3,___llmod@dividend+3
  4352  000B56  0E0A               	movlw	10
  4353  000B58  6E05               	movwf	___llmod@divisor^0,c
  4354  000B5A  0E00               	movlw	0
  4355  000B5C  6E06               	movwf	(___llmod@divisor+1)^0,c
  4356  000B5E  0E00               	movlw	0
  4357  000B60  6E07               	movwf	(___llmod@divisor+2)^0,c
  4358  000B62  0E00               	movlw	0
  4359  000B64  6E08               	movwf	(___llmod@divisor+3)^0,c
  4360  000B66  EC24  F010         	call	___llmod	;wreg free
  4361  000B6A  5001               	movf	?___llmod^0,w,c
  4362  000B6C  0F30               	addlw	48
  4363  000B6E  C017  FFD9         	movff	format_hourmeter_string@buf,fsr2l
  4364  000B72  C018  FFDA         	movff	format_hourmeter_string@buf+1,fsr2h
  4365  000B76  6EDF               	movwf	indf2,c
  4366  000B78                     
  4367                           ;Dima_March_2026_BT-V1.c: 901:     buf[1] = '0' + (char)((hh / 1000u) % 10u);
  4368  000B78  EE20 F001          	lfsr	2,1
  4369  000B7C  5017               	movf	format_hourmeter_string@buf^0,w,c
  4370  000B7E  26D9               	addwf	fsr2l,f,c
  4371  000B80  5018               	movf	(format_hourmeter_string@buf+1)^0,w,c
  4372  000B82  22DA               	addwfc	fsr2h,f,c
  4373  000B84  0EE8               	movlw	232
  4374  000B86  6E0E               	movwf	___lldiv@divisor^0,c
  4375  000B88  0E03               	movlw	3
  4376  000B8A  6E0F               	movwf	(___lldiv@divisor+1)^0,c
  4377  000B8C  0E00               	movlw	0
  4378  000B8E  6E10               	movwf	(___lldiv@divisor+2)^0,c
  4379  000B90  0E00               	movlw	0
  4380  000B92  6E11               	movwf	(___lldiv@divisor+3)^0,c
  4381  000B94  C021  F00A         	movff	format_hourmeter_string@hh,___lldiv@dividend
  4382  000B98  C022  F00B         	movff	format_hourmeter_string@hh+1,___lldiv@dividend+1
  4383  000B9C  C023  F00C         	movff	format_hourmeter_string@hh+2,___lldiv@dividend+2
  4384  000BA0  C024  F00D         	movff	format_hourmeter_string@hh+3,___lldiv@dividend+3
  4385  000BA4  ECEE  F00E         	call	___lldiv	;wreg free
  4386  000BA8  C00A  F001         	movff	?___lldiv,___llmod@dividend
  4387  000BAC  C00B  F002         	movff	?___lldiv+1,___llmod@dividend+1
  4388  000BB0  C00C  F003         	movff	?___lldiv+2,___llmod@dividend+2
  4389  000BB4  C00D  F004         	movff	?___lldiv+3,___llmod@dividend+3
  4390  000BB8  0E0A               	movlw	10
  4391  000BBA  6E05               	movwf	___llmod@divisor^0,c
  4392  000BBC  0E00               	movlw	0
  4393  000BBE  6E06               	movwf	(___llmod@divisor+1)^0,c
  4394  000BC0  0E00               	movlw	0
  4395  000BC2  6E07               	movwf	(___llmod@divisor+2)^0,c
  4396  000BC4  0E00               	movlw	0
  4397  000BC6  6E08               	movwf	(___llmod@divisor+3)^0,c
  4398  000BC8  EC24  F010         	call	___llmod	;wreg free
  4399  000BCC  5001               	movf	?___llmod^0,w,c
  4400  000BCE  0F30               	addlw	48
  4401  000BD0  6EDF               	movwf	indf2,c
  4402  000BD2                     
  4403                           ;Dima_March_2026_BT-V1.c: 902:     buf[2] = '0' + (char)((hh / 100u) % 10u);
  4404  000BD2  EE20 F002          	lfsr	2,2
  4405  000BD6  5017               	movf	format_hourmeter_string@buf^0,w,c
  4406  000BD8  26D9               	addwf	fsr2l,f,c
  4407  000BDA  5018               	movf	(format_hourmeter_string@buf+1)^0,w,c
  4408  000BDC  22DA               	addwfc	fsr2h,f,c
  4409  000BDE  0E64               	movlw	100
  4410  000BE0  6E0E               	movwf	___lldiv@divisor^0,c
  4411  000BE2  0E00               	movlw	0
  4412  000BE4  6E0F               	movwf	(___lldiv@divisor+1)^0,c
  4413  000BE6  0E00               	movlw	0
  4414  000BE8  6E10               	movwf	(___lldiv@divisor+2)^0,c
  4415  000BEA  0E00               	movlw	0
  4416  000BEC  6E11               	movwf	(___lldiv@divisor+3)^0,c
  4417  000BEE  C021  F00A         	movff	format_hourmeter_string@hh,___lldiv@dividend
  4418  000BF2  C022  F00B         	movff	format_hourmeter_string@hh+1,___lldiv@dividend+1
  4419  000BF6  C023  F00C         	movff	format_hourmeter_string@hh+2,___lldiv@dividend+2
  4420  000BFA  C024  F00D         	movff	format_hourmeter_string@hh+3,___lldiv@dividend+3
  4421  000BFE  ECEE  F00E         	call	___lldiv	;wreg free
  4422  000C02  C00A  F001         	movff	?___lldiv,___llmod@dividend
  4423  000C06  C00B  F002         	movff	?___lldiv+1,___llmod@dividend+1
  4424  000C0A  C00C  F003         	movff	?___lldiv+2,___llmod@dividend+2
  4425  000C0E  C00D  F004         	movff	?___lldiv+3,___llmod@dividend+3
  4426  000C12  0E0A               	movlw	10
  4427  000C14  6E05               	movwf	___llmod@divisor^0,c
  4428  000C16  0E00               	movlw	0
  4429  000C18  6E06               	movwf	(___llmod@divisor+1)^0,c
  4430  000C1A  0E00               	movlw	0
  4431  000C1C  6E07               	movwf	(___llmod@divisor+2)^0,c
  4432  000C1E  0E00               	movlw	0
  4433  000C20  6E08               	movwf	(___llmod@divisor+3)^0,c
  4434  000C22  EC24  F010         	call	___llmod	;wreg free
  4435  000C26  5001               	movf	?___llmod^0,w,c
  4436  000C28  0F30               	addlw	48
  4437  000C2A  6EDF               	movwf	indf2,c
  4438  000C2C                     
  4439                           ;Dima_March_2026_BT-V1.c: 903:     buf[3] = '0' + (char)((hh / 10u) % 10u);
  4440  000C2C  EE20 F003          	lfsr	2,3
  4441  000C30  5017               	movf	format_hourmeter_string@buf^0,w,c
  4442  000C32  26D9               	addwf	fsr2l,f,c
  4443  000C34  5018               	movf	(format_hourmeter_string@buf+1)^0,w,c
  4444  000C36  22DA               	addwfc	fsr2h,f,c
  4445  000C38  0E0A               	movlw	10
  4446  000C3A  6E0E               	movwf	___lldiv@divisor^0,c
  4447  000C3C  0E00               	movlw	0
  4448  000C3E  6E0F               	movwf	(___lldiv@divisor+1)^0,c
  4449  000C40  0E00               	movlw	0
  4450  000C42  6E10               	movwf	(___lldiv@divisor+2)^0,c
  4451  000C44  0E00               	movlw	0
  4452  000C46  6E11               	movwf	(___lldiv@divisor+3)^0,c
  4453  000C48  C021  F00A         	movff	format_hourmeter_string@hh,___lldiv@dividend
  4454  000C4C  C022  F00B         	movff	format_hourmeter_string@hh+1,___lldiv@dividend+1
  4455  000C50  C023  F00C         	movff	format_hourmeter_string@hh+2,___lldiv@dividend+2
  4456  000C54  C024  F00D         	movff	format_hourmeter_string@hh+3,___lldiv@dividend+3
  4457  000C58  ECEE  F00E         	call	___lldiv	;wreg free
  4458  000C5C  C00A  F001         	movff	?___lldiv,___llmod@dividend
  4459  000C60  C00B  F002         	movff	?___lldiv+1,___llmod@dividend+1
  4460  000C64  C00C  F003         	movff	?___lldiv+2,___llmod@dividend+2
  4461  000C68  C00D  F004         	movff	?___lldiv+3,___llmod@dividend+3
  4462  000C6C  0E0A               	movlw	10
  4463  000C6E  6E05               	movwf	___llmod@divisor^0,c
  4464  000C70  0E00               	movlw	0
  4465  000C72  6E06               	movwf	(___llmod@divisor+1)^0,c
  4466  000C74  0E00               	movlw	0
  4467  000C76  6E07               	movwf	(___llmod@divisor+2)^0,c
  4468  000C78  0E00               	movlw	0
  4469  000C7A  6E08               	movwf	(___llmod@divisor+3)^0,c
  4470  000C7C  EC24  F010         	call	___llmod	;wreg free
  4471  000C80  5001               	movf	?___llmod^0,w,c
  4472  000C82  0F30               	addlw	48
  4473  000C84  6EDF               	movwf	indf2,c
  4474  000C86                     
  4475                           ;Dima_March_2026_BT-V1.c: 904:     buf[4] = '0' + (char)( hh % 10u);
  4476  000C86  EE20 F004          	lfsr	2,4
  4477  000C8A  5017               	movf	format_hourmeter_string@buf^0,w,c
  4478  000C8C  26D9               	addwf	fsr2l,f,c
  4479  000C8E  5018               	movf	(format_hourmeter_string@buf+1)^0,w,c
  4480  000C90  22DA               	addwfc	fsr2h,f,c
  4481  000C92  C021  F001         	movff	format_hourmeter_string@hh,___llmod@dividend
  4482  000C96  C022  F002         	movff	format_hourmeter_string@hh+1,___llmod@dividend+1
  4483  000C9A  C023  F003         	movff	format_hourmeter_string@hh+2,___llmod@dividend+2
  4484  000C9E  C024  F004         	movff	format_hourmeter_string@hh+3,___llmod@dividend+3
  4485  000CA2  0E0A               	movlw	10
  4486  000CA4  6E05               	movwf	___llmod@divisor^0,c
  4487  000CA6  0E00               	movlw	0
  4488  000CA8  6E06               	movwf	(___llmod@divisor+1)^0,c
  4489  000CAA  0E00               	movlw	0
  4490  000CAC  6E07               	movwf	(___llmod@divisor+2)^0,c
  4491  000CAE  0E00               	movlw	0
  4492  000CB0  6E08               	movwf	(___llmod@divisor+3)^0,c
  4493  000CB2  EC24  F010         	call	___llmod	;wreg free
  4494  000CB6  5001               	movf	?___llmod^0,w,c
  4495  000CB8  0F30               	addlw	48
  4496  000CBA  6EDF               	movwf	indf2,c
  4497  000CBC                     
  4498                           ;Dima_March_2026_BT-V1.c: 905:     buf[5] = ':';
  4499  000CBC  EE20 F005          	lfsr	2,5
  4500  000CC0  5017               	movf	format_hourmeter_string@buf^0,w,c
  4501  000CC2  26D9               	addwf	fsr2l,f,c
  4502  000CC4  5018               	movf	(format_hourmeter_string@buf+1)^0,w,c
  4503  000CC6  22DA               	addwfc	fsr2h,f,c
  4504  000CC8  0E3A               	movlw	58
  4505  000CCA  6EDF               	movwf	indf2,c
  4506  000CCC                     
  4507                           ;Dima_March_2026_BT-V1.c: 906:     buf[6] = '0' + (char)((mm / 10u) % 10u);
  4508  000CCC  EE20 F006          	lfsr	2,6
  4509  000CD0  5017               	movf	format_hourmeter_string@buf^0,w,c
  4510  000CD2  26D9               	addwf	fsr2l,f,c
  4511  000CD4  5018               	movf	(format_hourmeter_string@buf+1)^0,w,c
  4512  000CD6  22DA               	addwfc	fsr2h,f,c
  4513  000CD8  0E0A               	movlw	10
  4514  000CDA  6E0E               	movwf	___lldiv@divisor^0,c
  4515  000CDC  0E00               	movlw	0
  4516  000CDE  6E0F               	movwf	(___lldiv@divisor+1)^0,c
  4517  000CE0  0E00               	movlw	0
  4518  000CE2  6E10               	movwf	(___lldiv@divisor+2)^0,c
  4519  000CE4  0E00               	movlw	0
  4520  000CE6  6E11               	movwf	(___lldiv@divisor+3)^0,c
  4521  000CE8  C01D  F00A         	movff	format_hourmeter_string@mm,___lldiv@dividend
  4522  000CEC  C01E  F00B         	movff	format_hourmeter_string@mm+1,___lldiv@dividend+1
  4523  000CF0  C01F  F00C         	movff	format_hourmeter_string@mm+2,___lldiv@dividend+2
  4524  000CF4  C020  F00D         	movff	format_hourmeter_string@mm+3,___lldiv@dividend+3
  4525  000CF8  ECEE  F00E         	call	___lldiv	;wreg free
  4526  000CFC  C00A  F001         	movff	?___lldiv,___llmod@dividend
  4527  000D00  C00B  F002         	movff	?___lldiv+1,___llmod@dividend+1
  4528  000D04  C00C  F003         	movff	?___lldiv+2,___llmod@dividend+2
  4529  000D08  C00D  F004         	movff	?___lldiv+3,___llmod@dividend+3
  4530  000D0C  0E0A               	movlw	10
  4531  000D0E  6E05               	movwf	___llmod@divisor^0,c
  4532  000D10  0E00               	movlw	0
  4533  000D12  6E06               	movwf	(___llmod@divisor+1)^0,c
  4534  000D14  0E00               	movlw	0
  4535  000D16  6E07               	movwf	(___llmod@divisor+2)^0,c
  4536  000D18  0E00               	movlw	0
  4537  000D1A  6E08               	movwf	(___llmod@divisor+3)^0,c
  4538  000D1C  EC24  F010         	call	___llmod	;wreg free
  4539  000D20  5001               	movf	?___llmod^0,w,c
  4540  000D22  0F30               	addlw	48
  4541  000D24  6EDF               	movwf	indf2,c
  4542  000D26                     
  4543                           ;Dima_March_2026_BT-V1.c: 907:     buf[7] = '0' + (char)( mm % 10u);
  4544  000D26  EE20 F007          	lfsr	2,7
  4545  000D2A  5017               	movf	format_hourmeter_string@buf^0,w,c
  4546  000D2C  26D9               	addwf	fsr2l,f,c
  4547  000D2E  5018               	movf	(format_hourmeter_string@buf+1)^0,w,c
  4548  000D30  22DA               	addwfc	fsr2h,f,c
  4549  000D32  C01D  F001         	movff	format_hourmeter_string@mm,___llmod@dividend
  4550  000D36  C01E  F002         	movff	format_hourmeter_string@mm+1,___llmod@dividend+1
  4551  000D3A  C01F  F003         	movff	format_hourmeter_string@mm+2,___llmod@dividend+2
  4552  000D3E  C020  F004         	movff	format_hourmeter_string@mm+3,___llmod@dividend+3
  4553  000D42  0E0A               	movlw	10
  4554  000D44  6E05               	movwf	___llmod@divisor^0,c
  4555  000D46  0E00               	movlw	0
  4556  000D48  6E06               	movwf	(___llmod@divisor+1)^0,c
  4557  000D4A  0E00               	movlw	0
  4558  000D4C  6E07               	movwf	(___llmod@divisor+2)^0,c
  4559  000D4E  0E00               	movlw	0
  4560  000D50  6E08               	movwf	(___llmod@divisor+3)^0,c
  4561  000D52  EC24  F010         	call	___llmod	;wreg free
  4562  000D56  5001               	movf	?___llmod^0,w,c
  4563  000D58  0F30               	addlw	48
  4564  000D5A  6EDF               	movwf	indf2,c
  4565  000D5C                     
  4566                           ;Dima_March_2026_BT-V1.c: 908:     buf[8] = '\0';
  4567  000D5C  EE20 F008          	lfsr	2,8
  4568  000D60  5017               	movf	format_hourmeter_string@buf^0,w,c
  4569  000D62  26D9               	addwf	fsr2l,f,c
  4570  000D64  5018               	movf	(format_hourmeter_string@buf+1)^0,w,c
  4571  000D66  22DA               	addwfc	fsr2h,f,c
  4572  000D68  0E00               	movlw	0
  4573  000D6A  6EDF               	movwf	indf2,c
  4574  000D6C  0012               	return		;funcret
  4575  000D6E                     __end_of_format_hourmeter_string:
  4576                           	callstack 0
  4577                           
  4578 ;; *************** function ___llmod *****************
  4579 ;; Defined at:
  4580 ;;		line 7 in file "C:\Program Files\Microchip\xc8\v2.31\pic\sources\c99\common\llmod.c"
  4581 ;; Parameters:    Size  Location     Type
  4582 ;;  dividend        4    0[COMRAM] unsigned long 
  4583 ;;  divisor         4    4[COMRAM] unsigned long 
  4584 ;; Auto vars:     Size  Location     Type
  4585 ;;  counter         1    8[COMRAM] unsigned char 
  4586 ;; Return value:  Size  Location     Type
  4587 ;;                  4    0[COMRAM] unsigned long 
  4588 ;; Registers used:
  4589 ;;		wreg, status,2, status,0
  4590 ;; Tracked objects:
  4591 ;;		On entry : 0/0
  4592 ;;		On exit  : 0/0
  4593 ;;		Unchanged: 0/0
  4594 ;; Data sizes:     COMRAM   BANK0   BANK1   BANK2   BANK3   BANK4   BANK5
  4595 ;;      Params:         8       0       0       0       0       0       0
  4596 ;;      Locals:         1       0       0       0       0       0       0
  4597 ;;      Temps:          0       0       0       0       0       0       0
  4598 ;;      Totals:         9       0       0       0       0       0       0
  4599 ;;Total ram usage:        9 bytes
  4600 ;; Hardware stack levels used:    1
  4601 ;; Hardware stack levels required when called:    1
  4602 ;; This function calls:
  4603 ;;		Nothing
  4604 ;; This function is called by:
  4605 ;;		_format_hourmeter_string
  4606 ;;		_format_runtime_string
  4607 ;; This function uses a non-reentrant model
  4608 ;;
  4609                           
  4610                           	psect	text21
  4611  002048                     __ptext21:
  4612                           	callstack 0
  4613  002048                     ___llmod:
  4614                           	callstack 26
  4615  002048  5005               	movf	___llmod@divisor^0,w,c
  4616  00204A  1006               	iorwf	(___llmod@divisor+1)^0,w,c
  4617  00204C  1007               	iorwf	(___llmod@divisor+2)^0,w,c
  4618  00204E  1008               	iorwf	(___llmod@divisor+3)^0,w,c
  4619  002050  B4D8               	btfsc	status,2,c
  4620  002052  EF2D  F010         	goto	u1721
  4621  002056  EF2F  F010         	goto	u1720
  4622  00205A                     u1721:
  4623  00205A  EF5F  F010         	goto	l957
  4624  00205E                     u1720:
  4625  00205E  0E01               	movlw	1
  4626  002060  6E09               	movwf	___llmod@counter^0,c
  4627  002062  EF39  F010         	goto	l2648
  4628  002066                     l2646:
  4629  002066  90D8               	bcf	status,0,c
  4630  002068  3605               	rlcf	___llmod@divisor^0,f,c
  4631  00206A  3606               	rlcf	(___llmod@divisor+1)^0,f,c
  4632  00206C  3607               	rlcf	(___llmod@divisor+2)^0,f,c
  4633  00206E  3608               	rlcf	(___llmod@divisor+3)^0,f,c
  4634  002070  2A09               	incf	___llmod@counter^0,f,c
  4635  002072                     l2648:
  4636  002072  AE08               	btfss	(___llmod@divisor+3)^0,7,c
  4637  002074  EF3E  F010         	goto	u1731
  4638  002078  EF40  F010         	goto	u1730
  4639  00207C                     u1731:
  4640  00207C  EF33  F010         	goto	l2646
  4641  002080                     u1730:
  4642  002080                     l2650:
  4643  002080  5005               	movf	___llmod@divisor^0,w,c
  4644  002082  5C01               	subwf	___llmod@dividend^0,w,c
  4645  002084  5006               	movf	(___llmod@divisor+1)^0,w,c
  4646  002086  5802               	subwfb	(___llmod@dividend+1)^0,w,c
  4647  002088  5007               	movf	(___llmod@divisor+2)^0,w,c
  4648  00208A  5803               	subwfb	(___llmod@dividend+2)^0,w,c
  4649  00208C  5008               	movf	(___llmod@divisor+3)^0,w,c
  4650  00208E  5804               	subwfb	(___llmod@dividend+3)^0,w,c
  4651  002090  A0D8               	btfss	status,0,c
  4652  002092  EF4D  F010         	goto	u1741
  4653  002096  EF4F  F010         	goto	u1740
  4654  00209A                     u1741:
  4655  00209A  EF57  F010         	goto	l2654
  4656  00209E                     u1740:
  4657  00209E  5005               	movf	___llmod@divisor^0,w,c
  4658  0020A0  5E01               	subwf	___llmod@dividend^0,f,c
  4659  0020A2  5006               	movf	(___llmod@divisor+1)^0,w,c
  4660  0020A4  5A02               	subwfb	(___llmod@dividend+1)^0,f,c
  4661  0020A6  5007               	movf	(___llmod@divisor+2)^0,w,c
  4662  0020A8  5A03               	subwfb	(___llmod@dividend+2)^0,f,c
  4663  0020AA  5008               	movf	(___llmod@divisor+3)^0,w,c
  4664  0020AC  5A04               	subwfb	(___llmod@dividend+3)^0,f,c
  4665  0020AE                     l2654:
  4666  0020AE  90D8               	bcf	status,0,c
  4667  0020B0  3208               	rrcf	(___llmod@divisor+3)^0,f,c
  4668  0020B2  3207               	rrcf	(___llmod@divisor+2)^0,f,c
  4669  0020B4  3206               	rrcf	(___llmod@divisor+1)^0,f,c
  4670  0020B6  3205               	rrcf	___llmod@divisor^0,f,c
  4671  0020B8  2E09               	decfsz	___llmod@counter^0,f,c
  4672  0020BA  EF40  F010         	goto	l2650
  4673  0020BE                     l957:
  4674  0020BE  C001  F001         	movff	___llmod@dividend,?___llmod
  4675  0020C2  C002  F002         	movff	___llmod@dividend+1,?___llmod+1
  4676  0020C6  C003  F003         	movff	___llmod@dividend+2,?___llmod+2
  4677  0020CA  C004  F004         	movff	___llmod@dividend+3,?___llmod+3
  4678  0020CE  0012               	return		;funcret
  4679  0020D0                     __end_of___llmod:
  4680                           	callstack 0
  4681                           
  4682 ;; *************** function ___lldiv *****************
  4683 ;; Defined at:
  4684 ;;		line 7 in file "C:\Program Files\Microchip\xc8\v2.31\pic\sources\c99\common\__lldiv.c"
  4685 ;; Parameters:    Size  Location     Type
  4686 ;;  dividend        4    9[COMRAM] unsigned long 
  4687 ;;  divisor         4   13[COMRAM] unsigned long 
  4688 ;; Auto vars:     Size  Location     Type
  4689 ;;  quotient        4   17[COMRAM] unsigned long 
  4690 ;;  counter         1   21[COMRAM] unsigned char 
  4691 ;; Return value:  Size  Location     Type
  4692 ;;                  4    9[COMRAM] unsigned long 
  4693 ;; Registers used:
  4694 ;;		wreg, status,2, status,0
  4695 ;; Tracked objects:
  4696 ;;		On entry : 0/0
  4697 ;;		On exit  : 0/0
  4698 ;;		Unchanged: 0/0
  4699 ;; Data sizes:     COMRAM   BANK0   BANK1   BANK2   BANK3   BANK4   BANK5
  4700 ;;      Params:         8       0       0       0       0       0       0
  4701 ;;      Locals:         5       0       0       0       0       0       0
  4702 ;;      Temps:          0       0       0       0       0       0       0
  4703 ;;      Totals:        13       0       0       0       0       0       0
  4704 ;;Total ram usage:       13 bytes
  4705 ;; Hardware stack levels used:    1
  4706 ;; Hardware stack levels required when called:    1
  4707 ;; This function calls:
  4708 ;;		Nothing
  4709 ;; This function is called by:
  4710 ;;		_format_hourmeter_string
  4711 ;;		_format_runtime_string
  4712 ;; This function uses a non-reentrant model
  4713 ;;
  4714                           
  4715                           	psect	text22
  4716  001DDC                     __ptext22:
  4717                           	callstack 0
  4718  001DDC                     ___lldiv:
  4719                           	callstack 26
  4720  001DDC  0E00               	movlw	0
  4721  001DDE  6E12               	movwf	___lldiv@quotient^0,c
  4722  001DE0  0E00               	movlw	0
  4723  001DE2  6E13               	movwf	(___lldiv@quotient+1)^0,c
  4724  001DE4  0E00               	movlw	0
  4725  001DE6  6E14               	movwf	(___lldiv@quotient+2)^0,c
  4726  001DE8  0E00               	movlw	0
  4727  001DEA  6E15               	movwf	(___lldiv@quotient+3)^0,c
  4728  001DEC  500E               	movf	___lldiv@divisor^0,w,c
  4729  001DEE  100F               	iorwf	(___lldiv@divisor+1)^0,w,c
  4730  001DF0  1010               	iorwf	(___lldiv@divisor+2)^0,w,c
  4731  001DF2  1011               	iorwf	(___lldiv@divisor+3)^0,w,c
  4732  001DF4  B4D8               	btfsc	status,2,c
  4733  001DF6  EFFF  F00E         	goto	u1691
  4734  001DFA  EF01  F00F         	goto	u1690
  4735  001DFE                     u1691:
  4736  001DFE  EF37  F00F         	goto	l564
  4737  001E02                     u1690:
  4738  001E02  0E01               	movlw	1
  4739  001E04  6E16               	movwf	___lldiv@counter^0,c
  4740  001E06  EF0B  F00F         	goto	l2628
  4741  001E0A                     l2626:
  4742  001E0A  90D8               	bcf	status,0,c
  4743  001E0C  360E               	rlcf	___lldiv@divisor^0,f,c
  4744  001E0E  360F               	rlcf	(___lldiv@divisor+1)^0,f,c
  4745  001E10  3610               	rlcf	(___lldiv@divisor+2)^0,f,c
  4746  001E12  3611               	rlcf	(___lldiv@divisor+3)^0,f,c
  4747  001E14  2A16               	incf	___lldiv@counter^0,f,c
  4748  001E16                     l2628:
  4749  001E16  AE11               	btfss	(___lldiv@divisor+3)^0,7,c
  4750  001E18  EF10  F00F         	goto	u1701
  4751  001E1C  EF12  F00F         	goto	u1700
  4752  001E20                     u1701:
  4753  001E20  EF05  F00F         	goto	l2626
  4754  001E24                     u1700:
  4755  001E24                     l2630:
  4756  001E24  90D8               	bcf	status,0,c
  4757  001E26  3612               	rlcf	___lldiv@quotient^0,f,c
  4758  001E28  3613               	rlcf	(___lldiv@quotient+1)^0,f,c
  4759  001E2A  3614               	rlcf	(___lldiv@quotient+2)^0,f,c
  4760  001E2C  3615               	rlcf	(___lldiv@quotient+3)^0,f,c
  4761  001E2E  500E               	movf	___lldiv@divisor^0,w,c
  4762  001E30  5C0A               	subwf	___lldiv@dividend^0,w,c
  4763  001E32  500F               	movf	(___lldiv@divisor+1)^0,w,c
  4764  001E34  580B               	subwfb	(___lldiv@dividend+1)^0,w,c
  4765  001E36  5010               	movf	(___lldiv@divisor+2)^0,w,c
  4766  001E38  580C               	subwfb	(___lldiv@dividend+2)^0,w,c
  4767  001E3A  5011               	movf	(___lldiv@divisor+3)^0,w,c
  4768  001E3C  580D               	subwfb	(___lldiv@dividend+3)^0,w,c
  4769  001E3E  A0D8               	btfss	status,0,c
  4770  001E40  EF24  F00F         	goto	u1711
  4771  001E44  EF26  F00F         	goto	u1710
  4772  001E48                     u1711:
  4773  001E48  EF2F  F00F         	goto	l2638
  4774  001E4C                     u1710:
  4775  001E4C  500E               	movf	___lldiv@divisor^0,w,c
  4776  001E4E  5E0A               	subwf	___lldiv@dividend^0,f,c
  4777  001E50  500F               	movf	(___lldiv@divisor+1)^0,w,c
  4778  001E52  5A0B               	subwfb	(___lldiv@dividend+1)^0,f,c
  4779  001E54  5010               	movf	(___lldiv@divisor+2)^0,w,c
  4780  001E56  5A0C               	subwfb	(___lldiv@dividend+2)^0,f,c
  4781  001E58  5011               	movf	(___lldiv@divisor+3)^0,w,c
  4782  001E5A  5A0D               	subwfb	(___lldiv@dividend+3)^0,f,c
  4783  001E5C  8012               	bsf	___lldiv@quotient^0,0,c
  4784  001E5E                     l2638:
  4785  001E5E  90D8               	bcf	status,0,c
  4786  001E60  3211               	rrcf	(___lldiv@divisor+3)^0,f,c
  4787  001E62  3210               	rrcf	(___lldiv@divisor+2)^0,f,c
  4788  001E64  320F               	rrcf	(___lldiv@divisor+1)^0,f,c
  4789  001E66  320E               	rrcf	___lldiv@divisor^0,f,c
  4790  001E68  2E16               	decfsz	___lldiv@counter^0,f,c
  4791  001E6A  EF12  F00F         	goto	l2630
  4792  001E6E                     l564:
  4793  001E6E  C012  F00A         	movff	___lldiv@quotient,?___lldiv
  4794  001E72  C013  F00B         	movff	___lldiv@quotient+1,?___lldiv+1
  4795  001E76  C014  F00C         	movff	___lldiv@quotient+2,?___lldiv+2
  4796  001E7A  C015  F00D         	movff	___lldiv@quotient+3,?___lldiv+3
  4797  001E7E  0012               	return		;funcret
  4798  001E80                     __end_of___lldiv:
  4799                           	callstack 0
  4800                           
  4801 ;; *************** function _oled_draw_graphic_screen *****************
  4802 ;; Defined at:
  4803 ;;		line 1281 in file "Dima_March_2026_BT-V1.c"
  4804 ;; Parameters:    Size  Location     Type
  4805 ;;		None
  4806 ;; Auto vars:     Size  Location     Type
  4807 ;;  right_arrow_    1   12[COMRAM] unsigned char 
  4808 ;;  left_arrow_x    1    0        unsigned char 
  4809 ;; Return value:  Size  Location     Type
  4810 ;;                  1    wreg      void 
  4811 ;; Registers used:
  4812 ;;		wreg, status,2, status,0, tblptrl, tblptrh, tblptru, cstack
  4813 ;; Tracked objects:
  4814 ;;		On entry : 0/0
  4815 ;;		On exit  : 0/0
  4816 ;;		Unchanged: 0/0
  4817 ;; Data sizes:     COMRAM   BANK0   BANK1   BANK2   BANK3   BANK4   BANK5
  4818 ;;      Params:         0       0       0       0       0       0       0
  4819 ;;      Locals:         2       0       0       0       0       0       0
  4820 ;;      Temps:          0       0       0       0       0       0       0
  4821 ;;      Totals:         2       0       0       0       0       0       0
  4822 ;;Total ram usage:        2 bytes
  4823 ;; Hardware stack levels used:    1
  4824 ;; Hardware stack levels required when called:    7
  4825 ;; This function calls:
  4826 ;;		_oled_clear_5x8
  4827 ;;		_oled_draw_down_arrow_5x8
  4828 ;; This function is called by:
  4829 ;;		_oled_update_screen
  4830 ;; This function uses a non-reentrant model
  4831 ;;
  4832                           
  4833                           	psect	text23
  4834  0024F6                     __ptext23:
  4835                           	callstack 0
  4836  0024F6                     _oled_draw_graphic_screen:
  4837                           	callstack 22
  4838  0024F6                     
  4839                           ;Dima_March_2026_BT-V1.c: 1285:     uint8_t right_arrow_x = (uint8_t)(24u + 80u - 3u);
  4840  0024F6  0E65               	movlw	101
  4841  0024F8  6E0D               	movwf	oled_draw_graphic_screen@right_arrow_x^0,c
  4842                           
  4843                           ;Dima_March_2026_BT-V1.c: 1287:     if (g_graphic_arrow_blink_state)
  4844  0024FA  0100               	movlb	0	; () banked
  4845  0024FC  5187               	movf	_g_graphic_arrow_blink_state& (0+255),w,b	;volatile
  4846  0024FE  B4D8               	btfsc	status,2,c
  4847  002500  EF84  F012         	goto	u2741
  4848  002504  EF86  F012         	goto	u2740
  4849  002508                     u2741:
  4850  002508  EF92  F012         	goto	l3360
  4851  00250C                     u2740:
  4852  00250C                     
  4853                           ; BSR set to: 0
  4854                           ;Dima_March_2026_BT-V1.c: 1288:     {;Dima_March_2026_BT-V1.c: 1289:         oled_draw_d
      +                          own_arrow_5x8(left_arrow_x, 6u);
  4855  00250C  0E06               	movlw	6
  4856  00250E  6E09               	movwf	oled_draw_down_arrow_5x8@page^0,c
  4857  002510  0E16               	movlw	22
  4858  002512  EC4C  F011         	call	_oled_draw_down_arrow_5x8
  4859                           
  4860                           ;Dima_March_2026_BT-V1.c: 1290:         oled_draw_down_arrow_5x8(right_arrow_x, 6u);
  4861  002516  0E06               	movlw	6
  4862  002518  6E09               	movwf	oled_draw_down_arrow_5x8@page^0,c
  4863  00251A  0E65               	movlw	101
  4864  00251C  EC4C  F011         	call	_oled_draw_down_arrow_5x8
  4865                           
  4866                           ;Dima_March_2026_BT-V1.c: 1291:     }
  4867  002520  EF9C  F012         	goto	l484
  4868  002524                     l3360:
  4869                           
  4870                           ; BSR set to: 0
  4871                           ;Dima_March_2026_BT-V1.c: 1293:     {;Dima_March_2026_BT-V1.c: 1294:         oled_clear_
      +                          5x8(left_arrow_x, 6u);
  4872  002524  0E06               	movlw	6
  4873  002526  6E09               	movwf	oled_clear_5x8@page^0,c
  4874  002528  0E16               	movlw	22
  4875  00252A  ECB1  F011         	call	_oled_clear_5x8
  4876                           
  4877                           ;Dima_March_2026_BT-V1.c: 1295:         oled_clear_5x8(right_arrow_x, 6u);
  4878  00252E  0E06               	movlw	6
  4879  002530  6E09               	movwf	oled_clear_5x8@page^0,c
  4880  002532  0E65               	movlw	101
  4881  002534  ECB1  F011         	call	_oled_clear_5x8
  4882  002538                     l484:
  4883  002538  0012               	return		;funcret
  4884  00253A                     __end_of_oled_draw_graphic_screen:
  4885                           	callstack 0
  4886                           
  4887 ;; *************** function _oled_draw_down_arrow_5x8 *****************
  4888 ;; Defined at:
  4889 ;;		line 1141 in file "Dima_March_2026_BT-V1.c"
  4890 ;; Parameters:    Size  Location     Type
  4891 ;;  x               1    wreg     unsigned char 
  4892 ;;  page            1    8[COMRAM] unsigned char 
  4893 ;; Auto vars:     Size  Location     Type
  4894 ;;  x               1    9[COMRAM] unsigned char 
  4895 ;;  i               1   10[COMRAM] unsigned char 
  4896 ;; Return value:  Size  Location     Type
  4897 ;;                  1    wreg      void 
  4898 ;; Registers used:
  4899 ;;		wreg, status,2, status,0, tblptrl, tblptrh, tblptru, cstack
  4900 ;; Tracked objects:
  4901 ;;		On entry : 0/0
  4902 ;;		On exit  : 0/0
  4903 ;;		Unchanged: 0/0
  4904 ;; Data sizes:     COMRAM   BANK0   BANK1   BANK2   BANK3   BANK4   BANK5
  4905 ;;      Params:         1       0       0       0       0       0       0
  4906 ;;      Locals:         2       0       0       0       0       0       0
  4907 ;;      Temps:          0       0       0       0       0       0       0
  4908 ;;      Totals:         3       0       0       0       0       0       0
  4909 ;;Total ram usage:        3 bytes
  4910 ;; Hardware stack levels used:    1
  4911 ;; Hardware stack levels required when called:    6
  4912 ;; This function calls:
  4913 ;;		_oled_send_data_byte
  4914 ;;		_oled_send_data_start
  4915 ;;		_oled_send_data_stop
  4916 ;;		_oled_set_cursor
  4917 ;; This function is called by:
  4918 ;;		_oled_draw_graphic_screen
  4919 ;; This function uses a non-reentrant model
  4920 ;;
  4921                           
  4922                           	psect	text24
  4923  002298                     __ptext24:
  4924                           	callstack 0
  4925  002298                     _oled_draw_down_arrow_5x8:
  4926                           	callstack 22
  4927                           
  4928                           ;incstack = 0
  4929                           ;oled_draw_down_arrow_5x8@x stored from wreg
  4930  002298  6E0A               	movwf	oled_draw_down_arrow_5x8@x^0,c
  4931  00229A                     
  4932                           ;Dima_March_2026_BT-V1.c: 1141: void oled_draw_down_arrow_5x8(uint8_t x, uint8_t page);D
      +                          ima_March_2026_BT-V1.c: 1142: {;Dima_March_2026_BT-V1.c: 1143:     uint8_t i;;Dima_March
      +                          _2026_BT-V1.c: 1145:     if (x > (128u - 5u))
  4933  00229A  0E7B               	movlw	123
  4934  00229C  640A               	cpfsgt	oled_draw_down_arrow_5x8@x^0,c
  4935  00229E  EF53  F011         	goto	u2031
  4936  0022A2  EF55  F011         	goto	u2030
  4937  0022A6                     u2031:
  4938  0022A6  EF57  F011         	goto	l2920
  4939  0022AA                     u2030:
  4940  0022AA                     
  4941                           ;Dima_March_2026_BT-V1.c: 1146:     {;Dima_March_2026_BT-V1.c: 1147:         x = 128u - 
      +                          5u;
  4942  0022AA  0E7B               	movlw	123
  4943  0022AC  6E0A               	movwf	oled_draw_down_arrow_5x8@x^0,c
  4944  0022AE                     l2920:
  4945                           
  4946                           ;Dima_March_2026_BT-V1.c: 1150:     if (page > (8u - 1u))
  4947  0022AE  0E07               	movlw	7
  4948  0022B0  6409               	cpfsgt	oled_draw_down_arrow_5x8@page^0,c
  4949  0022B2  EF5D  F011         	goto	u2041
  4950  0022B6  EF5F  F011         	goto	u2040
  4951  0022BA                     u2041:
  4952  0022BA  EF61  F011         	goto	l2924
  4953  0022BE                     u2040:
  4954  0022BE                     
  4955                           ;Dima_March_2026_BT-V1.c: 1151:     {;Dima_March_2026_BT-V1.c: 1152:         page = 8u -
      +                           1u;
  4956  0022BE  0E07               	movlw	7
  4957  0022C0  6E09               	movwf	oled_draw_down_arrow_5x8@page^0,c
  4958  0022C2                     l2924:
  4959                           
  4960                           ;Dima_March_2026_BT-V1.c: 1155:     oled_set_cursor(x, page);
  4961  0022C2  C009  F007         	movff	oled_draw_down_arrow_5x8@page,oled_set_cursor@page
  4962  0022C6  500A               	movf	oled_draw_down_arrow_5x8@x^0,w,c
  4963  0022C8  EC20  F013         	call	_oled_set_cursor
  4964  0022CC                     
  4965                           ;Dima_March_2026_BT-V1.c: 1156:     oled_send_data_start();
  4966  0022CC  EC90  F013         	call	_oled_send_data_start	;wreg free
  4967                           
  4968                           ;Dima_March_2026_BT-V1.c: 1157:     for (i = 0; i < 5u; i++)
  4969  0022D0  0E00               	movlw	0
  4970  0022D2  6E0B               	movwf	oled_draw_down_arrow_5x8@i^0,c
  4971  0022D4                     l2932:
  4972                           
  4973                           ;Dima_March_2026_BT-V1.c: 1158:     {;Dima_March_2026_BT-V1.c: 1159:         oled_send_d
      +                          ata_byte(down_arrow[i]);
  4974  0022D4  0E21               	movlw	low _down_arrow
  4975  0022D6  240B               	addwf	oled_draw_down_arrow_5x8@i^0,w,c
  4976  0022D8  6EF6               	movwf	tblptrl,c
  4977  0022DA  6AF7               	clrf	tblptrh,c
  4978  0022DC  0E06               	movlw	high _down_arrow
  4979  0022DE  22F7               	addwfc	tblptrh,f,c
  4980  0022E0                     	if	0	;There are less than 3 active tblptr bytes
  4981  0022E0                     	endif
  4982  0022E0  0008               	tblrd		*
  4983  0022E2  50F5               	movf	tablat,w,c
  4984  0022E4  ECA5  F013         	call	_oled_send_data_byte
  4985  0022E8                     
  4986                           ;Dima_March_2026_BT-V1.c: 1160:     }
  4987  0022E8  2A0B               	incf	oled_draw_down_arrow_5x8@i^0,f,c
  4988  0022EA  0E04               	movlw	4
  4989  0022EC  640B               	cpfsgt	oled_draw_down_arrow_5x8@i^0,c
  4990  0022EE  EF7B  F011         	goto	u2051
  4991  0022F2  EF7D  F011         	goto	u2050
  4992  0022F6                     u2051:
  4993  0022F6  EF6A  F011         	goto	l2932
  4994  0022FA                     u2050:
  4995  0022FA                     
  4996                           ;Dima_March_2026_BT-V1.c: 1161:     oled_send_data_stop();
  4997  0022FA  ECAD  F013         	call	_oled_send_data_stop	;wreg free
  4998  0022FE  0012               	return		;funcret
  4999  002300                     __end_of_oled_draw_down_arrow_5x8:
  5000                           	callstack 0
  5001                           
  5002 ;; *************** function _oled_clear_5x8 *****************
  5003 ;; Defined at:
  5004 ;;		line 1047 in file "Dima_March_2026_BT-V1.c"
  5005 ;; Parameters:    Size  Location     Type
  5006 ;;  x               1    wreg     unsigned char 
  5007 ;;  page            1    8[COMRAM] unsigned char 
  5008 ;; Auto vars:     Size  Location     Type
  5009 ;;  x               1    9[COMRAM] unsigned char 
  5010 ;;  i               1   10[COMRAM] unsigned char 
  5011 ;; Return value:  Size  Location     Type
  5012 ;;                  1    wreg      void 
  5013 ;; Registers used:
  5014 ;;		wreg, status,2, status,0, cstack
  5015 ;; Tracked objects:
  5016 ;;		On entry : 0/0
  5017 ;;		On exit  : 0/0
  5018 ;;		Unchanged: 0/0
  5019 ;; Data sizes:     COMRAM   BANK0   BANK1   BANK2   BANK3   BANK4   BANK5
  5020 ;;      Params:         1       0       0       0       0       0       0
  5021 ;;      Locals:         2       0       0       0       0       0       0
  5022 ;;      Temps:          0       0       0       0       0       0       0
  5023 ;;      Totals:         3       0       0       0       0       0       0
  5024 ;;Total ram usage:        3 bytes
  5025 ;; Hardware stack levels used:    1
  5026 ;; Hardware stack levels required when called:    6
  5027 ;; This function calls:
  5028 ;;		_oled_send_data_byte
  5029 ;;		_oled_send_data_start
  5030 ;;		_oled_send_data_stop
  5031 ;;		_oled_set_cursor
  5032 ;; This function is called by:
  5033 ;;		_oled_draw_graphic_screen
  5034 ;; This function uses a non-reentrant model
  5035 ;;
  5036                           
  5037                           	psect	text25
  5038  002362                     __ptext25:
  5039                           	callstack 0
  5040  002362                     _oled_clear_5x8:
  5041                           	callstack 22
  5042                           
  5043                           ;incstack = 0
  5044                           ;oled_clear_5x8@x stored from wreg
  5045  002362  6E0A               	movwf	oled_clear_5x8@x^0,c
  5046  002364                     
  5047                           ;Dima_March_2026_BT-V1.c: 1047: void oled_clear_5x8(uint8_t x, uint8_t page);Dima_March_
      +                          2026_BT-V1.c: 1048: {;Dima_March_2026_BT-V1.c: 1049:     uint8_t i;;Dima_March_2026_BT-V
      +                          1.c: 1051:     if (x > (128u - 5u))
  5048  002364  0E7B               	movlw	123
  5049  002366  640A               	cpfsgt	oled_clear_5x8@x^0,c
  5050  002368  EFB8  F011         	goto	u1881
  5051  00236C  EFBA  F011         	goto	u1880
  5052  002370                     u1881:
  5053  002370  EFBC  F011         	goto	l2818
  5054  002374                     u1880:
  5055  002374                     
  5056                           ;Dima_March_2026_BT-V1.c: 1052:     {;Dima_March_2026_BT-V1.c: 1053:         x = 128u - 
      +                          5u;
  5057  002374  0E7B               	movlw	123
  5058  002376  6E0A               	movwf	oled_clear_5x8@x^0,c
  5059  002378                     l2818:
  5060                           
  5061                           ;Dima_March_2026_BT-V1.c: 1056:     if (page > (8u - 1u))
  5062  002378  0E07               	movlw	7
  5063  00237A  6409               	cpfsgt	oled_clear_5x8@page^0,c
  5064  00237C  EFC2  F011         	goto	u1891
  5065  002380  EFC4  F011         	goto	u1890
  5066  002384                     u1891:
  5067  002384  EFC6  F011         	goto	l2822
  5068  002388                     u1890:
  5069  002388                     
  5070                           ;Dima_March_2026_BT-V1.c: 1057:     {;Dima_March_2026_BT-V1.c: 1058:         page = 8u -
      +                           1u;
  5071  002388  0E07               	movlw	7
  5072  00238A  6E09               	movwf	oled_clear_5x8@page^0,c
  5073  00238C                     l2822:
  5074                           
  5075                           ;Dima_March_2026_BT-V1.c: 1061:     oled_set_cursor(x, page);
  5076  00238C  C009  F007         	movff	oled_clear_5x8@page,oled_set_cursor@page
  5077  002390  500A               	movf	oled_clear_5x8@x^0,w,c
  5078  002392  EC20  F013         	call	_oled_set_cursor
  5079  002396                     
  5080                           ;Dima_March_2026_BT-V1.c: 1062:     oled_send_data_start();
  5081  002396  EC90  F013         	call	_oled_send_data_start	;wreg free
  5082                           
  5083                           ;Dima_March_2026_BT-V1.c: 1063:     for (i = 0; i < 5u; i++)
  5084  00239A  0E00               	movlw	0
  5085  00239C  6E0B               	movwf	oled_clear_5x8@i^0,c
  5086  00239E                     l2830:
  5087                           
  5088                           ;Dima_March_2026_BT-V1.c: 1064:     {;Dima_March_2026_BT-V1.c: 1065:         oled_send_d
      +                          ata_byte(0x00);
  5089  00239E  0E00               	movlw	0
  5090  0023A0  ECA5  F013         	call	_oled_send_data_byte
  5091  0023A4                     
  5092                           ;Dima_March_2026_BT-V1.c: 1066:     }
  5093  0023A4  2A0B               	incf	oled_clear_5x8@i^0,f,c
  5094  0023A6  0E04               	movlw	4
  5095  0023A8  640B               	cpfsgt	oled_clear_5x8@i^0,c
  5096  0023AA  EFD9  F011         	goto	u1901
  5097  0023AE  EFDB  F011         	goto	u1900
  5098  0023B2                     u1901:
  5099  0023B2  EFCF  F011         	goto	l2830
  5100  0023B6                     u1900:
  5101  0023B6                     
  5102                           ;Dima_March_2026_BT-V1.c: 1067:     oled_send_data_stop();
  5103  0023B6  ECAD  F013         	call	_oled_send_data_stop	;wreg free
  5104  0023BA  0012               	return		;funcret
  5105  0023BC                     __end_of_oled_clear_5x8:
  5106                           	callstack 0
  5107                           
  5108 ;; *************** function _oled_draw_graphic_base *****************
  5109 ;; Defined at:
  5110 ;;		line 1266 in file "Dima_March_2026_BT-V1.c"
  5111 ;; Parameters:    Size  Location     Type
  5112 ;;		None
  5113 ;; Auto vars:     Size  Location     Type
  5114 ;;		None
  5115 ;; Return value:  Size  Location     Type
  5116 ;;                  1    wreg      void 
  5117 ;; Registers used:
  5118 ;;		wreg, fsr0l, fsr0h, status,2, status,0, tblptrl, tblptrh, tblptru, prodl, prodh, cstack
  5119 ;; Tracked objects:
  5120 ;;		On entry : 0/0
  5121 ;;		On exit  : 0/0
  5122 ;;		Unchanged: 0/0
  5123 ;; Data sizes:     COMRAM   BANK0   BANK1   BANK2   BANK3   BANK4   BANK5
  5124 ;;      Params:         0       0       0       0       0       0       0
  5125 ;;      Locals:         0       0       0       0       0       0       0
  5126 ;;      Temps:          0       0       0       0       0       0       0
  5127 ;;      Totals:         0       0       0       0       0       0       0
  5128 ;;Total ram usage:        0 bytes
  5129 ;; Hardware stack levels used:    1
  5130 ;; Hardware stack levels required when called:    8
  5131 ;; This function calls:
  5132 ;;		_oled_clear
  5133 ;;		_oled_draw_brush_bristles
  5134 ;;		_oled_draw_rectangle
  5135 ;;		_oled_draw_text_centered
  5136 ;; This function is called by:
  5137 ;;		_oled_update_screen
  5138 ;; This function uses a non-reentrant model
  5139 ;;
  5140                           
  5141                           	psect	text26
  5142  0025B4                     __ptext26:
  5143                           	callstack 0
  5144  0025B4                     _oled_draw_graphic_base:
  5145                           	callstack 21
  5146  0025B4                     
  5147                           ;Dima_March_2026_BT-V1.c: 1268:     oled_clear();
  5148  0025B4  EC58  F012         	call	_oled_clear	;wreg free
  5149  0025B8                     
  5150                           ;Dima_March_2026_BT-V1.c: 1269:     oled_draw_text_centered(0, "DIMA");
  5151  0025B8  0EA3               	movlw	low STR_1
  5152  0025BA  6E11               	movwf	oled_draw_text_centered@text^0,c
  5153  0025BC  0E06               	movlw	high STR_1
  5154  0025BE  6E12               	movwf	(oled_draw_text_centered@text+1)^0,c
  5155  0025C0  0E00               	movlw	0
  5156  0025C2  ECDB  F00F         	call	_oled_draw_text_centered
  5157  0025C6                     
  5158                           ;Dima_March_2026_BT-V1.c: 1271:     oled_draw_rectangle(24u,
  5159  0025C6  0E02               	movlw	2
  5160  0025C8  6E09               	movwf	oled_draw_rectangle@y_page^0,c
  5161  0025CA  0E50               	movlw	80
  5162  0025CC  6E0A               	movwf	oled_draw_rectangle@width^0,c
  5163  0025CE  0E03               	movlw	3
  5164  0025D0  6E0B               	movwf	oled_draw_rectangle@height_page^0,c
  5165  0025D2  0E18               	movlw	24
  5166  0025D4  EC63  F00A         	call	_oled_draw_rectangle
  5167  0025D8                     
  5168                           ;Dima_March_2026_BT-V1.c: 1276:     oled_draw_brush_bristles(24u,
  5169  0025D8  0E50               	movlw	80
  5170  0025DA  6E09               	movwf	oled_draw_brush_bristles@rect_width^0,c
  5171  0025DC  0E05               	movlw	5
  5172  0025DE  6E0A               	movwf	oled_draw_brush_bristles@bristle_page^0,c
  5173  0025E0  0E18               	movlw	24
  5174  0025E2  EC7A  F00D         	call	_oled_draw_brush_bristles
  5175  0025E6  0012               	return		;funcret
  5176  0025E8                     __end_of_oled_draw_graphic_base:
  5177                           	callstack 0
  5178                           
  5179 ;; *************** function _oled_draw_text_centered *****************
  5180 ;; Defined at:
  5181 ;;		line 871 in file "Dima_March_2026_BT-V1.c"
  5182 ;; Parameters:    Size  Location     Type
  5183 ;;  page            1    wreg     unsigned char 
  5184 ;;  text            2   16[COMRAM] PTR const unsigned char 
  5185 ;;		 -> STR_2(5), oled_draw_old_runtime_screen@linebuf(24), STR_1(5), 
  5186 ;; Auto vars:     Size  Location     Type
  5187 ;;  page            1   22[COMRAM] unsigned char 
  5188 ;;  start_col       1   26[COMRAM] unsigned char 
  5189 ;;  width           1   25[COMRAM] unsigned char 
  5190 ;;  p               2   23[COMRAM] PTR const unsigned char 
  5191 ;;		 -> STR_2(5), oled_draw_old_runtime_screen@linebuf(24), STR_1(5), 
  5192 ;;  len             1   27[COMRAM] unsigned char 
  5193 ;; Return value:  Size  Location     Type
  5194 ;;                  1    wreg      void 
  5195 ;; Registers used:
  5196 ;;		wreg, fsr0l, fsr0h, status,2, status,0, tblptrl, tblptrh, tblptru, prodl, prodh, cstack
  5197 ;; Tracked objects:
  5198 ;;		On entry : 0/0
  5199 ;;		On exit  : 0/0
  5200 ;;		Unchanged: 0/0
  5201 ;; Data sizes:     COMRAM   BANK0   BANK1   BANK2   BANK3   BANK4   BANK5
  5202 ;;      Params:         2       0       0       0       0       0       0
  5203 ;;      Locals:         6       0       0       0       0       0       0
  5204 ;;      Temps:          4       0       0       0       0       0       0
  5205 ;;      Totals:        12       0       0       0       0       0       0
  5206 ;;Total ram usage:       12 bytes
  5207 ;; Hardware stack levels used:    1
  5208 ;; Hardware stack levels required when called:    7
  5209 ;; This function calls:
  5210 ;;		_oled_draw_text
  5211 ;; This function is called by:
  5212 ;;		_oled_draw_old_runtime_screen
  5213 ;;		_oled_draw_graphic_base
  5214 ;; This function uses a non-reentrant model
  5215 ;;
  5216                           
  5217                           	psect	text27
  5218  001FB6                     __ptext27:
  5219                           	callstack 0
  5220  001FB6                     _oled_draw_text_centered:
  5221                           	callstack 21
  5222                           
  5223                           ;incstack = 0
  5224                           ;oled_draw_text_centered@page stored from wreg
  5225  001FB6  6E17               	movwf	oled_draw_text_centered@page^0,c
  5226  001FB8                     
  5227                           ;Dima_March_2026_BT-V1.c: 871: void oled_draw_text_centered(uint8_t page, const char *te
      +                          xt);Dima_March_2026_BT-V1.c: 872: {;Dima_March_2026_BT-V1.c: 873:     uint8_t len = 0u;
  5228  001FB8  0E00               	movlw	0
  5229  001FBA  6E1C               	movwf	oled_draw_text_centered@len^0,c
  5230  001FBC                     
  5231                           ;Dima_March_2026_BT-V1.c: 874:     const char *p = text;
  5232  001FBC  C011  F018         	movff	oled_draw_text_centered@text,oled_draw_text_centered@p
  5233  001FC0  C012  F019         	movff	oled_draw_text_centered@text+1,oled_draw_text_centered@p+1
  5234                           
  5235                           ;Dima_March_2026_BT-V1.c: 876:     while (*p && len < 21u)
  5236  001FC4  EFE7  F00F         	goto	l2716
  5237  001FC8                     l2714:
  5238                           
  5239                           ;Dima_March_2026_BT-V1.c: 877:     {;Dima_March_2026_BT-V1.c: 878:         len++;
  5240  001FC8  2A1C               	incf	oled_draw_text_centered@len^0,f,c
  5241                           
  5242                           ;Dima_March_2026_BT-V1.c: 879:         p++;
  5243  001FCA  4A18               	infsnz	oled_draw_text_centered@p^0,f,c
  5244  001FCC  2A19               	incf	(oled_draw_text_centered@p+1)^0,f,c
  5245  001FCE                     l2716:
  5246                           
  5247                           ;Dima_March_2026_BT-V1.c: 876:     while (*p && len < 21u)
  5248  001FCE  C018  FFF6         	movff	oled_draw_text_centered@p,tblptrl
  5249  001FD2  C019  FFF7         	movff	oled_draw_text_centered@p+1,tblptrh
  5250  001FD6  6AF8               	clrf	tblptru,c
  5251  001FD8  0E05               	movlw	(high __ramtop+-1)
  5252  001FDA  64F7               	cpfsgt	tblptrh,c
  5253  001FDC  D003               	bra	u1807
  5254  001FDE  0008               	tblrd		*
  5255  001FE0  50F5               	movf	tablat,w,c
  5256  001FE2  D005               	bra	u1800
  5257  001FE4                     u1807:
  5258  001FE4  CFF6 FFE9          	movff	tblptrl,fsr0l
  5259  001FE8  CFF7 FFEA          	movff	tblptrh,fsr0h
  5260  001FEC  50EF               	movf	indf0,w,c
  5261  001FEE                     u1800:
  5262  001FEE  0900               	iorlw	0
  5263  001FF0  B4D8               	btfsc	status,2,c
  5264  001FF2  EFFD  F00F         	goto	u1811
  5265  001FF6  EFFF  F00F         	goto	u1810
  5266  001FFA                     u1811:
  5267  001FFA  EF07  F010         	goto	l2720
  5268  001FFE                     u1810:
  5269  001FFE  0E14               	movlw	20
  5270  002000  641C               	cpfsgt	oled_draw_text_centered@len^0,c
  5271  002002  EF05  F010         	goto	u1821
  5272  002006  EF07  F010         	goto	u1820
  5273  00200A                     u1821:
  5274  00200A  EFE4  F00F         	goto	l2714
  5275  00200E                     u1820:
  5276  00200E                     l2720:
  5277                           
  5278                           ;Dima_March_2026_BT-V1.c: 882:     {;Dima_March_2026_BT-V1.c: 883:         uint8_t width
      +                           = (uint8_t)(len * 6u);
  5279  00200E  501C               	movf	oled_draw_text_centered@len^0,w,c
  5280  002010  0D06               	mullw	6
  5281  002012  CFF3 F01A          	movff	prodl,oled_draw_text_centered@width
  5282  002016                     
  5283                           ;Dima_March_2026_BT-V1.c: 884:         uint8_t start_col = (uint8_t)((128u - width) / 2u
      +                          );
  5284  002016  0E80               	movlw	128
  5285  002018  6E13               	movwf	??_oled_draw_text_centered^0,c
  5286  00201A  0E00               	movlw	0
  5287  00201C  6E14               	movwf	(??_oled_draw_text_centered+1)^0,c
  5288  00201E  501A               	movf	oled_draw_text_centered@width^0,w,c
  5289  002020  5E13               	subwf	??_oled_draw_text_centered^0,f,c
  5290  002022  0E00               	movlw	0
  5291  002024  5A14               	subwfb	(??_oled_draw_text_centered+1)^0,f,c
  5292  002026  90D8               	bcf	status,0,c
  5293  002028  3014               	rrcf	(??_oled_draw_text_centered+1)^0,w,c
  5294  00202A  6E16               	movwf	(??_oled_draw_text_centered+3)^0,c
  5295  00202C  3013               	rrcf	??_oled_draw_text_centered^0,w,c
  5296  00202E  6E15               	movwf	(??_oled_draw_text_centered+2)^0,c
  5297  002030  5015               	movf	(??_oled_draw_text_centered+2)^0,w,c
  5298  002032  6E1B               	movwf	oled_draw_text_centered@start_col^0,c
  5299  002034                     
  5300                           ;Dima_March_2026_BT-V1.c: 885:         oled_draw_text(start_col, page, text);
  5301  002034  C017  F00D         	movff	oled_draw_text_centered@page,oled_draw_text@page
  5302  002038  C011  F00E         	movff	oled_draw_text_centered@text,oled_draw_text@text
  5303  00203C  C012  F00F         	movff	oled_draw_text_centered@text+1,oled_draw_text@text+1
  5304  002040  501B               	movf	oled_draw_text_centered@start_col^0,w,c
  5305  002042  ECA9  F010         	call	_oled_draw_text
  5306  002046  0012               	return		;funcret
  5307  002048                     __end_of_oled_draw_text_centered:
  5308                           	callstack 0
  5309                           
  5310 ;; *************** function _oled_draw_text *****************
  5311 ;; Defined at:
  5312 ;;		line 860 in file "Dima_March_2026_BT-V1.c"
  5313 ;; Parameters:    Size  Location     Type
  5314 ;;  col             1    wreg     unsigned char 
  5315 ;;  page            1   12[COMRAM] unsigned char 
  5316 ;;  text            2   13[COMRAM] PTR const unsigned char 
  5317 ;;		 -> STR_2(5), oled_draw_old_runtime_screen@linebuf(24), STR_1(5), 
  5318 ;; Auto vars:     Size  Location     Type
  5319 ;;  col             1   15[COMRAM] unsigned char 
  5320 ;; Return value:  Size  Location     Type
  5321 ;;                  1    wreg      void 
  5322 ;; Registers used:
  5323 ;;		wreg, fsr0l, fsr0h, status,2, status,0, tblptrl, tblptrh, tblptru, prodl, prodh, cstack
  5324 ;; Tracked objects:
  5325 ;;		On entry : 0/0
  5326 ;;		On exit  : 0/0
  5327 ;;		Unchanged: 0/0
  5328 ;; Data sizes:     COMRAM   BANK0   BANK1   BANK2   BANK3   BANK4   BANK5
  5329 ;;      Params:         3       0       0       0       0       0       0
  5330 ;;      Locals:         1       0       0       0       0       0       0
  5331 ;;      Temps:          0       0       0       0       0       0       0
  5332 ;;      Totals:         4       0       0       0       0       0       0
  5333 ;;Total ram usage:        4 bytes
  5334 ;; Hardware stack levels used:    1
  5335 ;; Hardware stack levels required when called:    6
  5336 ;; This function calls:
  5337 ;;		_oled_draw_char
  5338 ;;		_oled_send_data_start
  5339 ;;		_oled_send_data_stop
  5340 ;;		_oled_set_cursor
  5341 ;; This function is called by:
  5342 ;;		_oled_draw_text_centered
  5343 ;;		_oled_draw_old_runtime_screen
  5344 ;; This function uses a non-reentrant model
  5345 ;;
  5346                           
  5347                           	psect	text28
  5348  002152                     __ptext28:
  5349                           	callstack 0
  5350  002152                     _oled_draw_text:
  5351                           	callstack 21
  5352                           
  5353                           ;incstack = 0
  5354                           ;oled_draw_text@col stored from wreg
  5355  002152  6E10               	movwf	oled_draw_text@col^0,c
  5356  002154                     
  5357                           ;Dima_March_2026_BT-V1.c: 860: void oled_draw_text(uint8_t col, uint8_t page, const char
      +                           *text);Dima_March_2026_BT-V1.c: 861: {;Dima_March_2026_BT-V1.c: 862:     oled_set_curso
      +                          r(col, page);
  5358  002154  C00D  F007         	movff	oled_draw_text@page,oled_set_cursor@page
  5359  002158  5010               	movf	oled_draw_text@col^0,w,c
  5360  00215A  EC20  F013         	call	_oled_set_cursor
  5361                           
  5362                           ;Dima_March_2026_BT-V1.c: 863:     oled_send_data_start();
  5363  00215E  EC90  F013         	call	_oled_send_data_start	;wreg free
  5364                           
  5365                           ;Dima_March_2026_BT-V1.c: 864:     while (*text)
  5366  002162  EFC7  F010         	goto	l2580
  5367  002166                     l2576:
  5368                           
  5369                           ;Dima_March_2026_BT-V1.c: 865:     {;Dima_March_2026_BT-V1.c: 866:         oled_draw_cha
      +                          r(*text++);
  5370  002166  C00E  FFF6         	movff	oled_draw_text@text,tblptrl
  5371  00216A  C00F  FFF7         	movff	oled_draw_text@text+1,tblptrh
  5372  00216E  6AF8               	clrf	tblptru,c
  5373  002170  0E05               	movlw	(high __ramtop+-1)
  5374  002172  64F7               	cpfsgt	tblptrh,c
  5375  002174  D003               	bra	u1617
  5376  002176  0008               	tblrd		*
  5377  002178  50F5               	movf	tablat,w,c
  5378  00217A  D005               	bra	u1610
  5379  00217C                     u1617:
  5380  00217C  CFF6 FFE9          	movff	tblptrl,fsr0l
  5381  002180  CFF7 FFEA          	movff	tblptrh,fsr0h
  5382  002184  50EF               	movf	indf0,w,c
  5383  002186                     u1610:
  5384  002186  EC8F  F00F         	call	_oled_draw_char
  5385  00218A  4A0E               	infsnz	oled_draw_text@text^0,f,c
  5386  00218C  2A0F               	incf	(oled_draw_text@text+1)^0,f,c
  5387  00218E                     l2580:
  5388                           
  5389                           ;Dima_March_2026_BT-V1.c: 864:     while (*text)
  5390  00218E  C00E  FFF6         	movff	oled_draw_text@text,tblptrl
  5391  002192  C00F  FFF7         	movff	oled_draw_text@text+1,tblptrh
  5392  002196  6AF8               	clrf	tblptru,c
  5393  002198  0E05               	movlw	(high __ramtop+-1)
  5394  00219A  64F7               	cpfsgt	tblptrh,c
  5395  00219C  D003               	bra	u1627
  5396  00219E  0008               	tblrd		*
  5397  0021A0  50F5               	movf	tablat,w,c
  5398  0021A2  D005               	bra	u1620
  5399  0021A4                     u1627:
  5400  0021A4  CFF6 FFE9          	movff	tblptrl,fsr0l
  5401  0021A8  CFF7 FFEA          	movff	tblptrh,fsr0h
  5402  0021AC  50EF               	movf	indf0,w,c
  5403  0021AE                     u1620:
  5404  0021AE  0900               	iorlw	0
  5405  0021B0  A4D8               	btfss	status,2,c
  5406  0021B2  EFDD  F010         	goto	u1631
  5407  0021B6  EFDF  F010         	goto	u1630
  5408  0021BA                     u1631:
  5409  0021BA  EFB3  F010         	goto	l2576
  5410  0021BE                     u1630:
  5411  0021BE                     
  5412                           ;Dima_March_2026_BT-V1.c: 868:     oled_send_data_stop();
  5413  0021BE  ECAD  F013         	call	_oled_send_data_stop	;wreg free
  5414  0021C2  0012               	return		;funcret
  5415  0021C4                     __end_of_oled_draw_text:
  5416                           	callstack 0
  5417                           
  5418 ;; *************** function _oled_draw_char *****************
  5419 ;; Defined at:
  5420 ;;		line 848 in file "Dima_March_2026_BT-V1.c"
  5421 ;; Parameters:    Size  Location     Type
  5422 ;;  c               1    wreg     unsigned char 
  5423 ;; Auto vars:     Size  Location     Type
  5424 ;;  c               1    9[COMRAM] unsigned char 
  5425 ;;  pattern         2   10[COMRAM] PTR const unsigned char 
  5426 ;;		 -> font_get_pattern@letter_space(5), font_get_pattern@colon_char(5), font_get_pattern@letter_E(5), font_get_pattern
      +@letter_H(5), 
  5427 ;;		 -> font_get_pattern@letter_M(5), font_get_pattern@letter_I(5), font_get_pattern@letter_D(5), font_get_pattern@lette
      +r_U(5), 
  5428 ;;		 -> font_get_pattern@letter_R(5), font_get_pattern@letter_B(5), font_get_pattern@letter_C(5), font_get_pattern@lette
      +r_A(5), 
  5429 ;;		 -> font_get_pattern@letter_V(5), font_get_pattern@letter_O(5), font_get_pattern@letter_T(5), font_get_pattern@digit
      +s(50), 
  5430 ;; Return value:  Size  Location     Type
  5431 ;;                  1    wreg      void 
  5432 ;; Registers used:
  5433 ;;		wreg, status,2, status,0, tblptrl, tblptrh, tblptru, prodl, prodh, cstack
  5434 ;; Tracked objects:
  5435 ;;		On entry : 0/0
  5436 ;;		On exit  : 0/0
  5437 ;;		Unchanged: 0/0
  5438 ;; Data sizes:     COMRAM   BANK0   BANK1   BANK2   BANK3   BANK4   BANK5
  5439 ;;      Params:         0       0       0       0       0       0       0
  5440 ;;      Locals:         3       0       0       0       0       0       0
  5441 ;;      Temps:          2       0       0       0       0       0       0
  5442 ;;      Totals:         5       0       0       0       0       0       0
  5443 ;;Total ram usage:        5 bytes
  5444 ;; Hardware stack levels used:    1
  5445 ;; Hardware stack levels required when called:    5
  5446 ;; This function calls:
  5447 ;;		_font_get_pattern
  5448 ;;		_oled_send_data_byte
  5449 ;; This function is called by:
  5450 ;;		_oled_draw_text
  5451 ;; This function uses a non-reentrant model
  5452 ;;
  5453                           
  5454                           	psect	text29
  5455  001F1E                     __ptext29:
  5456                           	callstack 0
  5457  001F1E                     _oled_draw_char:
  5458                           	callstack 21
  5459                           
  5460                           ;incstack = 0
  5461                           ;oled_draw_char@c stored from wreg
  5462  001F1E  6E0A               	movwf	oled_draw_char@c^0,c
  5463  001F20                     
  5464                           ;Dima_March_2026_BT-V1.c: 848: void oled_draw_char(char c);Dima_March_2026_BT-V1.c: 849:
      +                           {;Dima_March_2026_BT-V1.c: 850:     const uint8_t* pattern = font_get_pattern(c);
  5465  001F20  500A               	movf	oled_draw_char@c^0,w,c
  5466  001F22  ECF9  F008         	call	_font_get_pattern
  5467  001F26  C001  F00B         	movff	?_font_get_pattern,oled_draw_char@pattern
  5468  001F2A  C002  F00C         	movff	?_font_get_pattern+1,oled_draw_char@pattern+1
  5469  001F2E                     
  5470                           ;Dima_March_2026_BT-V1.c: 852:     oled_send_data_byte(pattern[0]);
  5471  001F2E  C00B  FFF6         	movff	oled_draw_char@pattern,tblptrl
  5472  001F32  C00C  FFF7         	movff	oled_draw_char@pattern+1,tblptrh
  5473  001F36                     	if	0	;tblptru may be non-zero
  5474  001F36                     	endif
  5475  001F36                     	if	0	;tblptru may be non-zero
  5476  001F36                     	endif
  5477  001F36  0008               	tblrd		*
  5478  001F38  50F5               	movf	tablat,w,c
  5479  001F3A  ECA5  F013         	call	_oled_send_data_byte
  5480  001F3E                     
  5481                           ;Dima_March_2026_BT-V1.c: 853:     oled_send_data_byte(pattern[1]);
  5482  001F3E  0E01               	movlw	1
  5483  001F40  240B               	addwf	oled_draw_char@pattern^0,w,c
  5484  001F42  6E08               	movwf	??_oled_draw_char^0,c
  5485  001F44  0E00               	movlw	0
  5486  001F46  200C               	addwfc	(oled_draw_char@pattern+1)^0,w,c
  5487  001F48  6E09               	movwf	(??_oled_draw_char+1)^0,c
  5488  001F4A  C008  FFF6         	movff	??_oled_draw_char,tblptrl
  5489  001F4E  C009  FFF7         	movff	??_oled_draw_char+1,tblptrh
  5490  001F52                     	if	0	;tblptru may be non-zero
  5491  001F52                     	endif
  5492  001F52                     	if	0	;tblptru may be non-zero
  5493  001F52                     	endif
  5494  001F52  0008               	tblrd		*
  5495  001F54  50F5               	movf	tablat,w,c
  5496  001F56  ECA5  F013         	call	_oled_send_data_byte
  5497  001F5A                     
  5498                           ;Dima_March_2026_BT-V1.c: 854:     oled_send_data_byte(pattern[2]);
  5499  001F5A  0E02               	movlw	2
  5500  001F5C  240B               	addwf	oled_draw_char@pattern^0,w,c
  5501  001F5E  6E08               	movwf	??_oled_draw_char^0,c
  5502  001F60  0E00               	movlw	0
  5503  001F62  200C               	addwfc	(oled_draw_char@pattern+1)^0,w,c
  5504  001F64  6E09               	movwf	(??_oled_draw_char+1)^0,c
  5505  001F66  C008  FFF6         	movff	??_oled_draw_char,tblptrl
  5506  001F6A  C009  FFF7         	movff	??_oled_draw_char+1,tblptrh
  5507  001F6E                     	if	0	;tblptru may be non-zero
  5508  001F6E                     	endif
  5509  001F6E                     	if	0	;tblptru may be non-zero
  5510  001F6E                     	endif
  5511  001F6E  0008               	tblrd		*
  5512  001F70  50F5               	movf	tablat,w,c
  5513  001F72  ECA5  F013         	call	_oled_send_data_byte
  5514  001F76                     
  5515                           ;Dima_March_2026_BT-V1.c: 855:     oled_send_data_byte(pattern[3]);
  5516  001F76  0E03               	movlw	3
  5517  001F78  240B               	addwf	oled_draw_char@pattern^0,w,c
  5518  001F7A  6E08               	movwf	??_oled_draw_char^0,c
  5519  001F7C  0E00               	movlw	0
  5520  001F7E  200C               	addwfc	(oled_draw_char@pattern+1)^0,w,c
  5521  001F80  6E09               	movwf	(??_oled_draw_char+1)^0,c
  5522  001F82  C008  FFF6         	movff	??_oled_draw_char,tblptrl
  5523  001F86  C009  FFF7         	movff	??_oled_draw_char+1,tblptrh
  5524  001F8A                     	if	0	;tblptru may be non-zero
  5525  001F8A                     	endif
  5526  001F8A                     	if	0	;tblptru may be non-zero
  5527  001F8A                     	endif
  5528  001F8A  0008               	tblrd		*
  5529  001F8C  50F5               	movf	tablat,w,c
  5530  001F8E  ECA5  F013         	call	_oled_send_data_byte
  5531  001F92                     
  5532                           ;Dima_March_2026_BT-V1.c: 856:     oled_send_data_byte(pattern[4]);
  5533  001F92  0E04               	movlw	4
  5534  001F94  240B               	addwf	oled_draw_char@pattern^0,w,c
  5535  001F96  6E08               	movwf	??_oled_draw_char^0,c
  5536  001F98  0E00               	movlw	0
  5537  001F9A  200C               	addwfc	(oled_draw_char@pattern+1)^0,w,c
  5538  001F9C  6E09               	movwf	(??_oled_draw_char+1)^0,c
  5539  001F9E  C008  FFF6         	movff	??_oled_draw_char,tblptrl
  5540  001FA2  C009  FFF7         	movff	??_oled_draw_char+1,tblptrh
  5541  001FA6                     	if	0	;tblptru may be non-zero
  5542  001FA6                     	endif
  5543  001FA6                     	if	0	;tblptru may be non-zero
  5544  001FA6                     	endif
  5545  001FA6  0008               	tblrd		*
  5546  001FA8  50F5               	movf	tablat,w,c
  5547  001FAA  ECA5  F013         	call	_oled_send_data_byte
  5548  001FAE                     
  5549                           ;Dima_March_2026_BT-V1.c: 857:     oled_send_data_byte(0x00);
  5550  001FAE  0E00               	movlw	0
  5551  001FB0  ECA5  F013         	call	_oled_send_data_byte
  5552  001FB4  0012               	return		;funcret
  5553  001FB6                     __end_of_oled_draw_char:
  5554                           	callstack 0
  5555                           
  5556 ;; *************** function _oled_draw_rectangle *****************
  5557 ;; Defined at:
  5558 ;;		line 1070 in file "Dima_March_2026_BT-V1.c"
  5559 ;; Parameters:    Size  Location     Type
  5560 ;;  x               1    wreg     unsigned char 
  5561 ;;  y_page          1    8[COMRAM] unsigned char 
  5562 ;;  width           1    9[COMRAM] unsigned char 
  5563 ;;  height_page     1   10[COMRAM] unsigned char 
  5564 ;; Auto vars:     Size  Location     Type
  5565 ;;  x               1   13[COMRAM] unsigned char 
  5566 ;;  i               1   14[COMRAM] unsigned char 
  5567 ;; Return value:  Size  Location     Type
  5568 ;;                  1    wreg      void 
  5569 ;; Registers used:
  5570 ;;		wreg, status,2, status,0, cstack
  5571 ;; Tracked objects:
  5572 ;;		On entry : 0/0
  5573 ;;		On exit  : 0/0
  5574 ;;		Unchanged: 0/0
  5575 ;; Data sizes:     COMRAM   BANK0   BANK1   BANK2   BANK3   BANK4   BANK5
  5576 ;;      Params:         3       0       0       0       0       0       0
  5577 ;;      Locals:         2       0       0       0       0       0       0
  5578 ;;      Temps:          2       0       0       0       0       0       0
  5579 ;;      Totals:         7       0       0       0       0       0       0
  5580 ;;Total ram usage:        7 bytes
  5581 ;; Hardware stack levels used:    1
  5582 ;; Hardware stack levels required when called:    6
  5583 ;; This function calls:
  5584 ;;		_oled_send_data_byte
  5585 ;;		_oled_send_data_start
  5586 ;;		_oled_send_data_stop
  5587 ;;		_oled_set_cursor
  5588 ;; This function is called by:
  5589 ;;		_oled_draw_graphic_base
  5590 ;; This function uses a non-reentrant model
  5591 ;;
  5592                           
  5593                           	psect	text30
  5594  0014C6                     __ptext30:
  5595                           	callstack 0
  5596  0014C6                     _oled_draw_rectangle:
  5597                           	callstack 22
  5598                           
  5599                           ;incstack = 0
  5600                           ;oled_draw_rectangle@x stored from wreg
  5601  0014C6  6E0E               	movwf	oled_draw_rectangle@x^0,c
  5602  0014C8                     
  5603                           ;Dima_March_2026_BT-V1.c: 1070: void oled_draw_rectangle(uint8_t x, uint8_t y_page, uint
      +                          8_t width, uint8_t height_page);Dima_March_2026_BT-V1.c: 1071: {;Dima_March_2026_BT-V1.c
      +                          : 1072:     uint8_t i;;Dima_March_2026_BT-V1.c: 1074:     if (width == 0u || height_page
      +                           == 0u) return;
  5604  0014C8  500A               	movf	oled_draw_rectangle@width^0,w,c
  5605  0014CA  B4D8               	btfsc	status,2,c
  5606  0014CC  EF6A  F00A         	goto	u1911
  5607  0014D0  EF6C  F00A         	goto	u1910
  5608  0014D4                     u1911:
  5609  0014D4  EF00  F00B         	goto	l407
  5610  0014D8                     u1910:
  5611  0014D8  500B               	movf	oled_draw_rectangle@height_page^0,w,c
  5612  0014DA  A4D8               	btfss	status,2,c
  5613  0014DC  EF72  F00A         	goto	u1921
  5614  0014E0  EF74  F00A         	goto	u1920
  5615  0014E4                     u1921:
  5616  0014E4  EF76  F00A         	goto	l2842
  5617  0014E8                     u1920:
  5618  0014E8  EF00  F00B         	goto	l407
  5619  0014EC                     l2842:
  5620                           
  5621                           ;Dima_March_2026_BT-V1.c: 1075:     if ((uint16_t)x + width > 128u) return;
  5622  0014EC  500A               	movf	oled_draw_rectangle@width^0,w,c
  5623  0014EE  C00E  F00C         	movff	oled_draw_rectangle@x,??_oled_draw_rectangle
  5624  0014F2  6A0D               	clrf	(??_oled_draw_rectangle+1)^0,c
  5625  0014F4  260C               	addwf	??_oled_draw_rectangle^0,f,c
  5626  0014F6  0E00               	movlw	0
  5627  0014F8  220D               	addwfc	(??_oled_draw_rectangle+1)^0,f,c
  5628  0014FA  500D               	movf	(??_oled_draw_rectangle+1)^0,w,c
  5629  0014FC  E109               	bnz	u1930
  5630  0014FE  0E81               	movlw	129
  5631  001500  5C0C               	subwf	??_oled_draw_rectangle^0,w,c
  5632  001502  A0D8               	btfss	status,0,c
  5633  001504  EF86  F00A         	goto	u1931
  5634  001508  EF88  F00A         	goto	u1930
  5635  00150C                     u1931:
  5636  00150C  EF8A  F00A         	goto	l2846
  5637  001510                     u1930:
  5638  001510  EF00  F00B         	goto	l407
  5639  001514                     l2846:
  5640                           
  5641                           ;Dima_March_2026_BT-V1.c: 1076:     if ((uint16_t)y_page + height_page > 8u) return;
  5642  001514  500B               	movf	oled_draw_rectangle@height_page^0,w,c
  5643  001516  C009  F00C         	movff	oled_draw_rectangle@y_page,??_oled_draw_rectangle
  5644  00151A  6A0D               	clrf	(??_oled_draw_rectangle+1)^0,c
  5645  00151C  260C               	addwf	??_oled_draw_rectangle^0,f,c
  5646  00151E  0E00               	movlw	0
  5647  001520  220D               	addwfc	(??_oled_draw_rectangle+1)^0,f,c
  5648  001522  500D               	movf	(??_oled_draw_rectangle+1)^0,w,c
  5649  001524  E109               	bnz	u1940
  5650  001526  0E09               	movlw	9
  5651  001528  5C0C               	subwf	??_oled_draw_rectangle^0,w,c
  5652  00152A  A0D8               	btfss	status,0,c
  5653  00152C  EF9A  F00A         	goto	u1941
  5654  001530  EF9C  F00A         	goto	u1940
  5655  001534                     u1941:
  5656  001534  EF9E  F00A         	goto	l2850
  5657  001538                     u1940:
  5658  001538  EF00  F00B         	goto	l407
  5659  00153C                     l2850:
  5660                           
  5661                           ;Dima_March_2026_BT-V1.c: 1078:     oled_set_cursor(x, y_page);
  5662  00153C  C009  F007         	movff	oled_draw_rectangle@y_page,oled_set_cursor@page
  5663  001540  500E               	movf	oled_draw_rectangle@x^0,w,c
  5664  001542  EC20  F013         	call	_oled_set_cursor
  5665                           
  5666                           ;Dima_March_2026_BT-V1.c: 1079:     oled_send_data_start();
  5667  001546  EC90  F013         	call	_oled_send_data_start	;wreg free
  5668  00154A                     
  5669                           ;Dima_March_2026_BT-V1.c: 1080:     for (i = 0; i < width; i++)
  5670  00154A  0E00               	movlw	0
  5671  00154C  6E0F               	movwf	oled_draw_rectangle@i^0,c
  5672  00154E  EFAD  F00A         	goto	l2858
  5673  001552                     l2854:
  5674                           
  5675                           ;Dima_March_2026_BT-V1.c: 1081:     {;Dima_March_2026_BT-V1.c: 1082:         oled_send_d
      +                          ata_byte(0x01);
  5676  001552  0E01               	movlw	1
  5677  001554  ECA5  F013         	call	_oled_send_data_byte
  5678  001558                     
  5679                           ;Dima_March_2026_BT-V1.c: 1083:     }
  5680  001558  2A0F               	incf	oled_draw_rectangle@i^0,f,c
  5681  00155A                     l2858:
  5682  00155A  500A               	movf	oled_draw_rectangle@width^0,w,c
  5683  00155C  5C0F               	subwf	oled_draw_rectangle@i^0,w,c
  5684  00155E  A0D8               	btfss	status,0,c
  5685  001560  EFB4  F00A         	goto	u1951
  5686  001564  EFB6  F00A         	goto	u1950
  5687  001568                     u1951:
  5688  001568  EFA9  F00A         	goto	l2854
  5689  00156C                     u1950:
  5690  00156C                     
  5691                           ;Dima_March_2026_BT-V1.c: 1084:     oled_send_data_stop();
  5692  00156C  ECAD  F013         	call	_oled_send_data_stop	;wreg free
  5693                           
  5694                           ;Dima_March_2026_BT-V1.c: 1086:     oled_set_cursor(x, (uint8_t)(y_page + height_page - 
      +                          1u));
  5695  001570  5009               	movf	oled_draw_rectangle@y_page^0,w,c
  5696  001572  240B               	addwf	oled_draw_rectangle@height_page^0,w,c
  5697  001574  6E0C               	movwf	??_oled_draw_rectangle^0,c
  5698  001576  040C               	decf	??_oled_draw_rectangle^0,w,c
  5699  001578  6E07               	movwf	oled_set_cursor@page^0,c
  5700  00157A  500E               	movf	oled_draw_rectangle@x^0,w,c
  5701  00157C  EC20  F013         	call	_oled_set_cursor
  5702                           
  5703                           ;Dima_March_2026_BT-V1.c: 1087:     oled_send_data_start();
  5704  001580  EC90  F013         	call	_oled_send_data_start	;wreg free
  5705  001584                     
  5706                           ;Dima_March_2026_BT-V1.c: 1088:     for (i = 0; i < width; i++)
  5707  001584  0E00               	movlw	0
  5708  001586  6E0F               	movwf	oled_draw_rectangle@i^0,c
  5709  001588  EFCA  F00A         	goto	l2868
  5710  00158C                     l2864:
  5711                           
  5712                           ;Dima_March_2026_BT-V1.c: 1089:     {;Dima_March_2026_BT-V1.c: 1090:         oled_send_d
      +                          ata_byte(0x80);
  5713  00158C  0E80               	movlw	128
  5714  00158E  ECA5  F013         	call	_oled_send_data_byte
  5715  001592                     
  5716                           ;Dima_March_2026_BT-V1.c: 1091:     }
  5717  001592  2A0F               	incf	oled_draw_rectangle@i^0,f,c
  5718  001594                     l2868:
  5719  001594  500A               	movf	oled_draw_rectangle@width^0,w,c
  5720  001596  5C0F               	subwf	oled_draw_rectangle@i^0,w,c
  5721  001598  A0D8               	btfss	status,0,c
  5722  00159A  EFD1  F00A         	goto	u1961
  5723  00159E  EFD3  F00A         	goto	u1960
  5724  0015A2                     u1961:
  5725  0015A2  EFC6  F00A         	goto	l2864
  5726  0015A6                     u1960:
  5727  0015A6                     
  5728                           ;Dima_March_2026_BT-V1.c: 1092:     oled_send_data_stop();
  5729  0015A6  ECAD  F013         	call	_oled_send_data_stop	;wreg free
  5730  0015AA                     
  5731                           ;Dima_March_2026_BT-V1.c: 1094:     for (i = 0; i < height_page; i++)
  5732  0015AA  0E00               	movlw	0
  5733  0015AC  6E0F               	movwf	oled_draw_rectangle@i^0,c
  5734  0015AE  EFF7  F00A         	goto	l2878
  5735  0015B2                     l2874:
  5736                           
  5737                           ;Dima_March_2026_BT-V1.c: 1095:     {;Dima_March_2026_BT-V1.c: 1096:         oled_set_cu
      +                          rsor(x, (uint8_t)(y_page + i));
  5738  0015B2  5009               	movf	oled_draw_rectangle@y_page^0,w,c
  5739  0015B4  240F               	addwf	oled_draw_rectangle@i^0,w,c
  5740  0015B6  6E07               	movwf	oled_set_cursor@page^0,c
  5741  0015B8  500E               	movf	oled_draw_rectangle@x^0,w,c
  5742  0015BA  EC20  F013         	call	_oled_set_cursor
  5743                           
  5744                           ;Dima_March_2026_BT-V1.c: 1097:         oled_send_data_start();
  5745  0015BE  EC90  F013         	call	_oled_send_data_start	;wreg free
  5746                           
  5747                           ;Dima_March_2026_BT-V1.c: 1098:         oled_send_data_byte(0xFF);
  5748  0015C2  0EFF               	movlw	255
  5749  0015C4  ECA5  F013         	call	_oled_send_data_byte
  5750                           
  5751                           ;Dima_March_2026_BT-V1.c: 1099:         oled_send_data_stop();
  5752  0015C8  ECAD  F013         	call	_oled_send_data_stop	;wreg free
  5753                           
  5754                           ;Dima_March_2026_BT-V1.c: 1101:         oled_set_cursor((uint8_t)(x + width - 1u), (uint
      +                          8_t)(y_page + i));
  5755  0015CC  5009               	movf	oled_draw_rectangle@y_page^0,w,c
  5756  0015CE  240F               	addwf	oled_draw_rectangle@i^0,w,c
  5757  0015D0  6E07               	movwf	oled_set_cursor@page^0,c
  5758  0015D2  500E               	movf	oled_draw_rectangle@x^0,w,c
  5759  0015D4  240A               	addwf	oled_draw_rectangle@width^0,w,c
  5760  0015D6  6E0C               	movwf	??_oled_draw_rectangle^0,c
  5761  0015D8  040C               	decf	??_oled_draw_rectangle^0,w,c
  5762  0015DA  EC20  F013         	call	_oled_set_cursor
  5763                           
  5764                           ;Dima_March_2026_BT-V1.c: 1102:         oled_send_data_start();
  5765  0015DE  EC90  F013         	call	_oled_send_data_start	;wreg free
  5766                           
  5767                           ;Dima_March_2026_BT-V1.c: 1103:         oled_send_data_byte(0xFF);
  5768  0015E2  0EFF               	movlw	255
  5769  0015E4  ECA5  F013         	call	_oled_send_data_byte
  5770                           
  5771                           ;Dima_March_2026_BT-V1.c: 1104:         oled_send_data_stop();
  5772  0015E8  ECAD  F013         	call	_oled_send_data_stop	;wreg free
  5773  0015EC                     
  5774                           ;Dima_March_2026_BT-V1.c: 1105:     }
  5775  0015EC  2A0F               	incf	oled_draw_rectangle@i^0,f,c
  5776  0015EE                     l2878:
  5777  0015EE  500B               	movf	oled_draw_rectangle@height_page^0,w,c
  5778  0015F0  5C0F               	subwf	oled_draw_rectangle@i^0,w,c
  5779  0015F2  A0D8               	btfss	status,0,c
  5780  0015F4  EFFE  F00A         	goto	u1971
  5781  0015F8  EF00  F00B         	goto	u1970
  5782  0015FC                     u1971:
  5783  0015FC  EFD9  F00A         	goto	l2874
  5784  001600                     u1970:
  5785  001600                     l407:
  5786  001600  0012               	return		;funcret
  5787  001602                     __end_of_oled_draw_rectangle:
  5788                           	callstack 0
  5789                           
  5790 ;; *************** function _oled_draw_brush_bristles *****************
  5791 ;; Defined at:
  5792 ;;		line 1108 in file "Dima_March_2026_BT-V1.c"
  5793 ;; Parameters:    Size  Location     Type
  5794 ;;  rect_x          1    wreg     unsigned char 
  5795 ;;  rect_width      1    8[COMRAM] unsigned char 
  5796 ;;  bristle_page    1    9[COMRAM] unsigned char 
  5797 ;; Auto vars:     Size  Location     Type
  5798 ;;  rect_x          1   13[COMRAM] unsigned char 
  5799 ;;  x               1   14[COMRAM] unsigned char 
  5800 ;;  inner_end_x     1   12[COMRAM] unsigned char 
  5801 ;;  inner_start_    1   11[COMRAM] unsigned char 
  5802 ;; Return value:  Size  Location     Type
  5803 ;;                  1    wreg      void 
  5804 ;; Registers used:
  5805 ;;		wreg, status,2, status,0, cstack
  5806 ;; Tracked objects:
  5807 ;;		On entry : 0/0
  5808 ;;		On exit  : 0/0
  5809 ;;		Unchanged: 0/0
  5810 ;; Data sizes:     COMRAM   BANK0   BANK1   BANK2   BANK3   BANK4   BANK5
  5811 ;;      Params:         2       0       0       0       0       0       0
  5812 ;;      Locals:         4       0       0       0       0       0       0
  5813 ;;      Temps:          1       0       0       0       0       0       0
  5814 ;;      Totals:         7       0       0       0       0       0       0
  5815 ;;Total ram usage:        7 bytes
  5816 ;; Hardware stack levels used:    1
  5817 ;; Hardware stack levels required when called:    6
  5818 ;; This function calls:
  5819 ;;		_oled_send_data_byte
  5820 ;;		_oled_send_data_start
  5821 ;;		_oled_send_data_stop
  5822 ;;		_oled_set_cursor
  5823 ;; This function is called by:
  5824 ;;		_oled_draw_graphic_base
  5825 ;; This function uses a non-reentrant model
  5826 ;;
  5827                           
  5828                           	psect	text31
  5829  001AF4                     __ptext31:
  5830                           	callstack 0
  5831  001AF4                     _oled_draw_brush_bristles:
  5832                           	callstack 22
  5833                           
  5834                           ;incstack = 0
  5835                           ;oled_draw_brush_bristles@rect_x stored from wreg
  5836  001AF4  6E0E               	movwf	oled_draw_brush_bristles@rect_x^0,c
  5837  001AF6                     
  5838                           ;Dima_March_2026_BT-V1.c: 1108: void oled_draw_brush_bristles(uint8_t rect_x, uint8_t re
      +                          ct_width, uint8_t bristle_page);Dima_March_2026_BT-V1.c: 1109: {;Dima_March_2026_BT-V1.c
      +                          : 1110:     uint8_t inner_start_x;;Dima_March_2026_BT-V1.c: 1111:     uint8_t inner_end_
      +                          x;;Dima_March_2026_BT-V1.c: 1112:     uint8_t x;;Dima_March_2026_BT-V1.c: 1114:     if (
      +                          bristle_page >= 8u) return;
  5839  001AF6  0E07               	movlw	7
  5840  001AF8  640A               	cpfsgt	oled_draw_brush_bristles@bristle_page^0,c
  5841  001AFA  EF81  F00D         	goto	u1981
  5842  001AFE  EF83  F00D         	goto	u1980
  5843  001B02                     u1981:
  5844  001B02  EF85  F00D         	goto	l2884
  5845  001B06                     u1980:
  5846  001B06  EFDB  F00D         	goto	l422
  5847  001B0A                     l2884:
  5848                           
  5849                           ;Dima_March_2026_BT-V1.c: 1115:     if (rect_width < 10u) return;
  5850  001B0A  0E0A               	movlw	10
  5851  001B0C  6009               	cpfslt	oled_draw_brush_bristles@rect_width^0,c
  5852  001B0E  EF8B  F00D         	goto	u1991
  5853  001B12  EF8D  F00D         	goto	u1990
  5854  001B16                     u1991:
  5855  001B16  EF8F  F00D         	goto	l2888
  5856  001B1A                     u1990:
  5857  001B1A  EFDB  F00D         	goto	l422
  5858  001B1E                     l2888:
  5859                           
  5860                           ;Dima_March_2026_BT-V1.c: 1117:     inner_start_x = (uint8_t)(rect_x + 6u);
  5861  001B1E  500E               	movf	oled_draw_brush_bristles@rect_x^0,w,c
  5862  001B20  0F06               	addlw	6
  5863  001B22  6E0C               	movwf	oled_draw_brush_bristles@inner_start_x^0,c
  5864                           
  5865                           ;Dima_March_2026_BT-V1.c: 1118:     inner_end_x = (uint8_t)(rect_x + rect_width - 7u);
  5866  001B24  500E               	movf	oled_draw_brush_bristles@rect_x^0,w,c
  5867  001B26  2409               	addwf	oled_draw_brush_bristles@rect_width^0,w,c
  5868  001B28  0FF9               	addlw	249
  5869  001B2A  6E0D               	movwf	oled_draw_brush_bristles@inner_end_x^0,c
  5870  001B2C                     
  5871                           ;Dima_March_2026_BT-V1.c: 1120:     oled_set_cursor(rect_x, bristle_page);
  5872  001B2C  C00A  F007         	movff	oled_draw_brush_bristles@bristle_page,oled_set_cursor@page
  5873  001B30  500E               	movf	oled_draw_brush_bristles@rect_x^0,w,c
  5874  001B32  EC20  F013         	call	_oled_set_cursor
  5875  001B36                     
  5876                           ;Dima_March_2026_BT-V1.c: 1121:     oled_send_data_start();
  5877  001B36  EC90  F013         	call	_oled_send_data_start	;wreg free
  5878  001B3A                     
  5879                           ;Dima_March_2026_BT-V1.c: 1122:     for (x = 0u; x < rect_width; x++)
  5880  001B3A  0E00               	movlw	0
  5881  001B3C  6E0F               	movwf	oled_draw_brush_bristles@x^0,c
  5882  001B3E  EFA5  F00D         	goto	l2900
  5883  001B42                     l2896:
  5884                           
  5885                           ;Dima_March_2026_BT-V1.c: 1123:     {;Dima_March_2026_BT-V1.c: 1124:         oled_send_d
      +                          ata_byte(0x00);
  5886  001B42  0E00               	movlw	0
  5887  001B44  ECA5  F013         	call	_oled_send_data_byte
  5888  001B48                     
  5889                           ;Dima_March_2026_BT-V1.c: 1125:     }
  5890  001B48  2A0F               	incf	oled_draw_brush_bristles@x^0,f,c
  5891  001B4A                     l2900:
  5892  001B4A  5009               	movf	oled_draw_brush_bristles@rect_width^0,w,c
  5893  001B4C  5C0F               	subwf	oled_draw_brush_bristles@x^0,w,c
  5894  001B4E  A0D8               	btfss	status,0,c
  5895  001B50  EFAC  F00D         	goto	u2001
  5896  001B54  EFAE  F00D         	goto	u2000
  5897  001B58                     u2001:
  5898  001B58  EFA1  F00D         	goto	l2896
  5899  001B5C                     u2000:
  5900  001B5C                     
  5901                           ;Dima_March_2026_BT-V1.c: 1126:     oled_send_data_stop();
  5902  001B5C  ECAD  F013         	call	_oled_send_data_stop	;wreg free
  5903  001B60                     
  5904                           ;Dima_March_2026_BT-V1.c: 1128:     for (x = inner_start_x; x <= inner_end_x; x = (uint8
      +                          _t)(x + 4u))
  5905  001B60  C00C  F00F         	movff	oled_draw_brush_bristles@inner_start_x,oled_draw_brush_bristles@x
  5906  001B64  EFD2  F00D         	goto	l2914
  5907  001B68                     l2906:
  5908                           
  5909                           ;Dima_March_2026_BT-V1.c: 1129:     {;Dima_March_2026_BT-V1.c: 1130:         oled_set_cu
      +                          rsor(x, bristle_page);
  5910  001B68  C00A  F007         	movff	oled_draw_brush_bristles@bristle_page,oled_set_cursor@page
  5911  001B6C  500F               	movf	oled_draw_brush_bristles@x^0,w,c
  5912  001B6E  EC20  F013         	call	_oled_set_cursor
  5913                           
  5914                           ;Dima_March_2026_BT-V1.c: 1131:         oled_send_data_start();
  5915  001B72  EC90  F013         	call	_oled_send_data_start	;wreg free
  5916                           
  5917                           ;Dima_March_2026_BT-V1.c: 1132:         oled_send_data_byte(0xF8);
  5918  001B76  0EF8               	movlw	248
  5919  001B78  ECA5  F013         	call	_oled_send_data_byte
  5920  001B7C                     
  5921                           ;Dima_March_2026_BT-V1.c: 1133:         if ((uint8_t)(x + 1u) < 128u)
  5922  001B7C  C00F  F00B         	movff	oled_draw_brush_bristles@x,??_oled_draw_brush_bristles
  5923  001B80  0E01               	movlw	1
  5924  001B82  260B               	addwf	??_oled_draw_brush_bristles^0,f,c
  5925  001B84  0E80               	movlw	128
  5926  001B86  600B               	cpfslt	??_oled_draw_brush_bristles^0,c
  5927  001B88  EFC8  F00D         	goto	u2011
  5928  001B8C  EFCA  F00D         	goto	u2010
  5929  001B90                     u2011:
  5930  001B90  EFCD  F00D         	goto	l429
  5931  001B94                     u2010:
  5932  001B94                     
  5933                           ;Dima_March_2026_BT-V1.c: 1134:         {;Dima_March_2026_BT-V1.c: 1135:             ole
      +                          d_send_data_byte(0xF8);
  5934  001B94  0EF8               	movlw	248
  5935  001B96  ECA5  F013         	call	_oled_send_data_byte
  5936  001B9A                     l429:
  5937                           
  5938                           ;Dima_March_2026_BT-V1.c: 1137:         oled_send_data_stop();
  5939  001B9A  ECAD  F013         	call	_oled_send_data_stop	;wreg free
  5940  001B9E                     
  5941                           ;Dima_March_2026_BT-V1.c: 1138:     }
  5942  001B9E  500F               	movf	oled_draw_brush_bristles@x^0,w,c
  5943  001BA0  0F04               	addlw	4
  5944  001BA2  6E0F               	movwf	oled_draw_brush_bristles@x^0,c
  5945  001BA4                     l2914:
  5946  001BA4  500F               	movf	oled_draw_brush_bristles@x^0,w,c
  5947  001BA6  5C0D               	subwf	oled_draw_brush_bristles@inner_end_x^0,w,c
  5948  001BA8  B0D8               	btfsc	status,0,c
  5949  001BAA  EFD9  F00D         	goto	u2021
  5950  001BAE  EFDB  F00D         	goto	u2020
  5951  001BB2                     u2021:
  5952  001BB2  EFB4  F00D         	goto	l2906
  5953  001BB6                     u2020:
  5954  001BB6                     l422:
  5955  001BB6  0012               	return		;funcret
  5956  001BB8                     __end_of_oled_draw_brush_bristles:
  5957                           	callstack 0
  5958                           
  5959 ;; *************** function _oled_show_boot_screen *****************
  5960 ;; Defined at:
  5961 ;;		line 1327 in file "Dima_March_2026_BT-V1.c"
  5962 ;; Parameters:    Size  Location     Type
  5963 ;;		None
  5964 ;; Auto vars:     Size  Location     Type
  5965 ;;  text_width      1   52[COMRAM] const unsigned char 
  5966 ;;  start_col       1   51[COMRAM] const unsigned char 
  5967 ;;  i               1   50[COMRAM] unsigned char 
  5968 ;;  underline_pa    1   49[COMRAM] const unsigned char 
  5969 ;;  top_page        1    0        const unsigned char 
  5970 ;;  char_advance    1   47[COMRAM] const unsigned char 
  5971 ;;  num_chars       1    0        const unsigned char 
  5972 ;; Return value:  Size  Location     Type
  5973 ;;                  1    wreg      void 
  5974 ;; Registers used:
  5975 ;;		wreg, fsr2l, fsr2h, status,2, status,0, tblptrl, tblptrh, tblptru, prodl, prodh, cstack
  5976 ;; Tracked objects:
  5977 ;;		On entry : 0/0
  5978 ;;		On exit  : 0/0
  5979 ;;		Unchanged: 0/0
  5980 ;; Data sizes:     COMRAM   BANK0   BANK1   BANK2   BANK3   BANK4   BANK5
  5981 ;;      Params:         0       0       0       0       0       0       0
  5982 ;;      Locals:         7       0       0       0       0       0       0
  5983 ;;      Temps:          0       0       0       0       0       0       0
  5984 ;;      Totals:         7       0       0       0       0       0       0
  5985 ;;Total ram usage:        7 bytes
  5986 ;; Hardware stack levels used:    1
  5987 ;; Hardware stack levels required when called:    8
  5988 ;; This function calls:
  5989 ;;		_oled_clear
  5990 ;;		_oled_draw_text_huge
  5991 ;;		_oled_draw_underline_animated
  5992 ;;		_oled_send_command
  5993 ;;		_oled_send_data_byte
  5994 ;;		_oled_send_data_start
  5995 ;;		_oled_send_data_stop
  5996 ;;		_oled_set_cursor
  5997 ;; This function is called by:
  5998 ;;		_main
  5999 ;; This function uses a non-reentrant model
  6000 ;;
  6001                           
  6002                           	psect	text32
  6003  001D2E                     __ptext32:
  6004                           	callstack 0
  6005  001D2E                     _oled_show_boot_screen:
  6006                           	callstack 22
  6007  001D2E                     
  6008                           ;Dima_March_2026_BT-V1.c: 1330:     const uint8_t char_advance = 24u;
  6009  001D2E  0E18               	movlw	24
  6010  001D30  6E30               	movwf	oled_show_boot_screen@char_advance^0,c
  6011  001D32                     
  6012                           ;Dima_March_2026_BT-V1.c: 1331:     const uint8_t text_width = (uint8_t)(char_advance * 
      +                          num_chars - 4u);
  6013  001D32  0E5C               	movlw	92
  6014  001D34  6E35               	movwf	oled_show_boot_screen@text_width^0,c
  6015  001D36                     
  6016                           ;Dima_March_2026_BT-V1.c: 1332:     const uint8_t start_col = (uint8_t)((128u - text_wid
      +                          th) / 2u);
  6017  001D36  0E12               	movlw	18
  6018  001D38  6E34               	movwf	oled_show_boot_screen@start_col^0,c
  6019  001D3A                     
  6020                           ;Dima_March_2026_BT-V1.c: 1334:     const uint8_t underline_page = 6u;
  6021  001D3A  0E06               	movlw	6
  6022  001D3C  6E32               	movwf	oled_show_boot_screen@underline_page^0,c
  6023  001D3E                     
  6024                           ;Dima_March_2026_BT-V1.c: 1335:     uint8_t i;;Dima_March_2026_BT-V1.c: 1337:     oled_s
      +                          end_command(0xAE);
  6025  001D3E  0EAE               	movlw	174
  6026  001D40  EC31  F013         	call	_oled_send_command
  6027  001D44                     
  6028                           ;Dima_March_2026_BT-V1.c: 1338:     oled_clear();
  6029  001D44  EC58  F012         	call	_oled_clear	;wreg free
  6030  001D48                     
  6031                           ;Dima_March_2026_BT-V1.c: 1340:     oled_draw_text_huge(start_col, top_page, "DIMA");
  6032  001D48  0E02               	movlw	2
  6033  001D4A  6E29               	movwf	oled_draw_text_huge@page^0,c
  6034  001D4C  0EA3               	movlw	low STR_1
  6035  001D4E  6E2A               	movwf	oled_draw_text_huge@text^0,c
  6036  001D50  0E06               	movlw	high STR_1
  6037  001D52  6E2B               	movwf	(oled_draw_text_huge@text+1)^0,c
  6038  001D54  0E12               	movlw	18
  6039  001D56  EC3D  F00E         	call	_oled_draw_text_huge
  6040  001D5A                     
  6041                           ;Dima_March_2026_BT-V1.c: 1342:     oled_set_cursor(start_col, underline_page);
  6042  001D5A  0E06               	movlw	6
  6043  001D5C  6E07               	movwf	oled_set_cursor@page^0,c
  6044  001D5E  0E12               	movlw	18
  6045  001D60  EC20  F013         	call	_oled_set_cursor
  6046  001D64                     
  6047                           ;Dima_March_2026_BT-V1.c: 1343:     oled_send_data_start();
  6048  001D64  EC90  F013         	call	_oled_send_data_start	;wreg free
  6049  001D68                     
  6050                           ;Dima_March_2026_BT-V1.c: 1344:     for (i = 0; i < text_width; i++)
  6051  001D68  0E00               	movlw	0
  6052  001D6A  6E33               	movwf	oled_show_boot_screen@i^0,c
  6053  001D6C                     l3506:
  6054                           
  6055                           ;Dima_March_2026_BT-V1.c: 1345:     {;Dima_March_2026_BT-V1.c: 1346:         oled_send_d
      +                          ata_byte(0x00);
  6056  001D6C  0E00               	movlw	0
  6057  001D6E  ECA5  F013         	call	_oled_send_data_byte
  6058  001D72                     
  6059                           ;Dima_March_2026_BT-V1.c: 1347:     }
  6060  001D72  2A33               	incf	oled_show_boot_screen@i^0,f,c
  6061  001D74  5035               	movf	oled_show_boot_screen@text_width^0,w,c
  6062  001D76  5C33               	subwf	oled_show_boot_screen@i^0,w,c
  6063  001D78  A0D8               	btfss	status,0,c
  6064  001D7A  EFC1  F00E         	goto	u2981
  6065  001D7E  EFC3  F00E         	goto	u2980
  6066  001D82                     u2981:
  6067  001D82  EFB6  F00E         	goto	l3506
  6068  001D86                     u2980:
  6069  001D86                     
  6070                           ;Dima_March_2026_BT-V1.c: 1348:     oled_send_data_stop();
  6071  001D86  ECAD  F013         	call	_oled_send_data_stop	;wreg free
  6072                           
  6073                           ;Dima_March_2026_BT-V1.c: 1350:     oled_send_command(0xAF);
  6074  001D8A  0EAF               	movlw	175
  6075  001D8C  EC31  F013         	call	_oled_send_command
  6076  001D90                     
  6077                           ;Dima_March_2026_BT-V1.c: 1352:     g_boot_ms = 0u;
  6078  001D90  0E00               	movlw	0
  6079  001D92  0100               	movlb	0	; () banked
  6080  001D94  6F73               	movwf	(_g_boot_ms+1)& (0+255),b	;volatile
  6081  001D96  0E00               	movlw	0
  6082  001D98  6F72               	movwf	_g_boot_ms& (0+255),b	;volatile
  6083  001D9A                     
  6084                           ; BSR set to: 0
  6085                           ;Dima_March_2026_BT-V1.c: 1354:     oled_draw_underline_animated(start_col, underline_pa
      +                          ge, text_width,
  6086  001D9A  C032  F009         	movff	oled_show_boot_screen@underline_page,oled_draw_underline_animated@page
  6087  001D9E  C035  F00A         	movff	oled_show_boot_screen@text_width,oled_draw_underline_animated@width
  6088  001DA2  0E01               	movlw	1
  6089  001DA4  6E0B               	movwf	oled_draw_underline_animated@pattern^0,c
  6090  001DA6  0E18               	movlw	24
  6091  001DA8  6E0C               	movwf	oled_draw_underline_animated@chunk^0,c
  6092  001DAA  0E00               	movlw	0
  6093  001DAC  6E0E               	movwf	(oled_draw_underline_animated@chunk_delay_ms+1)^0,c
  6094  001DAE  0E05               	movlw	5
  6095  001DB0  6E0D               	movwf	oled_draw_underline_animated@chunk_delay_ms^0,c
  6096  001DB2  5034               	movf	oled_show_boot_screen@start_col^0,w,c
  6097  001DB4  EC68  F010         	call	_oled_draw_underline_animated
  6098  001DB8                     l3518:
  6099                           
  6100                           ;Dima_March_2026_BT-V1.c: 1359:     while (g_boot_ms < 1000u)
  6101  001DB8  0EE8               	movlw	232
  6102  001DBA  0100               	movlb	0	; () banked
  6103  001DBC  5D72               	subwf	_g_boot_ms& (0+255),w,b	;volatile
  6104  001DBE  0E03               	movlw	3
  6105  001DC0  5973               	subwfb	(_g_boot_ms+1)& (0+255),w,b	;volatile
  6106  001DC2  A0D8               	btfss	status,0,c
  6107  001DC4  EFE6  F00E         	goto	u2991
  6108  001DC8  EFE8  F00E         	goto	u2990
  6109  001DCC                     u2991:
  6110  001DCC  EFDC  F00E         	goto	l3518
  6111  001DD0                     u2990:
  6112  001DD0                     
  6113                           ; BSR set to: 0
  6114                           ;Dima_March_2026_BT-V1.c: 1363:     oled_send_command(0xAE);
  6115  001DD0  0EAE               	movlw	174
  6116  001DD2  EC31  F013         	call	_oled_send_command
  6117                           
  6118                           ;Dima_March_2026_BT-V1.c: 1364:     oled_clear();
  6119  001DD6  EC58  F012         	call	_oled_clear	;wreg free
  6120  001DDA  0012               	return		;funcret
  6121  001DDC                     __end_of_oled_show_boot_screen:
  6122                           	callstack 0
  6123                           
  6124 ;; *************** function _oled_draw_underline_animated *****************
  6125 ;; Defined at:
  6126 ;;		line 1019 in file "Dima_March_2026_BT-V1.c"
  6127 ;; Parameters:    Size  Location     Type
  6128 ;;  col             1    wreg     unsigned char 
  6129 ;;  page            1    8[COMRAM] unsigned char 
  6130 ;;  width           1    9[COMRAM] unsigned char 
  6131 ;;  pattern         1   10[COMRAM] unsigned char 
  6132 ;;  chunk           1   11[COMRAM] unsigned char 
  6133 ;;  chunk_delay_    2   12[COMRAM] unsigned short 
  6134 ;; Auto vars:     Size  Location     Type
  6135 ;;  col             1   14[COMRAM] unsigned char 
  6136 ;;  n               1   16[COMRAM] unsigned char 
  6137 ;;  drawn           1   17[COMRAM] unsigned char 
  6138 ;;  i               1   15[COMRAM] unsigned char 
  6139 ;; Return value:  Size  Location     Type
  6140 ;;                  1    wreg      void 
  6141 ;; Registers used:
  6142 ;;		wreg, status,2, status,0, cstack
  6143 ;; Tracked objects:
  6144 ;;		On entry : 0/0
  6145 ;;		On exit  : 0/0
  6146 ;;		Unchanged: 0/0
  6147 ;; Data sizes:     COMRAM   BANK0   BANK1   BANK2   BANK3   BANK4   BANK5
  6148 ;;      Params:         6       0       0       0       0       0       0
  6149 ;;      Locals:         4       0       0       0       0       0       0
  6150 ;;      Temps:          0       0       0       0       0       0       0
  6151 ;;      Totals:        10       0       0       0       0       0       0
  6152 ;;Total ram usage:       10 bytes
  6153 ;; Hardware stack levels used:    1
  6154 ;; Hardware stack levels required when called:    6
  6155 ;; This function calls:
  6156 ;;		_delay_ms_soft
  6157 ;;		_oled_send_data_byte
  6158 ;;		_oled_send_data_start
  6159 ;;		_oled_send_data_stop
  6160 ;;		_oled_set_cursor
  6161 ;; This function is called by:
  6162 ;;		_oled_show_boot_screen
  6163 ;; This function uses a non-reentrant model
  6164 ;;
  6165                           
  6166                           	psect	text33
  6167  0020D0                     __ptext33:
  6168                           	callstack 0
  6169  0020D0                     _oled_draw_underline_animated:
  6170                           	callstack 23
  6171                           
  6172                           ;incstack = 0
  6173                           ;oled_draw_underline_animated@col stored from wreg
  6174  0020D0  6E0F               	movwf	oled_draw_underline_animated@col^0,c
  6175  0020D2                     
  6176                           ;Dima_March_2026_BT-V1.c: 1019: void oled_draw_underline_animated(uint8_t col, uint8_t p
      +                          age, uint8_t width,;Dima_March_2026_BT-V1.c: 1020:                                   uin
      +                          t8_t pattern, uint8_t chunk, uint16_t chunk_delay_ms);Dima_March_2026_BT-V1.c: 1021: {;D
      +                          ima_March_2026_BT-V1.c: 1022:     uint8_t drawn = 0u;
  6177  0020D2  0E00               	movlw	0
  6178  0020D4  6E12               	movwf	oled_draw_underline_animated@drawn^0,c
  6179                           
  6180                           ;Dima_March_2026_BT-V1.c: 1023:     uint8_t i;;Dima_March_2026_BT-V1.c: 1025:     while 
      +                          (drawn < width)
  6181  0020D6  EF9F  F010         	goto	l387
  6182  0020DA                     l3122:
  6183                           
  6184                           ;Dima_March_2026_BT-V1.c: 1026:     {;Dima_March_2026_BT-V1.c: 1027:         uint8_t n =
      +                           (uint8_t)(width - drawn);
  6185  0020DA  5012               	movf	oled_draw_underline_animated@drawn^0,w,c
  6186  0020DC  5C0A               	subwf	oled_draw_underline_animated@width^0,w,c
  6187  0020DE  6E11               	movwf	oled_draw_underline_animated@n^0,c
  6188                           
  6189                           ;Dima_March_2026_BT-V1.c: 1028:         if (n > chunk)
  6190  0020E0  5011               	movf	oled_draw_underline_animated@n^0,w,c
  6191  0020E2  5C0C               	subwf	oled_draw_underline_animated@chunk^0,w,c
  6192  0020E4  B0D8               	btfsc	status,0,c
  6193  0020E6  EF77  F010         	goto	u2561
  6194  0020EA  EF79  F010         	goto	u2560
  6195  0020EE                     u2561:
  6196  0020EE  EF7B  F010         	goto	l3126
  6197  0020F2                     u2560:
  6198  0020F2                     
  6199                           ;Dima_March_2026_BT-V1.c: 1029:         {;Dima_March_2026_BT-V1.c: 1030:             n =
      +                           chunk;
  6200  0020F2  C00C  F011         	movff	oled_draw_underline_animated@chunk,oled_draw_underline_animated@n
  6201  0020F6                     l3126:
  6202                           
  6203                           ;Dima_March_2026_BT-V1.c: 1033:         oled_set_cursor((uint8_t)(col + drawn), page);
  6204  0020F6  C009  F007         	movff	oled_draw_underline_animated@page,oled_set_cursor@page
  6205  0020FA  500F               	movf	oled_draw_underline_animated@col^0,w,c
  6206  0020FC  2412               	addwf	oled_draw_underline_animated@drawn^0,w,c
  6207  0020FE  EC20  F013         	call	_oled_set_cursor
  6208                           
  6209                           ;Dima_March_2026_BT-V1.c: 1034:         oled_send_data_start();
  6210  002102  EC90  F013         	call	_oled_send_data_start	;wreg free
  6211  002106                     
  6212                           ;Dima_March_2026_BT-V1.c: 1035:         for (i = 0; i < n; i++)
  6213  002106  0E00               	movlw	0
  6214  002108  6E10               	movwf	oled_draw_underline_animated@i^0,c
  6215  00210A  EF8B  F010         	goto	l3134
  6216  00210E                     l3130:
  6217                           
  6218                           ;Dima_March_2026_BT-V1.c: 1036:         {;Dima_March_2026_BT-V1.c: 1037:             ole
      +                          d_send_data_byte(pattern);
  6219  00210E  500B               	movf	oled_draw_underline_animated@pattern^0,w,c
  6220  002110  ECA5  F013         	call	_oled_send_data_byte
  6221  002114                     
  6222                           ;Dima_March_2026_BT-V1.c: 1038:         }
  6223  002114  2A10               	incf	oled_draw_underline_animated@i^0,f,c
  6224  002116                     l3134:
  6225  002116  5011               	movf	oled_draw_underline_animated@n^0,w,c
  6226  002118  5C10               	subwf	oled_draw_underline_animated@i^0,w,c
  6227  00211A  A0D8               	btfss	status,0,c
  6228  00211C  EF92  F010         	goto	u2571
  6229  002120  EF94  F010         	goto	u2570
  6230  002124                     u2571:
  6231  002124  EF87  F010         	goto	l3130
  6232  002128                     u2570:
  6233  002128                     
  6234                           ;Dima_March_2026_BT-V1.c: 1039:         oled_send_data_stop();
  6235  002128  ECAD  F013         	call	_oled_send_data_stop	;wreg free
  6236  00212C                     
  6237                           ;Dima_March_2026_BT-V1.c: 1041:         drawn = (uint8_t)(drawn + n);
  6238  00212C  5012               	movf	oled_draw_underline_animated@drawn^0,w,c
  6239  00212E  2411               	addwf	oled_draw_underline_animated@n^0,w,c
  6240  002130  6E12               	movwf	oled_draw_underline_animated@drawn^0,c
  6241  002132                     
  6242                           ;Dima_March_2026_BT-V1.c: 1042:         delay_ms_soft(chunk_delay_ms);
  6243  002132  C00D  F004         	movff	oled_draw_underline_animated@chunk_delay_ms,delay_ms_soft@ms
  6244  002136  C00E  F005         	movff	oled_draw_underline_animated@chunk_delay_ms+1,delay_ms_soft@ms+1
  6245  00213A  EC0A  F013         	call	_delay_ms_soft	;wreg free
  6246  00213E                     l387:
  6247                           
  6248                           ;Dima_March_2026_BT-V1.c: 1025:     while (drawn < width)
  6249  00213E  500A               	movf	oled_draw_underline_animated@width^0,w,c
  6250  002140  5C12               	subwf	oled_draw_underline_animated@drawn^0,w,c
  6251  002142  A0D8               	btfss	status,0,c
  6252  002144  EFA6  F010         	goto	u2581
  6253  002148  EFA8  F010         	goto	u2580
  6254  00214C                     u2581:
  6255  00214C  EF6D  F010         	goto	l3122
  6256  002150                     u2580:
  6257  002150  0012               	return		;funcret
  6258  002152                     __end_of_oled_draw_underline_animated:
  6259                           	callstack 0
  6260                           
  6261 ;; *************** function _delay_ms_soft *****************
  6262 ;; Defined at:
  6263 ;;		line 234 in file "Dima_March_2026_BT-V1.c"
  6264 ;; Parameters:    Size  Location     Type
  6265 ;;  ms              2    3[COMRAM] unsigned short 
  6266 ;; Auto vars:     Size  Location     Type
  6267 ;;		None
  6268 ;; Return value:  Size  Location     Type
  6269 ;;                  1    wreg      void 
  6270 ;; Registers used:
  6271 ;;		wreg, status,2, status,0, cstack
  6272 ;; Tracked objects:
  6273 ;;		On entry : 0/0
  6274 ;;		On exit  : 0/0
  6275 ;;		Unchanged: 0/0
  6276 ;; Data sizes:     COMRAM   BANK0   BANK1   BANK2   BANK3   BANK4   BANK5
  6277 ;;      Params:         2       0       0       0       0       0       0
  6278 ;;      Locals:         0       0       0       0       0       0       0
  6279 ;;      Temps:          0       0       0       0       0       0       0
  6280 ;;      Totals:         2       0       0       0       0       0       0
  6281 ;;Total ram usage:        2 bytes
  6282 ;; Hardware stack levels used:    1
  6283 ;; Hardware stack levels required when called:    2
  6284 ;; This function calls:
  6285 ;;		_delay_us_soft
  6286 ;; This function is called by:
  6287 ;;		_oled_init
  6288 ;;		_oled_draw_underline_animated
  6289 ;; This function uses a non-reentrant model
  6290 ;;
  6291                           
  6292                           	psect	text34
  6293  002614                     __ptext34:
  6294                           	callstack 0
  6295  002614                     _delay_ms_soft:
  6296                           	callstack 26
  6297  002614                     
  6298                           ;Dima_March_2026_BT-V1.c: 234: void delay_ms_soft(uint16_t ms);Dima_March_2026_BT-V1.c: 
      +                          235: {;Dima_March_2026_BT-V1.c: 236:     while (ms--)
  6299  002614  EF12  F013         	goto	l2662
  6300  002618                     l2660:
  6301                           
  6302                           ;Dima_March_2026_BT-V1.c: 237:     {;Dima_March_2026_BT-V1.c: 238:         delay_us_soft
      +                          (1000);
  6303  002618  0E03               	movlw	3
  6304  00261A  6E02               	movwf	(delay_us_soft@us+1)^0,c
  6305  00261C  0EE8               	movlw	232
  6306  00261E  6E01               	movwf	delay_us_soft@us^0,c
  6307  002620  EC33  F012         	call	_delay_us_soft	;wreg free
  6308  002624                     l2662:
  6309                           
  6310                           ;Dima_March_2026_BT-V1.c: 236:     while (ms--)
  6311  002624  0604               	decf	delay_ms_soft@ms^0,f,c
  6312  002626  A0D8               	btfss	status,0,c
  6313  002628  0605               	decf	(delay_ms_soft@ms+1)^0,f,c
  6314  00262A  2804               	incf	delay_ms_soft@ms^0,w,c
  6315  00262C  E106               	bnz	u1751
  6316  00262E  2805               	incf	(delay_ms_soft@ms+1)^0,w,c
  6317  002630  A4D8               	btfss	status,2,c
  6318  002632  EF1D  F013         	goto	u1751
  6319  002636  EF1F  F013         	goto	u1750
  6320  00263A                     u1751:
  6321  00263A  EF0C  F013         	goto	l2660
  6322  00263E                     u1750:
  6323  00263E  0012               	return		;funcret
  6324  002640                     __end_of_delay_ms_soft:
  6325                           	callstack 0
  6326                           
  6327 ;; *************** function _oled_draw_text_huge *****************
  6328 ;; Defined at:
  6329 ;;		line 989 in file "Dima_March_2026_BT-V1.c"
  6330 ;; Parameters:    Size  Location     Type
  6331 ;;  col             1    wreg     unsigned char 
  6332 ;;  page            1   40[COMRAM] unsigned char 
  6333 ;;  text            2   41[COMRAM] PTR const unsigned char 
  6334 ;;		 -> STR_3(5), 
  6335 ;; Auto vars:     Size  Location     Type
  6336 ;;  col             1   43[COMRAM] unsigned char 
  6337 ;;  x               1   45[COMRAM] unsigned char 
  6338 ;;  p               1   44[COMRAM] unsigned char 
  6339 ;; Return value:  Size  Location     Type
  6340 ;;                  1    wreg      void 
  6341 ;; Registers used:
  6342 ;;		wreg, fsr2l, fsr2h, status,2, status,0, tblptrl, tblptrh, tblptru, prodl, prodh, cstack
  6343 ;; Tracked objects:
  6344 ;;		On entry : 0/0
  6345 ;;		On exit  : 0/0
  6346 ;;		Unchanged: 0/0
  6347 ;; Data sizes:     COMRAM   BANK0   BANK1   BANK2   BANK3   BANK4   BANK5
  6348 ;;      Params:         3       0       0       0       0       0       0
  6349 ;;      Locals:         3       0       0       0       0       0       0
  6350 ;;      Temps:          0       0       0       0       0       0       0
  6351 ;;      Totals:         6       0       0       0       0       0       0
  6352 ;;Total ram usage:        6 bytes
  6353 ;; Hardware stack levels used:    1
  6354 ;; Hardware stack levels required when called:    7
  6355 ;; This function calls:
  6356 ;;		_oled_draw_char_huge
  6357 ;;		_oled_send_data_byte
  6358 ;;		_oled_send_data_start
  6359 ;;		_oled_send_data_stop
  6360 ;;		_oled_set_cursor
  6361 ;; This function is called by:
  6362 ;;		_oled_show_boot_screen
  6363 ;; This function uses a non-reentrant model
  6364 ;;
  6365                           
  6366                           	psect	text35
  6367  001C7A                     __ptext35:
  6368                           	callstack 0
  6369  001C7A                     _oled_draw_text_huge:
  6370                           	callstack 22
  6371                           
  6372                           ;incstack = 0
  6373                           ;oled_draw_text_huge@col stored from wreg
  6374  001C7A  6E2C               	movwf	oled_draw_text_huge@col^0,c
  6375  001C7C                     
  6376                           ;Dima_March_2026_BT-V1.c: 989: void oled_draw_text_huge(uint8_t col, uint8_t page, const
      +                           char *text);Dima_March_2026_BT-V1.c: 990: {;Dima_March_2026_BT-V1.c: 991:     uint8_t x
      +                           = col;
  6377  001C7C  C02C  F02E         	movff	oled_draw_text_huge@col,oled_draw_text_huge@x
  6378                           
  6379                           ;Dima_March_2026_BT-V1.c: 992:     uint8_t p;;Dima_March_2026_BT-V1.c: 994:     while (*
      +                          text)
  6380  001C80  EF88  F00E         	goto	l3118
  6381  001C84                     l3096:
  6382                           
  6383                           ;Dima_March_2026_BT-V1.c: 995:     {;Dima_March_2026_BT-V1.c: 996:         oled_draw_cha
      +                          r_huge(x, page, *text++);
  6384  001C84  C029  F00C         	movff	oled_draw_text_huge@page,oled_draw_char_huge@page
  6385  001C88  C02A  FFF6         	movff	oled_draw_text_huge@text,tblptrl
  6386  001C8C  C02B  FFF7         	movff	oled_draw_text_huge@text+1,tblptrh
  6387  001C90                     	if	0	;tblptru may be non-zero
  6388  001C90                     	endif
  6389  001C90                     	if	0	;tblptru may be non-zero
  6390  001C90                     	endif
  6391  001C90  0008               	tblrd		*
  6392  001C92  CFF5 F00D          	movff	tablat,oled_draw_char_huge@c
  6393  001C96  502E               	movf	oled_draw_text_huge@x^0,w,c
  6394  001C98  EC01  F00B         	call	_oled_draw_char_huge
  6395  001C9C  4A2A               	infsnz	oled_draw_text_huge@text^0,f,c
  6396  001C9E  2A2B               	incf	(oled_draw_text_huge@text+1)^0,f,c
  6397  001CA0                     
  6398                           ;Dima_March_2026_BT-V1.c: 998:         if (*text)
  6399  001CA0  C02A  FFF6         	movff	oled_draw_text_huge@text,tblptrl
  6400  001CA4  C02B  FFF7         	movff	oled_draw_text_huge@text+1,tblptrh
  6401  001CA8                     	if	0	;tblptru may be non-zero
  6402  001CA8                     	endif
  6403  001CA8                     	if	0	;tblptru may be non-zero
  6404  001CA8                     	endif
  6405  001CA8  0008               	tblrd		*
  6406  001CAA  50F5               	movf	tablat,w,c
  6407  001CAC  0900               	iorlw	0
  6408  001CAE  B4D8               	btfsc	status,2,c
  6409  001CB0  EF5C  F00E         	goto	u2531
  6410  001CB4  EF5E  F00E         	goto	u2530
  6411  001CB8                     u2531:
  6412  001CB8  EF85  F00E         	goto	l3116
  6413  001CBC                     u2530:
  6414  001CBC                     
  6415                           ;Dima_March_2026_BT-V1.c: 999:         {;Dima_March_2026_BT-V1.c: 1000:             for 
      +                          (p = 0; p < 4u; p++)
  6416  001CBC  0E00               	movlw	0
  6417  001CBE  6E2D               	movwf	oled_draw_text_huge@p^0,c
  6418  001CC0                     l3108:
  6419                           
  6420                           ;Dima_March_2026_BT-V1.c: 1001:             {;Dima_March_2026_BT-V1.c: 1002:            
      +                               oled_set_cursor((uint8_t)(x + 20u), (uint8_t)(page + p));
  6421  001CC0  5029               	movf	oled_draw_text_huge@page^0,w,c
  6422  001CC2  242D               	addwf	oled_draw_text_huge@p^0,w,c
  6423  001CC4  6E07               	movwf	oled_set_cursor@page^0,c
  6424  001CC6  502E               	movf	oled_draw_text_huge@x^0,w,c
  6425  001CC8  0F14               	addlw	20
  6426  001CCA  EC20  F013         	call	_oled_set_cursor
  6427                           
  6428                           ;Dima_March_2026_BT-V1.c: 1003:                 oled_send_data_start();
  6429  001CCE  EC90  F013         	call	_oled_send_data_start	;wreg free
  6430                           
  6431                           ;Dima_March_2026_BT-V1.c: 1004:                 oled_send_data_byte(0x00);
  6432  001CD2  0E00               	movlw	0
  6433  001CD4  ECA5  F013         	call	_oled_send_data_byte
  6434                           
  6435                           ;Dima_March_2026_BT-V1.c: 1005:                 oled_send_data_byte(0x00);
  6436  001CD8  0E00               	movlw	0
  6437  001CDA  ECA5  F013         	call	_oled_send_data_byte
  6438                           
  6439                           ;Dima_March_2026_BT-V1.c: 1006:                 oled_send_data_byte(0x00);
  6440  001CDE  0E00               	movlw	0
  6441  001CE0  ECA5  F013         	call	_oled_send_data_byte
  6442                           
  6443                           ;Dima_March_2026_BT-V1.c: 1007:                 oled_send_data_byte(0x00);
  6444  001CE4  0E00               	movlw	0
  6445  001CE6  ECA5  F013         	call	_oled_send_data_byte
  6446                           
  6447                           ;Dima_March_2026_BT-V1.c: 1008:                 oled_send_data_stop();
  6448  001CEA  ECAD  F013         	call	_oled_send_data_stop	;wreg free
  6449  001CEE                     
  6450                           ;Dima_March_2026_BT-V1.c: 1009:             }
  6451  001CEE  2A2D               	incf	oled_draw_text_huge@p^0,f,c
  6452  001CF0  0E03               	movlw	3
  6453  001CF2  642D               	cpfsgt	oled_draw_text_huge@p^0,c
  6454  001CF4  EF7E  F00E         	goto	u2541
  6455  001CF8  EF80  F00E         	goto	u2540
  6456  001CFC                     u2541:
  6457  001CFC  EF60  F00E         	goto	l3108
  6458  001D00                     u2540:
  6459  001D00                     
  6460                           ;Dima_March_2026_BT-V1.c: 1010:             x = (uint8_t)(x + 24u);
  6461  001D00  502E               	movf	oled_draw_text_huge@x^0,w,c
  6462  001D02  0F18               	addlw	24
  6463  001D04  6E2E               	movwf	oled_draw_text_huge@x^0,c
  6464                           
  6465                           ;Dima_March_2026_BT-V1.c: 1011:         }
  6466  001D06  EF88  F00E         	goto	l3118
  6467  001D0A                     l3116:
  6468                           
  6469                           ;Dima_March_2026_BT-V1.c: 1013:         {;Dima_March_2026_BT-V1.c: 1014:             x =
      +                           (uint8_t)(x + 20u);
  6470  001D0A  502E               	movf	oled_draw_text_huge@x^0,w,c
  6471  001D0C  0F14               	addlw	20
  6472  001D0E  6E2E               	movwf	oled_draw_text_huge@x^0,c
  6473  001D10                     l3118:
  6474                           
  6475                           ;Dima_March_2026_BT-V1.c: 994:     while (*text)
  6476  001D10  C02A  FFF6         	movff	oled_draw_text_huge@text,tblptrl
  6477  001D14  C02B  FFF7         	movff	oled_draw_text_huge@text+1,tblptrh
  6478  001D18                     	if	0	;tblptru may be non-zero
  6479  001D18                     	endif
  6480  001D18                     	if	0	;tblptru may be non-zero
  6481  001D18                     	endif
  6482  001D18  0008               	tblrd		*
  6483  001D1A  50F5               	movf	tablat,w,c
  6484  001D1C  0900               	iorlw	0
  6485  001D1E  A4D8               	btfss	status,2,c
  6486  001D20  EF94  F00E         	goto	u2551
  6487  001D24  EF96  F00E         	goto	u2550
  6488  001D28                     u2551:
  6489  001D28  EF42  F00E         	goto	l3096
  6490  001D2C                     u2550:
  6491  001D2C  0012               	return		;funcret
  6492  001D2E                     __end_of_oled_draw_text_huge:
  6493                           	callstack 0
  6494                           
  6495 ;; *************** function _oled_draw_char_huge *****************
  6496 ;; Defined at:
  6497 ;;		line 960 in file "Dima_March_2026_BT-V1.c"
  6498 ;; Parameters:    Size  Location     Type
  6499 ;;  col             1    wreg     unsigned char 
  6500 ;;  page            1   11[COMRAM] unsigned char 
  6501 ;;  c               1   12[COMRAM] unsigned char 
  6502 ;; Auto vars:     Size  Location     Type
  6503 ;;  col             1   37[COMRAM] unsigned char 
  6504 ;;  scaled         20   15[COMRAM] unsigned char [4][5]
  6505 ;;  pattern         2   35[COMRAM] PTR const unsigned char 
  6506 ;;		 -> font_get_pattern@letter_space(5), font_get_pattern@colon_char(5), font_get_pattern@letter_E(5), font_get_pattern
      +@letter_H(5), 
  6507 ;;		 -> font_get_pattern@letter_M(5), font_get_pattern@letter_I(5), font_get_pattern@letter_D(5), font_get_pattern@lette
      +r_U(5), 
  6508 ;;		 -> font_get_pattern@letter_R(5), font_get_pattern@letter_B(5), font_get_pattern@letter_C(5), font_get_pattern@lette
      +r_A(5), 
  6509 ;;		 -> font_get_pattern@letter_V(5), font_get_pattern@letter_O(5), font_get_pattern@letter_T(5), font_get_pattern@digit
      +s(50), 
  6510 ;;  i               1   39[COMRAM] unsigned char 
  6511 ;;  p               1   38[COMRAM] unsigned char 
  6512 ;; Return value:  Size  Location     Type
  6513 ;;                  1    wreg      void 
  6514 ;; Registers used:
  6515 ;;		wreg, fsr2l, fsr2h, status,2, status,0, tblptrl, tblptrh, tblptru, prodl, prodh, cstack
  6516 ;; Tracked objects:
  6517 ;;		On entry : 0/0
  6518 ;;		On exit  : 0/0
  6519 ;;		Unchanged: 0/0
  6520 ;; Data sizes:     COMRAM   BANK0   BANK1   BANK2   BANK3   BANK4   BANK5
  6521 ;;      Params:         2       0       0       0       0       0       0
  6522 ;;      Locals:        25       0       0       0       0       0       0
  6523 ;;      Temps:          2       0       0       0       0       0       0
  6524 ;;      Totals:        29       0       0       0       0       0       0
  6525 ;;Total ram usage:       29 bytes
  6526 ;; Hardware stack levels used:    1
  6527 ;; Hardware stack levels required when called:    6
  6528 ;; This function calls:
  6529 ;;		_font_get_pattern
  6530 ;;		_oled_send_data_byte
  6531 ;;		_oled_send_data_start
  6532 ;;		_oled_send_data_stop
  6533 ;;		_oled_set_cursor
  6534 ;;		_scale4x_vertical
  6535 ;; This function is called by:
  6536 ;;		_oled_draw_text_huge
  6537 ;; This function uses a non-reentrant model
  6538 ;;
  6539                           
  6540                           	psect	text36
  6541  001602                     __ptext36:
  6542                           	callstack 0
  6543  001602                     _oled_draw_char_huge:
  6544                           	callstack 22
  6545                           
  6546                           ;incstack = 0
  6547                           ;oled_draw_char_huge@col stored from wreg
  6548  001602  6E26               	movwf	oled_draw_char_huge@col^0,c
  6549  001604                     
  6550                           ;Dima_March_2026_BT-V1.c: 960: void oled_draw_char_huge(uint8_t col, uint8_t page, char 
      +                          c);Dima_March_2026_BT-V1.c: 961: {;Dima_March_2026_BT-V1.c: 962:     const uint8_t *patt
      +                          ern = font_get_pattern(c);
  6551  001604  500D               	movf	oled_draw_char_huge@c^0,w,c
  6552  001606  ECF9  F008         	call	_font_get_pattern
  6553  00160A  C001  F024         	movff	?_font_get_pattern,oled_draw_char_huge@pattern
  6554  00160E  C002  F025         	movff	?_font_get_pattern+1,oled_draw_char_huge@pattern+1
  6555  001612                     
  6556                           ;Dima_March_2026_BT-V1.c: 963:     uint8_t scaled[5][4];;Dima_March_2026_BT-V1.c: 964:  
      +                             uint8_t i;;Dima_March_2026_BT-V1.c: 965:     uint8_t p;;Dima_March_2026_BT-V1.c: 967:
      +                               for (i = 0; i < 5u; i++)
  6557  001612  0E00               	movlw	0
  6558  001614  6E28               	movwf	oled_draw_char_huge@i^0,c
  6559  001616                     l2782:
  6560                           
  6561                           ;Dima_March_2026_BT-V1.c: 968:     {;Dima_March_2026_BT-V1.c: 969:         scale4x_verti
      +                          cal(pattern[i], scaled[i]);
  6562  001616  5028               	movf	oled_draw_char_huge@i^0,w,c
  6563  001618  0D04               	mullw	4
  6564  00161A  0E10               	movlw	low oled_draw_char_huge@scaled
  6565  00161C  24F3               	addwf	243,w,c
  6566  00161E  6E01               	movwf	scale4x_vertical@out^0,c
  6567  001620  0E00               	movlw	high oled_draw_char_huge@scaled
  6568  001622  20F4               	addwfc	prodh,w,c
  6569  001624  6E02               	movwf	(scale4x_vertical@out+1)^0,c
  6570  001626  5028               	movf	oled_draw_char_huge@i^0,w,c
  6571  001628  2424               	addwf	oled_draw_char_huge@pattern^0,w,c
  6572  00162A  6E0E               	movwf	??_oled_draw_char_huge^0,c
  6573  00162C  0E00               	movlw	0
  6574  00162E  2025               	addwfc	(oled_draw_char_huge@pattern+1)^0,w,c
  6575  001630  6E0F               	movwf	(??_oled_draw_char_huge+1)^0,c
  6576  001632  C00E  FFF6         	movff	??_oled_draw_char_huge,tblptrl
  6577  001636  C00F  FFF7         	movff	??_oled_draw_char_huge+1,tblptrh
  6578  00163A                     	if	0	;tblptru may be non-zero
  6579  00163A                     	endif
  6580  00163A                     	if	0	;tblptru may be non-zero
  6581  00163A                     	endif
  6582  00163A  0008               	tblrd		*
  6583  00163C  50F5               	movf	tablat,w,c
  6584  00163E  EC97  F00C         	call	_scale4x_vertical
  6585  001642                     
  6586                           ;Dima_March_2026_BT-V1.c: 970:     }
  6587  001642  2A28               	incf	oled_draw_char_huge@i^0,f,c
  6588  001644  0E04               	movlw	4
  6589  001646  6428               	cpfsgt	oled_draw_char_huge@i^0,c
  6590  001648  EF28  F00B         	goto	u1851
  6591  00164C  EF2A  F00B         	goto	u1850
  6592  001650                     u1851:
  6593  001650  EF0B  F00B         	goto	l2782
  6594  001654                     u1850:
  6595  001654                     
  6596                           ;Dima_March_2026_BT-V1.c: 972:     for (p = 0; p < 4u; p++)
  6597  001654  0E00               	movlw	0
  6598  001656  6E27               	movwf	oled_draw_char_huge@p^0,c
  6599  001658                     l2794:
  6600                           
  6601                           ;Dima_March_2026_BT-V1.c: 973:     {;Dima_March_2026_BT-V1.c: 974:         oled_set_curs
      +                          or(col, (uint8_t)(page + p));
  6602  001658  500C               	movf	oled_draw_char_huge@page^0,w,c
  6603  00165A  2427               	addwf	oled_draw_char_huge@p^0,w,c
  6604  00165C  6E07               	movwf	oled_set_cursor@page^0,c
  6605  00165E  5026               	movf	oled_draw_char_huge@col^0,w,c
  6606  001660  EC20  F013         	call	_oled_set_cursor
  6607                           
  6608                           ;Dima_March_2026_BT-V1.c: 975:         oled_send_data_start();
  6609  001664  EC90  F013         	call	_oled_send_data_start	;wreg free
  6610  001668                     
  6611                           ;Dima_March_2026_BT-V1.c: 977:         for (i = 0; i < 5u; i++)
  6612  001668  0E00               	movlw	0
  6613  00166A  6E28               	movwf	oled_draw_char_huge@i^0,c
  6614  00166C                     l2802:
  6615                           
  6616                           ;Dima_March_2026_BT-V1.c: 978:         {;Dima_March_2026_BT-V1.c: 979:             oled_
      +                          send_data_byte(scaled[i][p]);
  6617  00166C  5028               	movf	oled_draw_char_huge@i^0,w,c
  6618  00166E  0D04               	mullw	4
  6619  001670  0E10               	movlw	low oled_draw_char_huge@scaled
  6620  001672  6E0E               	movwf	??_oled_draw_char_huge^0,c
  6621  001674  0E00               	movlw	high oled_draw_char_huge@scaled
  6622  001676  6E0F               	movwf	(??_oled_draw_char_huge+1)^0,c
  6623  001678  50F3               	movf	243,w,c
  6624  00167A  260E               	addwf	??_oled_draw_char_huge^0,f,c
  6625  00167C  50F4               	movf	244,w,c
  6626  00167E  220F               	addwfc	(??_oled_draw_char_huge+1)^0,f,c
  6627  001680  5027               	movf	oled_draw_char_huge@p^0,w,c
  6628  001682  240E               	addwf	??_oled_draw_char_huge^0,w,c
  6629  001684  6ED9               	movwf	fsr2l,c
  6630  001686  0E00               	movlw	0
  6631  001688  200F               	addwfc	(??_oled_draw_char_huge+1)^0,w,c
  6632  00168A  6EDA               	movwf	fsr2h,c
  6633  00168C  50DF               	movf	indf2,w,c
  6634  00168E  ECA5  F013         	call	_oled_send_data_byte
  6635                           
  6636                           ;Dima_March_2026_BT-V1.c: 980:             oled_send_data_byte(scaled[i][p]);
  6637  001692  5028               	movf	oled_draw_char_huge@i^0,w,c
  6638  001694  0D04               	mullw	4
  6639  001696  0E10               	movlw	low oled_draw_char_huge@scaled
  6640  001698  6E0E               	movwf	??_oled_draw_char_huge^0,c
  6641  00169A  0E00               	movlw	high oled_draw_char_huge@scaled
  6642  00169C  6E0F               	movwf	(??_oled_draw_char_huge+1)^0,c
  6643  00169E  50F3               	movf	243,w,c
  6644  0016A0  260E               	addwf	??_oled_draw_char_huge^0,f,c
  6645  0016A2  50F4               	movf	244,w,c
  6646  0016A4  220F               	addwfc	(??_oled_draw_char_huge+1)^0,f,c
  6647  0016A6  5027               	movf	oled_draw_char_huge@p^0,w,c
  6648  0016A8  240E               	addwf	??_oled_draw_char_huge^0,w,c
  6649  0016AA  6ED9               	movwf	fsr2l,c
  6650  0016AC  0E00               	movlw	0
  6651  0016AE  200F               	addwfc	(??_oled_draw_char_huge+1)^0,w,c
  6652  0016B0  6EDA               	movwf	fsr2h,c
  6653  0016B2  50DF               	movf	indf2,w,c
  6654  0016B4  ECA5  F013         	call	_oled_send_data_byte
  6655                           
  6656                           ;Dima_March_2026_BT-V1.c: 981:             oled_send_data_byte(scaled[i][p]);
  6657  0016B8  5028               	movf	oled_draw_char_huge@i^0,w,c
  6658  0016BA  0D04               	mullw	4
  6659  0016BC  0E10               	movlw	low oled_draw_char_huge@scaled
  6660  0016BE  6E0E               	movwf	??_oled_draw_char_huge^0,c
  6661  0016C0  0E00               	movlw	high oled_draw_char_huge@scaled
  6662  0016C2  6E0F               	movwf	(??_oled_draw_char_huge+1)^0,c
  6663  0016C4  50F3               	movf	243,w,c
  6664  0016C6  260E               	addwf	??_oled_draw_char_huge^0,f,c
  6665  0016C8  50F4               	movf	244,w,c
  6666  0016CA  220F               	addwfc	(??_oled_draw_char_huge+1)^0,f,c
  6667  0016CC  5027               	movf	oled_draw_char_huge@p^0,w,c
  6668  0016CE  240E               	addwf	??_oled_draw_char_huge^0,w,c
  6669  0016D0  6ED9               	movwf	fsr2l,c
  6670  0016D2  0E00               	movlw	0
  6671  0016D4  200F               	addwfc	(??_oled_draw_char_huge+1)^0,w,c
  6672  0016D6  6EDA               	movwf	fsr2h,c
  6673  0016D8  50DF               	movf	indf2,w,c
  6674  0016DA  ECA5  F013         	call	_oled_send_data_byte
  6675                           
  6676                           ;Dima_March_2026_BT-V1.c: 982:             oled_send_data_byte(scaled[i][p]);
  6677  0016DE  5028               	movf	oled_draw_char_huge@i^0,w,c
  6678  0016E0  0D04               	mullw	4
  6679  0016E2  0E10               	movlw	low oled_draw_char_huge@scaled
  6680  0016E4  6E0E               	movwf	??_oled_draw_char_huge^0,c
  6681  0016E6  0E00               	movlw	high oled_draw_char_huge@scaled
  6682  0016E8  6E0F               	movwf	(??_oled_draw_char_huge+1)^0,c
  6683  0016EA  50F3               	movf	243,w,c
  6684  0016EC  260E               	addwf	??_oled_draw_char_huge^0,f,c
  6685  0016EE  50F4               	movf	244,w,c
  6686  0016F0  220F               	addwfc	(??_oled_draw_char_huge+1)^0,f,c
  6687  0016F2  5027               	movf	oled_draw_char_huge@p^0,w,c
  6688  0016F4  240E               	addwf	??_oled_draw_char_huge^0,w,c
  6689  0016F6  6ED9               	movwf	fsr2l,c
  6690  0016F8  0E00               	movlw	0
  6691  0016FA  200F               	addwfc	(??_oled_draw_char_huge+1)^0,w,c
  6692  0016FC  6EDA               	movwf	fsr2h,c
  6693  0016FE  50DF               	movf	indf2,w,c
  6694  001700  ECA5  F013         	call	_oled_send_data_byte
  6695  001704                     
  6696                           ;Dima_March_2026_BT-V1.c: 983:         }
  6697  001704  2A28               	incf	oled_draw_char_huge@i^0,f,c
  6698  001706  0E04               	movlw	4
  6699  001708  6428               	cpfsgt	oled_draw_char_huge@i^0,c
  6700  00170A  EF89  F00B         	goto	u1861
  6701  00170E  EF8B  F00B         	goto	u1860
  6702  001712                     u1861:
  6703  001712  EF36  F00B         	goto	l2802
  6704  001716                     u1860:
  6705  001716                     
  6706                           ;Dima_March_2026_BT-V1.c: 985:         oled_send_data_stop();
  6707  001716  ECAD  F013         	call	_oled_send_data_stop	;wreg free
  6708  00171A                     
  6709                           ;Dima_March_2026_BT-V1.c: 986:     }
  6710  00171A  2A27               	incf	oled_draw_char_huge@p^0,f,c
  6711  00171C  0E03               	movlw	3
  6712  00171E  6427               	cpfsgt	oled_draw_char_huge@p^0,c
  6713  001720  EF94  F00B         	goto	u1871
  6714  001724  EF96  F00B         	goto	u1870
  6715  001728                     u1871:
  6716  001728  EF2C  F00B         	goto	l2794
  6717  00172C                     u1870:
  6718  00172C  0012               	return		;funcret
  6719  00172E                     __end_of_oled_draw_char_huge:
  6720                           	callstack 0
  6721                           
  6722 ;; *************** function _scale4x_vertical *****************
  6723 ;; Defined at:
  6724 ;;		line 934 in file "Dima_March_2026_BT-V1.c"
  6725 ;; Parameters:    Size  Location     Type
  6726 ;;  in              1    wreg     unsigned char 
  6727 ;;  out             2    0[COMRAM] PTR unsigned char 
  6728 ;;		 -> oled_draw_char_huge@scaled(20), 
  6729 ;; Auto vars:     Size  Location     Type
  6730 ;;  in              1    4[COMRAM] unsigned char 
  6731 ;;  pos             1    8[COMRAM] unsigned char 
  6732 ;;  bit             1    7[COMRAM] unsigned char 
  6733 ;;  byte            1    6[COMRAM] unsigned char 
  6734 ;;  base            1    5[COMRAM] unsigned char 
  6735 ;;  r               1   10[COMRAM] unsigned char 
  6736 ;;  k               1    9[COMRAM] unsigned char 
  6737 ;; Return value:  Size  Location     Type
  6738 ;;                  1    wreg      void 
  6739 ;; Registers used:
  6740 ;;		wreg, fsr2l, fsr2h, status,2, status,0, prodl, prodh
  6741 ;; Tracked objects:
  6742 ;;		On entry : 0/0
  6743 ;;		On exit  : 0/0
  6744 ;;		Unchanged: 0/0
  6745 ;; Data sizes:     COMRAM   BANK0   BANK1   BANK2   BANK3   BANK4   BANK5
  6746 ;;      Params:         2       0       0       0       0       0       0
  6747 ;;      Locals:         7       0       0       0       0       0       0
  6748 ;;      Temps:          2       0       0       0       0       0       0
  6749 ;;      Totals:        11       0       0       0       0       0       0
  6750 ;;Total ram usage:       11 bytes
  6751 ;; Hardware stack levels used:    1
  6752 ;; Hardware stack levels required when called:    1
  6753 ;; This function calls:
  6754 ;;		Nothing
  6755 ;; This function is called by:
  6756 ;;		_oled_draw_char_huge
  6757 ;; This function uses a non-reentrant model
  6758 ;;
  6759                           
  6760                           	psect	text37
  6761  00192E                     __ptext37:
  6762                           	callstack 0
  6763  00192E                     _scale4x_vertical:
  6764                           	callstack 26
  6765                           
  6766                           ;incstack = 0
  6767                           ;scale4x_vertical@in stored from wreg
  6768  00192E  6E05               	movwf	scale4x_vertical@in^0,c
  6769  001930                     
  6770                           ;Dima_March_2026_BT-V1.c: 934: void scale4x_vertical(uint8_t in, uint8_t out[4]);Dima_Ma
      +                          rch_2026_BT-V1.c: 935: {;Dima_March_2026_BT-V1.c: 936:     uint8_t r;;Dima_March_2026_BT
      +                          -V1.c: 937:     uint8_t k;;Dima_March_2026_BT-V1.c: 939:     out[0] = 0u;
  6771  001930  C001  FFD9         	movff	scale4x_vertical@out,fsr2l
  6772  001934  C002  FFDA         	movff	scale4x_vertical@out+1,fsr2h
  6773  001938  0E00               	movlw	0
  6774  00193A  6EDF               	movwf	indf2,c
  6775  00193C                     
  6776                           ;Dima_March_2026_BT-V1.c: 940:     out[1] = 0u;
  6777  00193C  EE20 F001          	lfsr	2,1
  6778  001940  5001               	movf	scale4x_vertical@out^0,w,c
  6779  001942  26D9               	addwf	fsr2l,f,c
  6780  001944  5002               	movf	(scale4x_vertical@out+1)^0,w,c
  6781  001946  22DA               	addwfc	fsr2h,f,c
  6782  001948  0E00               	movlw	0
  6783  00194A  6EDF               	movwf	indf2,c
  6784  00194C                     
  6785                           ;Dima_March_2026_BT-V1.c: 941:     out[2] = 0u;
  6786  00194C  EE20 F002          	lfsr	2,2
  6787  001950  5001               	movf	scale4x_vertical@out^0,w,c
  6788  001952  26D9               	addwf	fsr2l,f,c
  6789  001954  5002               	movf	(scale4x_vertical@out+1)^0,w,c
  6790  001956  22DA               	addwfc	fsr2h,f,c
  6791  001958  0E00               	movlw	0
  6792  00195A  6EDF               	movwf	indf2,c
  6793  00195C                     
  6794                           ;Dima_March_2026_BT-V1.c: 942:     out[3] = 0u;
  6795  00195C  EE20 F003          	lfsr	2,3
  6796  001960  5001               	movf	scale4x_vertical@out^0,w,c
  6797  001962  26D9               	addwf	fsr2l,f,c
  6798  001964  5002               	movf	(scale4x_vertical@out+1)^0,w,c
  6799  001966  22DA               	addwfc	fsr2h,f,c
  6800  001968  0E00               	movlw	0
  6801  00196A  6EDF               	movwf	indf2,c
  6802  00196C                     
  6803                           ;Dima_March_2026_BT-V1.c: 944:     for (r = 0; r < 7u; r++)
  6804  00196C  0E00               	movlw	0
  6805  00196E  6E0B               	movwf	scale4x_vertical@r^0,c
  6806  001970                     l2594:
  6807  001970  0E06               	movlw	6
  6808  001972  640B               	cpfsgt	scale4x_vertical@r^0,c
  6809  001974  EFBE  F00C         	goto	u1641
  6810  001978  EFC0  F00C         	goto	u1640
  6811  00197C                     u1641:
  6812  00197C  EFC2  F00C         	goto	l2598
  6813  001980                     u1640:
  6814  001980  EF08  F00D         	goto	l365
  6815  001984                     l2598:
  6816                           
  6817                           ;Dima_March_2026_BT-V1.c: 945:     {;Dima_March_2026_BT-V1.c: 946:         if (in & (1u 
      +                          << r))
  6818  001984  C00B  F003         	movff	scale4x_vertical@r,??_scale4x_vertical
  6819  001988  0E01               	movlw	1
  6820  00198A  6E04               	movwf	(??_scale4x_vertical+1)^0,c
  6821  00198C  2A03               	incf	??_scale4x_vertical^0,f,c
  6822  00198E  EFCB  F00C         	goto	u1654
  6823  001992                     u1655:
  6824  001992  90D8               	bcf	status,0,c
  6825  001994  3604               	rlcf	(??_scale4x_vertical+1)^0,f,c
  6826  001996                     u1654:
  6827  001996  2E03               	decfsz	??_scale4x_vertical^0,f,c
  6828  001998  EFC9  F00C         	goto	u1655
  6829  00199C  5004               	movf	(??_scale4x_vertical+1)^0,w,c
  6830  00199E  1405               	andwf	scale4x_vertical@in^0,w,c
  6831  0019A0  0900               	iorlw	0
  6832  0019A2  B4D8               	btfsc	status,2,c
  6833  0019A4  EFD6  F00C         	goto	u1661
  6834  0019A8  EFD8  F00C         	goto	u1660
  6835  0019AC                     u1661:
  6836  0019AC  EF05  F00D         	goto	l2616
  6837  0019B0                     u1660:
  6838  0019B0                     
  6839                           ;Dima_March_2026_BT-V1.c: 947:         {;Dima_March_2026_BT-V1.c: 948:             uint8
      +                          _t base = (uint8_t)(4u * r);
  6840  0019B0  500B               	movf	scale4x_vertical@r^0,w,c
  6841  0019B2  0D04               	mullw	4
  6842  0019B4  CFF3 F006          	movff	prodl,scale4x_vertical@base
  6843  0019B8                     
  6844                           ;Dima_March_2026_BT-V1.c: 949:             for (k = 0; k < 4u; k++)
  6845  0019B8  0E00               	movlw	0
  6846  0019BA  6E0A               	movwf	scale4x_vertical@k^0,c
  6847  0019BC                     l2608:
  6848                           
  6849                           ;Dima_March_2026_BT-V1.c: 950:             {;Dima_March_2026_BT-V1.c: 951:              
      +                             uint8_t pos = (uint8_t)(base + k);
  6850  0019BC  5006               	movf	scale4x_vertical@base^0,w,c
  6851  0019BE  240A               	addwf	scale4x_vertical@k^0,w,c
  6852  0019C0  6E09               	movwf	scale4x_vertical@pos^0,c
  6853                           
  6854                           ;Dima_March_2026_BT-V1.c: 952:                 uint8_t byte = (uint8_t)(pos >> 3);
  6855  0019C2  3809               	swapf	scale4x_vertical@pos^0,w,c
  6856  0019C4  46E8               	rlncf	wreg,f,c
  6857  0019C6  0B1F               	andlw	31
  6858  0019C8  6E07               	movwf	scale4x_vertical@byte^0,c
  6859                           
  6860                           ;Dima_March_2026_BT-V1.c: 953:                 uint8_t bit = (uint8_t)(pos & 7u);
  6861  0019CA  5009               	movf	scale4x_vertical@pos^0,w,c
  6862  0019CC  0B07               	andlw	7
  6863  0019CE  6E08               	movwf	scale4x_vertical@bit^0,c
  6864  0019D0                     
  6865                           ;Dima_March_2026_BT-V1.c: 954:                 out[byte] |= (1u << bit);
  6866  0019D0  C008  F003         	movff	scale4x_vertical@bit,??_scale4x_vertical
  6867  0019D4  0E01               	movlw	1
  6868  0019D6  6E04               	movwf	(??_scale4x_vertical+1)^0,c
  6869  0019D8  2A03               	incf	??_scale4x_vertical^0,f,c
  6870  0019DA  EFF1  F00C         	goto	u1674
  6871  0019DE                     u1675:
  6872  0019DE  90D8               	bcf	status,0,c
  6873  0019E0  3604               	rlcf	(??_scale4x_vertical+1)^0,f,c
  6874  0019E2                     u1674:
  6875  0019E2  2E03               	decfsz	??_scale4x_vertical^0,f,c
  6876  0019E4  EFEF  F00C         	goto	u1675
  6877  0019E8  5007               	movf	scale4x_vertical@byte^0,w,c
  6878  0019EA  2401               	addwf	scale4x_vertical@out^0,w,c
  6879  0019EC  6ED9               	movwf	fsr2l,c
  6880  0019EE  0E00               	movlw	0
  6881  0019F0  2002               	addwfc	(scale4x_vertical@out+1)^0,w,c
  6882  0019F2  6EDA               	movwf	fsr2h,c
  6883  0019F4  5004               	movf	(??_scale4x_vertical+1)^0,w,c
  6884  0019F6  12DF               	iorwf	indf2,f,c
  6885  0019F8                     
  6886                           ;Dima_March_2026_BT-V1.c: 955:             }
  6887  0019F8  2A0A               	incf	scale4x_vertical@k^0,f,c
  6888  0019FA  0E03               	movlw	3
  6889  0019FC  640A               	cpfsgt	scale4x_vertical@k^0,c
  6890  0019FE  EF03  F00D         	goto	u1681
  6891  001A02  EF05  F00D         	goto	u1680
  6892  001A06                     u1681:
  6893  001A06  EFDE  F00C         	goto	l2608
  6894  001A0A                     u1680:
  6895  001A0A                     l2616:
  6896                           
  6897                           ;Dima_March_2026_BT-V1.c: 957:     }
  6898  001A0A  2A0B               	incf	scale4x_vertical@r^0,f,c
  6899  001A0C  EFB8  F00C         	goto	l2594
  6900  001A10                     l365:
  6901  001A10  0012               	return		;funcret
  6902  001A12                     __end_of_scale4x_vertical:
  6903                           	callstack 0
  6904                           
  6905 ;; *************** function _font_get_pattern *****************
  6906 ;; Defined at:
  6907 ;;		line 792 in file "Dima_March_2026_BT-V1.c"
  6908 ;; Parameters:    Size  Location     Type
  6909 ;;  c               1    wreg     unsigned char 
  6910 ;; Auto vars:     Size  Location     Type
  6911 ;;  c               1    6[COMRAM] unsigned char 
  6912 ;; Return value:  Size  Location     Type
  6913 ;;                  2    0[COMRAM] PTR const unsigned char 
  6914 ;; Registers used:
  6915 ;;		wreg, status,2, status,0, prodl, prodh
  6916 ;; Tracked objects:
  6917 ;;		On entry : 0/0
  6918 ;;		On exit  : 0/0
  6919 ;;		Unchanged: 0/0
  6920 ;; Data sizes:     COMRAM   BANK0   BANK1   BANK2   BANK3   BANK4   BANK5
  6921 ;;      Params:         2       0       0       0       0       0       0
  6922 ;;      Locals:         1       0       0       0       0       0       0
  6923 ;;      Temps:          4       0       0       0       0       0       0
  6924 ;;      Totals:         7       0       0       0       0       0       0
  6925 ;;Total ram usage:        7 bytes
  6926 ;; Hardware stack levels used:    1
  6927 ;; Hardware stack levels required when called:    1
  6928 ;; This function calls:
  6929 ;;		Nothing
  6930 ;; This function is called by:
  6931 ;;		_oled_draw_char
  6932 ;;		_oled_draw_char_huge
  6933 ;; This function uses a non-reentrant model
  6934 ;;
  6935                           
  6936                           	psect	text38
  6937  0011F2                     __ptext38:
  6938                           	callstack 0
  6939  0011F2                     _font_get_pattern:
  6940                           	callstack 24
  6941                           
  6942                           ;incstack = 0
  6943                           ;font_get_pattern@c stored from wreg
  6944  0011F2  6E07               	movwf	font_get_pattern@c^0,c
  6945  0011F4                     
  6946                           ;Dima_March_2026_BT-V1.c: 792: const uint8_t* font_get_pattern(char c);Dima_March_2026_B
      +                          T-V1.c: 793: {;Dima_March_2026_BT-V1.c: 794:     static const uint8_t digits[10][5] = {;
      +                          Dima_March_2026_BT-V1.c: 807:     static const uint8_t letter_T[5] = {0x01,0x01,0x7F,0x0
      +                          1,0x01};;Dima_March_2026_BT-V1.c: 808:     static const uint8_t letter_O[5] = {0x3E,0x41
      +                          ,0x41,0x41,0x3E};;Dima_March_2026_BT-V1.c: 809:     static const uint8_t letter_V[5] = {
      +                          0x07,0x18,0x60,0x18,0x07};;Dima_March_2026_BT-V1.c: 810:     static const uint8_t letter
      +                          _A[5] = {0x7E,0x11,0x11,0x11,0x7E};
  6947  0011F4  0E2F               	movlw	47
  6948  0011F6  6407               	cpfsgt	font_get_pattern@c^0,c
  6949  0011F8  EF00  F009         	goto	u1591
  6950  0011FC  EF02  F009         	goto	u1590
  6951  001200                     u1591:
  6952  001200  EF7A  F009         	goto	l2548
  6953  001204                     u1590:
  6954  001204  0E3A               	movlw	58
  6955  001206  6007               	cpfslt	font_get_pattern@c^0,c
  6956  001208  EF08  F009         	goto	u1601
  6957  00120C  EF0A  F009         	goto	u1600
  6958  001210                     u1601:
  6959  001210  EF7A  F009         	goto	l2548
  6960  001214                     u1600:
  6961  001214                     
  6962                           ;Dima_March_2026_BT-V1.c: 824:     {;Dima_March_2026_BT-V1.c: 825:         return digits
      +                          [c - '0'];
  6963  001214  0E10               	movlw	16
  6964  001216  6E03               	movwf	??_font_get_pattern^0,c
  6965  001218  0EFF               	movlw	255
  6966  00121A  6E04               	movwf	(??_font_get_pattern+1)^0,c
  6967  00121C  5007               	movf	font_get_pattern@c^0,w,c
  6968  00121E  0D05               	mullw	5
  6969  001220  CFF3 F005          	movff	prodl,??_font_get_pattern+2
  6970  001224  CFF4 F006          	movff	prodh,??_font_get_pattern+3
  6971  001228  5003               	movf	??_font_get_pattern^0,w,c
  6972  00122A  2605               	addwf	(??_font_get_pattern+2)^0,f,c
  6973  00122C  5004               	movf	(??_font_get_pattern+1)^0,w,c
  6974  00122E  2206               	addwfc	(??_font_get_pattern+3)^0,f,c
  6975  001230  0E26               	movlw	low font_get_pattern@digits
  6976  001232  2405               	addwf	(??_font_get_pattern+2)^0,w,c
  6977  001234  6E01               	movwf	?_font_get_pattern^0,c
  6978  001236  0E06               	movlw	high font_get_pattern@digits
  6979  001238  2006               	addwfc	(??_font_get_pattern+3)^0,w,c
  6980  00123A  6E02               	movwf	(?_font_get_pattern+1)^0,c
  6981  00123C  EFC3  F009         	goto	l314
  6982  001240                     l2486:
  6983  001240  0E9E               	movlw	low font_get_pattern@letter_T
  6984  001242  6E01               	movwf	?_font_get_pattern^0,c
  6985  001244  0E06               	movlw	high font_get_pattern@letter_T
  6986  001246  6E02               	movwf	(?_font_get_pattern+1)^0,c
  6987  001248  EFC3  F009         	goto	l314
  6988  00124C                     l2490:
  6989  00124C  0E99               	movlw	low font_get_pattern@letter_O
  6990  00124E  6E01               	movwf	?_font_get_pattern^0,c
  6991  001250  0E06               	movlw	high font_get_pattern@letter_O
  6992  001252  6E02               	movwf	(?_font_get_pattern+1)^0,c
  6993  001254  EFC3  F009         	goto	l314
  6994  001258                     l2494:
  6995  001258  0E94               	movlw	low font_get_pattern@letter_V
  6996  00125A  6E01               	movwf	?_font_get_pattern^0,c
  6997  00125C  0E06               	movlw	high font_get_pattern@letter_V
  6998  00125E  6E02               	movwf	(?_font_get_pattern+1)^0,c
  6999  001260  EFC3  F009         	goto	l314
  7000  001264                     l2498:
  7001  001264  0E8F               	movlw	low font_get_pattern@letter_A
  7002  001266  6E01               	movwf	?_font_get_pattern^0,c
  7003  001268  0E06               	movlw	high font_get_pattern@letter_A
  7004  00126A  6E02               	movwf	(?_font_get_pattern+1)^0,c
  7005  00126C  EFC3  F009         	goto	l314
  7006  001270                     l2502:
  7007  001270  0E8A               	movlw	low font_get_pattern@letter_C
  7008  001272  6E01               	movwf	?_font_get_pattern^0,c
  7009  001274  0E06               	movlw	high font_get_pattern@letter_C
  7010  001276  6E02               	movwf	(?_font_get_pattern+1)^0,c
  7011  001278  EFC3  F009         	goto	l314
  7012  00127C                     l2506:
  7013  00127C  0E85               	movlw	low font_get_pattern@letter_B
  7014  00127E  6E01               	movwf	?_font_get_pattern^0,c
  7015  001280  0E06               	movlw	high font_get_pattern@letter_B
  7016  001282  6E02               	movwf	(?_font_get_pattern+1)^0,c
  7017  001284  EFC3  F009         	goto	l314
  7018  001288                     l2510:
  7019  001288  0E80               	movlw	low font_get_pattern@letter_R
  7020  00128A  6E01               	movwf	?_font_get_pattern^0,c
  7021  00128C  0E06               	movlw	high font_get_pattern@letter_R
  7022  00128E  6E02               	movwf	(?_font_get_pattern+1)^0,c
  7023  001290  EFC3  F009         	goto	l314
  7024  001294                     l2514:
  7025  001294  0E7B               	movlw	low font_get_pattern@letter_U
  7026  001296  6E01               	movwf	?_font_get_pattern^0,c
  7027  001298  0E06               	movlw	high font_get_pattern@letter_U
  7028  00129A  6E02               	movwf	(?_font_get_pattern+1)^0,c
  7029  00129C  EFC3  F009         	goto	l314
  7030  0012A0                     l2518:
  7031  0012A0  0E76               	movlw	low font_get_pattern@letter_D
  7032  0012A2  6E01               	movwf	?_font_get_pattern^0,c
  7033  0012A4  0E06               	movlw	high font_get_pattern@letter_D
  7034  0012A6  6E02               	movwf	(?_font_get_pattern+1)^0,c
  7035  0012A8  EFC3  F009         	goto	l314
  7036  0012AC                     l2522:
  7037  0012AC  0E71               	movlw	low font_get_pattern@letter_I
  7038  0012AE  6E01               	movwf	?_font_get_pattern^0,c
  7039  0012B0  0E06               	movlw	high font_get_pattern@letter_I
  7040  0012B2  6E02               	movwf	(?_font_get_pattern+1)^0,c
  7041  0012B4  EFC3  F009         	goto	l314
  7042  0012B8                     l2526:
  7043  0012B8  0E6C               	movlw	low font_get_pattern@letter_M
  7044  0012BA  6E01               	movwf	?_font_get_pattern^0,c
  7045  0012BC  0E06               	movlw	high font_get_pattern@letter_M
  7046  0012BE  6E02               	movwf	(?_font_get_pattern+1)^0,c
  7047  0012C0  EFC3  F009         	goto	l314
  7048  0012C4                     l2530:
  7049  0012C4  0E67               	movlw	low font_get_pattern@letter_H
  7050  0012C6  6E01               	movwf	?_font_get_pattern^0,c
  7051  0012C8  0E06               	movlw	high font_get_pattern@letter_H
  7052  0012CA  6E02               	movwf	(?_font_get_pattern+1)^0,c
  7053  0012CC  EFC3  F009         	goto	l314
  7054  0012D0                     l2534:
  7055  0012D0  0E62               	movlw	low font_get_pattern@letter_E
  7056  0012D2  6E01               	movwf	?_font_get_pattern^0,c
  7057  0012D4  0E06               	movlw	high font_get_pattern@letter_E
  7058  0012D6  6E02               	movwf	(?_font_get_pattern+1)^0,c
  7059  0012D8  EFC3  F009         	goto	l314
  7060  0012DC                     l2538:
  7061  0012DC  0E58               	movlw	low font_get_pattern@colon_char
  7062  0012DE  6E01               	movwf	?_font_get_pattern^0,c
  7063  0012E0  0E06               	movlw	high font_get_pattern@colon_char
  7064  0012E2  6E02               	movwf	(?_font_get_pattern+1)^0,c
  7065  0012E4  EFC3  F009         	goto	l314
  7066  0012E8                     l2542:
  7067  0012E8  0E5D               	movlw	low font_get_pattern@letter_space
  7068  0012EA  6E01               	movwf	?_font_get_pattern^0,c
  7069  0012EC  0E06               	movlw	high font_get_pattern@letter_space
  7070  0012EE  6E02               	movwf	(?_font_get_pattern+1)^0,c
  7071  0012F0  EFC3  F009         	goto	l314
  7072  0012F4                     l2548:
  7073  0012F4  5007               	movf	font_get_pattern@c^0,w,c
  7074  0012F6  6E03               	movwf	??_font_get_pattern^0,c
  7075  0012F8  6A04               	clrf	(??_font_get_pattern+1)^0,c
  7076                           
  7077                           ; Switch on 2 bytes has been partitioned into a top level switch of size 1, and 1 sub-sw
      +                          itches
  7078                           ; Switch size 1, requested type "simple"
  7079                           ; Number of cases is 1, Range of values is 0 to 0
  7080                           ; switch strategies available:
  7081                           ; Name         Instructions Cycles
  7082                           ; simple_byte            4     3 (average)
  7083                           ;	Chosen strategy is simple_byte
  7084  0012FA  5004               	movf	(??_font_get_pattern+1)^0,w,c
  7085  0012FC  0A00               	xorlw	0	; case 0
  7086  0012FE  B4D8               	btfsc	status,2,c
  7087  001300  EF84  F009         	goto	l3606
  7088  001304  EF74  F009         	goto	l2542
  7089  001308                     l3606:
  7090                           
  7091                           ; Switch size 1, requested type "simple"
  7092                           ; Number of cases is 15, Range of values is 32 to 86
  7093                           ; switch strategies available:
  7094                           ; Name         Instructions Cycles
  7095                           ; simple_byte           46    24 (average)
  7096                           ;	Chosen strategy is simple_byte
  7097  001308  5003               	movf	??_font_get_pattern^0,w,c
  7098  00130A  0A20               	xorlw	32	; case 32
  7099  00130C  B4D8               	btfsc	status,2,c
  7100  00130E  EF74  F009         	goto	l2542
  7101  001312  0A1A               	xorlw	26	; case 58
  7102  001314  B4D8               	btfsc	status,2,c
  7103  001316  EF6E  F009         	goto	l2538
  7104  00131A  0A7B               	xorlw	123	; case 65
  7105  00131C  B4D8               	btfsc	status,2,c
  7106  00131E  EF32  F009         	goto	l2498
  7107  001322  0A03               	xorlw	3	; case 66
  7108  001324  B4D8               	btfsc	status,2,c
  7109  001326  EF3E  F009         	goto	l2506
  7110  00132A  0A01               	xorlw	1	; case 67
  7111  00132C  B4D8               	btfsc	status,2,c
  7112  00132E  EF38  F009         	goto	l2502
  7113  001332  0A07               	xorlw	7	; case 68
  7114  001334  B4D8               	btfsc	status,2,c
  7115  001336  EF50  F009         	goto	l2518
  7116  00133A  0A01               	xorlw	1	; case 69
  7117  00133C  B4D8               	btfsc	status,2,c
  7118  00133E  EF68  F009         	goto	l2534
  7119  001342  0A0D               	xorlw	13	; case 72
  7120  001344  B4D8               	btfsc	status,2,c
  7121  001346  EF62  F009         	goto	l2530
  7122  00134A  0A01               	xorlw	1	; case 73
  7123  00134C  B4D8               	btfsc	status,2,c
  7124  00134E  EF56  F009         	goto	l2522
  7125  001352  0A04               	xorlw	4	; case 77
  7126  001354  B4D8               	btfsc	status,2,c
  7127  001356  EF5C  F009         	goto	l2526
  7128  00135A  0A02               	xorlw	2	; case 79
  7129  00135C  B4D8               	btfsc	status,2,c
  7130  00135E  EF26  F009         	goto	l2490
  7131  001362  0A1D               	xorlw	29	; case 82
  7132  001364  B4D8               	btfsc	status,2,c
  7133  001366  EF44  F009         	goto	l2510
  7134  00136A  0A06               	xorlw	6	; case 84
  7135  00136C  B4D8               	btfsc	status,2,c
  7136  00136E  EF20  F009         	goto	l2486
  7137  001372  0A01               	xorlw	1	; case 85
  7138  001374  B4D8               	btfsc	status,2,c
  7139  001376  EF4A  F009         	goto	l2514
  7140  00137A  0A03               	xorlw	3	; case 86
  7141  00137C  B4D8               	btfsc	status,2,c
  7142  00137E  EF2C  F009         	goto	l2494
  7143  001382  EF74  F009         	goto	l2542
  7144  001386                     l314:
  7145  001386  0012               	return		;funcret
  7146  001388                     __end_of_font_get_pattern:
  7147                           	callstack 0
  7148                           
  7149 ;; *************** function _oled_clear *****************
  7150 ;; Defined at:
  7151 ;;		line 774 in file "Dima_March_2026_BT-V1.c"
  7152 ;; Parameters:    Size  Location     Type
  7153 ;;		None
  7154 ;; Auto vars:     Size  Location     Type
  7155 ;;  page            1    9[COMRAM] unsigned char 
  7156 ;;  col             1    8[COMRAM] unsigned char 
  7157 ;; Return value:  Size  Location     Type
  7158 ;;                  1    wreg      void 
  7159 ;; Registers used:
  7160 ;;		wreg, status,2, status,0, cstack
  7161 ;; Tracked objects:
  7162 ;;		On entry : 0/0
  7163 ;;		On exit  : 0/0
  7164 ;;		Unchanged: 0/0
  7165 ;; Data sizes:     COMRAM   BANK0   BANK1   BANK2   BANK3   BANK4   BANK5
  7166 ;;      Params:         0       0       0       0       0       0       0
  7167 ;;      Locals:         2       0       0       0       0       0       0
  7168 ;;      Temps:          0       0       0       0       0       0       0
  7169 ;;      Totals:         2       0       0       0       0       0       0
  7170 ;;Total ram usage:        2 bytes
  7171 ;; Hardware stack levels used:    1
  7172 ;; Hardware stack levels required when called:    6
  7173 ;; This function calls:
  7174 ;;		_oled_send_data_byte
  7175 ;;		_oled_send_data_start
  7176 ;;		_oled_send_data_stop
  7177 ;;		_oled_set_cursor
  7178 ;; This function is called by:
  7179 ;;		_oled_draw_graphic_base
  7180 ;;		_oled_update_screen
  7181 ;;		_oled_show_boot_screen
  7182 ;; This function uses a non-reentrant model
  7183 ;;
  7184                           
  7185                           	psect	text39
  7186  0024B0                     __ptext39:
  7187                           	callstack 0
  7188  0024B0                     _oled_clear:
  7189                           	callstack 22
  7190  0024B0                     
  7191                           ;Dima_March_2026_BT-V1.c: 776:     uint8_t page;;Dima_March_2026_BT-V1.c: 777:     uint8
      +                          _t col;;Dima_March_2026_BT-V1.c: 779:     for (page = 0; page < 8u; page++)
  7192  0024B0  0E00               	movlw	0
  7193  0024B2  6E0A               	movwf	oled_clear@page^0,c
  7194  0024B4                     l2690:
  7195                           
  7196                           ;Dima_March_2026_BT-V1.c: 780:     {;Dima_March_2026_BT-V1.c: 781:         oled_set_curs
      +                          or(0, page);
  7197  0024B4  C00A  F007         	movff	oled_clear@page,oled_set_cursor@page
  7198  0024B8  0E00               	movlw	0
  7199  0024BA  EC20  F013         	call	_oled_set_cursor
  7200                           
  7201                           ;Dima_March_2026_BT-V1.c: 782:         oled_send_data_start();
  7202  0024BE  EC90  F013         	call	_oled_send_data_start	;wreg free
  7203  0024C2                     
  7204                           ;Dima_March_2026_BT-V1.c: 783:         for (col = 0; col < 132u; col++)
  7205  0024C2  0E00               	movlw	0
  7206  0024C4  6E09               	movwf	oled_clear@col^0,c
  7207  0024C6                     l2698:
  7208                           
  7209                           ;Dima_March_2026_BT-V1.c: 784:         {;Dima_March_2026_BT-V1.c: 785:             oled_
      +                          send_data_byte(0x00);
  7210  0024C6  0E00               	movlw	0
  7211  0024C8  ECA5  F013         	call	_oled_send_data_byte
  7212  0024CC                     
  7213                           ;Dima_March_2026_BT-V1.c: 786:         }
  7214  0024CC  2A09               	incf	oled_clear@col^0,f,c
  7215  0024CE  0E83               	movlw	131
  7216  0024D0  6409               	cpfsgt	oled_clear@col^0,c
  7217  0024D2  EF6D  F012         	goto	u1781
  7218  0024D6  EF6F  F012         	goto	u1780
  7219  0024DA                     u1781:
  7220  0024DA  EF63  F012         	goto	l2698
  7221  0024DE                     u1780:
  7222  0024DE                     
  7223                           ;Dima_March_2026_BT-V1.c: 787:         oled_send_data_stop();
  7224  0024DE  ECAD  F013         	call	_oled_send_data_stop	;wreg free
  7225  0024E2                     
  7226                           ;Dima_March_2026_BT-V1.c: 788:     }
  7227  0024E2  2A0A               	incf	oled_clear@page^0,f,c
  7228  0024E4  0E07               	movlw	7
  7229  0024E6  640A               	cpfsgt	oled_clear@page^0,c
  7230  0024E8  EF78  F012         	goto	u1791
  7231  0024EC  EF7A  F012         	goto	u1790
  7232  0024F0                     u1791:
  7233  0024F0  EF5A  F012         	goto	l2690
  7234  0024F4                     u1790:
  7235  0024F4  0012               	return		;funcret
  7236  0024F6                     __end_of_oled_clear:
  7237                           	callstack 0
  7238                           
  7239 ;; *************** function _oled_set_cursor *****************
  7240 ;; Defined at:
  7241 ;;		line 767 in file "Dima_March_2026_BT-V1.c"
  7242 ;; Parameters:    Size  Location     Type
  7243 ;;  col             1    wreg     unsigned char 
  7244 ;;  page            1    6[COMRAM] unsigned char 
  7245 ;; Auto vars:     Size  Location     Type
  7246 ;;  col             1    7[COMRAM] unsigned char 
  7247 ;; Return value:  Size  Location     Type
  7248 ;;                  1    wreg      void 
  7249 ;; Registers used:
  7250 ;;		wreg, status,2, status,0, cstack
  7251 ;; Tracked objects:
  7252 ;;		On entry : 0/0
  7253 ;;		On exit  : 0/0
  7254 ;;		Unchanged: 0/0
  7255 ;; Data sizes:     COMRAM   BANK0   BANK1   BANK2   BANK3   BANK4   BANK5
  7256 ;;      Params:         1       0       0       0       0       0       0
  7257 ;;      Locals:         1       0       0       0       0       0       0
  7258 ;;      Temps:          0       0       0       0       0       0       0
  7259 ;;      Totals:         2       0       0       0       0       0       0
  7260 ;;Total ram usage:        2 bytes
  7261 ;; Hardware stack levels used:    1
  7262 ;; Hardware stack levels required when called:    5
  7263 ;; This function calls:
  7264 ;;		_oled_send_command
  7265 ;; This function is called by:
  7266 ;;		_oled_clear
  7267 ;;		_oled_draw_text
  7268 ;;		_oled_draw_char_huge
  7269 ;;		_oled_draw_text_huge
  7270 ;;		_oled_draw_underline_animated
  7271 ;;		_oled_clear_5x8
  7272 ;;		_oled_draw_rectangle
  7273 ;;		_oled_draw_brush_bristles
  7274 ;;		_oled_draw_down_arrow_5x8
  7275 ;;		_oled_draw_old_runtime_screen
  7276 ;;		_oled_show_boot_screen
  7277 ;; This function uses a non-reentrant model
  7278 ;;
  7279                           
  7280                           	psect	text40
  7281  002640                     __ptext40:
  7282                           	callstack 0
  7283  002640                     _oled_set_cursor:
  7284                           	callstack 23
  7285                           
  7286                           ;incstack = 0
  7287                           ;oled_set_cursor@col stored from wreg
  7288  002640  6E08               	movwf	oled_set_cursor@col^0,c
  7289  002642                     
  7290                           ;Dima_March_2026_BT-V1.c: 767: void oled_set_cursor(uint8_t col, uint8_t page);Dima_Marc
      +                          h_2026_BT-V1.c: 768: {;Dima_March_2026_BT-V1.c: 769:     oled_send_command(0xB0 | (page 
      +                          & 0x07));
  7291  002642  5007               	movf	oled_set_cursor@page^0,w,c
  7292  002644  0B07               	andlw	7
  7293  002646  09B0               	iorlw	176
  7294  002648  EC31  F013         	call	_oled_send_command
  7295                           
  7296                           ;Dima_March_2026_BT-V1.c: 770:     oled_send_command(0x00 | (col & 0x0F));
  7297  00264C  5008               	movf	oled_set_cursor@col^0,w,c
  7298  00264E  0B0F               	andlw	15
  7299  002650  EC31  F013         	call	_oled_send_command
  7300                           
  7301                           ;Dima_March_2026_BT-V1.c: 771:     oled_send_command(0x10 | ((col >> 4) & 0x0F));
  7302  002654  3808               	swapf	oled_set_cursor@col^0,w,c
  7303  002656  0B0F               	andlw	15
  7304  002658  0B0F               	andlw	15
  7305  00265A  0910               	iorlw	16
  7306  00265C  EC31  F013         	call	_oled_send_command
  7307  002660  0012               	return		;funcret
  7308  002662                     __end_of_oled_set_cursor:
  7309                           	callstack 0
  7310                           
  7311 ;; *************** function _oled_send_command *****************
  7312 ;; Defined at:
  7313 ;;		line 704 in file "Dima_March_2026_BT-V1.c"
  7314 ;; Parameters:    Size  Location     Type
  7315 ;;  cmd             1    wreg     unsigned char 
  7316 ;; Auto vars:     Size  Location     Type
  7317 ;;  cmd             1    5[COMRAM] unsigned char 
  7318 ;; Return value:  Size  Location     Type
  7319 ;;                  1    wreg      void 
  7320 ;; Registers used:
  7321 ;;		wreg, status,2, status,0, cstack
  7322 ;; Tracked objects:
  7323 ;;		On entry : 0/0
  7324 ;;		On exit  : 0/0
  7325 ;;		Unchanged: 0/0
  7326 ;; Data sizes:     COMRAM   BANK0   BANK1   BANK2   BANK3   BANK4   BANK5
  7327 ;;      Params:         0       0       0       0       0       0       0
  7328 ;;      Locals:         1       0       0       0       0       0       0
  7329 ;;      Temps:          0       0       0       0       0       0       0
  7330 ;;      Totals:         1       0       0       0       0       0       0
  7331 ;;Total ram usage:        1 bytes
  7332 ;; Hardware stack levels used:    1
  7333 ;; Hardware stack levels required when called:    4
  7334 ;; This function calls:
  7335 ;;		_i2c_start
  7336 ;;		_i2c_stop
  7337 ;;		_i2c_write_byte
  7338 ;; This function is called by:
  7339 ;;		_oled_init
  7340 ;;		_oled_set_cursor
  7341 ;;		_oled_show_boot_screen
  7342 ;;		_main
  7343 ;; This function uses a non-reentrant model
  7344 ;;
  7345                           
  7346                           	psect	text41
  7347  002662                     __ptext41:
  7348                           	callstack 0
  7349  002662                     _oled_send_command:
  7350                           	callstack 24
  7351                           
  7352                           ;incstack = 0
  7353                           ;oled_send_command@cmd stored from wreg
  7354  002662  6E06               	movwf	oled_send_command@cmd^0,c
  7355  002664                     
  7356                           ;Dima_March_2026_BT-V1.c: 704: void oled_send_command(uint8_t cmd);Dima_March_2026_BT-V1
      +                          .c: 705: {;Dima_March_2026_BT-V1.c: 706:     i2c_start();
  7357  002664  EC71  F013         	call	_i2c_start	;wreg free
  7358                           
  7359                           ;Dima_March_2026_BT-V1.c: 707:     i2c_write_byte(0x78);
  7360  002668  0E78               	movlw	120
  7361  00266A  ECDE  F011         	call	_i2c_write_byte
  7362                           
  7363                           ;Dima_March_2026_BT-V1.c: 708:     i2c_write_byte(0x00);
  7364  00266E  0E00               	movlw	0
  7365  002670  ECDE  F011         	call	_i2c_write_byte
  7366                           
  7367                           ;Dima_March_2026_BT-V1.c: 709:     i2c_write_byte(cmd);
  7368  002674  5006               	movf	oled_send_command@cmd^0,w,c
  7369  002676  ECDE  F011         	call	_i2c_write_byte
  7370                           
  7371                           ;Dima_March_2026_BT-V1.c: 710:     i2c_stop();
  7372  00267A  EC4E  F013         	call	_i2c_stop	;wreg free
  7373  00267E  0012               	return		;funcret
  7374  002680                     __end_of_oled_send_command:
  7375                           	callstack 0
  7376                           
  7377 ;; *************** function _oled_send_data_stop *****************
  7378 ;; Defined at:
  7379 ;;		line 720 in file "Dima_March_2026_BT-V1.c"
  7380 ;; Parameters:    Size  Location     Type
  7381 ;;		None
  7382 ;; Auto vars:     Size  Location     Type
  7383 ;;		None
  7384 ;; Return value:  Size  Location     Type
  7385 ;;                  1    wreg      void 
  7386 ;; Registers used:
  7387 ;;		wreg, status,2, status,0, cstack
  7388 ;; Tracked objects:
  7389 ;;		On entry : 0/0
  7390 ;;		On exit  : 0/0
  7391 ;;		Unchanged: 0/0
  7392 ;; Data sizes:     COMRAM   BANK0   BANK1   BANK2   BANK3   BANK4   BANK5
  7393 ;;      Params:         0       0       0       0       0       0       0
  7394 ;;      Locals:         0       0       0       0       0       0       0
  7395 ;;      Temps:          0       0       0       0       0       0       0
  7396 ;;      Totals:         0       0       0       0       0       0       0
  7397 ;;Total ram usage:        0 bytes
  7398 ;; Hardware stack levels used:    1
  7399 ;; Hardware stack levels required when called:    4
  7400 ;; This function calls:
  7401 ;;		_i2c_stop
  7402 ;; This function is called by:
  7403 ;;		_oled_clear
  7404 ;;		_oled_draw_text
  7405 ;;		_oled_draw_char_huge
  7406 ;;		_oled_draw_text_huge
  7407 ;;		_oled_draw_underline_animated
  7408 ;;		_oled_clear_5x8
  7409 ;;		_oled_draw_rectangle
  7410 ;;		_oled_draw_brush_bristles
  7411 ;;		_oled_draw_down_arrow_5x8
  7412 ;;		_oled_draw_old_runtime_screen
  7413 ;;		_oled_show_boot_screen
  7414 ;; This function uses a non-reentrant model
  7415 ;;
  7416                           
  7417                           	psect	text42
  7418  00275A                     __ptext42:
  7419                           	callstack 0
  7420  00275A                     _oled_send_data_stop:
  7421                           	callstack 24
  7422  00275A                     
  7423                           ;Dima_March_2026_BT-V1.c: 722:     i2c_stop();
  7424  00275A  EC4E  F013         	call	_i2c_stop	;wreg free
  7425  00275E  0012               	return		;funcret
  7426  002760                     __end_of_oled_send_data_stop:
  7427                           	callstack 0
  7428                           
  7429 ;; *************** function _i2c_stop *****************
  7430 ;; Defined at:
  7431 ;;		line 661 in file "Dima_March_2026_BT-V1.c"
  7432 ;; Parameters:    Size  Location     Type
  7433 ;;		None
  7434 ;; Auto vars:     Size  Location     Type
  7435 ;;		None
  7436 ;; Return value:  Size  Location     Type
  7437 ;;                  1    wreg      void 
  7438 ;; Registers used:
  7439 ;;		wreg, status,2, status,0, cstack
  7440 ;; Tracked objects:
  7441 ;;		On entry : 0/0
  7442 ;;		On exit  : 0/0
  7443 ;;		Unchanged: 0/0
  7444 ;; Data sizes:     COMRAM   BANK0   BANK1   BANK2   BANK3   BANK4   BANK5
  7445 ;;      Params:         0       0       0       0       0       0       0
  7446 ;;      Locals:         0       0       0       0       0       0       0
  7447 ;;      Temps:          0       0       0       0       0       0       0
  7448 ;;      Totals:         0       0       0       0       0       0       0
  7449 ;;Total ram usage:        0 bytes
  7450 ;; Hardware stack levels used:    1
  7451 ;; Hardware stack levels required when called:    3
  7452 ;; This function calls:
  7453 ;;		_i2c_delay
  7454 ;; This function is called by:
  7455 ;;		_oled_send_command
  7456 ;;		_oled_send_data_stop
  7457 ;; This function uses a non-reentrant model
  7458 ;;
  7459                           
  7460                           	psect	text43
  7461  00269C                     __ptext43:
  7462                           	callstack 0
  7463  00269C                     _i2c_stop:
  7464                           	callstack 24
  7465  00269C                     
  7466                           ;Dima_March_2026_BT-V1.c: 663:     TRISCbits.TRISC3 = 0;
  7467  00269C  9694               	bcf	148,3,c	;volatile
  7468  00269E                     
  7469                           ;Dima_March_2026_BT-V1.c: 664:     i2c_delay();
  7470  00269E  EC99  F013         	call	_i2c_delay	;wreg free
  7471  0026A2                     
  7472                           ;Dima_March_2026_BT-V1.c: 666:     TRISCbits.TRISC4 = 0;
  7473  0026A2  9894               	bcf	148,4,c	;volatile
  7474                           
  7475                           ;Dima_March_2026_BT-V1.c: 667:     i2c_delay();
  7476  0026A4  EC99  F013         	call	_i2c_delay	;wreg free
  7477  0026A8                     
  7478                           ;Dima_March_2026_BT-V1.c: 668:     TRISCbits.TRISC3 = 1;
  7479  0026A8  8694               	bsf	148,3,c	;volatile
  7480                           
  7481                           ;Dima_March_2026_BT-V1.c: 669:     i2c_delay();
  7482  0026AA  EC99  F013         	call	_i2c_delay	;wreg free
  7483  0026AE                     
  7484                           ;Dima_March_2026_BT-V1.c: 670:     TRISCbits.TRISC4 = 1;
  7485  0026AE  8894               	bsf	148,4,c	;volatile
  7486                           
  7487                           ;Dima_March_2026_BT-V1.c: 671:     i2c_delay();
  7488  0026B0  EC99  F013         	call	_i2c_delay	;wreg free
  7489  0026B4  0012               	return		;funcret
  7490  0026B6                     __end_of_i2c_stop:
  7491                           	callstack 0
  7492                           
  7493 ;; *************** function _oled_send_data_start *****************
  7494 ;; Defined at:
  7495 ;;		line 713 in file "Dima_March_2026_BT-V1.c"
  7496 ;; Parameters:    Size  Location     Type
  7497 ;;		None
  7498 ;; Auto vars:     Size  Location     Type
  7499 ;;		None
  7500 ;; Return value:  Size  Location     Type
  7501 ;;                  1    wreg      void 
  7502 ;; Registers used:
  7503 ;;		wreg, status,2, status,0, cstack
  7504 ;; Tracked objects:
  7505 ;;		On entry : 0/0
  7506 ;;		On exit  : 0/0
  7507 ;;		Unchanged: 0/0
  7508 ;; Data sizes:     COMRAM   BANK0   BANK1   BANK2   BANK3   BANK4   BANK5
  7509 ;;      Params:         0       0       0       0       0       0       0
  7510 ;;      Locals:         0       0       0       0       0       0       0
  7511 ;;      Temps:          0       0       0       0       0       0       0
  7512 ;;      Totals:         0       0       0       0       0       0       0
  7513 ;;Total ram usage:        0 bytes
  7514 ;; Hardware stack levels used:    1
  7515 ;; Hardware stack levels required when called:    4
  7516 ;; This function calls:
  7517 ;;		_i2c_start
  7518 ;;		_i2c_write_byte
  7519 ;; This function is called by:
  7520 ;;		_oled_clear
  7521 ;;		_oled_draw_text
  7522 ;;		_oled_draw_char_huge
  7523 ;;		_oled_draw_text_huge
  7524 ;;		_oled_draw_underline_animated
  7525 ;;		_oled_clear_5x8
  7526 ;;		_oled_draw_rectangle
  7527 ;;		_oled_draw_brush_bristles
  7528 ;;		_oled_draw_down_arrow_5x8
  7529 ;;		_oled_draw_old_runtime_screen
  7530 ;;		_oled_show_boot_screen
  7531 ;; This function uses a non-reentrant model
  7532 ;;
  7533                           
  7534                           	psect	text44
  7535  002720                     __ptext44:
  7536                           	callstack 0
  7537  002720                     _oled_send_data_start:
  7538                           	callstack 24
  7539  002720                     
  7540                           ;Dima_March_2026_BT-V1.c: 715:     i2c_start();
  7541  002720  EC71  F013         	call	_i2c_start	;wreg free
  7542                           
  7543                           ;Dima_March_2026_BT-V1.c: 716:     i2c_write_byte(0x78);
  7544  002724  0E78               	movlw	120
  7545  002726  ECDE  F011         	call	_i2c_write_byte
  7546                           
  7547                           ;Dima_March_2026_BT-V1.c: 717:     i2c_write_byte(0x40);
  7548  00272A  0E40               	movlw	64
  7549  00272C  ECDE  F011         	call	_i2c_write_byte
  7550  002730  0012               	return		;funcret
  7551  002732                     __end_of_oled_send_data_start:
  7552                           	callstack 0
  7553                           
  7554 ;; *************** function _i2c_start *****************
  7555 ;; Defined at:
  7556 ;;		line 649 in file "Dima_March_2026_BT-V1.c"
  7557 ;; Parameters:    Size  Location     Type
  7558 ;;		None
  7559 ;; Auto vars:     Size  Location     Type
  7560 ;;		None
  7561 ;; Return value:  Size  Location     Type
  7562 ;;                  1    wreg      void 
  7563 ;; Registers used:
  7564 ;;		wreg, status,2, status,0, cstack
  7565 ;; Tracked objects:
  7566 ;;		On entry : 0/0
  7567 ;;		On exit  : 0/0
  7568 ;;		Unchanged: 0/0
  7569 ;; Data sizes:     COMRAM   BANK0   BANK1   BANK2   BANK3   BANK4   BANK5
  7570 ;;      Params:         0       0       0       0       0       0       0
  7571 ;;      Locals:         0       0       0       0       0       0       0
  7572 ;;      Temps:          0       0       0       0       0       0       0
  7573 ;;      Totals:         0       0       0       0       0       0       0
  7574 ;;Total ram usage:        0 bytes
  7575 ;; Hardware stack levels used:    1
  7576 ;; Hardware stack levels required when called:    3
  7577 ;; This function calls:
  7578 ;;		_i2c_delay
  7579 ;; This function is called by:
  7580 ;;		_oled_send_command
  7581 ;;		_oled_send_data_start
  7582 ;; This function uses a non-reentrant model
  7583 ;;
  7584                           
  7585                           	psect	text45
  7586  0026E2                     __ptext45:
  7587                           	callstack 0
  7588  0026E2                     _i2c_start:
  7589                           	callstack 24
  7590  0026E2                     
  7591                           ;Dima_March_2026_BT-V1.c: 651:     TRISCbits.TRISC4 = 1;
  7592  0026E2  8894               	bsf	148,4,c	;volatile
  7593                           
  7594                           ;Dima_March_2026_BT-V1.c: 652:     TRISCbits.TRISC3 = 1;
  7595  0026E4  8694               	bsf	148,3,c	;volatile
  7596  0026E6                     
  7597                           ;Dima_March_2026_BT-V1.c: 653:     i2c_delay();
  7598  0026E6  EC99  F013         	call	_i2c_delay	;wreg free
  7599  0026EA                     
  7600                           ;Dima_March_2026_BT-V1.c: 655:     TRISCbits.TRISC4 = 0;
  7601  0026EA  9894               	bcf	148,4,c	;volatile
  7602                           
  7603                           ;Dima_March_2026_BT-V1.c: 656:     i2c_delay();
  7604  0026EC  EC99  F013         	call	_i2c_delay	;wreg free
  7605  0026F0                     
  7606                           ;Dima_March_2026_BT-V1.c: 657:     TRISCbits.TRISC3 = 0;
  7607  0026F0  9694               	bcf	148,3,c	;volatile
  7608                           
  7609                           ;Dima_March_2026_BT-V1.c: 658:     i2c_delay();
  7610  0026F2  EC99  F013         	call	_i2c_delay	;wreg free
  7611  0026F6  0012               	return		;funcret
  7612  0026F8                     __end_of_i2c_start:
  7613                           	callstack 0
  7614                           
  7615 ;; *************** function _oled_send_data_byte *****************
  7616 ;; Defined at:
  7617 ;;		line 725 in file "Dima_March_2026_BT-V1.c"
  7618 ;; Parameters:    Size  Location     Type
  7619 ;;  data            1    wreg     unsigned char 
  7620 ;; Auto vars:     Size  Location     Type
  7621 ;;  data            1    5[COMRAM] unsigned char 
  7622 ;; Return value:  Size  Location     Type
  7623 ;;                  1    wreg      void 
  7624 ;; Registers used:
  7625 ;;		wreg, status,2, status,0, cstack
  7626 ;; Tracked objects:
  7627 ;;		On entry : 0/0
  7628 ;;		On exit  : 0/0
  7629 ;;		Unchanged: 0/0
  7630 ;; Data sizes:     COMRAM   BANK0   BANK1   BANK2   BANK3   BANK4   BANK5
  7631 ;;      Params:         0       0       0       0       0       0       0
  7632 ;;      Locals:         1       0       0       0       0       0       0
  7633 ;;      Temps:          0       0       0       0       0       0       0
  7634 ;;      Totals:         1       0       0       0       0       0       0
  7635 ;;Total ram usage:        1 bytes
  7636 ;; Hardware stack levels used:    1
  7637 ;; Hardware stack levels required when called:    4
  7638 ;; This function calls:
  7639 ;;		_i2c_write_byte
  7640 ;; This function is called by:
  7641 ;;		_oled_clear
  7642 ;;		_oled_draw_char
  7643 ;;		_oled_draw_char_huge
  7644 ;;		_oled_draw_text_huge
  7645 ;;		_oled_draw_underline_animated
  7646 ;;		_oled_clear_5x8
  7647 ;;		_oled_draw_rectangle
  7648 ;;		_oled_draw_brush_bristles
  7649 ;;		_oled_draw_down_arrow_5x8
  7650 ;;		_oled_draw_old_runtime_screen
  7651 ;;		_oled_show_boot_screen
  7652 ;; This function uses a non-reentrant model
  7653 ;;
  7654                           
  7655                           	psect	text46
  7656  00274A                     __ptext46:
  7657                           	callstack 0
  7658  00274A                     _oled_send_data_byte:
  7659                           	callstack 24
  7660                           
  7661                           ;incstack = 0
  7662                           ;oled_send_data_byte@data stored from wreg
  7663  00274A  6E06               	movwf	oled_send_data_byte@data^0,c
  7664  00274C                     
  7665                           ;Dima_March_2026_BT-V1.c: 725: void oled_send_data_byte(uint8_t data);Dima_March_2026_BT
      +                          -V1.c: 726: {;Dima_March_2026_BT-V1.c: 727:     i2c_write_byte(data);
  7666  00274C  5006               	movf	oled_send_data_byte@data^0,w,c
  7667  00274E  ECDE  F011         	call	_i2c_write_byte
  7668  002752  0012               	return		;funcret
  7669  002754                     __end_of_oled_send_data_byte:
  7670                           	callstack 0
  7671                           
  7672 ;; *************** function _i2c_write_byte *****************
  7673 ;; Defined at:
  7674 ;;		line 674 in file "Dima_March_2026_BT-V1.c"
  7675 ;; Parameters:    Size  Location     Type
  7676 ;;  data            1    wreg     unsigned char 
  7677 ;; Auto vars:     Size  Location     Type
  7678 ;;  data            1    3[COMRAM] unsigned char 
  7679 ;;  i               1    4[COMRAM] unsigned char 
  7680 ;; Return value:  Size  Location     Type
  7681 ;;                  1    wreg      _Bool 
  7682 ;; Registers used:
  7683 ;;		wreg, status,2, status,0, cstack
  7684 ;; Tracked objects:
  7685 ;;		On entry : 0/0
  7686 ;;		On exit  : 0/0
  7687 ;;		Unchanged: 0/0
  7688 ;; Data sizes:     COMRAM   BANK0   BANK1   BANK2   BANK3   BANK4   BANK5
  7689 ;;      Params:         0       0       0       0       0       0       0
  7690 ;;      Locals:         2       0       0       0       0       0       0
  7691 ;;      Temps:          0       0       0       0       0       0       0
  7692 ;;      Totals:         2       0       0       0       0       0       0
  7693 ;;Total ram usage:        2 bytes
  7694 ;; Hardware stack levels used:    1
  7695 ;; Hardware stack levels required when called:    3
  7696 ;; This function calls:
  7697 ;;		_i2c_delay
  7698 ;; This function is called by:
  7699 ;;		_oled_send_command
  7700 ;;		_oled_send_data_start
  7701 ;;		_oled_send_data_byte
  7702 ;; This function uses a non-reentrant model
  7703 ;;
  7704                           
  7705                           	psect	text47
  7706  0023BC                     __ptext47:
  7707                           	callstack 0
  7708  0023BC                     _i2c_write_byte:
  7709                           	callstack 24
  7710                           
  7711                           ;incstack = 0
  7712                           ;i2c_write_byte@data stored from wreg
  7713  0023BC  6E04               	movwf	i2c_write_byte@data^0,c
  7714  0023BE                     
  7715                           ;Dima_March_2026_BT-V1.c: 674: _Bool i2c_write_byte(uint8_t data);Dima_March_2026_BT-V1.
      +                          c: 675: {;Dima_March_2026_BT-V1.c: 676:     uint8_t i;;Dima_March_2026_BT-V1.c: 678:    
      +                           for (i = 0; i < 8u; i++)
  7716  0023BE  0E00               	movlw	0
  7717  0023C0  6E05               	movwf	i2c_write_byte@i^0,c
  7718  0023C2                     l249:
  7719                           
  7720                           ;Dima_March_2026_BT-V1.c: 679:     {;Dima_March_2026_BT-V1.c: 680:         if (data & 0x
      +                          80u) TRISCbits.TRISC4 = 1;
  7721  0023C2  AE04               	btfss	i2c_write_byte@data^0,7,c
  7722  0023C4  EFE6  F011         	goto	u1571
  7723  0023C8  EFE8  F011         	goto	u1570
  7724  0023CC                     u1571:
  7725  0023CC  EFEB  F011         	goto	l251
  7726  0023D0                     u1570:
  7727  0023D0  8894               	bsf	148,4,c	;volatile
  7728  0023D2  EFEC  F011         	goto	l2450
  7729  0023D6                     l251:
  7730  0023D6  9894               	bcf	148,4,c	;volatile
  7731  0023D8                     l2450:
  7732                           
  7733                           ;Dima_March_2026_BT-V1.c: 683:         i2c_delay();
  7734  0023D8  EC99  F013         	call	_i2c_delay	;wreg free
  7735  0023DC                     
  7736                           ;Dima_March_2026_BT-V1.c: 684:         TRISCbits.TRISC3 = 1;
  7737  0023DC  8694               	bsf	148,3,c	;volatile
  7738                           
  7739                           ;Dima_March_2026_BT-V1.c: 685:         i2c_delay();
  7740  0023DE  EC99  F013         	call	_i2c_delay	;wreg free
  7741  0023E2                     
  7742                           ;Dima_March_2026_BT-V1.c: 686:         TRISCbits.TRISC3 = 0;
  7743  0023E2  9694               	bcf	148,3,c	;volatile
  7744                           
  7745                           ;Dima_March_2026_BT-V1.c: 687:         i2c_delay();
  7746  0023E4  EC99  F013         	call	_i2c_delay	;wreg free
  7747  0023E8                     
  7748                           ;Dima_March_2026_BT-V1.c: 689:         data <<= 1;
  7749  0023E8  90D8               	bcf	status,0,c
  7750  0023EA  3604               	rlcf	i2c_write_byte@data^0,f,c
  7751  0023EC                     
  7752                           ;Dima_March_2026_BT-V1.c: 690:     }
  7753  0023EC  2A05               	incf	i2c_write_byte@i^0,f,c
  7754  0023EE  0E07               	movlw	7
  7755  0023F0  6405               	cpfsgt	i2c_write_byte@i^0,c
  7756  0023F2  EFFD  F011         	goto	u1581
  7757  0023F6  EFFF  F011         	goto	u1580
  7758  0023FA                     u1581:
  7759  0023FA  EFE1  F011         	goto	l249
  7760  0023FE                     u1580:
  7761  0023FE                     
  7762                           ;Dima_March_2026_BT-V1.c: 692:     TRISCbits.TRISC4 = 1;
  7763  0023FE  8894               	bsf	148,4,c	;volatile
  7764  002400                     
  7765                           ;Dima_March_2026_BT-V1.c: 693:     i2c_delay();
  7766  002400  EC99  F013         	call	_i2c_delay	;wreg free
  7767  002404                     
  7768                           ;Dima_March_2026_BT-V1.c: 694:     TRISCbits.TRISC3 = 1;
  7769  002404  8694               	bsf	148,3,c	;volatile
  7770                           
  7771                           ;Dima_March_2026_BT-V1.c: 695:     i2c_delay();
  7772  002406  EC99  F013         	call	_i2c_delay	;wreg free
  7773  00240A                     
  7774                           ;Dima_March_2026_BT-V1.c: 696:     (void)PORTCbits.RC4;
  7775  00240A  5082               	movf	130,w,c	;volatile
  7776  00240C                     
  7777                           ;Dima_March_2026_BT-V1.c: 697:     TRISCbits.TRISC3 = 0;
  7778  00240C  9694               	bcf	148,3,c	;volatile
  7779  00240E                     
  7780                           ;Dima_March_2026_BT-V1.c: 698:     i2c_delay();
  7781  00240E  EC99  F013         	call	_i2c_delay	;wreg free
  7782  002412  0012               	return		;funcret
  7783  002414                     __end_of_i2c_write_byte:
  7784                           	callstack 0
  7785                           
  7786 ;; *************** function _i2c_delay *****************
  7787 ;; Defined at:
  7788 ;;		line 636 in file "Dima_March_2026_BT-V1.c"
  7789 ;; Parameters:    Size  Location     Type
  7790 ;;		None
  7791 ;; Auto vars:     Size  Location     Type
  7792 ;;		None
  7793 ;; Return value:  Size  Location     Type
  7794 ;;                  1    wreg      void 
  7795 ;; Registers used:
  7796 ;;		wreg, status,2, status,0, cstack
  7797 ;; Tracked objects:
  7798 ;;		On entry : 0/0
  7799 ;;		On exit  : 0/0
  7800 ;;		Unchanged: 0/0
  7801 ;; Data sizes:     COMRAM   BANK0   BANK1   BANK2   BANK3   BANK4   BANK5
  7802 ;;      Params:         0       0       0       0       0       0       0
  7803 ;;      Locals:         0       0       0       0       0       0       0
  7804 ;;      Temps:          0       0       0       0       0       0       0
  7805 ;;      Totals:         0       0       0       0       0       0       0
  7806 ;;Total ram usage:        0 bytes
  7807 ;; Hardware stack levels used:    1
  7808 ;; Hardware stack levels required when called:    2
  7809 ;; This function calls:
  7810 ;;		_delay_us_soft
  7811 ;; This function is called by:
  7812 ;;		_i2c_start
  7813 ;;		_i2c_stop
  7814 ;;		_i2c_write_byte
  7815 ;; This function uses a non-reentrant model
  7816 ;;
  7817                           
  7818                           	psect	text48
  7819  002732                     __ptext48:
  7820                           	callstack 0
  7821  002732                     _i2c_delay:
  7822                           	callstack 24
  7823  002732                     
  7824                           ;Dima_March_2026_BT-V1.c: 638:     delay_us_soft(2);
  7825  002732  0E00               	movlw	0
  7826  002734  6E02               	movwf	(delay_us_soft@us+1)^0,c
  7827  002736  0E02               	movlw	2
  7828  002738  6E01               	movwf	delay_us_soft@us^0,c
  7829  00273A  EC33  F012         	call	_delay_us_soft	;wreg free
  7830  00273E  0012               	return		;funcret
  7831  002740                     __end_of_i2c_delay:
  7832                           	callstack 0
  7833                           
  7834 ;; *************** function _delay_us_soft *****************
  7835 ;; Defined at:
  7836 ;;		line 223 in file "Dima_March_2026_BT-V1.c"
  7837 ;; Parameters:    Size  Location     Type
  7838 ;;  us              2    0[COMRAM] unsigned short 
  7839 ;; Auto vars:     Size  Location     Type
  7840 ;;  i               1    2[COMRAM] volatile unsigned char 
  7841 ;; Return value:  Size  Location     Type
  7842 ;;                  1    wreg      void 
  7843 ;; Registers used:
  7844 ;;		wreg, status,2, status,0
  7845 ;; Tracked objects:
  7846 ;;		On entry : 0/0
  7847 ;;		On exit  : 0/0
  7848 ;;		Unchanged: 0/0
  7849 ;; Data sizes:     COMRAM   BANK0   BANK1   BANK2   BANK3   BANK4   BANK5
  7850 ;;      Params:         2       0       0       0       0       0       0
  7851 ;;      Locals:         1       0       0       0       0       0       0
  7852 ;;      Temps:          0       0       0       0       0       0       0
  7853 ;;      Totals:         3       0       0       0       0       0       0
  7854 ;;Total ram usage:        3 bytes
  7855 ;; Hardware stack levels used:    1
  7856 ;; Hardware stack levels required when called:    1
  7857 ;; This function calls:
  7858 ;;		Nothing
  7859 ;; This function is called by:
  7860 ;;		_delay_ms_soft
  7861 ;;		_i2c_delay
  7862 ;; This function uses a non-reentrant model
  7863 ;;
  7864                           
  7865                           	psect	text49
  7866  002466                     __ptext49:
  7867                           	callstack 0
  7868  002466                     _delay_us_soft:
  7869                           	callstack 24
  7870  002466                     l2408:
  7871                           
  7872                           ;Dima_March_2026_BT-V1.c: 223: void delay_us_soft(uint16_t us);Dima_March_2026_BT-V1.c: 
      +                          224: {;Dima_March_2026_BT-V1.c: 225:     while (us--)
  7873  002466  EF4A  F012         	goto	l2420
  7874  00246A                     l2410:
  7875                           
  7876                           ;Dima_March_2026_BT-V1.c: 226:     {;Dima_March_2026_BT-V1.c: 227:         volatile uint
      +                          8_t i;;Dima_March_2026_BT-V1.c: 228:         for (i = 0; i < 4; i++)
  7877  00246A  0E00               	movlw	0
  7878  00246C  6E03               	movwf	delay_us_soft@i^0,c	;volatile
  7879  00246E  0E03               	movlw	3
  7880  002470  6403               	cpfsgt	delay_us_soft@i^0,c	;volatile
  7881  002472  EF3D  F012         	goto	u1541
  7882  002476  EF3F  F012         	goto	u1540
  7883  00247A                     u1541:
  7884  00247A  EF41  F012         	goto	l2416
  7885  00247E                     u1540:
  7886  00247E  EF33  F012         	goto	l2408
  7887  002482                     l2416:
  7888                           
  7889                           ;Dima_March_2026_BT-V1.c: 229:         {;Dima_March_2026_BT-V1.c: 230:         }
  7890  002482  2A03               	incf	delay_us_soft@i^0,f,c	;volatile
  7891  002484  0E03               	movlw	3
  7892  002486  6403               	cpfsgt	delay_us_soft@i^0,c	;volatile
  7893  002488  EF48  F012         	goto	u1551
  7894  00248C  EF4A  F012         	goto	u1550
  7895  002490                     u1551:
  7896  002490  EF41  F012         	goto	l2416
  7897  002494                     u1550:
  7898  002494                     l2420:
  7899                           
  7900                           ;Dima_March_2026_BT-V1.c: 225:     while (us--)
  7901  002494  0601               	decf	delay_us_soft@us^0,f,c
  7902  002496  A0D8               	btfss	status,0,c
  7903  002498  0602               	decf	(delay_us_soft@us+1)^0,f,c
  7904  00249A  2801               	incf	delay_us_soft@us^0,w,c
  7905  00249C  E106               	bnz	u1561
  7906  00249E  2802               	incf	(delay_us_soft@us+1)^0,w,c
  7907  0024A0  A4D8               	btfss	status,2,c
  7908  0024A2  EF55  F012         	goto	u1561
  7909  0024A6  EF57  F012         	goto	u1560
  7910  0024AA                     u1561:
  7911  0024AA  EF35  F012         	goto	l2410
  7912  0024AE                     u1560:
  7913  0024AE  0012               	return		;funcret
  7914  0024B0                     __end_of_delay_us_soft:
  7915                           	callstack 0
  7916                           
  7917 ;; *************** function _hourmeter_load_from_eeprom *****************
  7918 ;; Defined at:
  7919 ;;		line 1421 in file "Dima_March_2026_BT-V1.c"
  7920 ;; Parameters:    Size  Location     Type
  7921 ;;		None
  7922 ;; Auto vars:     Size  Location     Type
  7923 ;;  val             4    8[COMRAM] unsigned long 
  7924 ;;  magic           1    7[COMRAM] unsigned char 
  7925 ;; Return value:  Size  Location     Type
  7926 ;;                  1    wreg      void 
  7927 ;; Registers used:
  7928 ;;		wreg, status,2, status,0, cstack
  7929 ;; Tracked objects:
  7930 ;;		On entry : 0/0
  7931 ;;		On exit  : 0/0
  7932 ;;		Unchanged: 0/0
  7933 ;; Data sizes:     COMRAM   BANK0   BANK1   BANK2   BANK3   BANK4   BANK5
  7934 ;;      Params:         0       0       0       0       0       0       0
  7935 ;;      Locals:         5       0       0       0       0       0       0
  7936 ;;      Temps:          5       0       0       0       0       0       0
  7937 ;;      Totals:        10       0       0       0       0       0       0
  7938 ;;Total ram usage:       10 bytes
  7939 ;; Hardware stack levels used:    1
  7940 ;; Hardware stack levels required when called:    2
  7941 ;; This function calls:
  7942 ;;		_eeprom_read_byte
  7943 ;; This function is called by:
  7944 ;;		_main
  7945 ;; This function uses a non-reentrant model
  7946 ;;
  7947                           
  7948                           	psect	text50
  7949  001388                     __ptext50:
  7950                           	callstack 0
  7951  001388                     _hourmeter_load_from_eeprom:
  7952                           	callstack 28
  7953  001388                     
  7954                           ;Dima_March_2026_BT-V1.c: 1423:     uint8_t magic = eeprom_read_byte(0x0004u);
  7955  001388  0E00               	movlw	0
  7956  00138A  6E02               	movwf	(eeprom_read_byte@addr+1)^0,c
  7957  00138C  0E04               	movlw	4
  7958  00138E  6E01               	movwf	eeprom_read_byte@addr^0,c
  7959  001390  EC40  F013         	call	_eeprom_read_byte	;wreg free
  7960  001394  6E08               	movwf	hourmeter_load_from_eeprom@magic^0,c
  7961  001396                     
  7962                           ;Dima_March_2026_BT-V1.c: 1425:     if (magic != 0x5Au)
  7963  001396  0E5A               	movlw	90
  7964  001398  1808               	xorwf	hourmeter_load_from_eeprom@magic^0,w,c
  7965  00139A  B4D8               	btfsc	status,2,c
  7966  00139C  EFD2  F009         	goto	u3001
  7967  0013A0  EFD4  F009         	goto	u3000
  7968  0013A4                     u3001:
  7969  0013A4  EFEF  F009         	goto	l3530
  7970  0013A8                     u3000:
  7971  0013A8                     
  7972                           ;Dima_March_2026_BT-V1.c: 1426:     {;Dima_March_2026_BT-V1.c: 1427:         g_overall_s
      +                          econds = 0u;
  7973  0013A8  0E00               	movlw	0
  7974  0013AA  0100               	movlb	0	; () banked
  7975  0013AC  6F68               	movwf	_g_overall_seconds& (0+255),b	;volatile
  7976  0013AE  0E00               	movlw	0
  7977  0013B0  6F69               	movwf	(_g_overall_seconds+1)& (0+255),b	;volatile
  7978  0013B2  0E00               	movlw	0
  7979  0013B4  6F6A               	movwf	(_g_overall_seconds+2)& (0+255),b	;volatile
  7980  0013B6  0E00               	movlw	0
  7981  0013B8  6F6B               	movwf	(_g_overall_seconds+3)& (0+255),b	;volatile
  7982                           
  7983                           ;Dima_March_2026_BT-V1.c: 1428:         g_brush_seconds = 0u;
  7984  0013BA  0E00               	movlw	0
  7985  0013BC  6F64               	movwf	_g_brush_seconds& (0+255),b	;volatile
  7986  0013BE  0E00               	movlw	0
  7987  0013C0  6F65               	movwf	(_g_brush_seconds+1)& (0+255),b	;volatile
  7988  0013C2  0E00               	movlw	0
  7989  0013C4  6F66               	movwf	(_g_brush_seconds+2)& (0+255),b	;volatile
  7990  0013C6  0E00               	movlw	0
  7991  0013C8  6F67               	movwf	(_g_brush_seconds+3)& (0+255),b	;volatile
  7992                           
  7993                           ;Dima_March_2026_BT-V1.c: 1429:         g_vacuum_seconds = 0u;
  7994  0013CA  0E00               	movlw	0
  7995  0013CC  6F60               	movwf	_g_vacuum_seconds& (0+255),b	;volatile
  7996  0013CE  0E00               	movlw	0
  7997  0013D0  6F61               	movwf	(_g_vacuum_seconds+1)& (0+255),b	;volatile
  7998  0013D2  0E00               	movlw	0
  7999  0013D4  6F62               	movwf	(_g_vacuum_seconds+2)& (0+255),b	;volatile
  8000  0013D6  0E00               	movlw	0
  8001  0013D8  6F63               	movwf	(_g_vacuum_seconds+3)& (0+255),b	;volatile
  8002  0013DA  EF62  F00A         	goto	l523
  8003  0013DE                     l3530:
  8004                           
  8005                           ;Dima_March_2026_BT-V1.c: 1433:     {;Dima_March_2026_BT-V1.c: 1434:         uint32_t va
      +                          l;;Dima_March_2026_BT-V1.c: 1435:         val = (uint32_t)eeprom_read_byte(0x0000u + 0u)
      +                          ;
  8006  0013DE  0E00               	movlw	0
  8007  0013E0  6E02               	movwf	(eeprom_read_byte@addr+1)^0,c
  8008  0013E2  0E00               	movlw	0
  8009  0013E4  6E01               	movwf	eeprom_read_byte@addr^0,c
  8010  0013E6  EC40  F013         	call	_eeprom_read_byte	;wreg free
  8011  0013EA  6E03               	movwf	??_hourmeter_load_from_eeprom^0,c
  8012  0013EC  5003               	movf	??_hourmeter_load_from_eeprom^0,w,c
  8013  0013EE  6E09               	movwf	hourmeter_load_from_eeprom@val^0,c
  8014  0013F0  6A0A               	clrf	(hourmeter_load_from_eeprom@val+1)^0,c
  8015  0013F2  6A0B               	clrf	(hourmeter_load_from_eeprom@val+2)^0,c
  8016  0013F4  6A0C               	clrf	(hourmeter_load_from_eeprom@val+3)^0,c
  8017                           
  8018                           ;Dima_March_2026_BT-V1.c: 1436:         val |= (uint32_t)eeprom_read_byte(0x0000u + 1u) 
      +                          << 8;
  8019  0013F6  0E00               	movlw	0
  8020  0013F8  6E02               	movwf	(eeprom_read_byte@addr+1)^0,c
  8021  0013FA  0E01               	movlw	1
  8022  0013FC  6E01               	movwf	eeprom_read_byte@addr^0,c
  8023  0013FE  EC40  F013         	call	_eeprom_read_byte	;wreg free
  8024  001402  6E03               	movwf	??_hourmeter_load_from_eeprom^0,c
  8025  001404  C003  F004         	movff	??_hourmeter_load_from_eeprom,??_hourmeter_load_from_eeprom+1
  8026  001408  6A05               	clrf	(??_hourmeter_load_from_eeprom+2)^0,c
  8027  00140A  6A06               	clrf	(??_hourmeter_load_from_eeprom+3)^0,c
  8028  00140C  6A07               	clrf	(??_hourmeter_load_from_eeprom+4)^0,c
  8029  00140E  C006  F007         	movff	??_hourmeter_load_from_eeprom+3,??_hourmeter_load_from_eeprom+4
  8030  001412  C005  F006         	movff	??_hourmeter_load_from_eeprom+2,??_hourmeter_load_from_eeprom+3
  8031  001416  C004  F005         	movff	??_hourmeter_load_from_eeprom+1,??_hourmeter_load_from_eeprom+2
  8032  00141A  6A04               	clrf	(??_hourmeter_load_from_eeprom+1)^0,c
  8033  00141C  5004               	movf	(??_hourmeter_load_from_eeprom+1)^0,w,c
  8034  00141E  1209               	iorwf	hourmeter_load_from_eeprom@val^0,f,c
  8035  001420  5005               	movf	(??_hourmeter_load_from_eeprom+2)^0,w,c
  8036  001422  120A               	iorwf	(hourmeter_load_from_eeprom@val+1)^0,f,c
  8037  001424  5006               	movf	(??_hourmeter_load_from_eeprom+3)^0,w,c
  8038  001426  120B               	iorwf	(hourmeter_load_from_eeprom@val+2)^0,f,c
  8039  001428  5007               	movf	(??_hourmeter_load_from_eeprom+4)^0,w,c
  8040  00142A  120C               	iorwf	(hourmeter_load_from_eeprom@val+3)^0,f,c
  8041                           
  8042                           ;Dima_March_2026_BT-V1.c: 1437:         val |= (uint32_t)eeprom_read_byte(0x0000u + 2u) 
      +                          << 16;
  8043  00142C  0E00               	movlw	0
  8044  00142E  6E02               	movwf	(eeprom_read_byte@addr+1)^0,c
  8045  001430  0E02               	movlw	2
  8046  001432  6E01               	movwf	eeprom_read_byte@addr^0,c
  8047  001434  EC40  F013         	call	_eeprom_read_byte	;wreg free
  8048  001438  6E03               	movwf	??_hourmeter_load_from_eeprom^0,c
  8049  00143A  C003  F004         	movff	??_hourmeter_load_from_eeprom,??_hourmeter_load_from_eeprom+1
  8050  00143E  6A05               	clrf	(??_hourmeter_load_from_eeprom+2)^0,c
  8051  001440  6A06               	clrf	(??_hourmeter_load_from_eeprom+3)^0,c
  8052  001442  6A07               	clrf	(??_hourmeter_load_from_eeprom+4)^0,c
  8053  001444  C005  F007         	movff	??_hourmeter_load_from_eeprom+2,??_hourmeter_load_from_eeprom+4
  8054  001448  C004  F006         	movff	??_hourmeter_load_from_eeprom+1,??_hourmeter_load_from_eeprom+3
  8055  00144C  6A05               	clrf	(??_hourmeter_load_from_eeprom+2)^0,c
  8056  00144E  6A04               	clrf	(??_hourmeter_load_from_eeprom+1)^0,c
  8057  001450  5004               	movf	(??_hourmeter_load_from_eeprom+1)^0,w,c
  8058  001452  1209               	iorwf	hourmeter_load_from_eeprom@val^0,f,c
  8059  001454  5005               	movf	(??_hourmeter_load_from_eeprom+2)^0,w,c
  8060  001456  120A               	iorwf	(hourmeter_load_from_eeprom@val+1)^0,f,c
  8061  001458  5006               	movf	(??_hourmeter_load_from_eeprom+3)^0,w,c
  8062  00145A  120B               	iorwf	(hourmeter_load_from_eeprom@val+2)^0,f,c
  8063  00145C  5007               	movf	(??_hourmeter_load_from_eeprom+4)^0,w,c
  8064  00145E  120C               	iorwf	(hourmeter_load_from_eeprom@val+3)^0,f,c
  8065                           
  8066                           ;Dima_March_2026_BT-V1.c: 1438:         val |= (uint32_t)eeprom_read_byte(0x0000u + 3u) 
      +                          << 24;
  8067  001460  0E00               	movlw	0
  8068  001462  6E02               	movwf	(eeprom_read_byte@addr+1)^0,c
  8069  001464  0E03               	movlw	3
  8070  001466  6E01               	movwf	eeprom_read_byte@addr^0,c
  8071  001468  EC40  F013         	call	_eeprom_read_byte	;wreg free
  8072  00146C  6E03               	movwf	??_hourmeter_load_from_eeprom^0,c
  8073  00146E  C003  F004         	movff	??_hourmeter_load_from_eeprom,??_hourmeter_load_from_eeprom+1
  8074  001472  6A05               	clrf	(??_hourmeter_load_from_eeprom+2)^0,c
  8075  001474  6A06               	clrf	(??_hourmeter_load_from_eeprom+3)^0,c
  8076  001476  6A07               	clrf	(??_hourmeter_load_from_eeprom+4)^0,c
  8077  001478  C004  F007         	movff	??_hourmeter_load_from_eeprom+1,??_hourmeter_load_from_eeprom+4
  8078  00147C  6A06               	clrf	(??_hourmeter_load_from_eeprom+3)^0,c
  8079  00147E  6A05               	clrf	(??_hourmeter_load_from_eeprom+2)^0,c
  8080  001480  6A04               	clrf	(??_hourmeter_load_from_eeprom+1)^0,c
  8081  001482  5004               	movf	(??_hourmeter_load_from_eeprom+1)^0,w,c
  8082  001484  1209               	iorwf	hourmeter_load_from_eeprom@val^0,f,c
  8083  001486  5005               	movf	(??_hourmeter_load_from_eeprom+2)^0,w,c
  8084  001488  120A               	iorwf	(hourmeter_load_from_eeprom@val+1)^0,f,c
  8085  00148A  5006               	movf	(??_hourmeter_load_from_eeprom+3)^0,w,c
  8086  00148C  120B               	iorwf	(hourmeter_load_from_eeprom@val+2)^0,f,c
  8087  00148E  5007               	movf	(??_hourmeter_load_from_eeprom+4)^0,w,c
  8088  001490  120C               	iorwf	(hourmeter_load_from_eeprom@val+3)^0,f,c
  8089  001492                     
  8090                           ;Dima_March_2026_BT-V1.c: 1439:         g_overall_seconds = val;
  8091  001492  C009  F068         	movff	hourmeter_load_from_eeprom@val,_g_overall_seconds	;volatile
  8092  001496  C00A  F069         	movff	hourmeter_load_from_eeprom@val+1,_g_overall_seconds+1	;volatile
  8093  00149A  C00B  F06A         	movff	hourmeter_load_from_eeprom@val+2,_g_overall_seconds+2	;volatile
  8094  00149E  C00C  F06B         	movff	hourmeter_load_from_eeprom@val+3,_g_overall_seconds+3	;volatile
  8095  0014A2                     
  8096                           ;Dima_March_2026_BT-V1.c: 1440:     };Dima_March_2026_BT-V1.c: 1442:     g_brush_seconds
      +                           = 0u;
  8097  0014A2  0E00               	movlw	0
  8098  0014A4  0100               	movlb	0	; () banked
  8099  0014A6  6F64               	movwf	_g_brush_seconds& (0+255),b	;volatile
  8100  0014A8  0E00               	movlw	0
  8101  0014AA  6F65               	movwf	(_g_brush_seconds+1)& (0+255),b	;volatile
  8102  0014AC  0E00               	movlw	0
  8103  0014AE  6F66               	movwf	(_g_brush_seconds+2)& (0+255),b	;volatile
  8104  0014B0  0E00               	movlw	0
  8105  0014B2  6F67               	movwf	(_g_brush_seconds+3)& (0+255),b	;volatile
  8106  0014B4                     
  8107                           ; BSR set to: 0
  8108                           ;Dima_March_2026_BT-V1.c: 1443:     g_vacuum_seconds = 0u;
  8109  0014B4  0E00               	movlw	0
  8110  0014B6  6F60               	movwf	_g_vacuum_seconds& (0+255),b	;volatile
  8111  0014B8  0E00               	movlw	0
  8112  0014BA  6F61               	movwf	(_g_vacuum_seconds+1)& (0+255),b	;volatile
  8113  0014BC  0E00               	movlw	0
  8114  0014BE  6F62               	movwf	(_g_vacuum_seconds+2)& (0+255),b	;volatile
  8115  0014C0  0E00               	movlw	0
  8116  0014C2  6F63               	movwf	(_g_vacuum_seconds+3)& (0+255),b	;volatile
  8117  0014C4                     l523:
  8118                           
  8119                           ; BSR set to: 0
  8120  0014C4  0012               	return		;funcret
  8121  0014C6                     __end_of_hourmeter_load_from_eeprom:
  8122                           	callstack 0
  8123                           
  8124 ;; *************** function _eeprom_read_byte *****************
  8125 ;; Defined at:
  8126 ;;		line 1394 in file "Dima_March_2026_BT-V1.c"
  8127 ;; Parameters:    Size  Location     Type
  8128 ;;  addr            2    0[COMRAM] unsigned short 
  8129 ;; Auto vars:     Size  Location     Type
  8130 ;;		None
  8131 ;; Return value:  Size  Location     Type
  8132 ;;                  1    wreg      unsigned char 
  8133 ;; Registers used:
  8134 ;;		wreg, status,2
  8135 ;; Tracked objects:
  8136 ;;		On entry : 0/0
  8137 ;;		On exit  : 0/0
  8138 ;;		Unchanged: 0/0
  8139 ;; Data sizes:     COMRAM   BANK0   BANK1   BANK2   BANK3   BANK4   BANK5
  8140 ;;      Params:         2       0       0       0       0       0       0
  8141 ;;      Locals:         0       0       0       0       0       0       0
  8142 ;;      Temps:          0       0       0       0       0       0       0
  8143 ;;      Totals:         2       0       0       0       0       0       0
  8144 ;;Total ram usage:        2 bytes
  8145 ;; Hardware stack levels used:    1
  8146 ;; Hardware stack levels required when called:    1
  8147 ;; This function calls:
  8148 ;;		Nothing
  8149 ;; This function is called by:
  8150 ;;		_hourmeter_load_from_eeprom
  8151 ;; This function uses a non-reentrant model
  8152 ;;
  8153                           
  8154                           	psect	text51
  8155  002680                     __ptext51:
  8156                           	callstack 0
  8157  002680                     _eeprom_read_byte:
  8158                           	callstack 28
  8159  002680                     l513:
  8160                           
  8161                           ;Dima_March_2026_BT-V1.c: 1396:     while (EECON1bits.WR)
  8162  002680  B2A6               	btfsc	166,1,c	;volsfr
  8163  002682  EF45  F013         	goto	u2751
  8164  002686  EF47  F013         	goto	u2750
  8165  00268A                     u2751:
  8166  00268A  EF40  F013         	goto	l513
  8167  00268E                     u2750:
  8168  00268E                     
  8169                           ;Dima_March_2026_BT-V1.c: 1400:     EEADR = (uint8_t)(addr & 0xFFu);
  8170  00268E  C001  FFA9         	movff	eeprom_read_byte@addr,4009	;volatile
  8171                           
  8172                           ;Dima_March_2026_BT-V1.c: 1402:     EECON1bits.EEPGD = 0;
  8173  002692  9EA6               	bcf	166,7,c	;volsfr
  8174                           
  8175                           ;Dima_March_2026_BT-V1.c: 1403:     EECON1bits.CFGS = 0;
  8176  002694  9CA6               	bcf	166,6,c	;volsfr
  8177                           
  8178                           ;Dima_March_2026_BT-V1.c: 1404:     EECON1bits.RD = 1;
  8179  002696  80A6               	bsf	166,0,c	;volsfr
  8180  002698                     
  8181                           ;Dima_March_2026_BT-V1.c: 1406:     return EEDATA;
  8182  002698  50A8               	movf	168,w,c	;volatile
  8183  00269A  0012               	return		;funcret
  8184  00269C                     __end_of_eeprom_read_byte:
  8185                           	callstack 0
  8186                           
  8187 ;; *************** function _isr *****************
  8188 ;; Defined at:
  8189 ;;		line 296 in file "Dima_March_2026_BT-V1.c"
  8190 ;; Parameters:    Size  Location     Type
  8191 ;;		None
  8192 ;; Auto vars:     Size  Location     Type
  8193 ;;		None
  8194 ;; Return value:  Size  Location     Type
  8195 ;;                  1    wreg      void 
  8196 ;; Registers used:
  8197 ;;		wreg, status,2, status,0
  8198 ;; Tracked objects:
  8199 ;;		On entry : 0/0
  8200 ;;		On exit  : 0/0
  8201 ;;		Unchanged: 0/0
  8202 ;; Data sizes:     COMRAM   BANK0   BANK1   BANK2   BANK3   BANK4   BANK5
  8203 ;;      Params:         0       0       0       0       0       0       0
  8204 ;;      Locals:         0       0       0       0       0       0       0
  8205 ;;      Temps:          0       0       0       0       0       0       0
  8206 ;;      Totals:         0       0       0       0       0       0       0
  8207 ;;Total ram usage:        0 bytes
  8208 ;; Hardware stack levels used:    1
  8209 ;; This function calls:
  8210 ;;		Nothing
  8211 ;; This function is called by:
  8212 ;;		Interrupt level 2
  8213 ;; This function uses a non-reentrant model
  8214 ;;
  8215                           
  8216                           	psect	intcode
  8217  000008                     __pintcode:
  8218                           	callstack 0
  8219  000008                     _isr:
  8220                           	callstack 21
  8221                           
  8222                           ;incstack = 0
  8223  000008  825F               	bsf	int$flags,1,c	;set compiler interrupt flag (level 2)
  8224  00000A                     
  8225                           ;Dima_March_2026_BT-V1.c: 298:     if (INTCONbits.TMR0IF)
  8226  00000A  A4F2               	btfss	242,2,c	;volatile
  8227  00000C  EF0A  F000         	goto	i2u301_41
  8228  000010  EF0C  F000         	goto	i2u301_40
  8229  000014                     i2u301_41:
  8230  000014  EF3A  F000         	goto	i2l142
  8231  000018                     i2u301_40:
  8232  000018                     
  8233                           ;Dima_March_2026_BT-V1.c: 299:     {;Dima_March_2026_BT-V1.c: 300:         static uint16
      +                          _t ms_for_1s = 0u;;Dima_March_2026_BT-V1.c: 302:         TMR0H = 0xF0;
  8234  000018  0EF0               	movlw	240
  8235  00001A  6ED7               	movwf	215,c	;volatile
  8236                           
  8237                           ;Dima_March_2026_BT-V1.c: 303:         TMR0L = 0x60;
  8238  00001C  0E60               	movlw	96
  8239  00001E  6ED6               	movwf	214,c	;volatile
  8240  000020                     
  8241                           ;Dima_March_2026_BT-V1.c: 304:         INTCONbits.TMR0IF = 0;
  8242  000020  94F2               	bcf	242,2,c	;volatile
  8243  000022                     
  8244                           ;Dima_March_2026_BT-V1.c: 306:         g_ms_counter++;
  8245  000022  0100               	movlb	0	; () banked
  8246  000024  4B74               	infsnz	_g_ms_counter& (0+255),f,b	;volatile
  8247  000026  2B75               	incf	(_g_ms_counter+1)& (0+255),f,b	;volatile
  8248  000028                     
  8249                           ; BSR set to: 0
  8250                           ;Dima_March_2026_BT-V1.c: 307:         g_boot_ms++;
  8251  000028  4B72               	infsnz	_g_boot_ms& (0+255),f,b	;volatile
  8252  00002A  2B73               	incf	(_g_boot_ms+1)& (0+255),f,b	;volatile
  8253  00002C                     
  8254                           ; BSR set to: 0
  8255                           ;Dima_March_2026_BT-V1.c: 309:         if (g_ms_counter >= 10u)
  8256  00002C  5175               	movf	(_g_ms_counter+1)& (0+255),w,b	;volatile
  8257  00002E  E109               	bnz	i2u302_40
  8258  000030  0E0A               	movlw	10
  8259  000032  5D74               	subwf	_g_ms_counter& (0+255),w,b	;volatile
  8260  000034  A0D8               	btfss	status,0,c
  8261  000036  EF1F  F000         	goto	i2u302_41
  8262  00003A  EF21  F000         	goto	i2u302_40
  8263  00003E                     i2u302_41:
  8264  00003E  EF27  F000         	goto	i2l3554
  8265  000042                     i2u302_40:
  8266  000042                     
  8267                           ; BSR set to: 0
  8268                           ;Dima_March_2026_BT-V1.c: 310:         {;Dima_March_2026_BT-V1.c: 311:             g_ms_
      +                          counter -= 10u;
  8269  000042  0E0A               	movlw	10
  8270  000044  5F74               	subwf	_g_ms_counter& (0+255),f,b	;volatile
  8271  000046  0E00               	movlw	0
  8272  000048  5B75               	subwfb	(_g_ms_counter+1)& (0+255),f,b	;volatile
  8273  00004A                     
  8274                           ; BSR set to: 0
  8275                           ;Dima_March_2026_BT-V1.c: 312:             g_10ms_flag = 1u;
  8276  00004A  0E01               	movlw	1
  8277  00004C  6F86               	movwf	_g_10ms_flag& (0+255),b	;volatile
  8278  00004E                     i2l3554:
  8279                           
  8280                           ; BSR set to: 0
  8281                           ;Dima_March_2026_BT-V1.c: 315:         ms_for_1s++;
  8282  00004E  4B6C               	infsnz	isr@ms_for_1s& (0+255),f,b
  8283  000050  2B6D               	incf	(isr@ms_for_1s+1)& (0+255),f,b
  8284  000052                     
  8285                           ; BSR set to: 0
  8286                           ;Dima_March_2026_BT-V1.c: 316:         if (ms_for_1s >= 1000u)
  8287  000052  0EE8               	movlw	232
  8288  000054  5D6C               	subwf	isr@ms_for_1s& (0+255),w,b
  8289  000056  0E03               	movlw	3
  8290  000058  596D               	subwfb	(isr@ms_for_1s+1)& (0+255),w,b
  8291  00005A  A0D8               	btfss	status,0,c
  8292  00005C  EF32  F000         	goto	i2u303_41
  8293  000060  EF34  F000         	goto	i2u303_40
  8294  000064                     i2u303_41:
  8295  000064  EF3A  F000         	goto	i2l142
  8296  000068                     i2u303_40:
  8297  000068                     
  8298                           ; BSR set to: 0
  8299                           ;Dima_March_2026_BT-V1.c: 317:         {;Dima_March_2026_BT-V1.c: 318:             ms_fo
      +                          r_1s = 0u;
  8300  000068  0E00               	movlw	0
  8301  00006A  6F6D               	movwf	(isr@ms_for_1s+1)& (0+255),b
  8302  00006C  0E00               	movlw	0
  8303  00006E  6F6C               	movwf	isr@ms_for_1s& (0+255),b
  8304                           
  8305                           ;Dima_March_2026_BT-V1.c: 319:             g_1s_flag = 1u;
  8306  000070  0E01               	movlw	1
  8307  000072  6F85               	movwf	_g_1s_flag& (0+255),b	;volatile
  8308  000074                     i2l142:
  8309  000074  925F               	bcf	int$flags,1,c	;clear compiler interrupt flag (level 2)
  8310  000076  0011               	retfie		f
  8311  000078                     __end_of_isr:
  8312                           	callstack 0
  8313                           
  8314                           	psect	rparam
  8315  0000                     
  8316                           	psect	temp
  8317  00005F                     btemp:
  8318                           	callstack 0
  8319  00005F                     	ds	1
  8320  0000                     int$flags	set	btemp
  8321  0000                     wtemp8	set	btemp+1
  8322  0000                     ttemp5	set	btemp+1
  8323  0000                     ttemp6	set	btemp+4
  8324  0000                     ttemp7	set	btemp+8
  8325                           
  8326                           	psect	config
  8327                           
  8328                           ; Padding undefined space
  8329  300000                     	org	3145728
  8330  300000  FF                 	db	255
  8331                           
  8332                           ;Config register CONFIG1H @ 0x300001
  8333                           ;	Oscillator Selection bits
  8334                           ;	FOSC = INTIO67, Internal oscillator block
  8335                           ;	4X PLL Enable
  8336                           ;	PLLCFG = OFF, Oscillator used directly
  8337                           ;	Primary clock enable bit
  8338                           ;	PRICLKEN = OFF, Primary clock can be disabled by software
  8339                           ;	Fail-Safe Clock Monitor Enable bit
  8340                           ;	FCMEN = OFF, Fail-Safe Clock Monitor disabled
  8341                           ;	Internal/External Oscillator Switchover bit
  8342                           ;	IESO = OFF, Oscillator Switchover mode disabled
  8343  300001                     	org	3145729
  8344  300001  08                 	db	8
  8345                           
  8346                           ;Config register CONFIG2L @ 0x300002
  8347                           ;	Power-up Timer Enable bit
  8348                           ;	PWRTEN = OFF, Power up timer disabled
  8349                           ;	Brown-out Reset Enable bits
  8350                           ;	BOREN = SBORDIS, Brown-out Reset enabled in hardware only (SBOREN is disabled)
  8351                           ;	Brown Out Reset Voltage bits
  8352                           ;	BORV = 190, VBOR set to 1.90 V nominal
  8353  300002                     	org	3145730
  8354  300002  1F                 	db	31
  8355                           
  8356                           ;Config register CONFIG2H @ 0x300003
  8357                           ;	Watchdog Timer Enable bits
  8358                           ;	WDTEN = OFF, Watch dog timer is always disabled. SWDTEN has no effect.
  8359                           ;	Watchdog Timer Postscale Select bits
  8360                           ;	WDTPS = 32768, 1:32768
  8361  300003                     	org	3145731
  8362  300003  3C                 	db	60
  8363                           
  8364                           ; Padding undefined space
  8365  300004                     	org	3145732
  8366  300004  FF                 	db	255
  8367                           
  8368                           ;Config register CONFIG3H @ 0x300005
  8369                           ;	CCP2 MUX bit
  8370                           ;	CCP2MX = PORTC1, CCP2 input/output is multiplexed with RC1
  8371                           ;	PORTB A/D Enable bit
  8372                           ;	PBADEN = OFF, PORTB<5:0> pins are configured as digital I/O on Reset
  8373                           ;	P3A/CCP3 Mux bit
  8374                           ;	CCP3MX = PORTB5, P3A/CCP3 input/output is multiplexed with RB5
  8375                           ;	HFINTOSC Fast Start-up
  8376                           ;	HFOFST = ON, HFINTOSC output and ready status are not delayed by the oscillator stable
      +                           status
  8377                           ;	Timer3 Clock input mux bit
  8378                           ;	T3CMX = 0x1, unprogrammed default
  8379                           ;	ECCP2 B output mux bit
  8380                           ;	P2BMX = PORTC0, P2B is on RC0
  8381                           ;	MCLR Pin Enable bit
  8382                           ;	MCLRE = EXTMCLR, MCLR pin enabled, RE3 input pin disabled
  8383  300005                     	org	3145733
  8384  300005  9D                 	db	157
  8385                           
  8386                           ;Config register CONFIG4L @ 0x300006
  8387                           ;	Stack Full/Underflow Reset Enable bit
  8388                           ;	STVREN = ON, Stack full/underflow will cause Reset
  8389                           ;	Single-Supply ICSP Enable bit
  8390                           ;	LVP = OFF, Single-Supply ICSP disabled
  8391                           ;	Extended Instruction Set Enable bit
  8392                           ;	XINST = OFF, Instruction set extension and Indexed Addressing mode disabled (Legacy mo
      +                          de)
  8393                           ;	Background Debug
  8394                           ;	DEBUG = OFF, Disabled
  8395  300006                     	org	3145734
  8396  300006  81                 	db	129
  8397                           
  8398                           ; Padding undefined space
  8399  300007                     	org	3145735
  8400  300007  FF                 	db	255
  8401                           
  8402                           ;Config register CONFIG5L @ 0x300008
  8403                           ;	Code Protection Block 0
  8404                           ;	CP0 = OFF, Block 0 (000800-001FFFh) not code-protected
  8405                           ;	Code Protection Block 1
  8406                           ;	CP1 = OFF, Block 1 (002000-003FFFh) not code-protected
  8407                           ;	Code Protection Block 2
  8408                           ;	CP2 = OFF, Block 2 (004000-005FFFh) not code-protected
  8409                           ;	Code Protection Block 3
  8410                           ;	CP3 = OFF, Block 3 (006000-007FFFh) not code-protected
  8411  300008                     	org	3145736
  8412  300008  0F                 	db	15
  8413                           
  8414                           ;Config register CONFIG5H @ 0x300009
  8415                           ;	Boot Block Code Protection bit
  8416                           ;	CPB = OFF, Boot block (000000-0007FFh) not code-protected
  8417                           ;	Data EEPROM Code Protection bit
  8418                           ;	CPD = OFF, Data EEPROM not code-protected
  8419  300009                     	org	3145737
  8420  300009  C0                 	db	192
  8421                           
  8422                           ;Config register CONFIG6L @ 0x30000A
  8423                           ;	Write Protection Block 0
  8424                           ;	WRT0 = OFF, Block 0 (000800-001FFFh) not write-protected
  8425                           ;	Write Protection Block 1
  8426                           ;	WRT1 = OFF, Block 1 (002000-003FFFh) not write-protected
  8427                           ;	Write Protection Block 2
  8428                           ;	WRT2 = OFF, Block 2 (004000-005FFFh) not write-protected
  8429                           ;	Write Protection Block 3
  8430                           ;	WRT3 = OFF, Block 3 (006000-007FFFh) not write-protected
  8431  30000A                     	org	3145738
  8432  30000A  0F                 	db	15
  8433                           
  8434                           ;Config register CONFIG6H @ 0x30000B
  8435                           ;	Configuration Register Write Protection bit
  8436                           ;	WRTC = OFF, Configuration registers (300000-3000FFh) not write-protected
  8437                           ;	Boot Block Write Protection bit
  8438                           ;	WRTB = OFF, Boot Block (000000-0007FFh) not write-protected
  8439                           ;	Data EEPROM Write Protection bit
  8440                           ;	WRTD = OFF, Data EEPROM not write-protected
  8441  30000B                     	org	3145739
  8442  30000B  E0                 	db	224
  8443                           
  8444                           ;Config register CONFIG7L @ 0x30000C
  8445                           ;	Table Read Protection Block 0
  8446                           ;	EBTR0 = OFF, Block 0 (000800-001FFFh) not protected from table reads executed in other
      +                           blocks
  8447                           ;	Table Read Protection Block 1
  8448                           ;	EBTR1 = OFF, Block 1 (002000-003FFFh) not protected from table reads executed in other
      +                           blocks
  8449                           ;	Table Read Protection Block 2
  8450                           ;	EBTR2 = OFF, Block 2 (004000-005FFFh) not protected from table reads executed in other
      +                           blocks
  8451                           ;	Table Read Protection Block 3
  8452                           ;	EBTR3 = OFF, Block 3 (006000-007FFFh) not protected from table reads executed in other
      +                           blocks
  8453  30000C                     	org	3145740
  8454  30000C  0F                 	db	15
  8455                           
  8456                           ;Config register CONFIG7H @ 0x30000D
  8457                           ;	Boot Block Table Read Protection bit
  8458                           ;	EBTRB = OFF, Boot Block (000000-0007FFh) not protected from table reads executed in ot
      +                          her blocks
  8459  30000D                     	org	3145741
  8460  30000D  40                 	db	64
  8461                           tosu	equ	0xFFF
  8462                           tosh	equ	0xFFE
  8463                           tosl	equ	0xFFD
  8464                           stkptr	equ	0xFFC
  8465                           pclatu	equ	0xFFB
  8466                           pclath	equ	0xFFA
  8467                           pcl	equ	0xFF9
  8468                           tblptru	equ	0xFF8
  8469                           tblptrh	equ	0xFF7
  8470                           tblptrl	equ	0xFF6
  8471                           tablat	equ	0xFF5
  8472                           prodh	equ	0xFF4
  8473                           prodl	equ	0xFF3
  8474                           indf0	equ	0xFEF
  8475                           postinc0	equ	0xFEE
  8476                           postdec0	equ	0xFED
  8477                           preinc0	equ	0xFEC
  8478                           plusw0	equ	0xFEB
  8479                           fsr0h	equ	0xFEA
  8480                           fsr0l	equ	0xFE9
  8481                           wreg	equ	0xFE8
  8482                           indf1	equ	0xFE7
  8483                           postinc1	equ	0xFE6
  8484                           postdec1	equ	0xFE5
  8485                           preinc1	equ	0xFE4
  8486                           plusw1	equ	0xFE3
  8487                           fsr1h	equ	0xFE2
  8488                           fsr1l	equ	0xFE1
  8489                           bsr	equ	0xFE0
  8490                           indf2	equ	0xFDF
  8491                           postinc2	equ	0xFDE
  8492                           postdec2	equ	0xFDD
  8493                           preinc2	equ	0xFDC
  8494                           plusw2	equ	0xFDB
  8495                           fsr2h	equ	0xFDA
  8496                           fsr2l	equ	0xFD9
  8497                           status	equ	0xFD8

Data Sizes:
    Strings     5
    Constant    162
    Data        2
    BSS         45
    Persistent  0
    Stack       0

Auto Spaces:
    Space          Size  Autos    Used
    COMRAM           94     88      94
    BANK0           160      0      41
    BANK1           256      0       0
    BANK2           256      0       0
    BANK3           256      0       0
    BANK4           256      0       0
    BANK5           256      0       0

Pointer List with Targets:

    oled_draw_old_runtime_screen@p	PTR const unsigned char  size(2) Largest target is 24
		 -> oled_draw_old_runtime_screen@linebuf(COMRAM[24]), 

    oled_draw_text_huge@text	PTR const unsigned char  size(2) Largest target is 5
		 -> STR_3(CODE[5]), 

    oled_draw_char_huge@pattern	PTR const unsigned char  size(2) Largest target is 50
		 -> font_get_pattern@letter_space(CODE[5]), font_get_pattern@colon_char(CODE[5]), font_get_pattern@letter_E(CODE[5]), font_get_pattern@letter_H(CODE[5]), 
		 -> font_get_pattern@letter_M(CODE[5]), font_get_pattern@letter_I(CODE[5]), font_get_pattern@letter_D(CODE[5]), font_get_pattern@letter_U(CODE[5]), 
		 -> font_get_pattern@letter_R(CODE[5]), font_get_pattern@letter_B(CODE[5]), font_get_pattern@letter_C(CODE[5]), font_get_pattern@letter_A(CODE[5]), 
		 -> font_get_pattern@letter_V(CODE[5]), font_get_pattern@letter_O(CODE[5]), font_get_pattern@letter_T(CODE[5]), font_get_pattern@digits(CODE[50]), 

    scale4x_vertical@out	PTR unsigned char  size(2) Largest target is 20
		 -> oled_draw_char_huge@scaled(COMRAM[20]), 

    format_runtime_string@buf	PTR unsigned char  size(2) Largest target is 9
		 -> oled_draw_old_runtime_screen@timebuf(COMRAM[9]), 

    format_hourmeter_string@buf	PTR unsigned char  size(2) Largest target is 9
		 -> oled_draw_old_runtime_screen@timebuf(COMRAM[9]), 

    oled_draw_text_centered@text	PTR const unsigned char  size(2) Largest target is 24
		 -> STR_2(CODE[5]), oled_draw_old_runtime_screen@linebuf(COMRAM[24]), STR_1(CODE[5]), 

    oled_draw_text_centered@p	PTR const unsigned char  size(2) Largest target is 24
		 -> STR_2(CODE[5]), oled_draw_old_runtime_screen@linebuf(COMRAM[24]), STR_1(CODE[5]), 

    oled_draw_text@text	PTR const unsigned char  size(2) Largest target is 24
		 -> STR_2(CODE[5]), oled_draw_old_runtime_screen@linebuf(COMRAM[24]), STR_1(CODE[5]), 

    oled_draw_char@pattern	PTR const unsigned char  size(2) Largest target is 50
		 -> font_get_pattern@letter_space(CODE[5]), font_get_pattern@colon_char(CODE[5]), font_get_pattern@letter_E(CODE[5]), font_get_pattern@letter_H(CODE[5]), 
		 -> font_get_pattern@letter_M(CODE[5]), font_get_pattern@letter_I(CODE[5]), font_get_pattern@letter_D(CODE[5]), font_get_pattern@letter_U(CODE[5]), 
		 -> font_get_pattern@letter_R(CODE[5]), font_get_pattern@letter_B(CODE[5]), font_get_pattern@letter_C(CODE[5]), font_get_pattern@letter_A(CODE[5]), 
		 -> font_get_pattern@letter_V(CODE[5]), font_get_pattern@letter_O(CODE[5]), font_get_pattern@letter_T(CODE[5]), font_get_pattern@digits(CODE[50]), 

    sp__font_get_pattern	PTR const unsigned char  size(2) Largest target is 50
		 -> font_get_pattern@letter_space(CODE[5]), font_get_pattern@colon_char(CODE[5]), font_get_pattern@letter_E(CODE[5]), font_get_pattern@letter_H(CODE[5]), 
		 -> font_get_pattern@letter_M(CODE[5]), font_get_pattern@letter_I(CODE[5]), font_get_pattern@letter_D(CODE[5]), font_get_pattern@letter_U(CODE[5]), 
		 -> font_get_pattern@letter_R(CODE[5]), font_get_pattern@letter_B(CODE[5]), font_get_pattern@letter_C(CODE[5]), font_get_pattern@letter_A(CODE[5]), 
		 -> font_get_pattern@letter_V(CODE[5]), font_get_pattern@letter_O(CODE[5]), font_get_pattern@letter_T(CODE[5]), font_get_pattern@digits(CODE[50]), 


Critical Paths under _main in COMRAM

    _main->_oled_update_screen
    _update_logic_1s->_hourmeter_save_to_eeprom
    _hourmeter_save_to_eeprom->_eeprom_write_byte
    _update_logic_10ms->_handle_brush_switch_10ms
    _oled_init->_oled_send_command
    _oled_update_screen->_oled_draw_old_runtime_screen
    _oled_draw_old_runtime_screen->_format_runtime_string
    _format_runtime_string->___lldiv
    _format_hourmeter_string->___lldiv
    ___lldiv->___llmod
    _oled_draw_graphic_screen->_oled_clear_5x8
    _oled_draw_graphic_screen->_oled_draw_down_arrow_5x8
    _oled_draw_down_arrow_5x8->_oled_set_cursor
    _oled_clear_5x8->_oled_set_cursor
    _oled_draw_graphic_base->_oled_draw_text_centered
    _oled_draw_text_centered->_oled_draw_text
    _oled_draw_text->_oled_draw_char
    _oled_draw_char->_font_get_pattern
    _oled_draw_rectangle->_oled_set_cursor
    _oled_draw_brush_bristles->_oled_set_cursor
    _oled_show_boot_screen->_oled_draw_text_huge
    _oled_draw_underline_animated->_oled_set_cursor
    _delay_ms_soft->_delay_us_soft
    _oled_draw_text_huge->_oled_draw_char_huge
    _oled_draw_char_huge->_scale4x_vertical
    _oled_clear->_oled_set_cursor
    _oled_set_cursor->_oled_send_command
    _oled_send_command->_i2c_write_byte
    _oled_send_data_start->_i2c_write_byte
    _oled_send_data_byte->_i2c_write_byte
    _i2c_delay->_delay_us_soft
    _hourmeter_load_from_eeprom->_eeprom_read_byte

Critical Paths under _isr in COMRAM

    None.

Critical Paths under _main in BANK0

    None.

Critical Paths under _isr in BANK0

    None.

Critical Paths under _main in BANK1

    None.

Critical Paths under _isr in BANK1

    None.

Critical Paths under _main in BANK2

    None.

Critical Paths under _isr in BANK2

    None.

Critical Paths under _main in BANK3

    None.

Critical Paths under _isr in BANK3

    None.

Critical Paths under _main in BANK4

    None.

Critical Paths under _isr in BANK4

    None.

Critical Paths under _main in BANK5

    None.

Critical Paths under _isr in BANK5

    None.

Call Graph Tables:

 ---------------------------------------------------------------------------------
 (Depth) Function   	        Calls       Base Space   Used Autos Params    Refs
 ---------------------------------------------------------------------------------
 (0) _main                                                 0     0      0   71330
         _hourmeter_load_from_eeprom
                  _oled_send_command
              _oled_show_boot_screen
                 _oled_update_screen
                        _system_init
                  _update_logic_10ms
                    _update_logic_1s
 ---------------------------------------------------------------------------------
 (1) _update_logic_1s                                      0     0      0     893
           _hourmeter_save_to_eeprom
                     _update_outputs
 ---------------------------------------------------------------------------------
 (2) _hourmeter_save_to_eeprom                             4     4      0     893
                                              3 COMRAM     4     4      0
                  _eeprom_write_byte
 ---------------------------------------------------------------------------------
 (3) _eeprom_write_byte                                    3     0      3     804
                                              0 COMRAM     3     0      3
 ---------------------------------------------------------------------------------
 (1) _update_logic_10ms                                    0     0      0     187
               _debounce_inputs_10ms
           _handle_brush_switch_10ms
             _handle_vac_switch_10ms
                     _update_outputs
 ---------------------------------------------------------------------------------
 (2) _update_outputs                                       1     1      0       0
                                              0 COMRAM     1     1      0
 ---------------------------------------------------------------------------------
 (2) _handle_vac_switch_10ms                               2     2      0      47
                                              0 COMRAM     2     2      0
 ---------------------------------------------------------------------------------
 (2) _handle_brush_switch_10ms                             4     4      0      94
                                              0 COMRAM     4     4      0
 ---------------------------------------------------------------------------------
 (2) _debounce_inputs_10ms                                 2     2      0      46
                                              0 COMRAM     2     2      0
                  _read_brush_sw_raw
                    _read_vac_sw_raw
 ---------------------------------------------------------------------------------
 (3) _read_vac_sw_raw                                      0     0      0       0
 ---------------------------------------------------------------------------------
 (3) _read_brush_sw_raw                                    0     0      0       0
 ---------------------------------------------------------------------------------
 (1) _system_init                                          0     0      0    1145
                           _i2c_init
                            _io_init
                          _oled_init
                           _osc_init
                        _timer0_init
 ---------------------------------------------------------------------------------
 (2) _timer0_init                                          0     0      0       0
 ---------------------------------------------------------------------------------
 (2) _osc_init                                             0     0      0       0
 ---------------------------------------------------------------------------------
 (2) _oled_init                                            0     0      0    1145
                      _delay_ms_soft
                  _oled_send_command
 ---------------------------------------------------------------------------------
 (2) _io_init                                              0     0      0       0
 ---------------------------------------------------------------------------------
 (2) _i2c_init                                             0     0      0       0
 ---------------------------------------------------------------------------------
 (1) _oled_update_screen                                   1     1      0   48468
                                             87 COMRAM     1     1      0
                         _oled_clear
             _oled_draw_graphic_base
           _oled_draw_graphic_screen
       _oled_draw_old_runtime_screen
 ---------------------------------------------------------------------------------
 (2) _oled_draw_old_runtime_screen                        47    47      0   23548
                                             40 COMRAM    47    47      0
            _format_hourmeter_string
              _format_runtime_string
                     _oled_draw_text
            _oled_draw_text_centered
                _oled_send_data_byte
               _oled_send_data_start
                _oled_send_data_stop
                    _oled_set_cursor
 ---------------------------------------------------------------------------------
 (3) _format_runtime_string                               18    12      6    5303
                                             22 COMRAM    18    12      6
                            ___lldiv
                            ___llmod
 ---------------------------------------------------------------------------------
 (3) _format_hourmeter_string                             14     8      6    5150
                                             22 COMRAM    14     8      6
                            ___lldiv
                            ___llmod
 ---------------------------------------------------------------------------------
 (4) ___llmod                                              9     1      8    2591
                                              0 COMRAM     9     1      8
 ---------------------------------------------------------------------------------
 (4) ___lldiv                                             13     5      8    1986
                                              9 COMRAM    13     5      8
                            ___llmod (ARG)
 ---------------------------------------------------------------------------------
 (2) _oled_draw_graphic_screen                             2     2      0    6834
                                             11 COMRAM     2     2      0
                     _oled_clear_5x8
           _oled_draw_down_arrow_5x8
 ---------------------------------------------------------------------------------
 (3) _oled_draw_down_arrow_5x8                             3     2      1    3383
                                              8 COMRAM     3     2      1
                _oled_send_data_byte
               _oled_send_data_start
                _oled_send_data_stop
                    _oled_set_cursor
 ---------------------------------------------------------------------------------
 (3) _oled_clear_5x8                                       3     2      1    3361
                                              8 COMRAM     3     2      1
                _oled_send_data_byte
               _oled_send_data_start
                _oled_send_data_stop
                    _oled_set_cursor
 ---------------------------------------------------------------------------------
 (2) _oled_draw_graphic_base                               0     0      0   14854
                         _oled_clear
           _oled_draw_brush_bristles
                _oled_draw_rectangle
            _oled_draw_text_centered
 ---------------------------------------------------------------------------------
 (3) _oled_draw_text_centered                             12    10      2    4249
                                             16 COMRAM    12    10      2
                     _oled_draw_text
 ---------------------------------------------------------------------------------
 (4) _oled_draw_text                                       4     1      3    3839
                                             12 COMRAM     4     1      3
                     _oled_draw_char
               _oled_send_data_start
                _oled_send_data_stop
                    _oled_set_cursor
 ---------------------------------------------------------------------------------
 (5) _oled_draw_char                                       5     5      0     532
                                              7 COMRAM     5     5      0
                   _font_get_pattern
                _oled_send_data_byte
 ---------------------------------------------------------------------------------
 (3) _oled_draw_rectangle                                  7     4      3    3835
                                              8 COMRAM     7     4      3
                _oled_send_data_byte
               _oled_send_data_start
                _oled_send_data_stop
                    _oled_set_cursor
 ---------------------------------------------------------------------------------
 (3) _oled_draw_brush_bristles                             7     5      2    3583
                                              8 COMRAM     7     5      2
                _oled_send_data_byte
               _oled_send_data_start
                _oled_send_data_stop
                    _oled_set_cursor
 ---------------------------------------------------------------------------------
 (1) _oled_show_boot_screen                                7     7      0   19435
                                             46 COMRAM     7     7      0
                         _oled_clear
                _oled_draw_text_huge
       _oled_draw_underline_animated
                  _oled_send_command
                _oled_send_data_byte
               _oled_send_data_start
                _oled_send_data_stop
                    _oled_set_cursor
 ---------------------------------------------------------------------------------
 (2) _oled_draw_underline_animated                        10     4      6    4205
                                              8 COMRAM    10     4      6
                      _delay_ms_soft
                _oled_send_data_byte
               _oled_send_data_start
                _oled_send_data_stop
                    _oled_set_cursor
 ---------------------------------------------------------------------------------
 (3) _delay_ms_soft                                        2     0      2     394
                                              3 COMRAM     2     0      2
                      _delay_us_soft
 ---------------------------------------------------------------------------------
 (2) _oled_draw_text_huge                                  6     3      3    7903
                                             40 COMRAM     6     3      3
                _oled_draw_char_huge
                _oled_send_data_byte
               _oled_send_data_start
                _oled_send_data_stop
                    _oled_set_cursor
 ---------------------------------------------------------------------------------
 (3) _oled_draw_char_huge                                 29    27      2    4386
                                             11 COMRAM    29    27      2
                   _font_get_pattern
                _oled_send_data_byte
               _oled_send_data_start
                _oled_send_data_stop
                    _oled_set_cursor
                   _scale4x_vertical
 ---------------------------------------------------------------------------------
 (4) _scale4x_vertical                                    11     9      2     480
                                              0 COMRAM    11     9      2
 ---------------------------------------------------------------------------------
 (6) _font_get_pattern                                     7     5      2      88
                                              0 COMRAM     7     5      2
 ---------------------------------------------------------------------------------
 (3) _oled_clear                                           2     2      0    3187
                                              8 COMRAM     2     2      0
                _oled_send_data_byte
               _oled_send_data_start
                _oled_send_data_stop
                    _oled_set_cursor
 ---------------------------------------------------------------------------------
 (3) _oled_set_cursor                                      2     1      1    2033
                                              6 COMRAM     2     1      1
                  _oled_send_command
 ---------------------------------------------------------------------------------
 (3) _oled_send_command                                    1     1      0     751
                                              5 COMRAM     1     1      0
                          _i2c_start
                           _i2c_stop
                     _i2c_write_byte
 ---------------------------------------------------------------------------------
 (3) _oled_send_data_stop                                  0     0      0     220
                           _i2c_stop
 ---------------------------------------------------------------------------------
 (4) _i2c_stop                                             0     0      0     220
                          _i2c_delay
 ---------------------------------------------------------------------------------
 (3) _oled_send_data_start                                 0     0      0     509
                          _i2c_start
                     _i2c_write_byte
 ---------------------------------------------------------------------------------
 (4) _i2c_start                                            0     0      0     220
                          _i2c_delay
 ---------------------------------------------------------------------------------
 (3) _oled_send_data_byte                                  1     1      0     311
                                              5 COMRAM     1     1      0
                     _i2c_write_byte
 ---------------------------------------------------------------------------------
 (4) _i2c_write_byte                                       2     2      0     289
                                              3 COMRAM     2     2      0
                          _i2c_delay
 ---------------------------------------------------------------------------------
 (5) _i2c_delay                                            0     0      0     220
                      _delay_us_soft
 ---------------------------------------------------------------------------------
 (6) _delay_us_soft                                        3     1      2     220
                                              0 COMRAM     3     1      2
 ---------------------------------------------------------------------------------
 (1) _hourmeter_load_from_eeprom                          10    10      0     451
                                              2 COMRAM    10    10      0
                   _eeprom_read_byte
 ---------------------------------------------------------------------------------
 (2) _eeprom_read_byte                                     2     0      2     402
                                              0 COMRAM     2     0      2
 ---------------------------------------------------------------------------------
 Estimated maximum stack depth 6
 ---------------------------------------------------------------------------------
 (Depth) Function   	        Calls       Base Space   Used Autos Params    Refs
 ---------------------------------------------------------------------------------
 (10) _isr                                                 0     0      0       0
 ---------------------------------------------------------------------------------
 Estimated maximum stack depth 10
 ---------------------------------------------------------------------------------

 Call Graph Graphs:

 _main (ROOT)
   _hourmeter_load_from_eeprom
     _eeprom_read_byte
   _oled_send_command
     _i2c_start
       _i2c_delay
         _delay_us_soft
     _i2c_stop
       _i2c_delay
         _delay_us_soft
     _i2c_write_byte
       _i2c_delay
         _delay_us_soft
   _oled_show_boot_screen
     _oled_clear
       _oled_send_data_byte
         _i2c_write_byte
           _i2c_delay
             _delay_us_soft
       _oled_send_data_start
         _i2c_start
           _i2c_delay
             _delay_us_soft
         _i2c_write_byte
           _i2c_delay
             _delay_us_soft
       _oled_send_data_stop
         _i2c_stop
           _i2c_delay
             _delay_us_soft
       _oled_set_cursor
         _oled_send_command
           _i2c_start
             _i2c_delay
               _delay_us_soft
           _i2c_stop
             _i2c_delay
               _delay_us_soft
           _i2c_write_byte
             _i2c_delay
               _delay_us_soft
     _oled_draw_text_huge
       _oled_draw_char_huge
         _font_get_pattern
         _oled_send_data_byte
           _i2c_write_byte
             _i2c_delay
               _delay_us_soft
         _oled_send_data_start
           _i2c_start
             _i2c_delay
               _delay_us_soft
           _i2c_write_byte
             _i2c_delay
               _delay_us_soft
         _oled_send_data_stop
           _i2c_stop
             _i2c_delay
               _delay_us_soft
         _oled_set_cursor
           _oled_send_command
             _i2c_start
               _i2c_delay
                 _delay_us_soft
             _i2c_stop
               _i2c_delay
                 _delay_us_soft
             _i2c_write_byte
               _i2c_delay
                 _delay_us_soft
         _scale4x_vertical
       _oled_send_data_byte
         _i2c_write_byte
           _i2c_delay
             _delay_us_soft
       _oled_send_data_start
         _i2c_start
           _i2c_delay
             _delay_us_soft
         _i2c_write_byte
           _i2c_delay
             _delay_us_soft
       _oled_send_data_stop
         _i2c_stop
           _i2c_delay
             _delay_us_soft
       _oled_set_cursor
         _oled_send_command
           _i2c_start
             _i2c_delay
               _delay_us_soft
           _i2c_stop
             _i2c_delay
               _delay_us_soft
           _i2c_write_byte
             _i2c_delay
               _delay_us_soft
     _oled_draw_underline_animated
       _delay_ms_soft
         _delay_us_soft
       _oled_send_data_byte
         _i2c_write_byte
           _i2c_delay
             _delay_us_soft
       _oled_send_data_start
         _i2c_start
           _i2c_delay
             _delay_us_soft
         _i2c_write_byte
           _i2c_delay
             _delay_us_soft
       _oled_send_data_stop
         _i2c_stop
           _i2c_delay
             _delay_us_soft
       _oled_set_cursor
         _oled_send_command
           _i2c_start
             _i2c_delay
               _delay_us_soft
           _i2c_stop
             _i2c_delay
               _delay_us_soft
           _i2c_write_byte
             _i2c_delay
               _delay_us_soft
     _oled_send_command
       _i2c_start
         _i2c_delay
           _delay_us_soft
       _i2c_stop
         _i2c_delay
           _delay_us_soft
       _i2c_write_byte
         _i2c_delay
           _delay_us_soft
     _oled_send_data_byte
       _i2c_write_byte
         _i2c_delay
           _delay_us_soft
     _oled_send_data_start
       _i2c_start
         _i2c_delay
           _delay_us_soft
       _i2c_write_byte
         _i2c_delay
           _delay_us_soft
     _oled_send_data_stop
       _i2c_stop
         _i2c_delay
           _delay_us_soft
     _oled_set_cursor
       _oled_send_command
         _i2c_start
           _i2c_delay
             _delay_us_soft
         _i2c_stop
           _i2c_delay
             _delay_us_soft
         _i2c_write_byte
           _i2c_delay
             _delay_us_soft
   _oled_update_screen
     _oled_clear
       _oled_send_data_byte
         _i2c_write_byte
           _i2c_delay
             _delay_us_soft
       _oled_send_data_start
         _i2c_start
           _i2c_delay
             _delay_us_soft
         _i2c_write_byte
           _i2c_delay
             _delay_us_soft
       _oled_send_data_stop
         _i2c_stop
           _i2c_delay
             _delay_us_soft
       _oled_set_cursor
         _oled_send_command
           _i2c_start
             _i2c_delay
               _delay_us_soft
           _i2c_stop
             _i2c_delay
               _delay_us_soft
           _i2c_write_byte
             _i2c_delay
               _delay_us_soft
     _oled_draw_graphic_base
       _oled_clear
         _oled_send_data_byte
           _i2c_write_byte
             _i2c_delay
               _delay_us_soft
         _oled_send_data_start
           _i2c_start
             _i2c_delay
               _delay_us_soft
           _i2c_write_byte
             _i2c_delay
               _delay_us_soft
         _oled_send_data_stop
           _i2c_stop
             _i2c_delay
               _delay_us_soft
         _oled_set_cursor
           _oled_send_command
             _i2c_start
               _i2c_delay
                 _delay_us_soft
             _i2c_stop
               _i2c_delay
                 _delay_us_soft
             _i2c_write_byte
               _i2c_delay
                 _delay_us_soft
       _oled_draw_brush_bristles
         _oled_send_data_byte
           _i2c_write_byte
             _i2c_delay
               _delay_us_soft
         _oled_send_data_start
           _i2c_start
             _i2c_delay
               _delay_us_soft
           _i2c_write_byte
             _i2c_delay
               _delay_us_soft
         _oled_send_data_stop
           _i2c_stop
             _i2c_delay
               _delay_us_soft
         _oled_set_cursor
           _oled_send_command
             _i2c_start
               _i2c_delay
                 _delay_us_soft
             _i2c_stop
               _i2c_delay
                 _delay_us_soft
             _i2c_write_byte
               _i2c_delay
                 _delay_us_soft
       _oled_draw_rectangle
         _oled_send_data_byte
           _i2c_write_byte
             _i2c_delay
               _delay_us_soft
         _oled_send_data_start
           _i2c_start
             _i2c_delay
               _delay_us_soft
           _i2c_write_byte
             _i2c_delay
               _delay_us_soft
         _oled_send_data_stop
           _i2c_stop
             _i2c_delay
               _delay_us_soft
         _oled_set_cursor
           _oled_send_command
             _i2c_start
               _i2c_delay
                 _delay_us_soft
             _i2c_stop
               _i2c_delay
                 _delay_us_soft
             _i2c_write_byte
               _i2c_delay
                 _delay_us_soft
       _oled_draw_text_centered
         _oled_draw_text
           _oled_draw_char
             _font_get_pattern
             _oled_send_data_byte
               _i2c_write_byte
                 _i2c_delay
                   _delay_us_soft
           _oled_send_data_start
             _i2c_start
               _i2c_delay
                 _delay_us_soft
             _i2c_write_byte
               _i2c_delay
                 _delay_us_soft
           _oled_send_data_stop
             _i2c_stop
               _i2c_delay
                 _delay_us_soft
           _oled_set_cursor
             _oled_send_command
               _i2c_start
                 _i2c_delay
                   _delay_us_soft
               _i2c_stop
                 _i2c_delay
                   _delay_us_soft
               _i2c_write_byte
                 _i2c_delay
                   _delay_us_soft
     _oled_draw_graphic_screen
       _oled_clear_5x8
         _oled_send_data_byte
           _i2c_write_byte
             _i2c_delay
               _delay_us_soft
         _oled_send_data_start
           _i2c_start
             _i2c_delay
               _delay_us_soft
           _i2c_write_byte
             _i2c_delay
               _delay_us_soft
         _oled_send_data_stop
           _i2c_stop
             _i2c_delay
               _delay_us_soft
         _oled_set_cursor
           _oled_send_command
             _i2c_start
               _i2c_delay
                 _delay_us_soft
             _i2c_stop
               _i2c_delay
                 _delay_us_soft
             _i2c_write_byte
               _i2c_delay
                 _delay_us_soft
       _oled_draw_down_arrow_5x8
         _oled_send_data_byte
           _i2c_write_byte
             _i2c_delay
               _delay_us_soft
         _oled_send_data_start
           _i2c_start
             _i2c_delay
               _delay_us_soft
           _i2c_write_byte
             _i2c_delay
               _delay_us_soft
         _oled_send_data_stop
           _i2c_stop
             _i2c_delay
               _delay_us_soft
         _oled_set_cursor
           _oled_send_command
             _i2c_start
               _i2c_delay
                 _delay_us_soft
             _i2c_stop
               _i2c_delay
                 _delay_us_soft
             _i2c_write_byte
               _i2c_delay
                 _delay_us_soft
     _oled_draw_old_runtime_screen
       _format_hourmeter_string
         ___lldiv
           ___llmod (ARG)
         ___llmod
       _format_runtime_string
         ___lldiv
           ___llmod (ARG)
         ___llmod
       _oled_draw_text
         _oled_draw_char
           _font_get_pattern
           _oled_send_data_byte
             _i2c_write_byte
               _i2c_delay
                 _delay_us_soft
         _oled_send_data_start
           _i2c_start
             _i2c_delay
               _delay_us_soft
           _i2c_write_byte
             _i2c_delay
               _delay_us_soft
         _oled_send_data_stop
           _i2c_stop
             _i2c_delay
               _delay_us_soft
         _oled_set_cursor
           _oled_send_command
             _i2c_start
               _i2c_delay
                 _delay_us_soft
             _i2c_stop
               _i2c_delay
                 _delay_us_soft
             _i2c_write_byte
               _i2c_delay
                 _delay_us_soft
       _oled_draw_text_centered
         _oled_draw_text
           _oled_draw_char
             _font_get_pattern
             _oled_send_data_byte
               _i2c_write_byte
                 _i2c_delay
                   _delay_us_soft
           _oled_send_data_start
             _i2c_start
               _i2c_delay
                 _delay_us_soft
             _i2c_write_byte
               _i2c_delay
                 _delay_us_soft
           _oled_send_data_stop
             _i2c_stop
               _i2c_delay
                 _delay_us_soft
           _oled_set_cursor
             _oled_send_command
               _i2c_start
                 _i2c_delay
                   _delay_us_soft
               _i2c_stop
                 _i2c_delay
                   _delay_us_soft
               _i2c_write_byte
                 _i2c_delay
                   _delay_us_soft
       _oled_send_data_byte
         _i2c_write_byte
           _i2c_delay
             _delay_us_soft
       _oled_send_data_start
         _i2c_start
           _i2c_delay
             _delay_us_soft
         _i2c_write_byte
           _i2c_delay
             _delay_us_soft
       _oled_send_data_stop
         _i2c_stop
           _i2c_delay
             _delay_us_soft
       _oled_set_cursor
         _oled_send_command
           _i2c_start
             _i2c_delay
               _delay_us_soft
           _i2c_stop
             _i2c_delay
               _delay_us_soft
           _i2c_write_byte
             _i2c_delay
               _delay_us_soft
   _system_init
     _i2c_init
     _io_init
     _oled_init
       _delay_ms_soft
         _delay_us_soft
       _oled_send_command
         _i2c_start
           _i2c_delay
             _delay_us_soft
         _i2c_stop
           _i2c_delay
             _delay_us_soft
         _i2c_write_byte
           _i2c_delay
             _delay_us_soft
     _osc_init
     _timer0_init
   _update_logic_10ms
     _debounce_inputs_10ms
       _read_brush_sw_raw
       _read_vac_sw_raw
     _handle_brush_switch_10ms
     _handle_vac_switch_10ms
     _update_outputs
   _update_logic_1s
     _hourmeter_save_to_eeprom
       _eeprom_write_byte
     _update_outputs

 _isr (ROOT)

 Address spaces:
Name               Size   Autos  Total    Cost      Usage
BIGRAM             5FF      0       0      16        0.0%
EEDATA             100      0       0       0        0.0%
BITBANK5           100      0       0      14        0.0%
BANK5              100      0       0      15        0.0%
BITBANK4           100      0       0      12        0.0%
BANK4              100      0       0      13        0.0%
BITBANK3           100      0       0      10        0.0%
BANK3              100      0       0      11        0.0%
BITBANK2           100      0       0       7        0.0%
BANK2              100      0       0       8        0.0%
BITBANK1           100      0       0       5        0.0%
BANK1              100      0       0       6        0.0%
BITBANK0            A0      0       0       3        0.0%
BANK0               A0      0      29       4       25.6%
BITCOMRAM           5E      0       0       0        0.0%
COMRAM              5E     58      5E       1      100.0%
BITSFR_1             0      0       0     200        0.0%
SFR_1                0      0       0     200        0.0%
BITSFR               0      0       0     200        0.0%
SFR                  0      0       0     200        0.0%
STACK                0      0       0       2        0.0%
NULL                 0      0       0       0        0.0%
ABS                  0      0      87       9        0.0%
DATA                 0      0      87      17        0.0%
CODE                 0      0       0       0        0.0%


Microchip Technology PIC18 Macro Assembler V2.31 build 20201012212115 
Symbol Table                                                                                   Wed Mar 11 14:48:04 2026

                    oled_draw_brush_bristles@rect_x 000E                       ?_oled_draw_old_runtime_screen 0001  
                               _oled_draw_text_huge 1C7A                                ?_oled_draw_rectangle 0009  
                             ??_oled_draw_char_huge 000E                             format_runtime_string@hh 0025  
                               ?_oled_update_screen 0001                             format_runtime_string@mm 001D  
                           format_runtime_string@ss 0021                            __size_of_read_vac_sw_raw 0014  
                               __end_of_system_init 26CC                                     i2c_write_byte@i 0005  
                                               l120 263E                                                 l114 24AE  
                                               l123 26CA                                                 l132 26E0  
                                               l213 18A4                                                 l126 2758  
                                               l151 270A                                                 l240 2748  
                                               l160 1A8A                                                 l401 23BA  
                                               l129 2612                                                 l250 23FE  
                                               l314 1386                                                 l146 271E  
                                               l234 1842                                                 l251 23D6  
                                               l243 26F6                                                 l219 192C  
                                               l180 11AA                                                 l237 273E  
                                               l253 2412                                                 l501 1DDA  
                                               l341 21C2                                                 l173 1060  
                                               l246 26B4                                                 l262 275E  
                                               l422 1BB6                                                 l182 1196  
                                               l190 1EAA                                                 l510 25B2  
                                               l271 2660                                                 l407 1600  
                                               l335 1FB4                                                 l175 109E  
                                               l256 267E                                                 l176 10D4  
                                               l504 2578                                                 l513 2680  
                                               l249 23C2                                                 l265 2752  
                                               l353 0D6C                                                 l169 1AF2  
                                               l177 1150                                                 l193 1F14  
                                               l186 11F0                                                 l506 2586  
                                               l515 268E                                                 l523 14C4  
                                               l259 2730                                                 l507 25A2  
                                               l516 269A                                                 l268 1C78  
                                               l196 1F1C                                                 l365 1A10  
                                               l429 1B9A                                                 l349 2046  
                                               l437 22FE                                                 l357 1034  
                                               l509 25B0                                                 l278 24F4  
                                               l374 172C                                                 l199 2296  
                                               l519 2360                                                 l384 1D2C  
                                               l394 2150                                                 l387 213E  
                                               l571 1E7E                                                 l484 2538  
                                               l564 1E6E                                                 l476 0A66  
                                               l493 2464                                                 l479 25E6  
                                               l964 20CE                                                 l957 20BE  
                     hourmeter_load_from_eeprom@val 0009                            format_runtime_string@buf 0017  
                             eeprom_write_byte@addr 0001                                                 _isr 0008  
                                               prod 000FF3                               ?_debounce_inputs_10ms 0001  
                                               wreg 000FE8                                      _update_outputs 2230  
                   __size_of_handle_vac_switch_10ms 009E                                ?_oled_draw_text_huge 0029  
                           __size_of_i2c_write_byte 0058           handle_brush_switch_10ms@brush_rising_edge 0001  
                  oled_draw_text_centered@start_col 001B                          ??_hourmeter_save_to_eeprom 0004  
                                              l3000 1A40                oled_draw_brush_bristles@bristle_page 000A  
                                              l3010 1A72                                                l3002 1A46  
                                              l3100 1CA0                                                l3020 1AC0  
                                              l3012 1A82                                                l3004 1A58  
                                              l3110 1CEE                                                l3102 1CBC  
                                              l3022 1AC2                                                l3014 1A9A  
                                              l3006 1A5A                                                l3030 1036  
                                              l3112 1CF0                                                l3120 20D2  
                                              l3200 078A                                                l3024 1AD2  
                                              l3016 1AAA                                                l3008 1A6A  
                                              l3040 10C4                                                l3032 104C  
                                              l2410 246A                                                l3114 1D00  
                                              l3130 210E                                                l3122 20DA  
                                              l3210 07BA                                                l3026 1ADA  
                                              l3018 1AB0                                                l3050 111E  
                                              l3042 10E4                                                l3034 105C  
                                              l2412 246E                                                l2420 2494  
                                              l3108 1CC0                                                l3116 1D0A  
                                              l3140 2132                                                l3132 2114  
                                              l3124 20F2                                                l3300 0982  
                                              l3220 07FC                                                l3212 07CA  
                                              l3028 1AEA                                                l3060 11BA  
                                              l3052 1134                                                l3044 10F4  
                                              l3036 108A                                                l2422 2732  
                                              l2430 26F0                                                l2510 1288  
                                              l2502 1270                                                l3118 1D10  
                                              l3134 2116                                                l3126 20F6  
                                              l3310 09C2                                                l3302 0992  
                                              l3230 083C                                                l3222 080C  
                                              l3214 07D2                                                l3206 078E  
                                              l3150 06DC                                                l3142 06AA  
                                              l3062 11CC                                                l3054 1160  
                                              l3046 110A                                                l3038 109A  
                                              l3070 1E80                                                l2416 2482  
                                              l2408 2466                                                l2424 26E2  
                                              l2440 26AE                                                l2432 269C  
                                              l2600 19B0                                                l3136 2128  
                                              l3128 2106                                                l3320 09F8  
                                              l3312 09C8                                                l3304 099A  
                                              l3240 0872                                                l3232 0842  
                                              l3224 0814                                                l3216 07DE  
                                              l3208 07B8                                                l3160 06F0  
                                              l3152 06E0                                                l3144 06AE  
                                              l3064 11D2                                                l3056 1170  
                                              l3048 110E                                                l3080 1EF0  
                                              l3072 1E96                                                l3400 18B4  
                                              l2418 2484                                                l2450 23D8  
                                              l2442 23BE                                                l2426 26E6  
                                              l2434 269E                                                l2530 12C4  
                                              l2522 12AC                                                l2514 1294  
                                              l2506 127C                                                l2610 19D0  
                                              l2602 19B8                                                l3138 212C  
                                              l3330 0A12                                                l3314 09D2  
                                              l3306 09A0                                                l3250 088C  
                                              l3234 084C                                                l3226 081A  
                                              l3218 07E4                                                l3170 0704  
                                              l3162 06F4                                                l3154 06E4  
                                              l3146 06BC                                                l3066 11E4  
                                              l3058 1180                                                l3082 1F00  
                                              l3074 1EA6                                                l3402 18C4  
                                              l3410 1908                                                l3090 2300  
                                              l2460 23EE                                                l2452 23DC  
                                              l2428 26EA                                                l2436 26A2  
                                              l2700 24CC                                                l2612 19F8  
                                              l3500 1D68                                                l2620 1DDC  
                                              l3340 0A3E                                                l3332 0A26  
                                              l3316 09D6                                                l3308 09BE  
                                              l3260 08B8                                                l3252 08A0  
                                              l3236 0850                                                l3228 0838  
                                              l3180 0736                                                l3172 0708  
                                              l3164 06F8                                                l3156 06E8  
                                              l3148 06D8                                                l3068 11EC  
                                              l3084 1F0C                                                l3076 1ED0  
                                              l3412 1918                                                l3404 18D4  
                                              l3092 2310                                                l3420 174A  
                                              l2470 240E                                                l2462 2400  
                                              l2454 23E2                                                l2438 26A8  
                                              l2702 24CE                                                l2542 12E8  
                                              l2534 12D0                                                l2526 12B8  
                                              l2518 12A0                                                l2614 19FA  
                                              l3094 1C7C                                                l3510 1D74  
                                              l2710 1FB8                                                l3350 25B8  
                                              l2630 1E24                                                l2622 1DEC  
                                              l3342 0A40                                                l3326 09FC  
                                              l3318 09E6                                                l3270 08FC  
                                              l3262 08BA                                                l3246 0876  
                                              l3238 0860                                                l3190 0776  
                                              l3182 0738                                                l3166 06FC  
                                              l3158 06EC                                                l3078 1EE0  
                                              l3086 1F18                                                l3414 1928  
                                              l3406 18D6                                                l3430 1798  
                                              l3422 1756                                                l2464 2404  
                                              l2456 23E8                                                l2448 23D0  
                                              l2704 24DE                                                l2480 1204  
                                              l2608 19BC                                                l2616 1A0A  
                                              l3096 1C84                                                l3520 1DD0  
                                              l3512 1D86                                                l2560 1F20  
                                              l2720 200E                                                l2712 1FBC  
                                              l3352 25C6                                                l3360 2524  
                                              l2640 1E68                                                l2632 1E2E  
                                              l2624 1E02                                                l3344 0A50  
                                              l3328 0A10                                                l3280 0910  
                                              l3272 0900                                                l3264 08CA  
                                              l3248 088A                                                l3192 077A  
                                              l3184 0748                                                l3168 0700  
                                              l3088 2230                                                l3408 18E6  
                                              l3440 17E4                                                l3432 17A6  
                                              l3424 1774                                                l3416 172E  
                                              l3362 2680                                                l3530 13DE  
                                              l3522 1388                                                l2466 240A  
                                              l2458 23EC                                                l2554 2720  
                                              l2474 2664                                                l2706 24E2  
                                              l2538 12DC                                                l2490 124C  
                                              l2482 1214                                                l2810 171A  
                                              l2802 166C                                                l3098 1C9C  
                                              l3514 1D90                                                l3506 1D6C  
                                              l2570 1F92                                                l2562 1F2E  
                                              l2722 2016                                                l2714 1FC8  
                                              l3354 25D8                                                l2634 1E4C  
                                              l2626 1E0A                                                l2650 2080  
                                              l2642 2048                                                l2730 0B12  
                                              l3346 0A54                                                l3338 0A2A  
                                              l3290 0940                                                l3274 0904  
                                              l3266 08CE                                                l3258 08A4  
                                              l3194 077E                                                l3186 074C  
                                              l3178 070C                                                l3370 26BE  
                                              l3450 181E                                                l3442 17F6  
                                              l3434 17B6                                                l3426 1784  
                                              l3418 1746                                                l3364 2698  
                                              l3532 1492                                                l3524 1396  
                                              l2468 240C                                                l2476 274C  
                                              l2556 275A                                                l2708 24E4  
                                              l2548 12F4                                                l2812 171C  
                                              l2804 1704                                                l2660 2618  
                                              l3516 1D9A                                                l3508 1D72  
                                              l2900 1B4A                                                l2572 1FAE  
                                              l2564 1F3E                                                l2580 218E  
                                              l2724 2034                                                l2716 1FCE  
                                              l3348 25B4                                                l2820 2388  
                                              l3356 24F6                                                l2636 1E5C  
                                              l2628 1E16                                                l2652 209E  
                                              l2644 205E                                                l2740 0C86  
                                              l2732 0B22                                                l3292 0950  
                                              l3276 0908                                                l3268 08E0  
                                              l3196 0782                                                l3188 075A  
                                              l3372 26C2                                                l3380 1850  
                                              l3460 183E                                                l3452 1822  
                                              l3444 17F8                                                l3436 17C4  
                                              l3428 1788                                                l3534 14A2  
                                              l3526 13A8                                                l2558 2642  
                                              l3606 1308                                                l2494 1258  
                                              l2486 1240                                                l2478 11F4  
                                              l2590 195C                                                l2806 1706  
                                              l2662 2624                                                l3518 1DB8  
                                              l2910 1B94                                                l2902 1B5C  
                                              l2566 1F5A                                                l2582 21BE  
                                              l2574 2154                                                l2718 1FFE  
                                              l2830 239E                                                l2822 238C  
                                              l2814 2364                                                l3358 250C  
                                              l2638 1E5E                                                l2654 20AE  
                                              l2646 2066                                                l2742 0CBC  
                                              l2734 0B78                                                l2726 0A68  
                                              l2750 0D6E                                                l3294 0958  
                                              l3286 0914                                                l3278 090C  
                                              l3198 0786                                                l3470 243E  
                                              l3462 2414                                                l3374 26C6  
                                              l3390 187E                                                l3382 1860  
                                              l3454 1828                                                l3446 1808  
                                              l3438 17D4                                                l3536 14B4  
                                              l2592 196C                                                l2584 1930  
                                              l2808 1716                                                l3480 1D2E  
                                              l2912 1B9E                                                l2904 1B60  
                                              l2840 14D8                                                l2568 1F76  
                                              l2576 2166                                                l2832 23A4  
                                              l2824 2396                                                l2816 2374  
                                              l2920 22AE                                                l2656 20B8  
                                              l2648 2072                                                l2744 0CCC  
                                              l2736 0BD2                                                l2728 0AF4  
                                              l2760 0EE4                                                l2752 0E2E  
                                              l3296 0964                                                l3288 093E  
                                              l3472 2446                                                l3464 2418  
                                              l3368 26B6                                                l2664 270C  
                                              l3392 188E                                                l3384 1872  
                                              l3376 1844                                                l3456 182A  
                                              l3448 1818                                                l3560 21C4  
                                              l2690 24B4                                                l2498 1264  
                                              l2594 1970                                                l2586 193C  
                                              l2658 2614                                                l3490 1D3E  
                                              l3482 1D32                                                l2906 1B68  
                                              l2914 1BA4                                                l2850 153C  
                                              l2842 14EC                                                l2578 218A  
                                              l2834 23A6                                                l2818 2378  
                                              l2922 22BE                                                l2746 0D26  
                                              l2738 0C2C                                                l2770 0FEE  
                                              l2762 0EF4                                                l2754 0E48  
                                              l3298 096A                                                l3474 2458  
                                              l3466 2428                                                l2674 26F8  
                                              l3394 1892                                                l3386 187A  
                                              l3378 184C                                                l3458 183A  
                                              l3570 21EC                                                l3562 21CC  
                                              l2692 24C2                                                l2684 24B0  
                                              l2588 194C                                                l3492 1D44  
                                              l3484 1D36                                                l2908 1B7C  
                                              l2860 156C                                                l2852 154A  
                                              l2836 23B6                                                l2932 22D4  
                                              l2924 22C2                                                l2916 229A  
                                              l2748 0D5C                                                l2772 1024  
                                              l2764 0F4E                                                l2756 0E58  
                                              l3476 245C                                                l3468 243A  
                                              l3388 187C                                                l3396 1898  
                                              l2940 2578                                                l3580 220E  
                                              l3572 21F0                                                l3564 21D0  
                                              l2598 1984                                                l2782 1616  
                                              l2774 1604                                                l3494 1D48  
                                              l3486 1D3A                                                l2870 15A6  
                                              l2862 1584                                                l2854 1552  
                                              l2846 1514                                                l2838 14C8  
                                              l2934 22E8                                                l2926 22CC  
                                              l2918 22AA                                                l2766 0F84  
                                              l2758 0EAE                                                l3478 2460  
                                              l2950 25E8                                                l3398 18A2  
                                              l2942 2596                                                l3582 2220  
                                              l3574 21F4                                                l3566 21D4  
                                              l2784 1642                                                l2776 1612  
                                              l3496 1D5A                                                l3488 1D3A  
                                              l2880 1AF6                                                l2872 15AA  
                                              l2864 158C                                                l2856 1558  
                                              l2936 22EA                                                l2768 0F94  
                                              l2960 25FE                                                l2952 25F6  
                                              l2944 259E                                                l3584 2224  
                                              l3576 2206                                                l3568 21DA  
                                              l2698 24C6                                                l2794 1658  
                                              l2786 1644                                                l3498 1D64  
                                              l2890 1B2C                                                l2874 15B2  
                                              l2866 1592                                                l2858 155A  
                                              l2938 22FA                                                l2970 2608  
                                              l2962 2600                                                l2954 25F8  
                                              l2946 25A0                                                l3578 220A  
                                              l2796 1668                                                l2788 1654  
                                              l2892 1B36                                                l2884 1B0A  
                                              l2876 15EC                                                l2868 1594  
                                              l2980 2740                                                l2972 260A  
                                              l2964 2602                                                l2956 25FA  
                                              l2948 2754                                                l2894 1B3A  
                                              l2878 15EE                                                l2974 260C  
                                              l2966 2604                                                l2958 25FC  
                                              l2982 1BB8                                                l2990 26DC  
                                              l2896 1B42                                                l2888 1B1E  
                                              l2976 260E                                                l2968 2606  
                                              l2992 26DE                                                l2984 26CC  
                                              l2898 1B48                                                l2978 2610  
                                              l2986 26D8                                                l2994 1A12  
                                              l2988 26DA                                                l2996 1A1E  
                                              l2998 1A2E                                                ?_isr 0001  
                                   _update_logic_1s 172E                         oled_draw_text_centered@page 0017  
                                              STR_1 06A3                                                STR_2 06A3  
                                              STR_3 06A3                                ??_oled_update_screen 0058  
                                              u2000 1B5C                                                u2001 1B58  
                                              u2010 1B94                                                u2011 1B90  
                                              u2020 1BB6                                                u2100 1A58  
                                              u2021 1BB2                                                u2101 1A54  
                                              u2030 22AA                                                u2110 1A6A  
                                              u2031 22A6                                                u2111 1A66  
                                              u3000 13A8                                                u2040 22BE  
                                              u2120 1A82                                                u2200 1072  
                                              u3001 13A4                                                u2041 22BA  
                                              u2121 1A7E                                                u2201 106C  
                                              u2050 22FA                                                u2130 1A9A  
                                              u2210 1074                                                u2051 22F6  
                                              u2131 1A96                                                u2140 1AAA  
                                              u2300 111E                                                u2220 108A  
                                              u2060 2586                                                u2141 1AA6  
                                              u2301 111A                                                u2221 1086  
                                              u2061 2582                                                u2150 1AC0  
                                              u2310 1134                                                u2230 109A  
                                              u2070 25B0                                                u2151 1ABC  
                                              u2311 1130                                                u2231 1096  
                                              u2071 25AC                                                u1600 1214  
                                              u2160 1AD2                                                u2080 1A2E  
                                              u2320 1160                                                u2240 10B0  
                                              u2400 1E96                                                u3040 21EC  
                                              u1601 1210                                                u2161 1ACE  
                                              u2081 1A2A                                                u2321 115C  
                                              u2241 10AA                                                u2401 1E92  
                                              u3041 21E8                                                u1610 2186  
                                              u2170 1AEA                                                u2090 1A40  
                                              u2330 1170                                                u2250 10B2  
                                              u2410 1EA6                                                u3050 2206  
                                              u2171 1AE6                                                u2091 1A3C  
                                              u2331 116C                                                u2411 1EA2  
                                              u3051 2202                                                u1540 247E  
                                              u1620 21AE                                                u1700 1E24  
                                              u2340 1180                                                u2260 10C4  
                                              u2180 104C                                                u2420 1EBC  
                                              u3060 2220                                                u1541 247A  
                                              u1701 1E20                                                u2341 117C  
                                              u2261 10C0                                                u2181 1048  
                                              u2421 1EB6                                                u3061 221C  
                                              u1550 2494                                                u1630 21BE  
                                              u1710 1E4C                                                u2350 1192  
                                              u2270 10E4                                                u2190 105C  
                                              u2430 1EBE                                                u2510 2286  
                                              u1551 2490                                                u1631 21BA  
                                              u1711 1E48                                                u2351 118C  
                                              u2271 10E0                                                u2191 1058  
                                              u2511 227E                                                u1560 24AE  
                                              u1640 1980                                                u1800 1FEE  
                                              u1720 205E                                                u2600 07CA  
                                              u2360 1194                                                u2280 10F4  
                                              u2440 1ED0                           oled_draw_down_arrow_5x8@i 000B  
                                              u1561 24AA                                                u1641 197C  
                                              u1617 217C                                                u1721 205A  
                                              u2601 07C6                                                u2281 10F0  
                                              u2441 1ECC                                                u1570 23D0  
                                              u2530 1CBC                                                u1810 1FFE  
                                              u1730 2080                                                u2610 07FC  
                                              u2370 11BA                                                u2290 110A  
                                              u2450 1EE0                                                u1571 23CC  
                                              u2531 1CB8                                                u1627 21A4  
                                              u1811 1FFA                                                u1731 207C  
                                              u2611 07F8                                                u2371 11B6  
                                              u2291 1106                                                u2451 1EDC  
                                              u1580 23FE                                                u1660 19B0  
                                              u2540 1D00                                                u1820 200E  
                                              u1900 23B6                                                u1740 209E  
                                              u2700 09E6                                                u2620 080C  
                                              u2380 11CC                                                u2460 1F00  
                                              u2508 2266                                                u1581 23FA  
                                              u1661 19AC                                                u2541 1CFC  
                                              u1821 200A                                                u1901 23B2  
                                              u1741 209A                                                u2701 09E2  
                                              u2621 0808                                                u2381 11C8  
                                              u2461 1EFC                                                u1590 1204  
                                              u1654 1996                                                u2550 1D2C  
                                              u1750 263E                                                u1910 14D8  
                                              u1830 0B12                                                u2710 09F8  
                                              u2630 0860                                                u2390 11E4  
                                              u2470 2244                                                u1591 1200  
                                              u1655 1992                                                u2551 1D28  
                                              u1751 263A                                                u1911 14D4  
                                              u1807 1FE4                                                u1831 0B0E  
                                              u2711 09F4                                                u2631 085C  
                                              u2391 11E0                                                u2471 223C  
                                              u1680 1A0A                                                u2560 20F2  
                                              u1920 14E8                                                u1840 0E48  
                                              u2720 0A22                                                u2640 0872  
                                              u1760 271C                                                u2528 2288  
                                              u2800 18C4                                                u1681 1A06  
                                              u2561 20EE                                                u1921 14E4  
                                              u1841 0E44                                                u2721 0A1E  
                                              u2641 086E                                                u1761 2716  
                                              u2801 18C0                                                u1674 19E2  
                                              u1850 1654                                                u2570 2128  
                                              u1930 1510                                                u1690 1E02  
                                              u2730 0A50                                                u2650 089C  
                                              u1770 2708                                                u2490 2264  
                                              u2810 18E6                                                u1675 19DE  
                                              u1851 1650                                                u2571 2124  
                                              u1931 150C                                                u1691 1DFE  
                                              u2731 0A4C                                                u2651 0898  
                                              u1771 2702                                                u2491 225C  
                                              u2811 18E2                                                u1780 24DE  
                                              u1860 1716                                                u2580 2150  
                                              u1940 1538                                                u2740 250C  
                                              u2660 08CA                                                u2820 18FC  
                                              u2900 17D4                                                u1781 24DA  
                                              u1861 1712                                                u2581 214C  
                                              u1941 1534                                                u2741 2508  
                                              u2661 08C6                                                u2821 18F6  
                                              u2901 17D0                                                u2750 268E  
                                              u1790 24F4                                                u1870 172C  
                                              u1950 156C                                                u2670 0950  
                                              u2590 0748                                                u1766 271E  
                                              u2830 18FE                                                u2910 17E4  
                                              u2751 268A                                                u1791 24F0  
                                              u1871 1728                                                u1951 1568  
                                              u2671 094C                                                u2591 0744  
                                              u2911 17E0                           oled_draw_down_arrow_5x8@x 000A  
                                              u1960 15A6                                                u1880 2374  
                                              u2680 0982                                                u1776 270A  
                                              u2488 2246                                                u2840 1918  
                                              u2760 1860                                                u2920 17F6  
                                              u1961 15A2                                                u1881 2370  
                                              u2681 097E                                                u2841 1914  
                                              u2761 185C                                                u2921 17F2  
                                              u1970 1600                                                u1890 2388  
                                              u2690 0992                                                u2770 1872  
                                              u2930 1808                                                u2850 1742  
                                              u1971 15FC                                                u1891 2384  
                                              u2691 098E                                                u2771 186E  
                                              u2931 1804                                                u2851 173C  
                                              u1980 1B06                                                u2780 188E  
                                              u2940 183A                                                u2860 1744  
                                              u1981 1B02                                                u2781 188A  
                                              u2941 1836                                                u1990 1B1A  
                                              u2950 2428                                                u2790 18B4  
                                              u2870 1774                                                u1991 1B16  
                                              u2951 2424                                                u2791 18B0  
                                              u2871 1770                                                u2960 243A  
                                              u2880 1798                                                u2961 2436  
                                              u2881 1794                                                u2970 2458  
                                              u2890 17B6                                                u2971 2454  
                                              u2891 17B2                                                u2980 1D86  
                                              u2981 1D82                         oled_draw_text_centered@text 0011  
                                              u2990 1DD0                                                u2991 1DCC  
                     oled_draw_underline_animated@i 0010                       oled_draw_underline_animated@n 0011  
                                              _main 21C4                   oled_draw_underline_animated@chunk 000C  
                                              fsr0h 000FEA                                                indf0 000FEF  
                                              fsr2h 000FDA                                                fsr0l 000FE9  
                                              indf1 000FE7                                                indf2 000FDF  
                                              fsr1l 000FE1                                                fsr2l 000FD9  
                                              btemp 005F                   oled_draw_underline_animated@drawn 0012  
                            eeprom_write_byte@value 0003                                                prodh 000FF4  
                                              prodl 000FF3                   oled_draw_underline_animated@width 000A  
                                              start 0078                              _g_brush_tracking_press 007F  
                                      ___param_bank 000000                                   _g_overall_seconds 0068  
                             ??_oled_draw_rectangle 000C                                               ??_isr 0001  
                      format_runtime_string@seconds 0019                             _oled_draw_text_centered 1FB6  
        handle_brush_switch_10ms@brush_falling_edge 0002                               _oled_show_boot_screen 1D2E  
                                             ?_main 0001                                               _EEADR 000FA9  
                                   __end_of___lldiv 1E80                               _g_vacuum_delay_active 005A  
                                             _T0CON 000FD5                                     __end_of___llmod 20D0  
                                             i2l142 0074                                               _TMR0H 000FD7  
                                             _TMR0L 000FD6                                    ?_oled_set_cursor 0007  
                                oled_set_cursor@col 0008                              __end_of_update_outputs 2298  
                   hourmeter_load_from_eeprom@magic 0008                               ??_oled_draw_text_huge 002C  
                                  _g_brush_sw_state 005E                                     __end_of_io_init 2614  
                update_logic_1s@eeprom_save_counter 0077                                               tablat 000FF5  
                       update_logic_10ms@blink_10ms 007C                                       oled_clear@col 0009  
                                             ttemp5 0060                                               ttemp6 0063  
                                             ttemp7 0067                                               status 000FD8  
                                             wtemp8 0060                   __size_of_oled_draw_graphic_screen 0044  
                         ?_oled_draw_graphic_screen 0001                  oled_draw_brush_bristles@rect_width 0009  
                                   __initialization 253A                              _handle_vac_switch_10ms 1E80  
                                       _system_init 26B6                                        __end_of_main 2230  
                          ?_format_hourmeter_string 0017                                   _vac_sw_integrator 0081  
            handle_vac_switch_10ms@vac_falling_edge 0001                                    __end_of_i2c_init 274A  
 __end_ofoled_draw_old_runtime_screen@icon_brush_on 0621           oled_draw_old_runtime_screen@icon_brush_on 0619  
                                  __end_of_i2c_stop 26B6                   __size_of_oled_draw_brush_bristles 00C4  
                         ?_oled_draw_brush_bristles 0009                                              ??_main 0059  
                    ??_oled_draw_old_runtime_screen 0029                                       __activetblptr 000002  
                            ??_debounce_inputs_10ms 0001                             __end_of_update_logic_1s 1844  
                                   ?_update_outputs 0001                   __size_of_oled_draw_down_arrow_5x8 0068  
                         ?_oled_draw_down_arrow_5x8 0009                                      delay_us_soft@i 0003  
                       ?_hourmeter_load_from_eeprom 0001                                   ??_read_vac_sw_raw 0001  
                                 _update_logic_10ms 1844                                   ?_scale4x_vertical 0001  
                                i2c_write_byte@data 0004                                    ___llmod@dividend 0001  
                                            _EEDATA 000FA8                                              _EECON2 000FA7  
                                            _ANSELA 000F38                                              _ANSELB 000F39  
                                            _ANSELC 000F3A                               __end_of_delay_ms_soft 2640  
                                ?_update_logic_10ms 0001                                  ??_scale4x_vertical 0003  
                                            i2l3540 0018                                              i2l3550 0042  
                                            i2l3542 0020                                              i2l3552 004A  
                                            i2l3544 0022                                              i2l3554 004E  
                                            i2l3546 0028                                              i2l3538 000A  
                                            i2l3556 0052                                              i2l3548 002C  
                                            i2l3558 0068             oled_draw_old_runtime_screen@total_width 004F  
                             _format_runtime_string 0D6E                                  __size_of_i2c_delay 000E  
                                  _eeprom_read_byte 2680                                              _OSCCON 000FD3  
                               _oled_send_data_byte 274A                               __end_of_delay_us_soft 24B0  
                               _oled_send_data_stop 275A                                 oled_set_cursor@page 0007  
                                __size_of_i2c_start 0016                                 ??_update_logic_10ms 0005  
      update_logic_10ms@graphic_arrow_blink_counter 007A                           ??_oled_draw_text_centered 0013  
                      __end_of_oled_send_data_start 2732                                    _g_vacuum_seconds 0060  
                                 font_get_pattern@c 0007                                           ??___lldiv 0012  
                                      ?_timer0_init 0001                                           ??___llmod 0009  
                            ?_oled_show_boot_screen 0001                                              clear_0 2558  
                              ?_oled_send_data_byte 0001                        _handle_brush_switch_10ms$820 0004  
                      _handle_brush_switch_10ms$818 0003                                ?_oled_send_data_stop 0001  
               oled_update_screen@prev_graphic_mode 0076                                           ??_io_init 0001  
                                  __end_of_osc_init 275A                                   ?_font_get_pattern 0001  
                                  ??_oled_clear_5x8 000A                           __end_of_update_logic_10ms 192E  
                              oled_draw_char_huge@c 000D                                oled_draw_char_huge@i 0028  
                              oled_draw_char_huge@p 0027                                        __mediumconst 0000  
                                            tblptrh 000FF7                                              tblptrl 000FF6  
                                            tblptru 000FF8                                  ??_font_get_pattern 0003  
                update_logic_10ms@last_delay_active 007B                                      _i2c_write_byte 23BC  
                                    oled_clear@page 000A                    __end_of_hourmeter_save_to_eeprom 2362  
                             _g_brush_sw_prev_state 0084                                    ??_oled_draw_char 0008  
                                        __accesstop 0060                             __end_of__initialization 256A  
                                  ??_oled_draw_text 0010                                       ___rparam_used 000001  
              oled_draw_old_runtime_screen@icon_col 0050                                     delay_ms_soft@ms 0004  
                                    __pcstackCOMRAM 0001                __end_offont_get_pattern@letter_space 0662  
                      font_get_pattern@letter_space 065D                                        __pidataBANK0 2760  
                       hourmeter_save_to_eeprom@val 0004                      format_hourmeter_string@seconds 0019  
                             ??_oled_send_data_byte 0006                               ??_oled_send_data_stop 0004  
                                 __end_of_i2c_delay 2740                                  _g_brush_hold_ticks 0070  
__end_ofoled_draw_old_runtime_screen@icon_brush_off 0619          oled_draw_old_runtime_screen@icon_brush_off 0611  
                                 __end_of_i2c_start 26F8                              __end_of_i2c_write_byte 2414  
                                  ?_update_logic_1s 0001                oled_draw_old_runtime_screen@text_col 0051  
                   __end_of_oled_draw_text_centered 2048                                         _g_10ms_flag 0086  
                                 _oled_send_command 2662                              ?_format_runtime_string 0017  
                                ?_oled_send_command 0001                                          __pbssBANK0 0060  
                      oled_draw_down_arrow_5x8@page 0009                                           ?_i2c_init 0001  
                 oled_show_boot_screen@char_advance 0030                                           ?_i2c_stop 0001  
                                 oled_draw_text@col 0010                                 ??_oled_send_command 0006  
                                _g_brush_release_on 0059                                          _g_brush_on 005C  
                       __end_of_oled_draw_char_huge 172E                          format_hourmeter_string@buf 0017  
                                   delay_us_soft@us 0001                                  __size_of_oled_init 00C2  
               oled_draw_old_runtime_screen@linebuf 0036                 oled_draw_old_runtime_screen@timebuf 002D  
                         __end_of_oled_send_command 2680                                        _g_ms_counter 0074  
                                   ?_i2c_write_byte 0001                          __size_of_update_logic_10ms 00EA  
                               _brush_sw_integrator 0082                                _oled_send_data_start 2720  
                            oled_draw_text_huge@col 002C               oled_draw_brush_bristles@inner_start_x 000C  
                       __size_of_oled_update_screen 0052                                          ??_i2c_init 0001  
                          _handle_brush_switch_10ms 1036                                          ??_i2c_stop 0004  
                                      isr@ms_for_1s 006C                             ?_handle_vac_switch_10ms 0001  
                       __end_of_oled_draw_rectangle 1602                            ??_oled_draw_graphic_base 001D  
                                           __Hparam 0000                                           ?_osc_init 0001  
                                        _down_arrow 0621                                             __Lparam 0000  
                             oled_draw_char@pattern 000B                                        ?_system_init 0001  
                              oled_send_command@cmd 0006                                eeprom_read_byte@addr 0001  
                 __size_of_hourmeter_save_to_eeprom 0062                           ?_hourmeter_save_to_eeprom 0001  
                                           ___lldiv 1DDC                                             ___llmod 2048  
                                      __psmallconst 0600                                     _read_vac_sw_raw 26F8  
                                  ??_update_outputs 0001                                             __pcinit 253A  
                                           __ramtop 0600                            __end_of_eeprom_read_byte 269C  
                              __size_of_timer0_init 0016                                             __ptext0 21C4  
                                           __ptext1 172E                                             __ptext2 2300  
                                           __ptext3 2578                                             __ptext4 1844  
                                           __ptext5 2230                                             __ptext6 1E80  
                                           __ptext7 1036                                             __ptext8 1A12  
                                           __ptext9 26F8                         __end_of_oled_draw_text_huge 1D2E  
                                         _T0CONbits 000FD5                                             _io_init 25E8  
                                      __size_of_isr 0070                                          _oled_clear 24B0  
                  __size_of_format_hourmeter_string 0306               oled_draw_graphic_screen@right_arrow_x 000D  
                                 __end_of_oled_init 1C7A                               ?_oled_send_data_start 0001  
                          oled_draw_text_centered@p 0018                                end_of_initialization 256A  
                          __size_of_oled_set_cursor 0022                      __end_of_handle_vac_switch_10ms 1F1E  
                                     __Lmediumconst 0000                             _g_brush_long_press_done 007E  
                                   ___lldiv@divisor 000E                                   _read_brush_sw_raw 270C  
                                   ___lldiv@counter 0016                                          ??_osc_init 0001  
                           ??_oled_show_boot_screen 002F                                      _g_vac_sw_state 005D  
                         __size_of_scale4x_vertical 00E4                                  ?_read_brush_sw_raw 0001  
                                           postinc0 000FEE                                oled_draw_rectangle@i 000F  
                              oled_draw_rectangle@x 000E                            font_get_pattern@letter_A 068F  
                          font_get_pattern@letter_B 0685                            font_get_pattern@letter_C 068A  
                          font_get_pattern@letter_D 0676                            font_get_pattern@letter_E 0662  
                          font_get_pattern@letter_H 0667                            font_get_pattern@letter_I 0671  
                          font_get_pattern@letter_M 066C                            font_get_pattern@letter_O 0699  
                          font_get_pattern@letter_R 0680                            font_get_pattern@letter_T 069E  
                          font_get_pattern@letter_U 067B                            font_get_pattern@letter_V 0694  
                                   oled_clear_5x8@i 000B                                     oled_clear_5x8@x 000A  
                        oled_draw_char_huge@pattern 0024                             oled_send_data_byte@data 0006  
                                         _PORTAbits 000F80                                           _PORTCbits 000F82  
                               ??_read_brush_sw_raw 0001                                  _g_logo_blink_state 007D  
                        __size_of_oled_send_command 001E                                   _eeprom_write_byte 2578  
                                         _TRISAbits 000F92                       __size_of_debounce_inputs_10ms 00E2  
                                         _TRISBbits 000F93                                           _TRISCbits 000F94  
                                ?_eeprom_write_byte 0001                            _oled_draw_graphic_screen 24F6  
                               ??_eeprom_write_byte 0004                           __end_of_read_brush_sw_raw 2720  
                        oled_draw_text_centered@len 001C                  update_logic_10ms@prev_graphic_mode 0079  
                         __size_of_font_get_pattern 0196                    oled_draw_underline_animated@page 0009  
                   __size_of_oled_draw_graphic_base 0034                             __end_of_read_vac_sw_raw 270C  
                          _oled_draw_brush_bristles 1AF4                                     _g_brush_seconds 0064  
                            __size_of_delay_ms_soft 002C                            _oled_draw_down_arrow_5x8 2298  
                     debounce_inputs_10ms@raw_brush 0001                           __end_of_eeprom_write_byte 25B4  
                            __size_of_delay_us_soft 004A                                         ?_oled_clear 0001  
                               start_initialization 253A                                           _i2c_delay 2732  
                           ??_format_runtime_string 001D                              ??_oled_send_data_start 0006  
                                   oled_draw_char@c 000A                                           _i2c_start 26E2  
                                       __end_of_isr 0078                            oled_draw_rectangle@width 000A  
                                   ___llmod@divisor 0005                            ?_oled_draw_text_centered 0011  
                                   ___llmod@counter 0009                                   __size_of_i2c_init 000A  
                              oled_draw_text_huge@p 002D                                oled_draw_text_huge@x 002E  
                                 __size_of_i2c_stop 001A                                   ??_oled_set_cursor 0008  
             oled_draw_old_runtime_screen@start_col 0055                         __end_of_oled_send_data_byte 2754  
                       __end_of_oled_send_data_stop 2760                                           _g_1s_flag 0085  
                            oled_show_boot_screen@i 0033                                         __pdataBANK0 0087  
                              __size_of_system_init 0016                  __end_offont_get_pattern@colon_char 065D  
                        font_get_pattern@colon_char 0658                                    ??_i2c_write_byte 0004  
                            font_get_pattern@digits 0626                         _g_graphic_arrow_blink_state 0087  
                    oled_show_boot_screen@start_col 0034                              _oled_draw_graphic_base 25B4  
                           _format_hourmeter_string 0A68                                         __pbssCOMRAM 0059  
                                        ?_i2c_delay 0001                          ??_handle_brush_switch_10ms 0001  
                                        ?_i2c_start 0001                                  oled_draw_text@page 000D  
                         update_logic_1s@logo_phase 0078                                  oled_draw_text@text 000E  
                                     _delay_ms_soft 2614                            __size_of_update_logic_1s 0116  
                           __size_of_oled_clear_5x8 005A              oled_draw_old_runtime_screen@icon_width 0054  
                        __size_of_read_brush_sw_raw 0014                                       _delay_us_soft 2466  
                                         _g_boot_ms 0072                                    ?_read_vac_sw_raw 0001  
                               __size_of_oled_clear 0046                                    _scale4x_vertical 192E  
                                         __pintcode 0008                                   __size_of_osc_init 0006  
                                          ?___lldiv 000A                             __size_of_oled_draw_char 0098  
                                          ?___llmod 0001                             __size_of_oled_draw_text 0072  
                      oled_draw_text_centered@width 001A                        __size_of_oled_draw_char_huge 012C  
                    oled_update_screen@graphic_mode 0058                                   ?_eeprom_read_byte 0001  
                        __size_of_eeprom_write_byte 003C                                            ?_io_init 0001  
                                       __smallconst 0600                           _g_display_refresh_request 0088  
                                       _g_vacuum_on 005B                                  ??_eeprom_read_byte 0003  
                    oled_draw_rectangle@height_page 000B                          __end_of_oled_update_screen 2466  
                      ??_hourmeter_load_from_eeprom 0003                                      ?_delay_ms_soft 0004  
                                         _oled_init 1BB8                                      ?_delay_us_soft 0001  
                                          _LATAbits 000F89                                            _LATBbits 000F8A  
                                          _LATCbits 000F8B                                    _font_get_pattern 11F2  
                                          i2u301_40 0018                                            i2u301_41 0014  
                                          i2u302_40 0042                                            i2u302_41 003E  
                                          i2u303_40 0068                                            i2u303_41 0064  
                         oled_draw_rectangle@y_page 0009                      __size_of_oled_show_boot_screen 00AE  
                     __end_of_oled_show_boot_screen 1DDC                                       ??_timer0_init 0001  
                       debounce_inputs_10ms@raw_vac 0002                        __size_of_oled_draw_rectangle 013C  
                           oled_draw_text_huge@page 0029                             oled_draw_text_huge@text 002A  
                         ??_format_hourmeter_string 001D                 __size_of_hourmeter_load_from_eeprom 013E  
              __end_of_oled_draw_underline_animated 2152               __size_of_oled_draw_underline_animated 0082  
                      _oled_draw_underline_animated 20D0                          ??_oled_draw_graphic_screen 000C  
                     oled_draw_old_runtime_screen@i 0057                       oled_draw_old_runtime_screen@p 0052  
                                       ??_i2c_delay 0004          oled_draw_underline_animated@chunk_delay_ms 000D  
                                       ??_i2c_start 0004                        __size_of_oled_draw_text_huge 00B4  
            oled_draw_old_runtime_screen@text_width 004E    __end_ofoled_draw_old_runtime_screen@icon_vac_off 0609  
          oled_draw_old_runtime_screen@icon_vac_off 0601                                          ?_oled_init 0001  
                                          _i2c_init 2740                          ??_oled_draw_brush_bristles 000B  
                                          _i2c_stop 269C                                          _EECON1bits 000FA6  
               oled_show_boot_screen@underline_page 0032                        __end_of_debounce_inputs_10ms 1AF4  
               oled_draw_brush_bristles@inner_end_x 000D                            _hourmeter_save_to_eeprom 2300  
                                          __Hrparam 0000                          ??_oled_draw_down_arrow_5x8 000A  
                                _g_vacuum_off_delay 0080                                   ??_update_logic_1s 0008  
                                oled_clear_5x8@page 0009                                            __Lrparam 0000  
                                  __size_of___lldiv 00A4                                    __size_of___llmod 0088  
                   oled_draw_old_runtime_screen@len 0056                 oled_draw_underline_animated@pattern 000B  
                   oled_show_boot_screen@text_width 0035                                 __end_of_timer0_init 26E2  
                                      ??_oled_clear 0009                    __end_of_handle_brush_switch_10ms 11F2  
                     ?_oled_draw_underline_animated 0009                                    __size_of_io_init 002C  
                                          __ptext10 270C                                            __ptext11 26B6  
                                          __ptext20 0A68                                            __ptext12 26CC  
                                          __ptext21 2048                                            __ptext13 2754  
                                          __ptext30 14C6                                            __ptext22 1DDC  
                                          __ptext14 1BB8                                            __ptext31 1AF4  
                                          __ptext23 24F6                                            __ptext15 25E8  
                                          __ptext40 2640                                            __ptext32 1D2E  
                                          __ptext24 2298                                            __ptext16 2740  
                                          __ptext41 2662                                            __ptext33 20D0  
                                          __ptext25 2362                                            __ptext17 2414  
                                          __ptext50 1388                                            __ptext42 275A  
                                          __ptext34 2614                                            __ptext26 25B4  
                                          __ptext18 06AA                             oled_draw_char_huge@page 000C  
                                          __ptext51 2680                                            __ptext43 269C  
                                          __ptext35 1C7A                                            __ptext27 1FB6  
                                          __ptext19 0D6E                                     ??_delay_ms_soft 0006  
                                          __ptext44 2720                                            __ptext36 1602  
                                          __ptext28 2152                                            __ptext45 26E2  
                                          __ptext37 192E                                            __ptext29 1F1E  
                                          __ptext46 274A                                            __ptext38 11F2  
                                          __ptext47 23BC                                            __ptext39 24B0  
                                          __ptext48 2732                                            __ptext49 2466  
                    __size_of_format_runtime_string 02C8                             __size_of_update_outputs 0068  
                     __end_of_format_runtime_string 1036                                  __end_of_down_arrow 0626  
                                   _oled_set_cursor 2640                                     ??_delay_us_soft 0003  
                                    _oled_clear_5x8 2362                     __end_of_format_hourmeter_string 0D6E  
                                     __size_of_main 006C                                            _osc_init 2754  
                                __end_of_oled_clear 24F6                           format_hourmeter_string@hh 0021  
                         format_hourmeter_string@mm 001D                                      _oled_draw_char 1F1E  
                                          int$flags 005F                                      _oled_draw_text 2152  
                           ?_oled_draw_graphic_base 0001                    __size_of_oled_draw_text_centered 0092  
   __end_ofoled_draw_old_runtime_screen@icon_vac_on 0611             oled_draw_old_runtime_screen@icon_vac_on 0609  
                                        _INTCONbits 000FF2                                scale4x_vertical@base 0006  
                __end_of_hourmeter_load_from_eeprom 14C6                          _hourmeter_load_from_eeprom 1388  
                          ??_handle_vac_switch_10ms 0001                            __end_of_scale4x_vertical 1A12  
                        _g_brush_release_ticks_left 006E                                scale4x_vertical@byte 0007  
                               _g_vac_sw_prev_state 0083                          _handle_vac_switch_10ms$823 0002  
                     __size_of_oled_send_data_start 0012                              __end_of_oled_clear_5x8 23BC  
                                          intlevel2 0000                                         ??_oled_init 0007  
                               _oled_draw_char_huge 1602                    __end_offont_get_pattern@letter_A 0694  
                  __end_offont_get_pattern@letter_B 068A                    __end_offont_get_pattern@letter_C 068F  
                  __end_offont_get_pattern@letter_D 067B                    __end_offont_get_pattern@letter_E 0667  
                  __end_offont_get_pattern@letter_H 066C                    __end_offont_get_pattern@letter_I 0676  
                  __end_offont_get_pattern@letter_M 0671                    __end_offont_get_pattern@letter_O 069E  
                  __end_offont_get_pattern@letter_R 0685                    __end_offont_get_pattern@letter_T 06A3  
                  __end_offont_get_pattern@letter_U 0680                    __end_offont_get_pattern@letter_V 0699  
                            oled_draw_char_huge@col 0026                                    ___lldiv@dividend 000A  
                    __end_offont_get_pattern@digits 0658                              __end_of_oled_draw_char 1FB6  
              __end_of_oled_draw_old_runtime_screen 0A68               __size_of_oled_draw_old_runtime_screen 03BE  
                      _oled_draw_old_runtime_screen 06AA                              __end_of_oled_draw_text 21C4  
                                     ??_system_init 0007                      __end_of_oled_draw_graphic_base 25E8  
                         oled_draw_char_huge@scaled 0010                                         _timer0_init 26CC  
                              ?_oled_draw_char_huge 000C                                 scale4x_vertical@bit 0008  
                               scale4x_vertical@pos 0009                        __size_of_oled_send_data_byte 000A  
                               scale4x_vertical@out 0001                    __end_of_oled_draw_graphic_screen 253A  
                      __size_of_oled_send_data_stop 0006                            __end_of_font_get_pattern 1388  
                           __end_of_oled_set_cursor 2662                                    ___lldiv@quotient 0012  
                              _debounce_inputs_10ms 1A12                     oled_draw_underline_animated@col 000F  
                                   ?_oled_clear_5x8 0009                                  scale4x_vertical@in 0005  
                    ??_oled_draw_underline_animated 000F                                 _oled_draw_rectangle 14C6  
                  __end_of_oled_draw_brush_bristles 1BB8                           __size_of_eeprom_read_byte 001C  
                                 scale4x_vertical@k 000A                                   scale4x_vertical@r 000B  
                         oled_draw_brush_bristles@x 000F                    __end_of_oled_draw_down_arrow_5x8 2300  
                 __size_of_handle_brush_switch_10ms 01BC                           ?_handle_brush_switch_10ms 0001  
                                _oled_update_screen 2414                                     ?_oled_draw_char 0001  
                                   ?_oled_draw_text 000D  
