

Microchip MPLAB XC8 Assembler V2.31 build 20201012212115 
                                                                                               Mon Aug 10 10:12:24 2026

Microchip MPLAB XC8 C Compiler v2.31 (Free license) build 20201012212115 Og1 
     1                           	processor	12F683
     2                           	pagewidth 120
     3                           	opt	flic
     4                           	psect	cinit,global,class=CODE,merge=1,delta=2
     5                           	psect	cstackCOMMON,global,class=COMMON,space=1,delta=1,noexec
     6                           	psect	cstackBANK0,global,class=BANK0,space=1,delta=1,noexec
     7                           	psect	maintext,global,class=CODE,split=1,delta=2
     8                           	psect	text1,local,class=CODE,merge=1,delta=2
     9                           	psect	text2,local,class=CODE,merge=1,delta=2
    10                           	psect	text3,local,class=CODE,merge=1,delta=2
    11                           	psect	text4,local,class=CODE,merge=1,delta=2
    12                           	psect	text5,local,class=CODE,merge=1,delta=2
    13                           	psect	text6,local,class=CODE,merge=1,delta=2
    14                           	psect	text7,local,class=CODE,merge=1,delta=2
    15                           	psect	text8,local,class=CODE,merge=1,delta=2
    16                           	psect	text9,local,class=CODE,merge=1,delta=2
    17                           	psect	text10,local,class=CODE,merge=1,delta=2
    18                           	psect	text11,local,class=CODE,merge=1,delta=2
    19                           	psect	text12,local,class=CODE,merge=1,delta=2
    20                           	psect	text13,local,class=CODE,merge=1,delta=2
    21                           	psect	text14,local,class=CODE,merge=1,delta=2
    22                           	psect	text15,local,class=CODE,merge=1,delta=2
    23                           	psect	text16,local,class=CODE,merge=1,delta=2
    24                           	psect	text17,local,class=CODE,merge=1,delta=2
    25                           	psect	text18,local,class=CODE,merge=1,delta=2
    26                           	psect	text19,local,class=CODE,merge=1,delta=2
    27                           	psect	text20,local,class=CODE,merge=1,delta=2
    28                           	psect	text21,local,class=CODE,merge=1,delta=2
    29                           	psect	text22,local,class=CODE,merge=1,delta=2
    30                           	psect	text23,local,class=CODE,merge=1,delta=2
    31                           	psect	text24,local,class=CODE,merge=1,delta=2
    32                           	psect	text25,local,class=CODE,merge=1,delta=2
    33                           	psect	text26,local,class=CODE,merge=1,delta=2
    34                           	psect	text27,local,class=CODE,merge=1,delta=2
    35                           	psect	text28,local,class=CODE,merge=1,delta=2
    36                           	psect	text29,local,class=CODE,merge=1,delta=2
    37                           	psect	text30,local,class=CODE,merge=1,delta=2
    38                           	psect	text31,local,class=CODE,merge=1,delta=2
    39                           	psect	text32,local,class=CODE,merge=1,delta=2
    40                           	psect	text33,local,class=CODE,merge=1,delta=2
    41                           	psect	text34,local,class=CODE,merge=1,delta=2
    42                           	psect	text35,local,class=CODE,merge=1,delta=2
    43                           	psect	text36,local,class=CODE,merge=1,delta=2
    44                           	psect	text37,local,class=CODE,merge=1,delta=2,group=1
    45                           	psect	text38,local,class=CODE,merge=1,delta=2
    46                           	psect	config,global,abs,ovrld,class=CONFIG,space=4,delta=2,noexec
    47                           	dabs	1,0x7E,2
    48  0000                     
    49                           ; Generated 17/08/2023 GMT
    50                           ; 
    51                           ; Copyright © 2023, Microchip Technology Inc. and its subsidiaries ("Microchip")
    52                           ; All rights reserved.
    53                           ; 
    54                           ; This software is developed by Microchip Technology Inc. and its subsidiaries ("Microch
      +                          ip").
    55                           ; 
    56                           ; Redistribution and use in source and binary forms, with or without modification, are
    57                           ; permitted provided that the following conditions are met:
    58                           ; 
    59                           ;     1. Redistributions of source code must retain the above copyright notice, this lis
      +                          t of
    60                           ;        conditions and the following disclaimer.
    61                           ; 
    62                           ;     2. Redistributions in binary form must reproduce the above copyright notice, this 
      +                          list
    63                           ;        of conditions and the following disclaimer in the documentation and/or other
    64                           ;        materials provided with the distribution. Publication is not required when
    65                           ;        this file is used in an embedded application.
    66                           ; 
    67                           ;     3. Microchip's name may not be used to endorse or promote products derived from th
      +                          is
    68                           ;        software without specific prior written permission.
    69                           ; 
    70                           ; THIS SOFTWARE IS PROVIDED BY MICROCHIP "AS IS" AND ANY EXPRESS OR IMPLIED WARRANTIES,
    71                           ; INCLUDING, BUT NOT LIMITED TO, THE IMPLIED WARRANTIES OF MERCHANTABILITY AND FITNESS F
      +                          OR
    72                           ; PURPOSE ARE DISCLAIMED.  IN NO EVENT SHALL MICROCHIP BE LIABLE FOR ANY DIRECT, INDIREC
      +                          T,
    73                           ; INCIDENTAL, SPECIAL, EXEMPLARY, OR CONSEQUENTIAL DAMAGES (INCLUDING BUT NOT LIMITED TO
    74                           ; PROCUREMENT OF SUBSTITUTE GOODS OR SERVICES; LOSS OF USE, DATA OR PROFITS; OR BUSINESS
    75                           ; INTERRUPTION) HOWSOEVER CAUSED AND ON ANY THEORY OF LIABILITY, WHETHER IN CONTRACT, ST
      +                          RICT
    76                           ; LIABILITY, OR TORT (INCLUDING NEGLIGENCE OR OTHERWISE) ARISING IN ANY WAY OUT OF THE U
      +                          SE OF
    77                           ; THIS SOFTWARE, EVEN IF ADVISED OF THE POSSIBILITY OF SUCH DAMAGE.
    78                           ; 
    79                           ; 
    80                           ; Code-generator required, PIC12F683 Definitions
    81                           ; 
    82                           ; SFR Addresses
    83  0000                     	;# 
    84  0001                     	;# 
    85  0002                     	;# 
    86  0003                     	;# 
    87  0004                     	;# 
    88  0005                     	;# 
    89  000A                     	;# 
    90  000B                     	;# 
    91  000C                     	;# 
    92  000E                     	;# 
    93  000E                     	;# 
    94  000F                     	;# 
    95  0010                     	;# 
    96  0011                     	;# 
    97  0012                     	;# 
    98  0013                     	;# 
    99  0013                     	;# 
   100  0014                     	;# 
   101  0015                     	;# 
   102  0018                     	;# 
   103  0019                     	;# 
   104  001A                     	;# 
   105  001E                     	;# 
   106  001F                     	;# 
   107  0081                     	;# 
   108  0085                     	;# 
   109  008C                     	;# 
   110  008E                     	;# 
   111  008F                     	;# 
   112  0090                     	;# 
   113  0092                     	;# 
   114  0095                     	;# 
   115  0095                     	;# 
   116  0096                     	;# 
   117  0096                     	;# 
   118  0099                     	;# 
   119  009A                     	;# 
   120  009A                     	;# 
   121  009B                     	;# 
   122  009C                     	;# 
   123  009D                     	;# 
   124  009E                     	;# 
   125  009F                     	;# 
   126  0000                     	;# 
   127  0001                     	;# 
   128  0002                     	;# 
   129  0003                     	;# 
   130  0004                     	;# 
   131  0005                     	;# 
   132  000A                     	;# 
   133  000B                     	;# 
   134  000C                     	;# 
   135  000E                     	;# 
   136  000E                     	;# 
   137  000F                     	;# 
   138  0010                     	;# 
   139  0011                     	;# 
   140  0012                     	;# 
   141  0013                     	;# 
   142  0013                     	;# 
   143  0014                     	;# 
   144  0015                     	;# 
   145  0018                     	;# 
   146  0019                     	;# 
   147  001A                     	;# 
   148  001E                     	;# 
   149  001F                     	;# 
   150  0081                     	;# 
   151  0085                     	;# 
   152  008C                     	;# 
   153  008E                     	;# 
   154  008F                     	;# 
   155  0090                     	;# 
   156  0092                     	;# 
   157  0095                     	;# 
   158  0095                     	;# 
   159  0096                     	;# 
   160  0096                     	;# 
   161  0099                     	;# 
   162  009A                     	;# 
   163  009A                     	;# 
   164  009B                     	;# 
   165  009C                     	;# 
   166  009D                     	;# 
   167  009E                     	;# 
   168  009F                     	;# 
   169  0005                     _GPIO	set	5
   170  0019                     _CMCON0	set	25
   171  001F                     _ADCON0	set	31
   172  0001                     _TMR0	set	1
   173  000B                     _INTCONbits	set	11
   174  0005                     _GPIObits	set	5
   175  008F                     _OSCCONbits	set	143
   176  009F                     _ANSEL	set	159
   177  009D                     _EECON2	set	157
   178  009A                     _EEDAT	set	154
   179  009B                     _EEADR	set	155
   180  009C                     _EECON1bits	set	156
   181  0085                     _TRISIObits	set	133
   182  0081                     _OPTION_REGbits	set	129
   183                           
   184                           	psect	cinit
   185  07FE                     start_initialization:	
   186                           ; #config settings
   187                           
   188  07FE                     __initialization:
   189  07FE                     end_of_initialization:	
   190                           ;End of C runtime variable initialization code
   191                           
   192  07FE                     __end_of__initialization:
   193  07FE  0183               	clrf	3
   194  07FF  2E96               	ljmp	_main	;jump to C main() function
   195                           
   196                           	psect	cstackCOMMON
   197  0070                     __pcstackCOMMON:
   198  0070                     ?_Delay_Seconds:
   199  0070                     ?_Is_Test_Mode_Enabled:	
   200                           ; 1 bytes @ 0x0
   201                           
   202  0070                     ??_Is_Test_Mode_Enabled:	
   203                           ; 1 bytes @ 0x0
   204                           
   205  0070                     ?_Delay_Approx_65ms:	
   206                           ; 1 bytes @ 0x0
   207                           
   208  0070                     ??_Delay_Approx_65ms:	
   209                           ; 1 bytes @ 0x0
   210                           
   211  0070                     ?_Delay_Approx_250ms:	
   212                           ; 1 bytes @ 0x0
   213                           
   214  0070                     ??_Delay_Approx_250ms:	
   215                           ; 1 bytes @ 0x0
   216                           
   217  0070                     ?_I2C_Init:	
   218                           ; 1 bytes @ 0x0
   219                           
   220  0070                     ?_Relay_On:	
   221                           ; 1 bytes @ 0x0
   222                           
   223  0070                     ??_Relay_On:	
   224                           ; 1 bytes @ 0x0
   225                           
   226  0070                     ?_Relay_Off:	
   227                           ; 1 bytes @ 0x0
   228                           
   229  0070                     ??_Relay_Off:	
   230                           ; 1 bytes @ 0x0
   231                           
   232  0070                     ?_Relay_Reset_Pulse:	
   233                           ; 1 bytes @ 0x0
   234                           
   235  0070                     ?_Test_Delay_Seconds_Abortable:	
   236                           ; 1 bytes @ 0x0
   237                           
   238  0070                     ??_Test_Delay_Seconds_Abortable:	
   239                           ; 1 bytes @ 0x0
   240                           
   241  0070                     ?_Relay_Test_Cycle:	
   242                           ; 1 bytes @ 0x0
   243                           
   244  0070                     ?_Timer0_Init_For_Delay:	
   245                           ; 1 bytes @ 0x0
   246                           
   247  0070                     ??_Timer0_Init_For_Delay:	
   248                           ; 1 bytes @ 0x0
   249                           
   250  0070                     ?_Delay_Approx_1s:	
   251                           ; 1 bytes @ 0x0
   252                           
   253  0070                     ??_Delay_Approx_1s:	
   254                           ; 1 bytes @ 0x0
   255                           
   256  0070                     ?_I2C_Delay:	
   257                           ; 1 bytes @ 0x0
   258                           
   259  0070                     ??_I2C_Delay:	
   260                           ; 1 bytes @ 0x0
   261                           
   262  0070                     ?_SDA_Low:	
   263                           ; 1 bytes @ 0x0
   264                           
   265  0070                     ??_SDA_Low:	
   266                           ; 1 bytes @ 0x0
   267                           
   268  0070                     ?_SDA_Release:	
   269                           ; 1 bytes @ 0x0
   270                           
   271  0070                     ??_SDA_Release:	
   272                           ; 1 bytes @ 0x0
   273                           
   274  0070                     ?_SCL_Low:	
   275                           ; 1 bytes @ 0x0
   276                           
   277  0070                     ??_SCL_Low:	
   278                           ; 1 bytes @ 0x0
   279                           
   280  0070                     ?_SCL_Release:	
   281                           ; 1 bytes @ 0x0
   282                           
   283  0070                     ??_SCL_Release:	
   284                           ; 1 bytes @ 0x0
   285                           
   286  0070                     ?_SDA_Read:	
   287                           ; 1 bytes @ 0x0
   288                           
   289  0070                     ??_SDA_Read:	
   290                           ; 1 bytes @ 0x0
   291                           
   292  0070                     ?_I2C_Start:	
   293                           ; 1 bytes @ 0x0
   294                           
   295  0070                     ?_I2C_Stop:	
   296                           ; 1 bytes @ 0x0
   297                           
   298  0070                     ?_I2C_WriteByte:	
   299                           ; 1 bytes @ 0x0
   300                           
   301  0070                     ?_I2C_ReadByte:	
   302                           ; 1 bytes @ 0x0
   303                           
   304  0070                     ?_BCD_To_Dec:	
   305                           ; 1 bytes @ 0x0
   306                           
   307  0070                     ?_EEPROM_ReadByte:	
   308                           ; 1 bytes @ 0x0
   309                           
   310  0070                     ??_EEPROM_ReadByte:	
   311                           ; 1 bytes @ 0x0
   312                           
   313  0070                     ?_Trigger_Checksum:	
   314                           ; 1 bytes @ 0x0
   315                           
   316  0070                     ?_DS3231_ReadTime:	
   317                           ; 1 bytes @ 0x0
   318                           
   319  0070                     ?_RTC_Time_Is_Valid:	
   320                           ; 1 bytes @ 0x0
   321                           
   322  0070                     ??_RTC_Time_Is_Valid:	
   323                           ; 1 bytes @ 0x0
   324                           
   325  0070                     ?_DS3231_ReadTime_With_Retry:	
   326                           ; 1 bytes @ 0x0
   327                           
   328  0070                     ?_Is_Sunday_Enabled:	
   329                           ; 1 bytes @ 0x0
   330                           
   331  0070                     ??_Is_Sunday_Enabled:	
   332                           ; 1 bytes @ 0x0
   333                           
   334  0070                     ?_Is_Hour_Window_Enabled:	
   335                           ; 1 bytes @ 0x0
   336                           
   337  0070                     ??_Is_Hour_Window_Enabled:	
   338                           ; 1 bytes @ 0x0
   339                           
   340  0070                     ?_Is_Allowed_Day_And_Hour:	
   341                           ; 1 bytes @ 0x0
   342                           
   343  0070                     ?_Is_Scheduled_Relay_Time:	
   344                           ; 1 bytes @ 0x0
   345                           
   346  0070                     ?_Already_Triggered_This_Minute:	
   347                           ; 1 bytes @ 0x0
   348                           
   349  0070                     ?_Init_Device:	
   350                           ; 1 bytes @ 0x0
   351                           
   352  0070                     ??_Init_Device:	
   353                           ; 1 bytes @ 0x0
   354                           
   355  0070                     ?_main:	
   356                           ; 1 bytes @ 0x0
   357                           
   358  0070                     ?___bmul:	
   359                           ; 1 bytes @ 0x0
   360                           
   361  0070                     EEPROM_ReadByte@address:	
   362                           ; 1 bytes @ 0x0
   363                           
   364  0070                     Trigger_Checksum@minute:	
   365                           ; 1 bytes @ 0x0
   366                           
   367  0070                     RTC_Time_Is_Valid@time:	
   368                           ; 1 bytes @ 0x0
   369                           
   370  0070                     Is_Hour_Window_Enabled@dip2_enabled:	
   371                           ; 1 bytes @ 0x0
   372                           
   373  0070                     Already_Triggered_This_Minute@last_hour:	
   374                           ; 1 bytes @ 0x0
   375                           
   376  0070                     ___bmul@multiplicand:	
   377                           ; 1 bytes @ 0x0
   378                           
   379                           
   380                           ; 1 bytes @ 0x0
   381  0070                     	ds	1
   382  0071                     ?_EEPROM_WriteByte:
   383  0071                     ??___bmul:	
   384                           ; 1 bytes @ 0x1
   385                           
   386  0071                     Test_Delay_Seconds_Abortable@seconds:	
   387                           ; 1 bytes @ 0x1
   388                           
   389  0071                     Delay_Approx_250ms@i:	
   390                           ; 1 bytes @ 0x1
   391                           
   392  0071                     Delay_Approx_1s@i:	
   393                           ; 1 bytes @ 0x1
   394                           
   395  0071                     I2C_Delay@i:	
   396                           ; 1 bytes @ 0x1
   397                           
   398  0071                     EEPROM_WriteByte@value:	
   399                           ; 1 bytes @ 0x1
   400                           
   401  0071                     Trigger_Checksum@date:	
   402                           ; 1 bytes @ 0x1
   403                           
   404  0071                     Is_Hour_Window_Enabled@hour:	
   405                           ; 1 bytes @ 0x1
   406                           
   407  0071                     Already_Triggered_This_Minute@last_minute:	
   408                           ; 1 bytes @ 0x1
   409                           
   410                           
   411                           ; 1 bytes @ 0x1
   412  0071                     	ds	1
   413  0072                     ??_Delay_Seconds:
   414  0072                     ??_I2C_Init:	
   415                           ; 1 bytes @ 0x2
   416                           
   417  0072                     ??_I2C_Start:	
   418                           ; 1 bytes @ 0x2
   419                           
   420  0072                     ??_I2C_Stop:	
   421                           ; 1 bytes @ 0x2
   422                           
   423  0072                     ??_I2C_WriteByte:	
   424                           ; 1 bytes @ 0x2
   425                           
   426  0072                     ??_I2C_ReadByte:	
   427                           ; 1 bytes @ 0x2
   428                           
   429  0072                     ??_EEPROM_WriteByte:	
   430                           ; 1 bytes @ 0x2
   431                           
   432  0072                     ??_Is_Allowed_Day_And_Hour:	
   433                           ; 1 bytes @ 0x2
   434                           
   435  0072                     Test_Delay_Seconds_Abortable@sec:	
   436                           ; 1 bytes @ 0x2
   437                           
   438  0072                     Delay_Seconds@seconds:	
   439                           ; 1 bytes @ 0x2
   440                           
   441  0072                     EEPROM_WriteByte@gie_was_enabled:	
   442                           ; 1 bytes @ 0x2
   443                           
   444  0072                     Trigger_Checksum@month:	
   445                           ; 1 bytes @ 0x2
   446                           
   447  0072                     Is_Allowed_Day_And_Hour@now:	
   448                           ; 1 bytes @ 0x2
   449                           
   450  0072                     Already_Triggered_This_Minute@last_date:	
   451                           ; 1 bytes @ 0x2
   452                           
   453  0072                     ___bmul@product:	
   454                           ; 1 bytes @ 0x2
   455                           
   456                           
   457                           ; 1 bytes @ 0x2
   458  0072                     	ds	1
   459  0073                     ??_Relay_Reset_Pulse:
   460  0073                     ??_Is_Scheduled_Relay_Time:	
   461                           ; 1 bytes @ 0x3
   462                           
   463  0073                     Test_Delay_Seconds_Abortable@slice:	
   464                           ; 1 bytes @ 0x3
   465                           
   466  0073                     I2C_WriteByte@data:	
   467                           ; 1 bytes @ 0x3
   468                           
   469  0073                     I2C_ReadByte@send_ack:	
   470                           ; 1 bytes @ 0x3
   471                           
   472  0073                     EEPROM_WriteByte@address:	
   473                           ; 1 bytes @ 0x3
   474                           
   475  0073                     Trigger_Checksum@year:	
   476                           ; 1 bytes @ 0x3
   477                           
   478  0073                     Is_Scheduled_Relay_Time@now:	
   479                           ; 1 bytes @ 0x3
   480                           
   481  0073                     Already_Triggered_This_Minute@last_month:	
   482                           ; 1 bytes @ 0x3
   483                           
   484  0073                     ___bmul@multiplier:	
   485                           ; 1 bytes @ 0x3
   486                           
   487                           
   488                           ; 1 bytes @ 0x3
   489  0073                     	ds	1
   490  0074                     ??_Relay_Test_Cycle:
   491  0074                     ??_BCD_To_Dec:	
   492                           ; 1 bytes @ 0x4
   493                           
   494  0074                     ??_Trigger_Checksum:	
   495                           ; 1 bytes @ 0x4
   496                           
   497  0074                     I2C_WriteByte@ack:	
   498                           ; 1 bytes @ 0x4
   499                           
   500  0074                     I2C_ReadByte@data:	
   501                           ; 1 bytes @ 0x4
   502                           
   503  0074                     Trigger_Checksum@hour:	
   504                           ; 1 bytes @ 0x4
   505                           
   506  0074                     Already_Triggered_This_Minute@last_year:	
   507                           ; 1 bytes @ 0x4
   508                           
   509                           
   510                           ; 1 bytes @ 0x4
   511  0074                     	ds	1
   512  0075                     ?_EEPROM_Load_Last_Trigger:
   513  0075                     ?_EEPROM_Save_Last_Trigger:	
   514                           ; 1 bytes @ 0x5
   515                           
   516  0075                     ??_Already_Triggered_This_Minute:	
   517                           ; 1 bytes @ 0x5
   518                           
   519  0075                     Relay_Test_Cycle@off_seconds:	
   520                           ; 1 bytes @ 0x5
   521                           
   522  0075                     I2C_WriteByte@i:	
   523                           ; 1 bytes @ 0x5
   524                           
   525  0075                     I2C_ReadByte@i:	
   526                           ; 1 bytes @ 0x5
   527                           
   528  0075                     EEPROM_Load_Last_Trigger@last_minute:	
   529                           ; 1 bytes @ 0x5
   530                           
   531  0075                     EEPROM_Save_Last_Trigger@minute:	
   532                           ; 1 bytes @ 0x5
   533                           
   534  0075                     Already_Triggered_This_Minute@now:	
   535                           ; 1 bytes @ 0x5
   536                           
   537                           
   538                           ; 1 bytes @ 0x5
   539  0075                     	ds	1
   540  0076                     Relay_Test_Cycle@on_seconds:
   541  0076                     BCD_To_Dec@tens:	
   542                           ; 1 bytes @ 0x6
   543                           
   544  0076                     EEPROM_Load_Last_Trigger@last_date:	
   545                           ; 1 bytes @ 0x6
   546                           
   547  0076                     EEPROM_Save_Last_Trigger@date:	
   548                           ; 1 bytes @ 0x6
   549                           
   550                           
   551                           ; 1 bytes @ 0x6
   552  0076                     	ds	1
   553  0077                     Relay_Test_Cycle@dip1_on:
   554  0077                     BCD_To_Dec@ones:	
   555                           ; 1 bytes @ 0x7
   556                           
   557  0077                     EEPROM_Load_Last_Trigger@last_month:	
   558                           ; 1 bytes @ 0x7
   559                           
   560  0077                     EEPROM_Save_Last_Trigger@month:	
   561                           ; 1 bytes @ 0x7
   562                           
   563                           
   564                           ; 1 bytes @ 0x7
   565  0077                     	ds	1
   566  0078                     Relay_Test_Cycle@dip2_on:
   567  0078                     BCD_To_Dec@bcd:	
   568                           ; 1 bytes @ 0x8
   569                           
   570  0078                     EEPROM_Load_Last_Trigger@last_year:	
   571                           ; 1 bytes @ 0x8
   572                           
   573  0078                     EEPROM_Save_Last_Trigger@year:	
   574                           ; 1 bytes @ 0x8
   575                           
   576                           
   577                           ; 1 bytes @ 0x8
   578  0078                     	ds	1
   579  0079                     ??_EEPROM_Load_Last_Trigger:
   580  0079                     ??_EEPROM_Save_Last_Trigger:	
   581                           ; 1 bytes @ 0x9
   582                           
   583  0079                     ??_DS3231_ReadTime:	
   584                           ; 1 bytes @ 0x9
   585                           
   586                           
   587                           ; 1 bytes @ 0x9
   588  0079                     	ds	1
   589  007A                     ??_DS3231_ReadTime_With_Retry:
   590                           
   591                           ; 1 bytes @ 0xA
   592  007A                     	ds	1
   593  007B                     DS3231_ReadTime_With_Retry@attempt:
   594                           
   595                           ; 1 bytes @ 0xB
   596  007B                     	ds	1
   597  007C                     DS3231_ReadTime_With_Retry@time:
   598                           
   599                           ; 1 bytes @ 0xC
   600  007C                     	ds	2
   601                           
   602                           	psect	cstackBANK0
   603  0020                     __pcstackBANK0:
   604  0020                     EEPROM_Load_Last_Trigger@checksum:
   605  0020                     EEPROM_Save_Last_Trigger@checksum:	
   606                           ; 1 bytes @ 0x0
   607                           
   608  0020                     DS3231_ReadTime@raw_second:	
   609                           ; 1 bytes @ 0x0
   610                           
   611                           
   612                           ; 1 bytes @ 0x0
   613  0020                     	ds	1
   614  0021                     EEPROM_Load_Last_Trigger@last_hour:
   615  0021                     EEPROM_Save_Last_Trigger@hour:	
   616                           ; 1 bytes @ 0x1
   617                           
   618  0021                     DS3231_ReadTime@raw_minute:	
   619                           ; 1 bytes @ 0x1
   620                           
   621                           
   622                           ; 1 bytes @ 0x1
   623  0021                     	ds	1
   624  0022                     EEPROM_Load_Last_Trigger@hour:
   625  0022                     DS3231_ReadTime@raw_day:	
   626                           ; 1 bytes @ 0x2
   627                           
   628                           
   629                           ; 1 bytes @ 0x2
   630  0022                     	ds	1
   631  0023                     EEPROM_Load_Last_Trigger@minute:
   632  0023                     DS3231_ReadTime@raw_date:	
   633                           ; 1 bytes @ 0x3
   634                           
   635                           
   636                           ; 1 bytes @ 0x3
   637  0023                     	ds	1
   638  0024                     EEPROM_Load_Last_Trigger@year:
   639  0024                     DS3231_ReadTime@raw_month:	
   640                           ; 1 bytes @ 0x4
   641                           
   642                           
   643                           ; 1 bytes @ 0x4
   644  0024                     	ds	1
   645  0025                     EEPROM_Load_Last_Trigger@date:
   646  0025                     DS3231_ReadTime@raw_year:	
   647                           ; 1 bytes @ 0x5
   648                           
   649                           
   650                           ; 1 bytes @ 0x5
   651  0025                     	ds	1
   652  0026                     EEPROM_Load_Last_Trigger@month:
   653  0026                     DS3231_ReadTime@is_pm:	
   654                           ; 1 bytes @ 0x6
   655                           
   656                           
   657                           ; 1 bytes @ 0x6
   658  0026                     	ds	1
   659  0027                     DS3231_ReadTime@raw_hour:
   660                           
   661                           ; 1 bytes @ 0x7
   662  0027                     	ds	1
   663  0028                     DS3231_ReadTime@hour_12:
   664                           
   665                           ; 1 bytes @ 0x8
   666  0028                     	ds	1
   667  0029                     DS3231_ReadTime@time:
   668                           
   669                           ; 1 bytes @ 0x9
   670  0029                     	ds	1
   671  002A                     ??_main:
   672                           
   673                           ; 1 bytes @ 0xA
   674  002A                     	ds	6
   675  0030                     main@already_triggered:
   676                           
   677                           ; 1 bytes @ 0x10
   678  0030                     	ds	1
   679  0031                     main@last_trigger_hour:
   680                           
   681                           ; 1 bytes @ 0x11
   682  0031                     	ds	1
   683  0032                     main@last_trigger_minute:
   684                           
   685                           ; 1 bytes @ 0x12
   686  0032                     	ds	1
   687  0033                     main@last_trigger_date:
   688                           
   689                           ; 1 bytes @ 0x13
   690  0033                     	ds	1
   691  0034                     main@last_trigger_month:
   692                           
   693                           ; 1 bytes @ 0x14
   694  0034                     	ds	1
   695  0035                     main@last_trigger_year:
   696                           
   697                           ; 1 bytes @ 0x15
   698  0035                     	ds	1
   699  0036                     main@now:
   700                           
   701                           ; 7 bytes @ 0x16
   702  0036                     	ds	7
   703                           
   704                           	psect	maintext
   705  0696                     __pmaintext:	
   706 ;;
   707 ;;Main: autosize = 0, tempsize = 6, incstack = 0, save=0
   708 ;;
   709 ;; *************** function _main *****************
   710 ;; Defined at:
   711 ;;		line 1099 in file "EAS-Itank_RTC_Interface.c"
   712 ;; Parameters:    Size  Location     Type
   713 ;;		None
   714 ;; Auto vars:     Size  Location     Type
   715 ;;  already_trig    1   16[BANK0 ] _Bool 
   716 ;;  now             7   22[BANK0 ] struct .
   717 ;;  last_trigger    1   21[BANK0 ] unsigned char 
   718 ;;  last_trigger    1   20[BANK0 ] unsigned char 
   719 ;;  last_trigger    1   19[BANK0 ] unsigned char 
   720 ;;  last_trigger    1   18[BANK0 ] unsigned char 
   721 ;;  last_trigger    1   17[BANK0 ] unsigned char 
   722 ;; Return value:  Size  Location     Type
   723 ;;                  1    wreg      void 
   724 ;; Registers used:
   725 ;;		wreg, fsr0l, fsr0h, status,2, status,0, pclath, cstack
   726 ;; Tracked objects:
   727 ;;		On entry : B00/0
   728 ;;		On exit  : 0/0
   729 ;;		Unchanged: 0/0
   730 ;; Data sizes:     COMMON   BANK0   BANK1
   731 ;;      Params:         0       0       0
   732 ;;      Locals:         0      13       0
   733 ;;      Temps:          0       6       0
   734 ;;      Totals:         0      19       0
   735 ;;Total ram usage:       19 bytes
   736 ;; Hardware stack levels required when called:    4
   737 ;; This function calls:
   738 ;;		_Already_Triggered_This_Minute
   739 ;;		_DS3231_ReadTime_With_Retry
   740 ;;		_Delay_Approx_1s
   741 ;;		_Delay_Approx_250ms
   742 ;;		_Delay_Seconds
   743 ;;		_EEPROM_Load_Last_Trigger
   744 ;;		_EEPROM_Save_Last_Trigger
   745 ;;		_I2C_Init
   746 ;;		_Init_Device
   747 ;;		_Is_Scheduled_Relay_Time
   748 ;;		_Is_Test_Mode_Enabled
   749 ;;		_Relay_Off
   750 ;;		_Relay_Reset_Pulse
   751 ;;		_Relay_Test_Cycle
   752 ;; This function is called by:
   753 ;;		Startup code after reset
   754 ;; This function uses a non-reentrant model
   755 ;;
   756                           
   757                           
   758                           ;psect for function _main
   759  0696                     _main:
   760  0696                     l2121:	
   761                           ;incstack = 0
   762                           ; Regs used in _main: [wreg-fsr0h+status,2+status,0+pclath+cstack]
   763                           
   764                           
   765                           ;EAS-Itank_RTC_Interface.c: 1101:     RTC_Time now;;EAS-Itank_RTC_Interface.c: 1103:    
      +                           uint8_t last_trigger_hour = 0xFF;
   766  0696  30FF               	movlw	255
   767  0697  1283               	bcf	3,5	;RP0=0, select bank0
   768  0698  00AA               	movwf	??_main
   769  0699  082A               	movf	??_main,w
   770  069A  00B1               	movwf	main@last_trigger_hour
   771                           
   772                           ;EAS-Itank_RTC_Interface.c: 1104:     uint8_t last_trigger_minute = 0xFF;
   773  069B  30FF               	movlw	255
   774  069C  00AA               	movwf	??_main
   775  069D  082A               	movf	??_main,w
   776  069E  00B2               	movwf	main@last_trigger_minute
   777                           
   778                           ;EAS-Itank_RTC_Interface.c: 1105:     uint8_t last_trigger_date = 0xFF;
   779  069F  30FF               	movlw	255
   780  06A0  00AA               	movwf	??_main
   781  06A1  082A               	movf	??_main,w
   782  06A2  00B3               	movwf	main@last_trigger_date
   783                           
   784                           ;EAS-Itank_RTC_Interface.c: 1106:     uint8_t last_trigger_month = 0xFF;
   785  06A3  30FF               	movlw	255
   786  06A4  00AA               	movwf	??_main
   787  06A5  082A               	movf	??_main,w
   788  06A6  00B4               	movwf	main@last_trigger_month
   789                           
   790                           ;EAS-Itank_RTC_Interface.c: 1107:     uint8_t last_trigger_year = 0xFF;
   791  06A7  30FF               	movlw	255
   792  06A8  00AA               	movwf	??_main
   793  06A9  082A               	movf	??_main,w
   794  06AA  00B5               	movwf	main@last_trigger_year
   795  06AB                     l2123:
   796                           
   797                           ;EAS-Itank_RTC_Interface.c: 1109:     Init_Device();
   798  06AB  2391               	fcall	_Init_Device
   799  06AC                     l2125:
   800                           
   801                           ;EAS-Itank_RTC_Interface.c: 1110:     I2C_Init();
   802  06AC  22E2               	fcall	_I2C_Init
   803  06AD                     l2127:
   804                           
   805                           ;EAS-Itank_RTC_Interface.c: 1113:     (void)EEPROM_Load_Last_Trigger(&last_trigger_hour,
   806  06AD  3032               	movlw	(low (main@last_trigger_minute| 0))& (0+255)
   807  06AE  1283               	bcf	3,5	;RP0=0, select bank0
   808  06AF  00AA               	movwf	??_main
   809  06B0  082A               	movf	??_main,w
   810  06B1  00F5               	movwf	EEPROM_Load_Last_Trigger@last_minute
   811  06B2  3033               	movlw	(low (main@last_trigger_date| 0))& (0+255)
   812  06B3  00AB               	movwf	??_main+1
   813  06B4  082B               	movf	??_main+1,w
   814  06B5  00F6               	movwf	EEPROM_Load_Last_Trigger@last_date
   815  06B6  3034               	movlw	(low (main@last_trigger_month| 0))& (0+255)
   816  06B7  00AC               	movwf	??_main+2
   817  06B8  082C               	movf	??_main+2,w
   818  06B9  00F7               	movwf	EEPROM_Load_Last_Trigger@last_month
   819  06BA  3035               	movlw	(low (main@last_trigger_year| 0))& (0+255)
   820  06BB  00AD               	movwf	??_main+3
   821  06BC  082D               	movf	??_main+3,w
   822  06BD  00F8               	movwf	EEPROM_Load_Last_Trigger@last_year
   823  06BE  3031               	movlw	(low (main@last_trigger_hour| 0))& (0+255)
   824  06BF  2602               	fcall	_EEPROM_Load_Last_Trigger
   825  06C0                     l2129:
   826                           
   827                           ;EAS-Itank_RTC_Interface.c: 1141:     Delay_Seconds(1);
   828  06C0  3001               	movlw	1
   829  06C1  2334               	fcall	_Delay_Seconds
   830                           
   831                           ;EAS-Itank_RTC_Interface.c: 1143:     while (!DS3231_ReadTime_With_Retry(&now))
   832  06C2  2EC7               	goto	l2137
   833  06C3                     l2131:
   834                           
   835                           ;EAS-Itank_RTC_Interface.c: 1144:     {;EAS-Itank_RTC_Interface.c: 1145:         Relay_O
      +                          ff();
   836  06C3  22D8               	fcall	_Relay_Off
   837  06C4                     l2133:
   838                           
   839                           ;EAS-Itank_RTC_Interface.c: 1146:         I2C_Init();
   840  06C4  22E2               	fcall	_I2C_Init
   841  06C5                     l2135:
   842                           
   843                           ;EAS-Itank_RTC_Interface.c: 1147:         Delay_Seconds(1);
   844  06C5  3001               	movlw	1
   845  06C6  2334               	fcall	_Delay_Seconds
   846  06C7                     l2137:
   847                           
   848                           ;EAS-Itank_RTC_Interface.c: 1143:     while (!DS3231_ReadTime_With_Retry(&now))
   849  06C7  3036               	movlw	(low (main@now| 0))& (0+255)
   850  06C8  2401               	fcall	_DS3231_ReadTime_With_Retry
   851  06C9  3A00               	xorlw	0
   852  06CA  1903               	skipnz
   853  06CB  2ECD               	goto	u1581
   854  06CC  2ECE               	goto	u1580
   855  06CD                     u1581:
   856  06CD  2EC3               	goto	l2131
   857  06CE                     u1580:
   858  06CE                     l2139:
   859                           
   860                           ;EAS-Itank_RTC_Interface.c: 1151:     {;EAS-Itank_RTC_Interface.c: 1155:         if (Is_
      +                          Test_Mode_Enabled())
   861  06CE  2318               	fcall	_Is_Test_Mode_Enabled
   862  06CF  3A00               	xorlw	0
   863  06D0  1903               	skipnz
   864  06D1  2ED3               	goto	u1591
   865  06D2  2ED4               	goto	u1590
   866  06D3                     u1591:
   867  06D3  2ED6               	goto	l2143
   868  06D4                     u1590:
   869  06D4                     l2141:
   870                           
   871                           ;EAS-Itank_RTC_Interface.c: 1156:         {;EAS-Itank_RTC_Interface.c: 1157:            
      +                           Relay_Test_Cycle();
   872  06D4  2546               	fcall	_Relay_Test_Cycle
   873                           
   874                           ;EAS-Itank_RTC_Interface.c: 1158:             continue;
   875  06D5  2ECE               	goto	l2139
   876  06D6                     l2143:
   877                           
   878                           ;EAS-Itank_RTC_Interface.c: 1162:         if (DS3231_ReadTime_With_Retry(&now))
   879  06D6  3036               	movlw	(low (main@now| 0))& (0+255)
   880  06D7  2401               	fcall	_DS3231_ReadTime_With_Retry
   881  06D8  3A00               	xorlw	0
   882  06D9  1903               	skipnz
   883  06DA  2EDC               	goto	u1601
   884  06DB  2EDD               	goto	u1600
   885  06DC                     u1601:
   886  06DC  2F2D               	goto	l2165
   887  06DD                     u1600:
   888  06DD                     l2145:
   889                           
   890                           ;EAS-Itank_RTC_Interface.c: 1163:         {;EAS-Itank_RTC_Interface.c: 1164:            
      +                           if (Is_Scheduled_Relay_Time(&now))
   891  06DD  3036               	movlw	(low (main@now| 0))& (0+255)
   892  06DE  237C               	fcall	_Is_Scheduled_Relay_Time
   893  06DF  3A00               	xorlw	0
   894  06E0  1903               	skipnz
   895  06E1  2EE3               	goto	u1611
   896  06E2  2EE4               	goto	u1610
   897  06E3                     u1611:
   898  06E3  2F30               	goto	l2171
   899  06E4                     u1610:
   900  06E4                     l2147:
   901                           
   902                           ;EAS-Itank_RTC_Interface.c: 1165:             {;EAS-Itank_RTC_Interface.c: 1166:        
      +                                   _Bool already_triggered;;EAS-Itank_RTC_Interface.c: 1168:                 alrea
      +                          dy_triggered = Already_Triggered_This_Minute(&now,
   903  06E4  1283               	bcf	3,5	;RP0=0, select bank0
   904  06E5  0831               	movf	main@last_trigger_hour,w
   905  06E6  00AA               	movwf	??_main
   906  06E7  082A               	movf	??_main,w
   907  06E8  00F0               	movwf	Already_Triggered_This_Minute@last_hour
   908  06E9  0832               	movf	main@last_trigger_minute,w
   909  06EA  00AB               	movwf	??_main+1
   910  06EB  082B               	movf	??_main+1,w
   911  06EC  00F1               	movwf	Already_Triggered_This_Minute@last_minute
   912  06ED  0833               	movf	main@last_trigger_date,w
   913  06EE  00AC               	movwf	??_main+2
   914  06EF  082C               	movf	??_main+2,w
   915  06F0  00F2               	movwf	Already_Triggered_This_Minute@last_date
   916  06F1  0834               	movf	main@last_trigger_month,w
   917  06F2  00AD               	movwf	??_main+3
   918  06F3  082D               	movf	??_main+3,w
   919  06F4  00F3               	movwf	Already_Triggered_This_Minute@last_month
   920  06F5  0835               	movf	main@last_trigger_year,w
   921  06F6  00AE               	movwf	??_main+4
   922  06F7  082E               	movf	??_main+4,w
   923  06F8  00F4               	movwf	Already_Triggered_This_Minute@last_year
   924  06F9  3036               	movlw	(low (main@now| 0))& (0+255)
   925  06FA  24C8               	fcall	_Already_Triggered_This_Minute
   926  06FB  1283               	bcf	3,5	;RP0=0, select bank0
   927  06FC  00AF               	movwf	??_main+5
   928  06FD  082F               	movf	??_main+5,w
   929  06FE  00B0               	movwf	main@already_triggered
   930  06FF                     l2149:
   931                           
   932                           ;EAS-Itank_RTC_Interface.c: 1175:                 if (!already_triggered)
   933  06FF  0830               	movf	main@already_triggered,w
   934  0700  1D03               	btfss	3,2
   935  0701  2F03               	goto	u1621
   936  0702  2F04               	goto	u1620
   937  0703                     u1621:
   938  0703  2F30               	goto	l2171
   939  0704                     u1620:
   940  0704                     l2151:
   941                           
   942                           ;EAS-Itank_RTC_Interface.c: 1176:                 {;EAS-Itank_RTC_Interface.c: 1179:    
      +                                           EEPROM_Save_Last_Trigger(now.hour,
   943  0704  0837               	movf	main@now+1,w
   944  0705  00AA               	movwf	??_main
   945  0706  082A               	movf	??_main,w
   946  0707  00F5               	movwf	EEPROM_Save_Last_Trigger@minute
   947  0708  083A               	movf	main@now+4,w
   948  0709  00AB               	movwf	??_main+1
   949  070A  082B               	movf	??_main+1,w
   950  070B  00F6               	movwf	EEPROM_Save_Last_Trigger@date
   951  070C  083B               	movf	main@now+5,w
   952  070D  00AC               	movwf	??_main+2
   953  070E  082C               	movf	??_main+2,w
   954  070F  00F7               	movwf	EEPROM_Save_Last_Trigger@month
   955  0710  083C               	movf	main@now+6,w
   956  0711  00AD               	movwf	??_main+3
   957  0712  082D               	movf	??_main+3,w
   958  0713  00F8               	movwf	EEPROM_Save_Last_Trigger@year
   959  0714  0838               	movf	main@now+2,w
   960  0715  24FE               	fcall	_EEPROM_Save_Last_Trigger
   961  0716                     l2153:
   962                           
   963                           ;EAS-Itank_RTC_Interface.c: 1185:                     last_trigger_hour = now.hour;
   964  0716  1283               	bcf	3,5	;RP0=0, select bank0
   965  0717  0838               	movf	main@now+2,w
   966  0718  00AA               	movwf	??_main
   967  0719  082A               	movf	??_main,w
   968  071A  00B1               	movwf	main@last_trigger_hour
   969  071B                     l2155:
   970                           
   971                           ;EAS-Itank_RTC_Interface.c: 1186:                     last_trigger_minute = now.minute;
   972  071B  0837               	movf	main@now+1,w
   973  071C  00AA               	movwf	??_main
   974  071D  082A               	movf	??_main,w
   975  071E  00B2               	movwf	main@last_trigger_minute
   976  071F                     l2157:
   977                           
   978                           ;EAS-Itank_RTC_Interface.c: 1187:                     last_trigger_date = now.date;
   979  071F  083A               	movf	main@now+4,w
   980  0720  00AA               	movwf	??_main
   981  0721  082A               	movf	??_main,w
   982  0722  00B3               	movwf	main@last_trigger_date
   983  0723                     l2159:
   984                           
   985                           ;EAS-Itank_RTC_Interface.c: 1188:                     last_trigger_month = now.month;
   986  0723  083B               	movf	main@now+5,w
   987  0724  00AA               	movwf	??_main
   988  0725  082A               	movf	??_main,w
   989  0726  00B4               	movwf	main@last_trigger_month
   990  0727                     l2161:
   991                           
   992                           ;EAS-Itank_RTC_Interface.c: 1189:                     last_trigger_year = now.year;
   993  0727  083C               	movf	main@now+6,w
   994  0728  00AA               	movwf	??_main
   995  0729  082A               	movf	??_main,w
   996  072A  00B5               	movwf	main@last_trigger_year
   997  072B                     l2163:
   998                           
   999                           ;EAS-Itank_RTC_Interface.c: 1191:                     Relay_Reset_Pulse();
  1000  072B  22F4               	fcall	_Relay_Reset_Pulse
  1001  072C  2F30               	goto	l2171
  1002  072D                     l2165:
  1003                           
  1004                           ;EAS-Itank_RTC_Interface.c: 1196:         {;EAS-Itank_RTC_Interface.c: 1197:            
      +                           Relay_Off();
  1005  072D  22D8               	fcall	_Relay_Off
  1006  072E                     l2167:
  1007                           
  1008                           ;EAS-Itank_RTC_Interface.c: 1198:             I2C_Init();
  1009  072E  22E2               	fcall	_I2C_Init
  1010  072F                     l2169:
  1011                           
  1012                           ;EAS-Itank_RTC_Interface.c: 1199:             Delay_Approx_1s();
  1013  072F  234C               	fcall	_Delay_Approx_1s
  1014  0730                     l2171:
  1015                           
  1016                           ;EAS-Itank_RTC_Interface.c: 1202:         Delay_Approx_250ms();
  1017  0730  233F               	fcall	_Delay_Approx_250ms
  1018  0731  2ECE               	goto	l2139
  1019  0732  2800               	ljmp	start
  1020  0733                     __end_of_main:
  1021                           
  1022                           	psect	text1
  1023  0546                     __ptext1:	
  1024 ;; *************** function _Relay_Test_Cycle *****************
  1025 ;; Defined at:
  1026 ;;		line 267 in file "EAS-Itank_RTC_Interface.c"
  1027 ;; Parameters:    Size  Location     Type
  1028 ;;		None
  1029 ;; Auto vars:     Size  Location     Type
  1030 ;;  dip2_on         1    8[COMMON] _Bool 
  1031 ;;  dip1_on         1    7[COMMON] _Bool 
  1032 ;;  on_seconds      1    6[COMMON] unsigned char 
  1033 ;;  off_seconds     1    5[COMMON] unsigned char 
  1034 ;; Return value:  Size  Location     Type
  1035 ;;                  1    wreg      void 
  1036 ;; Registers used:
  1037 ;;		wreg, status,2, status,0, pclath, cstack
  1038 ;; Tracked objects:
  1039 ;;		On entry : 0/0
  1040 ;;		On exit  : 0/0
  1041 ;;		Unchanged: 0/0
  1042 ;; Data sizes:     COMMON   BANK0   BANK1
  1043 ;;      Params:         0       0       0
  1044 ;;      Locals:         4       0       0
  1045 ;;      Temps:          1       0       0
  1046 ;;      Totals:         5       0       0
  1047 ;;Total ram usage:        5 bytes
  1048 ;; Hardware stack levels used:    1
  1049 ;; Hardware stack levels required when called:    2
  1050 ;; This function calls:
  1051 ;;		_Delay_Approx_250ms
  1052 ;;		_Is_Test_Mode_Enabled
  1053 ;;		_Relay_Off
  1054 ;;		_Relay_On
  1055 ;;		_Test_Delay_Seconds_Abortable
  1056 ;; This function is called by:
  1057 ;;		_main
  1058 ;; This function uses a non-reentrant model
  1059 ;;
  1060                           
  1061                           
  1062                           ;psect for function _Relay_Test_Cycle
  1063  0546                     _Relay_Test_Cycle:
  1064  0546                     l1927:	
  1065                           ;incstack = 0
  1066                           ; Regs used in _Relay_Test_Cycle: [wreg+status,2+status,0+pclath+cstack]
  1067                           
  1068                           
  1069                           ;EAS-Itank_RTC_Interface.c: 269:     _Bool dip1_on;;EAS-Itank_RTC_Interface.c: 270:     
      +                          _Bool dip2_on;;EAS-Itank_RTC_Interface.c: 271:     uint8_t off_seconds;;EAS-Itank_RTC_In
      +                          terface.c: 272:     uint8_t on_seconds;;EAS-Itank_RTC_Interface.c: 275:     if (!Is_Test
      +                          _Mode_Enabled())
  1070  0546  2318               	fcall	_Is_Test_Mode_Enabled
  1071  0547  3A00               	xorlw	0
  1072  0548  1D03               	skipz
  1073  0549  2D4B               	goto	u1301
  1074  054A  2D4C               	goto	u1300
  1075  054B                     u1301:
  1076  054B  2D4E               	goto	l1933
  1077  054C                     u1300:
  1078  054C                     l1929:
  1079                           
  1080                           ;EAS-Itank_RTC_Interface.c: 276:     {;EAS-Itank_RTC_Interface.c: 277:         Relay_Off
      +                          ();
  1081  054C  22D8               	fcall	_Relay_Off
  1082  054D  2DA0               	goto	l60
  1083  054E                     l1933:
  1084                           
  1085                           ;EAS-Itank_RTC_Interface.c: 281:     dip1_on = (GPIObits.GP4 == 1);
  1086  054E  3000               	movlw	0
  1087  054F  1283               	bcf	3,5	;RP0=0, select bank0
  1088  0550  1A05               	btfsc	5,4	;volatile
  1089  0551  3001               	movlw	1
  1090  0552  00F7               	movwf	Relay_Test_Cycle@dip1_on
  1091                           
  1092                           ;EAS-Itank_RTC_Interface.c: 282:     dip2_on = (GPIObits.GP5 == 1);
  1093  0553  3000               	movlw	0
  1094  0554  1A85               	btfsc	5,5	;volatile
  1095  0555  3001               	movlw	1
  1096  0556  00F8               	movwf	Relay_Test_Cycle@dip2_on
  1097  0557                     l1935:
  1098  0557                     l1937:
  1099  0557                     l1939:
  1100                           
  1101                           ;EAS-Itank_RTC_Interface.c: 288:     if ((!dip1_on) && (!dip2_on))
  1102  0557  0877               	movf	Relay_Test_Cycle@dip1_on,w
  1103  0558  1D03               	btfss	3,2
  1104  0559  2D5B               	goto	u1311
  1105  055A  2D5C               	goto	u1310
  1106  055B                     u1311:
  1107  055B  2D6A               	goto	l1945
  1108  055C                     u1310:
  1109  055C                     l1941:
  1110  055C  0878               	movf	Relay_Test_Cycle@dip2_on,w
  1111  055D  1D03               	btfss	3,2
  1112  055E  2D60               	goto	u1321
  1113  055F  2D61               	goto	u1320
  1114  0560                     u1321:
  1115  0560  2D6A               	goto	l1945
  1116  0561                     u1320:
  1117  0561                     l1943:
  1118                           
  1119                           ;EAS-Itank_RTC_Interface.c: 289:     {;EAS-Itank_RTC_Interface.c: 290:         off_secon
      +                          ds = 30;
  1120  0561  301E               	movlw	30
  1121  0562  00F4               	movwf	??_Relay_Test_Cycle
  1122  0563  0874               	movf	??_Relay_Test_Cycle,w
  1123  0564  00F5               	movwf	Relay_Test_Cycle@off_seconds
  1124                           
  1125                           ;EAS-Itank_RTC_Interface.c: 291:         on_seconds = 10;
  1126  0565  300A               	movlw	10
  1127  0566  00F4               	movwf	??_Relay_Test_Cycle
  1128  0567  0874               	movf	??_Relay_Test_Cycle,w
  1129  0568  00F6               	movwf	Relay_Test_Cycle@on_seconds
  1130                           
  1131                           ;EAS-Itank_RTC_Interface.c: 292:     }
  1132  0569  2D93               	goto	l1963
  1133  056A                     l1945:
  1134  056A  0877               	movf	Relay_Test_Cycle@dip1_on,w
  1135  056B  1D03               	btfss	3,2
  1136  056C  2D6E               	goto	u1331
  1137  056D  2D6F               	goto	u1330
  1138  056E                     u1331:
  1139  056E  2D7D               	goto	l1951
  1140  056F                     u1330:
  1141  056F                     l1947:
  1142  056F  0878               	movf	Relay_Test_Cycle@dip2_on,w
  1143  0570  1903               	btfsc	3,2
  1144  0571  2D73               	goto	u1341
  1145  0572  2D74               	goto	u1340
  1146  0573                     u1341:
  1147  0573  2D7D               	goto	l1951
  1148  0574                     u1340:
  1149  0574                     l1949:
  1150                           
  1151                           ;EAS-Itank_RTC_Interface.c: 294:     {;EAS-Itank_RTC_Interface.c: 295:         off_secon
      +                          ds = 10;
  1152  0574  300A               	movlw	10
  1153  0575  00F4               	movwf	??_Relay_Test_Cycle
  1154  0576  0874               	movf	??_Relay_Test_Cycle,w
  1155  0577  00F5               	movwf	Relay_Test_Cycle@off_seconds
  1156                           
  1157                           ;EAS-Itank_RTC_Interface.c: 296:         on_seconds = 5;
  1158  0578  3005               	movlw	5
  1159  0579  00F4               	movwf	??_Relay_Test_Cycle
  1160  057A  0874               	movf	??_Relay_Test_Cycle,w
  1161  057B  00F6               	movwf	Relay_Test_Cycle@on_seconds
  1162                           
  1163                           ;EAS-Itank_RTC_Interface.c: 297:     }
  1164  057C  2D93               	goto	l1963
  1165  057D                     l1951:
  1166  057D  0877               	movf	Relay_Test_Cycle@dip1_on,w
  1167  057E  1903               	btfsc	3,2
  1168  057F  2D81               	goto	u1351
  1169  0580  2D82               	goto	u1350
  1170  0581                     u1351:
  1171  0581  2D90               	goto	l1957
  1172  0582                     u1350:
  1173  0582                     l1953:
  1174  0582  0878               	movf	Relay_Test_Cycle@dip2_on,w
  1175  0583  1D03               	btfss	3,2
  1176  0584  2D86               	goto	u1361
  1177  0585  2D87               	goto	u1360
  1178  0586                     u1361:
  1179  0586  2D90               	goto	l1957
  1180  0587                     u1360:
  1181  0587                     l1955:
  1182                           
  1183                           ;EAS-Itank_RTC_Interface.c: 299:     {;EAS-Itank_RTC_Interface.c: 300:         off_secon
      +                          ds = 60;
  1184  0587  303C               	movlw	60
  1185  0588  00F4               	movwf	??_Relay_Test_Cycle
  1186  0589  0874               	movf	??_Relay_Test_Cycle,w
  1187  058A  00F5               	movwf	Relay_Test_Cycle@off_seconds
  1188                           
  1189                           ;EAS-Itank_RTC_Interface.c: 301:         on_seconds = 15;
  1190  058B  300F               	movlw	15
  1191  058C  00F4               	movwf	??_Relay_Test_Cycle
  1192  058D  0874               	movf	??_Relay_Test_Cycle,w
  1193  058E  00F6               	movwf	Relay_Test_Cycle@on_seconds
  1194                           
  1195                           ;EAS-Itank_RTC_Interface.c: 302:     }
  1196  058F  2D93               	goto	l1963
  1197  0590                     l1957:
  1198                           
  1199                           ;EAS-Itank_RTC_Interface.c: 304:     {;EAS-Itank_RTC_Interface.c: 306:         Relay_Off
      +                          ();
  1200  0590  22D8               	fcall	_Relay_Off
  1201  0591                     l1959:
  1202                           
  1203                           ;EAS-Itank_RTC_Interface.c: 307:         Delay_Approx_250ms();
  1204  0591  233F               	fcall	_Delay_Approx_250ms
  1205  0592  2DA0               	goto	l60
  1206  0593                     l1963:
  1207                           
  1208                           ;EAS-Itank_RTC_Interface.c: 312:     Relay_Off();
  1209  0593  22D8               	fcall	_Relay_Off
  1210  0594                     l1965:
  1211                           
  1212                           ;EAS-Itank_RTC_Interface.c: 313:     if (!Test_Delay_Seconds_Abortable(off_seconds))
  1213  0594  0875               	movf	Relay_Test_Cycle@off_seconds,w
  1214  0595  2423               	fcall	_Test_Delay_Seconds_Abortable
  1215  0596  3A00               	xorlw	0
  1216  0597  1D03               	skipz
  1217  0598  2D9A               	goto	u1371
  1218  0599  2D9B               	goto	u1370
  1219  059A                     u1371:
  1220  059A  2D9C               	goto	l1969
  1221  059B                     u1370:
  1222  059B  2DA0               	goto	l60
  1223  059C                     l1969:
  1224                           
  1225                           ;EAS-Itank_RTC_Interface.c: 319:     Relay_On();
  1226  059C  22DB               	fcall	_Relay_On
  1227  059D                     l1971:
  1228                           
  1229                           ;EAS-Itank_RTC_Interface.c: 320:     if (!Test_Delay_Seconds_Abortable(on_seconds))
  1230  059D  0876               	movf	Relay_Test_Cycle@on_seconds,w
  1231  059E  2423               	fcall	_Test_Delay_Seconds_Abortable
  1232  059F  2D4C               	goto	l1929
  1233  05A0                     l60:
  1234  05A0  0008               	return
  1235  05A1                     __end_of_Relay_Test_Cycle:
  1236                           
  1237                           	psect	text2
  1238  0423                     __ptext2:	
  1239 ;; *************** function _Test_Delay_Seconds_Abortable *****************
  1240 ;; Defined at:
  1241 ;;		line 243 in file "EAS-Itank_RTC_Interface.c"
  1242 ;; Parameters:    Size  Location     Type
  1243 ;;  seconds         1    wreg     unsigned char 
  1244 ;; Auto vars:     Size  Location     Type
  1245 ;;  seconds         1    1[COMMON] unsigned char 
  1246 ;;  slice           1    3[COMMON] unsigned char 
  1247 ;;  sec             1    2[COMMON] unsigned char 
  1248 ;; Return value:  Size  Location     Type
  1249 ;;                  1    wreg      _Bool 
  1250 ;; Registers used:
  1251 ;;		wreg, status,2, status,0, pclath, cstack
  1252 ;; Tracked objects:
  1253 ;;		On entry : 0/0
  1254 ;;		On exit  : 0/0
  1255 ;;		Unchanged: 0/0
  1256 ;; Data sizes:     COMMON   BANK0   BANK1
  1257 ;;      Params:         0       0       0
  1258 ;;      Locals:         3       0       0
  1259 ;;      Temps:          1       0       0
  1260 ;;      Totals:         4       0       0
  1261 ;;Total ram usage:        4 bytes
  1262 ;; Hardware stack levels used:    1
  1263 ;; Hardware stack levels required when called:    1
  1264 ;; This function calls:
  1265 ;;		_Delay_Approx_65ms
  1266 ;;		_Is_Test_Mode_Enabled
  1267 ;;		_Relay_Off
  1268 ;; This function is called by:
  1269 ;;		_Relay_Test_Cycle
  1270 ;; This function uses a non-reentrant model
  1271 ;;
  1272                           
  1273                           
  1274                           ;psect for function _Test_Delay_Seconds_Abortable
  1275  0423                     _Test_Delay_Seconds_Abortable:
  1276                           
  1277                           ;incstack = 0
  1278                           ; Regs used in _Test_Delay_Seconds_Abortable: [wreg+status,2+status,0+pclath+cstack]
  1279                           ;Test_Delay_Seconds_Abortable@seconds stored from wreg
  1280  0423  00F1               	movwf	Test_Delay_Seconds_Abortable@seconds
  1281  0424                     l1723:
  1282                           
  1283                           ;EAS-Itank_RTC_Interface.c: 243: static _Bool Test_Delay_Seconds_Abortable(uint8_t secon
      +                          ds);EAS-Itank_RTC_Interface.c: 244: {;EAS-Itank_RTC_Interface.c: 245:     uint8_t sec;;E
      +                          AS-Itank_RTC_Interface.c: 246:     uint8_t slice;;EAS-Itank_RTC_Interface.c: 248:     fo
      +                          r (sec = 0; sec < seconds; sec++)
  1284  0424  01F2               	clrf	Test_Delay_Seconds_Abortable@sec
  1285  0425  2C3F               	goto	l1747
  1286  0426                     l1725:
  1287                           
  1288                           ;EAS-Itank_RTC_Interface.c: 249:     {;EAS-Itank_RTC_Interface.c: 252:         for (slic
      +                          e = 0; slice < 16; slice++)
  1289  0426  01F3               	clrf	Test_Delay_Seconds_Abortable@slice
  1290  0427                     l1731:
  1291                           
  1292                           ;EAS-Itank_RTC_Interface.c: 253:         {;EAS-Itank_RTC_Interface.c: 254:             i
      +                          f (!Is_Test_Mode_Enabled())
  1293  0427  2318               	fcall	_Is_Test_Mode_Enabled
  1294  0428  3A00               	xorlw	0
  1295  0429  1D03               	skipz
  1296  042A  2C2C               	goto	u1001
  1297  042B  2C2D               	goto	u1000
  1298  042C                     u1001:
  1299  042C  2C30               	goto	l1739
  1300  042D                     u1000:
  1301  042D                     l1733:
  1302                           
  1303                           ;EAS-Itank_RTC_Interface.c: 255:             {;EAS-Itank_RTC_Interface.c: 256:          
      +                                 Relay_Off();
  1304  042D  22D8               	fcall	_Relay_Off
  1305  042E                     l1735:
  1306                           
  1307                           ;EAS-Itank_RTC_Interface.c: 257:                 return 0;
  1308  042E  3000               	movlw	0
  1309  042F  2C46               	goto	l55
  1310  0430                     l1739:
  1311                           
  1312                           ;EAS-Itank_RTC_Interface.c: 260:             Delay_Approx_65ms();
  1313  0430  2308               	fcall	_Delay_Approx_65ms
  1314  0431                     l1741:
  1315                           
  1316                           ;EAS-Itank_RTC_Interface.c: 261:         }
  1317  0431  3001               	movlw	1
  1318  0432  00F0               	movwf	??_Test_Delay_Seconds_Abortable
  1319  0433  0870               	movf	??_Test_Delay_Seconds_Abortable,w
  1320  0434  07F3               	addwf	Test_Delay_Seconds_Abortable@slice,f
  1321  0435                     l1743:
  1322  0435  3010               	movlw	16
  1323  0436  0273               	subwf	Test_Delay_Seconds_Abortable@slice,w
  1324  0437  1C03               	skipc
  1325  0438  2C3A               	goto	u1011
  1326  0439  2C3B               	goto	u1010
  1327  043A                     u1011:
  1328  043A  2C27               	goto	l1731
  1329  043B                     u1010:
  1330  043B                     l1745:
  1331                           
  1332                           ;EAS-Itank_RTC_Interface.c: 262:     }
  1333  043B  3001               	movlw	1
  1334  043C  00F0               	movwf	??_Test_Delay_Seconds_Abortable
  1335  043D  0870               	movf	??_Test_Delay_Seconds_Abortable,w
  1336  043E  07F2               	addwf	Test_Delay_Seconds_Abortable@sec,f
  1337  043F                     l1747:
  1338  043F  0871               	movf	Test_Delay_Seconds_Abortable@seconds,w
  1339  0440  0272               	subwf	Test_Delay_Seconds_Abortable@sec,w
  1340  0441  1C03               	skipc
  1341  0442  2C44               	goto	u1021
  1342  0443  2C45               	goto	u1020
  1343  0444                     u1021:
  1344  0444  2C26               	goto	l1725
  1345  0445                     u1020:
  1346  0445                     l1749:
  1347                           
  1348                           ;EAS-Itank_RTC_Interface.c: 264:     return 1;
  1349  0445  3001               	movlw	1
  1350  0446                     l55:
  1351  0446  0008               	return
  1352  0447                     __end_of_Test_Delay_Seconds_Abortable:
  1353                           
  1354                           	psect	text3
  1355  0318                     __ptext3:	
  1356 ;; *************** function _Is_Test_Mode_Enabled *****************
  1357 ;; Defined at:
  1358 ;;		line 992 in file "EAS-Itank_RTC_Interface.c"
  1359 ;; Parameters:    Size  Location     Type
  1360 ;;		None
  1361 ;; Auto vars:     Size  Location     Type
  1362 ;;		None
  1363 ;; Return value:  Size  Location     Type
  1364 ;;                  1    wreg      _Bool 
  1365 ;; Registers used:
  1366 ;;		wreg, status,0
  1367 ;; Tracked objects:
  1368 ;;		On entry : 0/0
  1369 ;;		On exit  : 0/0
  1370 ;;		Unchanged: 0/0
  1371 ;; Data sizes:     COMMON   BANK0   BANK1
  1372 ;;      Params:         0       0       0
  1373 ;;      Locals:         0       0       0
  1374 ;;      Temps:          0       0       0
  1375 ;;      Totals:         0       0       0
  1376 ;;Total ram usage:        0 bytes
  1377 ;; Hardware stack levels used:    1
  1378 ;; This function calls:
  1379 ;;		Nothing
  1380 ;; This function is called by:
  1381 ;;		_Test_Delay_Seconds_Abortable
  1382 ;;		_Relay_Test_Cycle
  1383 ;;		_main
  1384 ;; This function uses a non-reentrant model
  1385 ;;
  1386                           
  1387                           
  1388                           ;psect for function _Is_Test_Mode_Enabled
  1389  0318                     _Is_Test_Mode_Enabled:
  1390  0318                     l1557:	
  1391                           ;incstack = 0
  1392                           ; Regs used in _Is_Test_Mode_Enabled: [wreg+status,0]
  1393                           
  1394                           
  1395                           ;EAS-Itank_RTC_Interface.c: 994:     return (GPIObits.GP3 == 0);
  1396  0318  1003               	clrc
  1397  0319  1283               	bcf	3,5	;RP0=0, select bank0
  1398  031A  1D85               	btfss	5,3	;volatile
  1399  031B  1403               	setc
  1400  031C  3000               	movlw	0
  1401  031D  1803               	skipnc
  1402  031E  3001               	movlw	1
  1403  031F                     l229:
  1404  031F  0008               	return
  1405  0320                     __end_of_Is_Test_Mode_Enabled:
  1406                           
  1407                           	psect	text4
  1408  02F4                     __ptext4:	
  1409 ;; *************** function _Relay_Reset_Pulse *****************
  1410 ;; Defined at:
  1411 ;;		line 230 in file "EAS-Itank_RTC_Interface.c"
  1412 ;; Parameters:    Size  Location     Type
  1413 ;;		None
  1414 ;; Auto vars:     Size  Location     Type
  1415 ;;		None
  1416 ;; Return value:  Size  Location     Type
  1417 ;;                  1    wreg      void 
  1418 ;; Registers used:
  1419 ;;		wreg, status,2, status,0, pclath, cstack
  1420 ;; Tracked objects:
  1421 ;;		On entry : 0/0
  1422 ;;		On exit  : 0/0
  1423 ;;		Unchanged: 0/0
  1424 ;; Data sizes:     COMMON   BANK0   BANK1
  1425 ;;      Params:         0       0       0
  1426 ;;      Locals:         0       0       0
  1427 ;;      Temps:          0       0       0
  1428 ;;      Totals:         0       0       0
  1429 ;;Total ram usage:        0 bytes
  1430 ;; Hardware stack levels used:    1
  1431 ;; Hardware stack levels required when called:    3
  1432 ;; This function calls:
  1433 ;;		_Delay_Seconds
  1434 ;;		_Relay_Off
  1435 ;;		_Relay_On
  1436 ;; This function is called by:
  1437 ;;		_main
  1438 ;; This function uses a non-reentrant model
  1439 ;;
  1440                           
  1441                           
  1442                           ;psect for function _Relay_Reset_Pulse
  1443  02F4                     _Relay_Reset_Pulse:
  1444  02F4                     l1921:	
  1445                           ;incstack = 0
  1446                           ; Regs used in _Relay_Reset_Pulse: [wreg+status,2+status,0+pclath+cstack]
  1447                           
  1448                           
  1449                           ;EAS-Itank_RTC_Interface.c: 232:     Relay_On();
  1450  02F4  22DB               	fcall	_Relay_On
  1451  02F5                     l1923:
  1452                           
  1453                           ;EAS-Itank_RTC_Interface.c: 233:     Delay_Seconds(10);
  1454  02F5  300A               	movlw	10
  1455  02F6  2334               	fcall	_Delay_Seconds
  1456  02F7                     l1925:
  1457                           
  1458                           ;EAS-Itank_RTC_Interface.c: 234:     Relay_Off();
  1459  02F7  22D8               	fcall	_Relay_Off
  1460  02F8                     l47:
  1461  02F8  0008               	return
  1462  02F9                     __end_of_Relay_Reset_Pulse:
  1463                           
  1464                           	psect	text5
  1465  02DB                     __ptext5:	
  1466 ;; *************** function _Relay_On *****************
  1467 ;; Defined at:
  1468 ;;		line 220 in file "EAS-Itank_RTC_Interface.c"
  1469 ;; Parameters:    Size  Location     Type
  1470 ;;		None
  1471 ;; Auto vars:     Size  Location     Type
  1472 ;;		None
  1473 ;; Return value:  Size  Location     Type
  1474 ;;                  1    wreg      void 
  1475 ;; Registers used:
  1476 ;;		None
  1477 ;; Tracked objects:
  1478 ;;		On entry : 0/0
  1479 ;;		On exit  : 0/0
  1480 ;;		Unchanged: 0/0
  1481 ;; Data sizes:     COMMON   BANK0   BANK1
  1482 ;;      Params:         0       0       0
  1483 ;;      Locals:         0       0       0
  1484 ;;      Temps:          0       0       0
  1485 ;;      Totals:         0       0       0
  1486 ;;Total ram usage:        0 bytes
  1487 ;; Hardware stack levels used:    1
  1488 ;; This function calls:
  1489 ;;		Nothing
  1490 ;; This function is called by:
  1491 ;;		_Relay_Reset_Pulse
  1492 ;;		_Relay_Test_Cycle
  1493 ;; This function uses a non-reentrant model
  1494 ;;
  1495                           
  1496                           
  1497                           ;psect for function _Relay_On
  1498  02DB                     _Relay_On:
  1499  02DB                     l1713:	
  1500                           ;incstack = 0
  1501                           ; Regs used in _Relay_On: []
  1502                           
  1503                           
  1504                           ;EAS-Itank_RTC_Interface.c: 222:     GPIObits.GP0 = 1;
  1505  02DB  1283               	bcf	3,5	;RP0=0, select bank0
  1506  02DC  1405               	bsf	5,0	;volatile
  1507  02DD                     l41:
  1508  02DD  0008               	return
  1509  02DE                     __end_of_Relay_On:
  1510                           
  1511                           	psect	text6
  1512  0334                     __ptext6:	
  1513 ;; *************** function _Delay_Seconds *****************
  1514 ;; Defined at:
  1515 ;;		line 376 in file "EAS-Itank_RTC_Interface.c"
  1516 ;; Parameters:    Size  Location     Type
  1517 ;;  seconds         1    wreg     unsigned char 
  1518 ;; Auto vars:     Size  Location     Type
  1519 ;;  seconds         1    2[COMMON] unsigned char 
  1520 ;; Return value:  Size  Location     Type
  1521 ;;                  1    wreg      void 
  1522 ;; Registers used:
  1523 ;;		wreg, status,2, status,0, pclath, cstack
  1524 ;; Tracked objects:
  1525 ;;		On entry : 0/0
  1526 ;;		On exit  : 0/0
  1527 ;;		Unchanged: 0/0
  1528 ;; Data sizes:     COMMON   BANK0   BANK1
  1529 ;;      Params:         0       0       0
  1530 ;;      Locals:         1       0       0
  1531 ;;      Temps:          0       0       0
  1532 ;;      Totals:         1       0       0
  1533 ;;Total ram usage:        1 bytes
  1534 ;; Hardware stack levels used:    1
  1535 ;; Hardware stack levels required when called:    2
  1536 ;; This function calls:
  1537 ;;		_Delay_Approx_1s
  1538 ;; This function is called by:
  1539 ;;		_Relay_Reset_Pulse
  1540 ;;		_main
  1541 ;;		_Safe_Fault_Idle_Forever
  1542 ;; This function uses a non-reentrant model
  1543 ;;
  1544                           
  1545                           
  1546                           ;psect for function _Delay_Seconds
  1547  0334                     _Delay_Seconds:
  1548                           
  1549                           ;incstack = 0
  1550                           ; Regs used in _Delay_Seconds: [wreg+status,2+status,0+pclath+cstack]
  1551                           ;Delay_Seconds@seconds stored from wreg
  1552  0334  00F2               	movwf	Delay_Seconds@seconds
  1553  0335                     l1715:
  1554                           
  1555                           ;EAS-Itank_RTC_Interface.c: 376: static void Delay_Seconds(uint8_t seconds);EAS-Itank_RT
      +                          C_Interface.c: 377: {;EAS-Itank_RTC_Interface.c: 378:     while (seconds > 0)
  1556  0335  2B39               	goto	l1721
  1557  0336                     l1717:
  1558                           
  1559                           ;EAS-Itank_RTC_Interface.c: 379:     {;EAS-Itank_RTC_Interface.c: 380:         Delay_App
      +                          rox_1s();
  1560  0336  234C               	fcall	_Delay_Approx_1s
  1561  0337                     l1719:
  1562                           
  1563                           ;EAS-Itank_RTC_Interface.c: 381:         seconds--;
  1564  0337  3001               	movlw	1
  1565  0338  02F2               	subwf	Delay_Seconds@seconds,f
  1566  0339                     l1721:
  1567                           
  1568                           ;EAS-Itank_RTC_Interface.c: 378:     while (seconds > 0)
  1569  0339  0872               	movf	Delay_Seconds@seconds,w
  1570  033A  1D03               	btfss	3,2
  1571  033B  2B3D               	goto	u991
  1572  033C  2B3E               	goto	u990
  1573  033D                     u991:
  1574  033D  2B36               	goto	l1717
  1575  033E                     u990:
  1576  033E                     l93:
  1577  033E  0008               	return
  1578  033F                     __end_of_Delay_Seconds:
  1579                           
  1580                           	psect	text7
  1581  034C                     __ptext7:	
  1582 ;; *************** function _Delay_Approx_1s *****************
  1583 ;; Defined at:
  1584 ;;		line 366 in file "EAS-Itank_RTC_Interface.c"
  1585 ;; Parameters:    Size  Location     Type
  1586 ;;		None
  1587 ;; Auto vars:     Size  Location     Type
  1588 ;;  i               1    1[COMMON] unsigned char 
  1589 ;; Return value:  Size  Location     Type
  1590 ;;                  1    wreg      void 
  1591 ;; Registers used:
  1592 ;;		wreg, status,2, status,0, pclath, cstack
  1593 ;; Tracked objects:
  1594 ;;		On entry : 0/0
  1595 ;;		On exit  : 0/0
  1596 ;;		Unchanged: 0/0
  1597 ;; Data sizes:     COMMON   BANK0   BANK1
  1598 ;;      Params:         0       0       0
  1599 ;;      Locals:         1       0       0
  1600 ;;      Temps:          1       0       0
  1601 ;;      Totals:         2       0       0
  1602 ;;Total ram usage:        2 bytes
  1603 ;; Hardware stack levels used:    1
  1604 ;; Hardware stack levels required when called:    1
  1605 ;; This function calls:
  1606 ;;		_Delay_Approx_65ms
  1607 ;; This function is called by:
  1608 ;;		_Delay_Seconds
  1609 ;;		_main
  1610 ;; This function uses a non-reentrant model
  1611 ;;
  1612                           
  1613                           
  1614                           ;psect for function _Delay_Approx_1s
  1615  034C                     _Delay_Approx_1s:
  1616  034C                     l1561:	
  1617                           ;incstack = 0
  1618                           ; Regs used in _Delay_Approx_1s: [wreg+status,2+status,0+pclath+cstack]
  1619                           
  1620                           
  1621                           ;EAS-Itank_RTC_Interface.c: 368:     uint8_t i;;EAS-Itank_RTC_Interface.c: 370:     for 
      +                          (i = 0; i < 16; i++)
  1622  034C  01F1               	clrf	Delay_Approx_1s@i
  1623  034D                     l1567:
  1624                           
  1625                           ;EAS-Itank_RTC_Interface.c: 371:     {;EAS-Itank_RTC_Interface.c: 372:         Delay_App
      +                          rox_65ms();
  1626  034D  2308               	fcall	_Delay_Approx_65ms
  1627  034E                     l1569:
  1628                           
  1629                           ;EAS-Itank_RTC_Interface.c: 373:     }
  1630  034E  3001               	movlw	1
  1631  034F  00F0               	movwf	??_Delay_Approx_1s
  1632  0350  0870               	movf	??_Delay_Approx_1s,w
  1633  0351  07F1               	addwf	Delay_Approx_1s@i,f
  1634  0352                     l1571:
  1635  0352  3010               	movlw	16
  1636  0353  0271               	subwf	Delay_Approx_1s@i,w
  1637  0354  1C03               	skipc
  1638  0355  2B57               	goto	u861
  1639  0356  2B58               	goto	u860
  1640  0357                     u861:
  1641  0357  2B4D               	goto	l1567
  1642  0358                     u860:
  1643  0358                     l87:
  1644  0358  0008               	return
  1645  0359                     __end_of_Delay_Approx_1s:
  1646                           
  1647                           	psect	text8
  1648  037C                     __ptext8:	
  1649 ;; *************** function _Is_Scheduled_Relay_Time *****************
  1650 ;; Defined at:
  1651 ;;		line 1014 in file "EAS-Itank_RTC_Interface.c"
  1652 ;; Parameters:    Size  Location     Type
  1653 ;;  now             1    wreg     PTR const struct .
  1654 ;;		 -> main@now(7), 
  1655 ;; Auto vars:     Size  Location     Type
  1656 ;;  now             1    3[COMMON] PTR const struct .
  1657 ;;		 -> main@now(7), 
  1658 ;; Return value:  Size  Location     Type
  1659 ;;                  1    wreg      _Bool 
  1660 ;; Registers used:
  1661 ;;		wreg, fsr0l, fsr0h, status,2, status,0, pclath, cstack
  1662 ;; Tracked objects:
  1663 ;;		On entry : 0/0
  1664 ;;		On exit  : 0/0
  1665 ;;		Unchanged: 0/0
  1666 ;; Data sizes:     COMMON   BANK0   BANK1
  1667 ;;      Params:         0       0       0
  1668 ;;      Locals:         1       0       0
  1669 ;;      Temps:          0       0       0
  1670 ;;      Totals:         1       0       0
  1671 ;;Total ram usage:        1 bytes
  1672 ;; Hardware stack levels used:    1
  1673 ;; Hardware stack levels required when called:    2
  1674 ;; This function calls:
  1675 ;;		_Is_Allowed_Day_And_Hour
  1676 ;; This function is called by:
  1677 ;;		_main
  1678 ;; This function uses a non-reentrant model
  1679 ;;
  1680                           
  1681                           
  1682                           ;psect for function _Is_Scheduled_Relay_Time
  1683  037C                     _Is_Scheduled_Relay_Time:
  1684                           
  1685                           ;incstack = 0
  1686                           ; Regs used in _Is_Scheduled_Relay_Time: [wreg-fsr0h+status,2+status,0+pclath+cstack]
  1687                           ;Is_Scheduled_Relay_Time@now stored from wreg
  1688  037C  00F3               	movwf	Is_Scheduled_Relay_Time@now
  1689  037D                     l2045:
  1690                           
  1691                           ;EAS-Itank_RTC_Interface.c: 1014: static _Bool Is_Scheduled_Relay_Time(const RTC_Time *n
      +                          ow);EAS-Itank_RTC_Interface.c: 1015: {;EAS-Itank_RTC_Interface.c: 1016:     if (!Is_Allo
      +                          wed_Day_And_Hour(now))
  1692  037D  0873               	movf	Is_Scheduled_Relay_Time@now,w
  1693  037E  23E1               	fcall	_Is_Allowed_Day_And_Hour
  1694  037F  3A00               	xorlw	0
  1695  0380  1D03               	skipz
  1696  0381  2B83               	goto	u1501
  1697  0382  2B84               	goto	u1500
  1698  0383                     u1501:
  1699  0383  2B86               	goto	l2051
  1700  0384                     u1500:
  1701  0384                     l2047:
  1702                           
  1703                           ;EAS-Itank_RTC_Interface.c: 1017:     {;EAS-Itank_RTC_Interface.c: 1018:         return 
      +                          0;
  1704  0384  3000               	movlw	0
  1705  0385  2B90               	goto	l238
  1706  0386                     l2051:
  1707                           
  1708                           ;EAS-Itank_RTC_Interface.c: 1022:     return (now->minute == 0);
  1709  0386  0A73               	incf	Is_Scheduled_Relay_Time@now,w
  1710  0387  0084               	movwf	4
  1711  0388  1383               	bcf	3,7	;select IRP bank0
  1712  0389  0800               	movf	0,w
  1713  038A  1903               	btfsc	3,2
  1714  038B  2B8D               	goto	u1511
  1715  038C  2B8F               	goto	u1510
  1716  038D                     u1511:
  1717  038D  3001               	movlw	1
  1718  038E  2B90               	goto	u1520
  1719  038F                     u1510:
  1720  038F  3000               	movlw	0
  1721  0390                     u1520:
  1722  0390                     l238:
  1723  0390  0008               	return
  1724  0391                     __end_of_Is_Scheduled_Relay_Time:
  1725                           
  1726                           	psect	text9
  1727  03E1                     __ptext9:	
  1728 ;; *************** function _Is_Allowed_Day_And_Hour *****************
  1729 ;; Defined at:
  1730 ;;		line 997 in file "EAS-Itank_RTC_Interface.c"
  1731 ;; Parameters:    Size  Location     Type
  1732 ;;  now             1    wreg     PTR const struct .
  1733 ;;		 -> main@now(7), 
  1734 ;; Auto vars:     Size  Location     Type
  1735 ;;  now             1    2[COMMON] PTR const struct .
  1736 ;;		 -> main@now(7), 
  1737 ;; Return value:  Size  Location     Type
  1738 ;;                  1    wreg      _Bool 
  1739 ;; Registers used:
  1740 ;;		wreg, fsr0l, fsr0h, status,2, status,0, pclath, cstack
  1741 ;; Tracked objects:
  1742 ;;		On entry : 0/0
  1743 ;;		On exit  : 0/0
  1744 ;;		Unchanged: 0/0
  1745 ;; Data sizes:     COMMON   BANK0   BANK1
  1746 ;;      Params:         0       0       0
  1747 ;;      Locals:         1       0       0
  1748 ;;      Temps:          0       0       0
  1749 ;;      Totals:         1       0       0
  1750 ;;Total ram usage:        1 bytes
  1751 ;; Hardware stack levels used:    1
  1752 ;; Hardware stack levels required when called:    1
  1753 ;; This function calls:
  1754 ;;		_Is_Hour_Window_Enabled
  1755 ;;		_Is_Sunday_Enabled
  1756 ;; This function is called by:
  1757 ;;		_Is_Scheduled_Relay_Time
  1758 ;; This function uses a non-reentrant model
  1759 ;;
  1760                           
  1761                           
  1762                           ;psect for function _Is_Allowed_Day_And_Hour
  1763  03E1                     _Is_Allowed_Day_And_Hour:
  1764                           
  1765                           ;incstack = 0
  1766                           ; Regs used in _Is_Allowed_Day_And_Hour: [wreg-fsr0h+status,2+status,0+pclath+cstack]
  1767                           ;Is_Allowed_Day_And_Hour@now stored from wreg
  1768  03E1  00F2               	movwf	Is_Allowed_Day_And_Hour@now
  1769  03E2                     l1903:
  1770                           
  1771                           ;EAS-Itank_RTC_Interface.c: 997: static _Bool Is_Allowed_Day_And_Hour(const RTC_Time *no
      +                          w);EAS-Itank_RTC_Interface.c: 998: {;EAS-Itank_RTC_Interface.c: 1000:     if ((now->day_
      +                          of_week == 1) && !Is_Sunday_Enabled())
  1772  03E2  0872               	movf	Is_Allowed_Day_And_Hour@now,w
  1773  03E3  3E03               	addlw	3
  1774  03E4  0084               	movwf	4
  1775  03E5  1383               	bcf	3,7	;select IRP bank0
  1776  03E6  0300               	decf	0,w
  1777  03E7  1D03               	btfss	3,2
  1778  03E8  2BEA               	goto	u1271
  1779  03E9  2BEB               	goto	u1270
  1780  03EA                     u1271:
  1781  03EA  2BF3               	goto	l1911
  1782  03EB                     u1270:
  1783  03EB                     l1905:
  1784  03EB  22E6               	fcall	_Is_Sunday_Enabled
  1785  03EC  3A00               	xorlw	0
  1786  03ED  1D03               	skipz
  1787  03EE  2BF0               	goto	u1281
  1788  03EF  2BF1               	goto	u1280
  1789  03F0                     u1281:
  1790  03F0  2BF3               	goto	l1911
  1791  03F1                     u1280:
  1792  03F1                     l1907:
  1793                           
  1794                           ;EAS-Itank_RTC_Interface.c: 1001:     {;EAS-Itank_RTC_Interface.c: 1002:         return 
      +                          0;
  1795  03F1  3000               	movlw	0
  1796  03F2  2C00               	goto	l233
  1797  03F3                     l1911:
  1798                           
  1799                           ;EAS-Itank_RTC_Interface.c: 1006:     if (!Is_Hour_Window_Enabled(now->hour))
  1800  03F3  0872               	movf	Is_Allowed_Day_And_Hour@now,w
  1801  03F4  3E02               	addlw	2
  1802  03F5  0084               	movwf	4
  1803  03F6  1383               	bcf	3,7	;select IRP bank0
  1804  03F7  0800               	movf	0,w
  1805  03F8  23C5               	fcall	_Is_Hour_Window_Enabled
  1806  03F9  3A00               	xorlw	0
  1807  03FA  1D03               	skipz
  1808  03FB  2BFD               	goto	u1291
  1809  03FC  2BFE               	goto	u1290
  1810  03FD                     u1291:
  1811  03FD  2BFF               	goto	l1917
  1812  03FE                     u1290:
  1813  03FE  2BF1               	goto	l1907
  1814  03FF                     l1917:
  1815                           
  1816                           ;EAS-Itank_RTC_Interface.c: 1011:     return 1;
  1817  03FF  3001               	movlw	1
  1818  0400                     l233:
  1819  0400  0008               	return
  1820  0401                     __end_of_Is_Allowed_Day_And_Hour:
  1821                           
  1822                           	psect	text10
  1823  02E6                     __ptext10:	
  1824 ;; *************** function _Is_Sunday_Enabled *****************
  1825 ;; Defined at:
  1826 ;;		line 966 in file "EAS-Itank_RTC_Interface.c"
  1827 ;; Parameters:    Size  Location     Type
  1828 ;;		None
  1829 ;; Auto vars:     Size  Location     Type
  1830 ;;		None
  1831 ;; Return value:  Size  Location     Type
  1832 ;;                  1    wreg      _Bool 
  1833 ;; Registers used:
  1834 ;;		wreg, status,2, status,0
  1835 ;; Tracked objects:
  1836 ;;		On entry : 0/0
  1837 ;;		On exit  : 0/0
  1838 ;;		Unchanged: 0/0
  1839 ;; Data sizes:     COMMON   BANK0   BANK1
  1840 ;;      Params:         0       0       0
  1841 ;;      Locals:         0       0       0
  1842 ;;      Temps:          0       0       0
  1843 ;;      Totals:         0       0       0
  1844 ;;Total ram usage:        0 bytes
  1845 ;; Hardware stack levels used:    1
  1846 ;; This function calls:
  1847 ;;		Nothing
  1848 ;; This function is called by:
  1849 ;;		_Is_Allowed_Day_And_Hour
  1850 ;; This function uses a non-reentrant model
  1851 ;;
  1852                           
  1853                           
  1854                           ;psect for function _Is_Sunday_Enabled
  1855  02E6                     _Is_Sunday_Enabled:
  1856  02E6                     l1689:	
  1857                           ;incstack = 0
  1858                           ; Regs used in _Is_Sunday_Enabled: [wreg+status,2+status,0]
  1859                           
  1860                           
  1861                           ;EAS-Itank_RTC_Interface.c: 968:     return (GPIObits.GP4 == 1);
  1862  02E6  1283               	bcf	3,5	;RP0=0, select bank0
  1863  02E7  0E05               	swapf	5,w	;volatile
  1864  02E8  3901               	andlw	1
  1865  02E9                     l221:
  1866  02E9  0008               	return
  1867  02EA                     __end_of_Is_Sunday_Enabled:
  1868                           
  1869                           	psect	text11
  1870  03C5                     __ptext11:	
  1871 ;; *************** function _Is_Hour_Window_Enabled *****************
  1872 ;; Defined at:
  1873 ;;		line 971 in file "EAS-Itank_RTC_Interface.c"
  1874 ;; Parameters:    Size  Location     Type
  1875 ;;  hour            1    wreg     unsigned char 
  1876 ;; Auto vars:     Size  Location     Type
  1877 ;;  hour            1    1[COMMON] unsigned char 
  1878 ;;  dip2_enabled    1    0[COMMON] _Bool 
  1879 ;; Return value:  Size  Location     Type
  1880 ;;                  1    wreg      _Bool 
  1881 ;; Registers used:
  1882 ;;		wreg, status,2, status,0
  1883 ;; Tracked objects:
  1884 ;;		On entry : 0/0
  1885 ;;		On exit  : 0/0
  1886 ;;		Unchanged: 0/0
  1887 ;; Data sizes:     COMMON   BANK0   BANK1
  1888 ;;      Params:         0       0       0
  1889 ;;      Locals:         2       0       0
  1890 ;;      Temps:          0       0       0
  1891 ;;      Totals:         2       0       0
  1892 ;;Total ram usage:        2 bytes
  1893 ;; Hardware stack levels used:    1
  1894 ;; This function calls:
  1895 ;;		Nothing
  1896 ;; This function is called by:
  1897 ;;		_Is_Allowed_Day_And_Hour
  1898 ;; This function uses a non-reentrant model
  1899 ;;
  1900                           
  1901                           
  1902                           ;psect for function _Is_Hour_Window_Enabled
  1903  03C5                     _Is_Hour_Window_Enabled:
  1904                           
  1905                           ;incstack = 0
  1906                           ; Regs used in _Is_Hour_Window_Enabled: [wreg+status,2+status,0]
  1907                           ;Is_Hour_Window_Enabled@hour stored from wreg
  1908  03C5  00F1               	movwf	Is_Hour_Window_Enabled@hour
  1909  03C6                     l1693:
  1910                           
  1911                           ;EAS-Itank_RTC_Interface.c: 971: static _Bool Is_Hour_Window_Enabled(uint8_t hour);EAS-I
      +                          tank_RTC_Interface.c: 972: {;EAS-Itank_RTC_Interface.c: 973:     _Bool dip2_enabled;;EAS
      +                          -Itank_RTC_Interface.c: 975:     dip2_enabled = (GPIObits.GP5 == 1);
  1912  03C6  3000               	movlw	0
  1913  03C7  1283               	bcf	3,5	;RP0=0, select bank0
  1914  03C8  1A85               	btfsc	5,5	;volatile
  1915  03C9  3001               	movlw	1
  1916  03CA  00F0               	movwf	Is_Hour_Window_Enabled@dip2_enabled
  1917  03CB                     l1695:
  1918                           
  1919                           ;EAS-Itank_RTC_Interface.c: 978:     if (!dip2_enabled)
  1920  03CB  0870               	movf	Is_Hour_Window_Enabled@dip2_enabled,w
  1921  03CC  1D03               	btfss	3,2
  1922  03CD  2BCF               	goto	u961
  1923  03CE  2BD0               	goto	u960
  1924  03CF                     u961:
  1925  03CF  2BD2               	goto	l1701
  1926  03D0                     u960:
  1927  03D0                     l1697:
  1928                           
  1929                           ;EAS-Itank_RTC_Interface.c: 979:     {;EAS-Itank_RTC_Interface.c: 980:         return 1;
  1930  03D0  3001               	movlw	1
  1931  03D1  2BE0               	goto	l225
  1932  03D2                     l1701:
  1933                           
  1934                           ;EAS-Itank_RTC_Interface.c: 984:     if ((hour >= 8) && (hour <= 20))
  1935  03D2  3008               	movlw	8
  1936  03D3  0271               	subwf	Is_Hour_Window_Enabled@hour,w
  1937  03D4  1C03               	skipc
  1938  03D5  2BD7               	goto	u971
  1939  03D6  2BD8               	goto	u970
  1940  03D7                     u971:
  1941  03D7  2BDF               	goto	l1709
  1942  03D8                     u970:
  1943  03D8                     l1703:
  1944  03D8  3015               	movlw	21
  1945  03D9  0271               	subwf	Is_Hour_Window_Enabled@hour,w
  1946  03DA  1803               	skipnc
  1947  03DB  2BDD               	goto	u981
  1948  03DC  2BDE               	goto	u980
  1949  03DD                     u981:
  1950  03DD  2BDF               	goto	l1709
  1951  03DE                     u980:
  1952  03DE  2BD0               	goto	l1697
  1953  03DF                     l1709:
  1954                           
  1955                           ;EAS-Itank_RTC_Interface.c: 989:     return 0;
  1956  03DF  3000               	movlw	0
  1957  03E0                     l225:
  1958  03E0  0008               	return
  1959  03E1                     __end_of_Is_Hour_Window_Enabled:
  1960                           
  1961                           	psect	text12
  1962  0391                     __ptext12:	
  1963 ;; *************** function _Init_Device *****************
  1964 ;; Defined at:
  1965 ;;		line 1063 in file "EAS-Itank_RTC_Interface.c"
  1966 ;; Parameters:    Size  Location     Type
  1967 ;;		None
  1968 ;; Auto vars:     Size  Location     Type
  1969 ;;		None
  1970 ;; Return value:  Size  Location     Type
  1971 ;;                  1    wreg      void 
  1972 ;; Registers used:
  1973 ;;		wreg, status,2, status,0, pclath, cstack
  1974 ;; Tracked objects:
  1975 ;;		On entry : 0/0
  1976 ;;		On exit  : 0/0
  1977 ;;		Unchanged: 0/0
  1978 ;; Data sizes:     COMMON   BANK0   BANK1
  1979 ;;      Params:         0       0       0
  1980 ;;      Locals:         0       0       0
  1981 ;;      Temps:          0       0       0
  1982 ;;      Totals:         0       0       0
  1983 ;;Total ram usage:        0 bytes
  1984 ;; Hardware stack levels used:    1
  1985 ;; Hardware stack levels required when called:    1
  1986 ;; This function calls:
  1987 ;;		_Relay_Off
  1988 ;;		_SCL_Release
  1989 ;;		_SDA_Release
  1990 ;;		_Timer0_Init_For_Delay
  1991 ;; This function is called by:
  1992 ;;		_main
  1993 ;; This function uses a non-reentrant model
  1994 ;;
  1995                           
  1996                           
  1997                           ;psect for function _Init_Device
  1998  0391                     _Init_Device:
  1999  0391                     l2089:	
  2000                           ;incstack = 0
  2001                           ; Regs used in _Init_Device: [wreg+status,2+status,0+pclath+cstack]
  2002                           
  2003                           
  2004                           ;EAS-Itank_RTC_Interface.c: 1065:     ANSEL = 0x00;
  2005  0391  1683               	bsf	3,5	;RP0=1, select bank1
  2006  0392  019F               	clrf	31	;volatile
  2007                           
  2008                           ;EAS-Itank_RTC_Interface.c: 1066:     ADCON0 = 0x00;
  2009  0393  1283               	bcf	3,5	;RP0=0, select bank0
  2010  0394  019F               	clrf	31	;volatile
  2011  0395                     l2091:
  2012                           
  2013                           ;EAS-Itank_RTC_Interface.c: 1067:     CMCON0 = 0x07;
  2014  0395  3007               	movlw	7
  2015  0396  0099               	movwf	25	;volatile
  2016  0397                     l2093:
  2017                           
  2018                           ;EAS-Itank_RTC_Interface.c: 1069:     OSCCONbits.IRCF = 0b110;
  2019  0397  1683               	bsf	3,5	;RP0=1, select bank1
  2020  0398  080F               	movf	15,w	;volatile
  2021  0399  398F               	andlw	-113
  2022  039A  3860               	iorlw	96
  2023  039B  008F               	movwf	15	;volatile
  2024  039C                     l2095:
  2025                           
  2026                           ;EAS-Itank_RTC_Interface.c: 1070:     OSCCONbits.SCS = 1;
  2027  039C  140F               	bsf	15,0	;volatile
  2028  039D                     l2097:
  2029                           
  2030                           ;EAS-Itank_RTC_Interface.c: 1072:     GPIO = 0x00;
  2031  039D  1283               	bcf	3,5	;RP0=0, select bank0
  2032  039E  0185               	clrf	5	;volatile
  2033  039F                     l2099:
  2034                           
  2035                           ;EAS-Itank_RTC_Interface.c: 1075:     TRISIObits.TRISIO0 = 0;
  2036  039F  1683               	bsf	3,5	;RP0=1, select bank1
  2037  03A0  1005               	bcf	5,0	;volatile
  2038  03A1                     l2101:
  2039                           
  2040                           ;EAS-Itank_RTC_Interface.c: 1076:     Relay_Off();
  2041  03A1  22D8               	fcall	_Relay_Off
  2042  03A2                     l2103:
  2043                           
  2044                           ;EAS-Itank_RTC_Interface.c: 1079:     SDA_Release();
  2045  03A2  22D5               	fcall	_SDA_Release
  2046  03A3                     l2105:
  2047                           
  2048                           ;EAS-Itank_RTC_Interface.c: 1082:     SCL_Release();
  2049  03A3  22D2               	fcall	_SCL_Release
  2050  03A4                     l2107:
  2051                           
  2052                           ;EAS-Itank_RTC_Interface.c: 1085:     TRISIObits.TRISIO3 = 1;
  2053  03A4  1683               	bsf	3,5	;RP0=1, select bank1
  2054  03A5  1585               	bsf	5,3	;volatile
  2055  03A6                     l2109:
  2056                           
  2057                           ;EAS-Itank_RTC_Interface.c: 1088:     TRISIObits.TRISIO4 = 1;
  2058  03A6  1605               	bsf	5,4	;volatile
  2059  03A7                     l2111:
  2060                           
  2061                           ;EAS-Itank_RTC_Interface.c: 1091:     TRISIObits.TRISIO5 = 1;
  2062  03A7  1685               	bsf	5,5	;volatile
  2063  03A8                     l2113:
  2064                           
  2065                           ;EAS-Itank_RTC_Interface.c: 1093:     Timer0_Init_For_Delay();
  2066  03A8  2320               	fcall	_Timer0_Init_For_Delay
  2067  03A9                     l249:
  2068  03A9  0008               	return
  2069  03AA                     __end_of_Init_Device:
  2070                           
  2071                           	psect	text13
  2072  0320                     __ptext13:	
  2073 ;; *************** function _Timer0_Init_For_Delay *****************
  2074 ;; Defined at:
  2075 ;;		line 332 in file "EAS-Itank_RTC_Interface.c"
  2076 ;; Parameters:    Size  Location     Type
  2077 ;;		None
  2078 ;; Auto vars:     Size  Location     Type
  2079 ;;		None
  2080 ;; Return value:  Size  Location     Type
  2081 ;;                  1    wreg      void 
  2082 ;; Registers used:
  2083 ;;		None
  2084 ;; Tracked objects:
  2085 ;;		On entry : 0/0
  2086 ;;		On exit  : 0/0
  2087 ;;		Unchanged: 0/0
  2088 ;; Data sizes:     COMMON   BANK0   BANK1
  2089 ;;      Params:         0       0       0
  2090 ;;      Locals:         0       0       0
  2091 ;;      Temps:          0       0       0
  2092 ;;      Totals:         0       0       0
  2093 ;;Total ram usage:        0 bytes
  2094 ;; Hardware stack levels used:    1
  2095 ;; This function calls:
  2096 ;;		Nothing
  2097 ;; This function is called by:
  2098 ;;		_Init_Device
  2099 ;; This function uses a non-reentrant model
  2100 ;;
  2101                           
  2102                           
  2103                           ;psect for function _Timer0_Init_For_Delay
  2104  0320                     _Timer0_Init_For_Delay:
  2105  0320                     l1765:	
  2106                           ;incstack = 0
  2107                           ; Regs used in _Timer0_Init_For_Delay: []
  2108                           
  2109                           
  2110                           ;EAS-Itank_RTC_Interface.c: 334:     OPTION_REGbits.T0CS = 0;
  2111  0320  1683               	bsf	3,5	;RP0=1, select bank1
  2112  0321  1281               	bcf	1,5	;volatile
  2113                           
  2114                           ;EAS-Itank_RTC_Interface.c: 335:     OPTION_REGbits.PSA = 0;
  2115  0322  1181               	bcf	1,3	;volatile
  2116                           
  2117                           ;EAS-Itank_RTC_Interface.c: 337:     OPTION_REGbits.PS2 = 1;
  2118  0323  1501               	bsf	1,2	;volatile
  2119                           
  2120                           ;EAS-Itank_RTC_Interface.c: 338:     OPTION_REGbits.PS1 = 1;
  2121  0324  1481               	bsf	1,1	;volatile
  2122                           
  2123                           ;EAS-Itank_RTC_Interface.c: 339:     OPTION_REGbits.PS0 = 1;
  2124  0325  1401               	bsf	1,0	;volatile
  2125                           
  2126                           ;EAS-Itank_RTC_Interface.c: 341:     INTCONbits.T0IE = 0;
  2127  0326  128B               	bcf	11,5	;volatile
  2128                           
  2129                           ;EAS-Itank_RTC_Interface.c: 342:     INTCONbits.T0IF = 0;
  2130  0327  110B               	bcf	11,2	;volatile
  2131  0328                     l71:
  2132  0328  0008               	return
  2133  0329                     __end_of_Timer0_Init_For_Delay:
  2134                           
  2135                           	psect	text14
  2136  04FE                     __ptext14:	
  2137 ;; *************** function _EEPROM_Save_Last_Trigger *****************
  2138 ;; Defined at:
  2139 ;;		line 720 in file "EAS-Itank_RTC_Interface.c"
  2140 ;; Parameters:    Size  Location     Type
  2141 ;;  hour            1    wreg     unsigned char 
  2142 ;;  minute          1    5[COMMON] unsigned char 
  2143 ;;  date            1    6[COMMON] unsigned char 
  2144 ;;  month           1    7[COMMON] unsigned char 
  2145 ;;  year            1    8[COMMON] unsigned char 
  2146 ;; Auto vars:     Size  Location     Type
  2147 ;;  hour            1    1[BANK0 ] unsigned char 
  2148 ;;  checksum        1    0[BANK0 ] unsigned char 
  2149 ;; Return value:  Size  Location     Type
  2150 ;;                  1    wreg      void 
  2151 ;; Registers used:
  2152 ;;		wreg, status,2, status,0, pclath, cstack
  2153 ;; Tracked objects:
  2154 ;;		On entry : 0/0
  2155 ;;		On exit  : 0/0
  2156 ;;		Unchanged: 0/0
  2157 ;; Data sizes:     COMMON   BANK0   BANK1
  2158 ;;      Params:         4       0       0
  2159 ;;      Locals:         0       2       0
  2160 ;;      Temps:          5       0       0
  2161 ;;      Totals:         9       2       0
  2162 ;;Total ram usage:       11 bytes
  2163 ;; Hardware stack levels used:    1
  2164 ;; Hardware stack levels required when called:    2
  2165 ;; This function calls:
  2166 ;;		_EEPROM_WriteByte
  2167 ;;		_Trigger_Checksum
  2168 ;; This function is called by:
  2169 ;;		_main
  2170 ;; This function uses a non-reentrant model
  2171 ;;
  2172                           
  2173                           
  2174                           ;psect for function _EEPROM_Save_Last_Trigger
  2175  04FE                     _EEPROM_Save_Last_Trigger:
  2176                           
  2177                           ;incstack = 0
  2178                           ; Regs used in _EEPROM_Save_Last_Trigger: [wreg+status,2+status,0+pclath+cstack]
  2179                           ;EEPROM_Save_Last_Trigger@hour stored from wreg
  2180  04FE  1283               	bcf	3,5	;RP0=0, select bank0
  2181  04FF  00A1               	movwf	EEPROM_Save_Last_Trigger@hour
  2182  0500                     l2013:
  2183                           
  2184                           ;EAS-Itank_RTC_Interface.c: 720: static void EEPROM_Save_Last_Trigger(uint8_t hour,;EAS-
      +                          Itank_RTC_Interface.c: 721:                                       uint8_t minute,;EAS-It
      +                          ank_RTC_Interface.c: 722:                                       uint8_t date,;EAS-Itank_
      +                          RTC_Interface.c: 723:                                       uint8_t month,;EAS-Itank_RTC
      +                          _Interface.c: 724:                                       uint8_t year);EAS-Itank_RTC_Int
      +                          erface.c: 725: {;EAS-Itank_RTC_Interface.c: 726:     uint8_t checksum;;EAS-Itank_RTC_Int
      +                          erface.c: 728:     checksum = Trigger_Checksum(hour, minute, date, month, year);
  2185  0500  0875               	movf	EEPROM_Save_Last_Trigger@minute,w
  2186  0501  00F9               	movwf	??_EEPROM_Save_Last_Trigger
  2187  0502  0879               	movf	??_EEPROM_Save_Last_Trigger,w
  2188  0503  00F0               	movwf	Trigger_Checksum@minute
  2189  0504  0876               	movf	EEPROM_Save_Last_Trigger@date,w
  2190  0505  00FA               	movwf	??_EEPROM_Save_Last_Trigger+1
  2191  0506  087A               	movf	??_EEPROM_Save_Last_Trigger+1,w
  2192  0507  00F1               	movwf	Trigger_Checksum@date
  2193  0508  0877               	movf	EEPROM_Save_Last_Trigger@month,w
  2194  0509  00FB               	movwf	??_EEPROM_Save_Last_Trigger+2
  2195  050A  087B               	movf	??_EEPROM_Save_Last_Trigger+2,w
  2196  050B  00F2               	movwf	Trigger_Checksum@month
  2197  050C  0878               	movf	EEPROM_Save_Last_Trigger@year,w
  2198  050D  00FC               	movwf	??_EEPROM_Save_Last_Trigger+3
  2199  050E  087C               	movf	??_EEPROM_Save_Last_Trigger+3,w
  2200  050F  00F3               	movwf	Trigger_Checksum@year
  2201  0510  0821               	movf	EEPROM_Save_Last_Trigger@hour,w
  2202  0511  2310               	fcall	_Trigger_Checksum
  2203  0512  00FD               	movwf	??_EEPROM_Save_Last_Trigger+4
  2204  0513  087D               	movf	??_EEPROM_Save_Last_Trigger+4,w
  2205  0514  1283               	bcf	3,5	;RP0=0, select bank0
  2206  0515  00A0               	movwf	EEPROM_Save_Last_Trigger@checksum
  2207                           
  2208                           ;EAS-Itank_RTC_Interface.c: 732:     EEPROM_WriteByte(0, 0x00);
  2209  0516  01F1               	clrf	EEPROM_WriteByte@value
  2210  0517  3000               	movlw	0
  2211  0518  2447               	fcall	_EEPROM_WriteByte
  2212                           
  2213                           ;EAS-Itank_RTC_Interface.c: 734:     EEPROM_WriteByte(1, hour);
  2214  0519  1283               	bcf	3,5	;RP0=0, select bank0
  2215  051A  0821               	movf	EEPROM_Save_Last_Trigger@hour,w
  2216  051B  00F9               	movwf	??_EEPROM_Save_Last_Trigger
  2217  051C  0879               	movf	??_EEPROM_Save_Last_Trigger,w
  2218  051D  00F1               	movwf	EEPROM_WriteByte@value
  2219  051E  3001               	movlw	1
  2220  051F  2447               	fcall	_EEPROM_WriteByte
  2221                           
  2222                           ;EAS-Itank_RTC_Interface.c: 735:     EEPROM_WriteByte(2, minute);
  2223  0520  0875               	movf	EEPROM_Save_Last_Trigger@minute,w
  2224  0521  00F9               	movwf	??_EEPROM_Save_Last_Trigger
  2225  0522  0879               	movf	??_EEPROM_Save_Last_Trigger,w
  2226  0523  00F1               	movwf	EEPROM_WriteByte@value
  2227  0524  3002               	movlw	2
  2228  0525  2447               	fcall	_EEPROM_WriteByte
  2229                           
  2230                           ;EAS-Itank_RTC_Interface.c: 736:     EEPROM_WriteByte(3, date);
  2231  0526  0876               	movf	EEPROM_Save_Last_Trigger@date,w
  2232  0527  00F9               	movwf	??_EEPROM_Save_Last_Trigger
  2233  0528  0879               	movf	??_EEPROM_Save_Last_Trigger,w
  2234  0529  00F1               	movwf	EEPROM_WriteByte@value
  2235  052A  3003               	movlw	3
  2236  052B  2447               	fcall	_EEPROM_WriteByte
  2237                           
  2238                           ;EAS-Itank_RTC_Interface.c: 737:     EEPROM_WriteByte(4, month);
  2239  052C  0877               	movf	EEPROM_Save_Last_Trigger@month,w
  2240  052D  00F9               	movwf	??_EEPROM_Save_Last_Trigger
  2241  052E  0879               	movf	??_EEPROM_Save_Last_Trigger,w
  2242  052F  00F1               	movwf	EEPROM_WriteByte@value
  2243  0530  3004               	movlw	4
  2244  0531  2447               	fcall	_EEPROM_WriteByte
  2245                           
  2246                           ;EAS-Itank_RTC_Interface.c: 738:     EEPROM_WriteByte(5, year);
  2247  0532  0878               	movf	EEPROM_Save_Last_Trigger@year,w
  2248  0533  00F9               	movwf	??_EEPROM_Save_Last_Trigger
  2249  0534  0879               	movf	??_EEPROM_Save_Last_Trigger,w
  2250  0535  00F1               	movwf	EEPROM_WriteByte@value
  2251  0536  3005               	movlw	5
  2252  0537  2447               	fcall	_EEPROM_WriteByte
  2253                           
  2254                           ;EAS-Itank_RTC_Interface.c: 739:     EEPROM_WriteByte(6, checksum);
  2255  0538  1283               	bcf	3,5	;RP0=0, select bank0
  2256  0539  0820               	movf	EEPROM_Save_Last_Trigger@checksum,w
  2257  053A  00F9               	movwf	??_EEPROM_Save_Last_Trigger
  2258  053B  0879               	movf	??_EEPROM_Save_Last_Trigger,w
  2259  053C  00F1               	movwf	EEPROM_WriteByte@value
  2260  053D  3006               	movlw	6
  2261  053E  2447               	fcall	_EEPROM_WriteByte
  2262                           
  2263                           ;EAS-Itank_RTC_Interface.c: 742:     EEPROM_WriteByte(0, 0xA5);
  2264  053F  30A5               	movlw	165
  2265  0540  00F9               	movwf	??_EEPROM_Save_Last_Trigger
  2266  0541  0879               	movf	??_EEPROM_Save_Last_Trigger,w
  2267  0542  00F1               	movwf	EEPROM_WriteByte@value
  2268  0543  3000               	movlw	0
  2269  0544  2447               	fcall	_EEPROM_WriteByte
  2270  0545                     l183:
  2271  0545  0008               	return
  2272  0546                     __end_of_EEPROM_Save_Last_Trigger:
  2273                           
  2274                           	psect	text15
  2275  0447                     __ptext15:	
  2276 ;; *************** function _EEPROM_WriteByte *****************
  2277 ;; Defined at:
  2278 ;;		line 608 in file "EAS-Itank_RTC_Interface.c"
  2279 ;; Parameters:    Size  Location     Type
  2280 ;;  address         1    wreg     unsigned char 
  2281 ;;  value           1    1[COMMON] unsigned char 
  2282 ;; Auto vars:     Size  Location     Type
  2283 ;;  address         1    3[COMMON] unsigned char 
  2284 ;;  gie_was_enab    1    2[COMMON] _Bool 
  2285 ;; Return value:  Size  Location     Type
  2286 ;;                  1    wreg      void 
  2287 ;; Registers used:
  2288 ;;		wreg, status,2, status,0, pclath, cstack
  2289 ;; Tracked objects:
  2290 ;;		On entry : 0/0
  2291 ;;		On exit  : 0/0
  2292 ;;		Unchanged: 0/0
  2293 ;; Data sizes:     COMMON   BANK0   BANK1
  2294 ;;      Params:         1       0       0
  2295 ;;      Locals:         2       0       0
  2296 ;;      Temps:          0       0       0
  2297 ;;      Totals:         3       0       0
  2298 ;;Total ram usage:        3 bytes
  2299 ;; Hardware stack levels used:    1
  2300 ;; Hardware stack levels required when called:    1
  2301 ;; This function calls:
  2302 ;;		_EEPROM_ReadByte
  2303 ;; This function is called by:
  2304 ;;		_EEPROM_Save_Last_Trigger
  2305 ;; This function uses a non-reentrant model
  2306 ;;
  2307                           
  2308                           
  2309                           ;psect for function _EEPROM_WriteByte
  2310  0447                     _EEPROM_WriteByte:
  2311                           
  2312                           ;incstack = 0
  2313                           ; Regs used in _EEPROM_WriteByte: [wreg+status,2+status,0+pclath+cstack]
  2314                           ;EEPROM_WriteByte@address stored from wreg
  2315  0447  00F3               	movwf	EEPROM_WriteByte@address
  2316  0448                     l1771:
  2317                           
  2318                           ;EAS-Itank_RTC_Interface.c: 608: static void EEPROM_WriteByte(uint8_t address, uint8_t v
      +                          alue);EAS-Itank_RTC_Interface.c: 609: {;EAS-Itank_RTC_Interface.c: 610:     _Bool gie_wa
      +                          s_enabled;;EAS-Itank_RTC_Interface.c: 612:     if (EEPROM_ReadByte(address) == value)
  2319  0448  0873               	movf	EEPROM_WriteByte@address,w
  2320  0449  2329               	fcall	_EEPROM_ReadByte
  2321  044A  0671               	xorwf	EEPROM_WriteByte@value,w
  2322  044B  1D03               	skipz
  2323  044C  2C4E               	goto	u1041
  2324  044D  2C4F               	goto	u1040
  2325  044E                     u1041:
  2326  044E  2C50               	goto	l157
  2327  044F                     u1040:
  2328  044F  2C6F               	goto	l156
  2329  0450                     l157:	
  2330                           ;EAS-Itank_RTC_Interface.c: 618:     {;EAS-Itank_RTC_Interface.c: 620:     }
  2331                           
  2332                           
  2333                           ;EAS-Itank_RTC_Interface.c: 617:     while (EECON1bits.WR != 0)
  2334  0450  1683               	bsf	3,5	;RP0=1, select bank1
  2335  0451  189C               	btfsc	28,1	;volsfr
  2336  0452  2C54               	goto	u1051
  2337  0453  2C55               	goto	u1050
  2338  0454                     u1051:
  2339  0454  2C50               	goto	l157
  2340  0455                     u1050:
  2341  0455                     l1775:
  2342                           
  2343                           ;EAS-Itank_RTC_Interface.c: 622:     EEADR = address;
  2344  0455  0873               	movf	EEPROM_WriteByte@address,w
  2345  0456  009B               	movwf	27	;volatile
  2346                           
  2347                           ;EAS-Itank_RTC_Interface.c: 623:     EEDAT = value;
  2348  0457  0871               	movf	EEPROM_WriteByte@value,w
  2349  0458  009A               	movwf	26	;volatile
  2350  0459                     l1777:
  2351                           
  2352                           ;EAS-Itank_RTC_Interface.c: 625:     EECON1bits.WREN = 1;
  2353  0459  151C               	bsf	28,2	;volsfr
  2354  045A                     l1779:
  2355                           
  2356                           ;EAS-Itank_RTC_Interface.c: 627:     gie_was_enabled = (INTCONbits.GIE != 0);
  2357  045A  3000               	movlw	0
  2358  045B  1B8B               	btfsc	11,7	;volatile
  2359  045C  3001               	movlw	1
  2360  045D  00F2               	movwf	EEPROM_WriteByte@gie_was_enabled
  2361  045E                     l1781:
  2362                           
  2363                           ;EAS-Itank_RTC_Interface.c: 628:     INTCONbits.GIE = 0;
  2364  045E  138B               	bcf	11,7	;volatile
  2365  045F                     l1783:
  2366                           
  2367                           ;EAS-Itank_RTC_Interface.c: 630:     EECON2 = 0x55;
  2368  045F  3055               	movlw	85
  2369  0460  009D               	movwf	29	;volsfr
  2370  0461                     l1785:
  2371                           
  2372                           ;EAS-Itank_RTC_Interface.c: 631:     EECON2 = 0xAA;
  2373  0461  30AA               	movlw	170
  2374  0462  009D               	movwf	29	;volsfr
  2375  0463                     l1787:
  2376                           
  2377                           ;EAS-Itank_RTC_Interface.c: 632:     EECON1bits.WR = 1;
  2378  0463  149C               	bsf	28,1	;volsfr
  2379  0464                     l160:	
  2380                           ;EAS-Itank_RTC_Interface.c: 635:     {;EAS-Itank_RTC_Interface.c: 637:     }
  2381                           
  2382                           
  2383                           ;EAS-Itank_RTC_Interface.c: 634:     while (EECON1bits.WR != 0)
  2384  0464  189C               	btfsc	28,1	;volsfr
  2385  0465  2C67               	goto	u1061
  2386  0466  2C68               	goto	u1060
  2387  0467                     u1061:
  2388  0467  2C64               	goto	l160
  2389  0468                     u1060:
  2390  0468                     l162:
  2391                           
  2392                           ;EAS-Itank_RTC_Interface.c: 639:     EECON1bits.WREN = 0;
  2393  0468  111C               	bcf	28,2	;volsfr
  2394  0469                     l1789:
  2395                           
  2396                           ;EAS-Itank_RTC_Interface.c: 641:     if (gie_was_enabled)
  2397  0469  0872               	movf	EEPROM_WriteByte@gie_was_enabled,w
  2398  046A  1903               	btfsc	3,2
  2399  046B  2C6D               	goto	u1071
  2400  046C  2C6E               	goto	u1070
  2401  046D                     u1071:
  2402  046D  2C6F               	goto	l156
  2403  046E                     u1070:
  2404  046E                     l1791:
  2405                           
  2406                           ;EAS-Itank_RTC_Interface.c: 642:     {;EAS-Itank_RTC_Interface.c: 643:         INTCONbit
      +                          s.GIE = 1;
  2407  046E  178B               	bsf	11,7	;volatile
  2408  046F                     l156:
  2409  046F  0008               	return
  2410  0470                     __end_of_EEPROM_WriteByte:
  2411                           
  2412                           	psect	text16
  2413  0602                     __ptext16:	
  2414 ;; *************** function _EEPROM_Load_Last_Trigger *****************
  2415 ;; Defined at:
  2416 ;;		line 656 in file "EAS-Itank_RTC_Interface.c"
  2417 ;; Parameters:    Size  Location     Type
  2418 ;;  last_hour       1    wreg     PTR unsigned char 
  2419 ;;		 -> main@last_trigger_hour(1), 
  2420 ;;  last_minute     1    5[COMMON] PTR unsigned char 
  2421 ;;		 -> main@last_trigger_minute(1), 
  2422 ;;  last_date       1    6[COMMON] PTR unsigned char 
  2423 ;;		 -> main@last_trigger_date(1), 
  2424 ;;  last_month      1    7[COMMON] PTR unsigned char 
  2425 ;;		 -> main@last_trigger_month(1), 
  2426 ;;  last_year       1    8[COMMON] PTR unsigned char 
  2427 ;;		 -> main@last_trigger_year(1), 
  2428 ;; Auto vars:     Size  Location     Type
  2429 ;;  last_hour       1    1[BANK0 ] PTR unsigned char 
  2430 ;;		 -> main@last_trigger_hour(1), 
  2431 ;;  month           1    6[BANK0 ] unsigned char 
  2432 ;;  date            1    5[BANK0 ] unsigned char 
  2433 ;;  year            1    4[BANK0 ] unsigned char 
  2434 ;;  minute          1    3[BANK0 ] unsigned char 
  2435 ;;  hour            1    2[BANK0 ] unsigned char 
  2436 ;;  checksum        1    0[BANK0 ] unsigned char 
  2437 ;; Return value:  Size  Location     Type
  2438 ;;                  1    wreg      _Bool 
  2439 ;; Registers used:
  2440 ;;		wreg, fsr0l, fsr0h, status,2, status,0, pclath, cstack
  2441 ;; Tracked objects:
  2442 ;;		On entry : 0/0
  2443 ;;		On exit  : 0/0
  2444 ;;		Unchanged: 0/0
  2445 ;; Data sizes:     COMMON   BANK0   BANK1
  2446 ;;      Params:         4       0       0
  2447 ;;      Locals:         0       7       0
  2448 ;;      Temps:          4       0       0
  2449 ;;      Totals:         8       7       0
  2450 ;;Total ram usage:       15 bytes
  2451 ;; Hardware stack levels used:    1
  2452 ;; Hardware stack levels required when called:    1
  2453 ;; This function calls:
  2454 ;;		_EEPROM_ReadByte
  2455 ;;		_Trigger_Checksum
  2456 ;; This function is called by:
  2457 ;;		_main
  2458 ;; This function uses a non-reentrant model
  2459 ;;
  2460                           
  2461                           
  2462                           ;psect for function _EEPROM_Load_Last_Trigger
  2463  0602                     _EEPROM_Load_Last_Trigger:
  2464                           
  2465                           ;incstack = 0
  2466                           ; Regs used in _EEPROM_Load_Last_Trigger: [wreg-fsr0h+status,2+status,0+pclath+cstack]
  2467                           ;EEPROM_Load_Last_Trigger@last_hour stored from wreg
  2468  0602  1283               	bcf	3,5	;RP0=0, select bank0
  2469  0603  00A1               	movwf	EEPROM_Load_Last_Trigger@last_hour
  2470  0604                     l1979:
  2471                           
  2472                           ;EAS-Itank_RTC_Interface.c: 656: static _Bool EEPROM_Load_Last_Trigger(uint8_t *last_hou
      +                          r,;EAS-Itank_RTC_Interface.c: 657:                                       uint8_t *last_m
      +                          inute,;EAS-Itank_RTC_Interface.c: 658:                                       uint8_t *la
      +                          st_date,;EAS-Itank_RTC_Interface.c: 659:                                       uint8_t *
      +                          last_month,;EAS-Itank_RTC_Interface.c: 660:                                       uint8_
      +                          t *last_year);EAS-Itank_RTC_Interface.c: 661: {;EAS-Itank_RTC_Interface.c: 662:     uint
      +                          8_t hour;
  2473  0604  3000               	movlw	0
  2474  0605  2329               	fcall	_EEPROM_ReadByte
  2475  0606  3AA5               	xorlw	165
  2476  0607  1903               	skipnz
  2477  0608  2E0A               	goto	u1381
  2478  0609  2E0B               	goto	u1380
  2479  060A                     u1381:
  2480  060A  2E0C               	goto	l1983
  2481  060B                     u1380:
  2482  060B  2E95               	goto	l170
  2483  060C                     l1983:
  2484                           
  2485                           ;EAS-Itank_RTC_Interface.c: 674:     hour = EEPROM_ReadByte(1);
  2486  060C  3001               	movlw	1
  2487  060D  2329               	fcall	_EEPROM_ReadByte
  2488  060E  00F9               	movwf	??_EEPROM_Load_Last_Trigger
  2489  060F  0879               	movf	??_EEPROM_Load_Last_Trigger,w
  2490  0610  1283               	bcf	3,5	;RP0=0, select bank0
  2491  0611  00A2               	movwf	EEPROM_Load_Last_Trigger@hour
  2492                           
  2493                           ;EAS-Itank_RTC_Interface.c: 675:     minute = EEPROM_ReadByte(2);
  2494  0612  3002               	movlw	2
  2495  0613  2329               	fcall	_EEPROM_ReadByte
  2496  0614  00F9               	movwf	??_EEPROM_Load_Last_Trigger
  2497  0615  0879               	movf	??_EEPROM_Load_Last_Trigger,w
  2498  0616  1283               	bcf	3,5	;RP0=0, select bank0
  2499  0617  00A3               	movwf	EEPROM_Load_Last_Trigger@minute
  2500                           
  2501                           ;EAS-Itank_RTC_Interface.c: 676:     date = EEPROM_ReadByte(3);
  2502  0618  3003               	movlw	3
  2503  0619  2329               	fcall	_EEPROM_ReadByte
  2504  061A  00F9               	movwf	??_EEPROM_Load_Last_Trigger
  2505  061B  0879               	movf	??_EEPROM_Load_Last_Trigger,w
  2506  061C  1283               	bcf	3,5	;RP0=0, select bank0
  2507  061D  00A5               	movwf	EEPROM_Load_Last_Trigger@date
  2508                           
  2509                           ;EAS-Itank_RTC_Interface.c: 677:     month = EEPROM_ReadByte(4);
  2510  061E  3004               	movlw	4
  2511  061F  2329               	fcall	_EEPROM_ReadByte
  2512  0620  00F9               	movwf	??_EEPROM_Load_Last_Trigger
  2513  0621  0879               	movf	??_EEPROM_Load_Last_Trigger,w
  2514  0622  1283               	bcf	3,5	;RP0=0, select bank0
  2515  0623  00A6               	movwf	EEPROM_Load_Last_Trigger@month
  2516                           
  2517                           ;EAS-Itank_RTC_Interface.c: 678:     year = EEPROM_ReadByte(5);
  2518  0624  3005               	movlw	5
  2519  0625  2329               	fcall	_EEPROM_ReadByte
  2520  0626  00F9               	movwf	??_EEPROM_Load_Last_Trigger
  2521  0627  0879               	movf	??_EEPROM_Load_Last_Trigger,w
  2522  0628  1283               	bcf	3,5	;RP0=0, select bank0
  2523  0629  00A4               	movwf	EEPROM_Load_Last_Trigger@year
  2524                           
  2525                           ;EAS-Itank_RTC_Interface.c: 679:     checksum = EEPROM_ReadByte(6);
  2526  062A  3006               	movlw	6
  2527  062B  2329               	fcall	_EEPROM_ReadByte
  2528  062C  00F9               	movwf	??_EEPROM_Load_Last_Trigger
  2529  062D  0879               	movf	??_EEPROM_Load_Last_Trigger,w
  2530  062E  1283               	bcf	3,5	;RP0=0, select bank0
  2531  062F  00A0               	movwf	EEPROM_Load_Last_Trigger@checksum
  2532  0630                     l1985:
  2533                           
  2534                           ;EAS-Itank_RTC_Interface.c: 681:     if (checksum != Trigger_Checksum(hour, minute, date
      +                          , month, year))
  2535  0630  0823               	movf	EEPROM_Load_Last_Trigger@minute,w
  2536  0631  00F9               	movwf	??_EEPROM_Load_Last_Trigger
  2537  0632  0879               	movf	??_EEPROM_Load_Last_Trigger,w
  2538  0633  00F0               	movwf	Trigger_Checksum@minute
  2539  0634  0825               	movf	EEPROM_Load_Last_Trigger@date,w
  2540  0635  00FA               	movwf	??_EEPROM_Load_Last_Trigger+1
  2541  0636  087A               	movf	??_EEPROM_Load_Last_Trigger+1,w
  2542  0637  00F1               	movwf	Trigger_Checksum@date
  2543  0638  0826               	movf	EEPROM_Load_Last_Trigger@month,w
  2544  0639  00FB               	movwf	??_EEPROM_Load_Last_Trigger+2
  2545  063A  087B               	movf	??_EEPROM_Load_Last_Trigger+2,w
  2546  063B  00F2               	movwf	Trigger_Checksum@month
  2547  063C  0824               	movf	EEPROM_Load_Last_Trigger@year,w
  2548  063D  00FC               	movwf	??_EEPROM_Load_Last_Trigger+3
  2549  063E  087C               	movf	??_EEPROM_Load_Last_Trigger+3,w
  2550  063F  00F3               	movwf	Trigger_Checksum@year
  2551  0640  0822               	movf	EEPROM_Load_Last_Trigger@hour,w
  2552  0641  2310               	fcall	_Trigger_Checksum
  2553  0642  1283               	bcf	3,5	;RP0=0, select bank0
  2554  0643  0620               	xorwf	EEPROM_Load_Last_Trigger@checksum,w
  2555  0644  1903               	skipnz
  2556  0645  2E47               	goto	u1391
  2557  0646  2E48               	goto	u1390
  2558  0647                     u1391:
  2559  0647  2E49               	goto	l1989
  2560  0648                     u1390:
  2561  0648  2E95               	goto	l170
  2562  0649                     l1989:
  2563                           
  2564                           ;EAS-Itank_RTC_Interface.c: 686:     if (hour > 23)
  2565  0649  3018               	movlw	24
  2566  064A  0222               	subwf	EEPROM_Load_Last_Trigger@hour,w
  2567  064B  1C03               	skipc
  2568  064C  2E4E               	goto	u1401
  2569  064D  2E4F               	goto	u1400
  2570  064E                     u1401:
  2571  064E  2E50               	goto	l1993
  2572  064F                     u1400:
  2573  064F  2E95               	goto	l170
  2574  0650                     l1993:
  2575                           
  2576                           ;EAS-Itank_RTC_Interface.c: 691:     if (minute > 59)
  2577  0650  303C               	movlw	60
  2578  0651  0223               	subwf	EEPROM_Load_Last_Trigger@minute,w
  2579  0652  1C03               	skipc
  2580  0653  2E55               	goto	u1411
  2581  0654  2E56               	goto	u1410
  2582  0655                     u1411:
  2583  0655  2E57               	goto	l1997
  2584  0656                     u1410:
  2585  0656  2E95               	goto	l170
  2586  0657                     l1997:
  2587                           
  2588                           ;EAS-Itank_RTC_Interface.c: 696:     if ((date < 1) || (date > 31))
  2589  0657  0825               	movf	EEPROM_Load_Last_Trigger@date,w
  2590  0658  1903               	btfsc	3,2
  2591  0659  2E5B               	goto	u1421
  2592  065A  2E5C               	goto	u1420
  2593  065B                     u1421:
  2594  065B  2E95               	goto	l170
  2595  065C                     u1420:
  2596  065C                     l1999:
  2597  065C  3020               	movlw	32
  2598  065D  0225               	subwf	EEPROM_Load_Last_Trigger@date,w
  2599  065E  1C03               	skipc
  2600  065F  2E61               	goto	u1431
  2601  0660  2E62               	goto	u1430
  2602  0661                     u1431:
  2603  0661  2E63               	goto	l2001
  2604  0662                     u1430:
  2605  0662  2E95               	goto	l170
  2606  0663                     l2001:
  2607                           
  2608                           ;EAS-Itank_RTC_Interface.c: 701:     if ((month < 1) || (month > 12))
  2609  0663  0826               	movf	EEPROM_Load_Last_Trigger@month,w
  2610  0664  1903               	btfsc	3,2
  2611  0665  2E67               	goto	u1441
  2612  0666  2E68               	goto	u1440
  2613  0667                     u1441:
  2614  0667  2E95               	goto	l170
  2615  0668                     u1440:
  2616  0668                     l2003:
  2617  0668  300D               	movlw	13
  2618  0669  0226               	subwf	EEPROM_Load_Last_Trigger@month,w
  2619  066A  1C03               	skipc
  2620  066B  2E6D               	goto	u1451
  2621  066C  2E6E               	goto	u1450
  2622  066D                     u1451:
  2623  066D  2E6F               	goto	l2005
  2624  066E                     u1450:
  2625  066E  2E95               	goto	l170
  2626  066F                     l2005:
  2627                           
  2628                           ;EAS-Itank_RTC_Interface.c: 706:     if (year > 99)
  2629  066F  3064               	movlw	100
  2630  0670  0224               	subwf	EEPROM_Load_Last_Trigger@year,w
  2631  0671  1C03               	skipc
  2632  0672  2E74               	goto	u1461
  2633  0673  2E75               	goto	u1460
  2634  0674                     u1461:
  2635  0674  2E76               	goto	l2009
  2636  0675                     u1460:
  2637  0675  2E95               	goto	l170
  2638  0676                     l2009:
  2639                           
  2640                           ;EAS-Itank_RTC_Interface.c: 711:     *last_hour = hour;
  2641  0676  0822               	movf	EEPROM_Load_Last_Trigger@hour,w
  2642  0677  00F9               	movwf	??_EEPROM_Load_Last_Trigger
  2643  0678  0821               	movf	EEPROM_Load_Last_Trigger@last_hour,w
  2644  0679  0084               	movwf	4
  2645  067A  0879               	movf	??_EEPROM_Load_Last_Trigger,w
  2646  067B  1383               	bcf	3,7	;select IRP bank0
  2647  067C  0080               	movwf	0
  2648                           
  2649                           ;EAS-Itank_RTC_Interface.c: 712:     *last_minute = minute;
  2650  067D  0823               	movf	EEPROM_Load_Last_Trigger@minute,w
  2651  067E  00F9               	movwf	??_EEPROM_Load_Last_Trigger
  2652  067F  0875               	movf	EEPROM_Load_Last_Trigger@last_minute,w
  2653  0680  0084               	movwf	4
  2654  0681  0879               	movf	??_EEPROM_Load_Last_Trigger,w
  2655  0682  0080               	movwf	0
  2656                           
  2657                           ;EAS-Itank_RTC_Interface.c: 713:     *last_date = date;
  2658  0683  0825               	movf	EEPROM_Load_Last_Trigger@date,w
  2659  0684  00F9               	movwf	??_EEPROM_Load_Last_Trigger
  2660  0685  0876               	movf	EEPROM_Load_Last_Trigger@last_date,w
  2661  0686  0084               	movwf	4
  2662  0687  0879               	movf	??_EEPROM_Load_Last_Trigger,w
  2663  0688  0080               	movwf	0
  2664                           
  2665                           ;EAS-Itank_RTC_Interface.c: 714:     *last_month = month;
  2666  0689  0826               	movf	EEPROM_Load_Last_Trigger@month,w
  2667  068A  00F9               	movwf	??_EEPROM_Load_Last_Trigger
  2668  068B  0877               	movf	EEPROM_Load_Last_Trigger@last_month,w
  2669  068C  0084               	movwf	4
  2670  068D  0879               	movf	??_EEPROM_Load_Last_Trigger,w
  2671  068E  0080               	movwf	0
  2672                           
  2673                           ;EAS-Itank_RTC_Interface.c: 715:     *last_year = year;
  2674  068F  0824               	movf	EEPROM_Load_Last_Trigger@year,w
  2675  0690  00F9               	movwf	??_EEPROM_Load_Last_Trigger
  2676  0691  0878               	movf	EEPROM_Load_Last_Trigger@last_year,w
  2677  0692  0084               	movwf	4
  2678  0693  0879               	movf	??_EEPROM_Load_Last_Trigger,w
  2679  0694  0080               	movwf	0
  2680  0695                     l170:
  2681  0695  0008               	return
  2682  0696                     __end_of_EEPROM_Load_Last_Trigger:
  2683                           
  2684                           	psect	text17
  2685  0310                     __ptext17:	
  2686 ;; *************** function _Trigger_Checksum *****************
  2687 ;; Defined at:
  2688 ;;		line 647 in file "EAS-Itank_RTC_Interface.c"
  2689 ;; Parameters:    Size  Location     Type
  2690 ;;  hour            1    wreg     unsigned char 
  2691 ;;  minute          1    0[COMMON] unsigned char 
  2692 ;;  date            1    1[COMMON] unsigned char 
  2693 ;;  month           1    2[COMMON] unsigned char 
  2694 ;;  year            1    3[COMMON] unsigned char 
  2695 ;; Auto vars:     Size  Location     Type
  2696 ;;  hour            1    4[COMMON] unsigned char 
  2697 ;; Return value:  Size  Location     Type
  2698 ;;                  1    wreg      unsigned char 
  2699 ;; Registers used:
  2700 ;;		wreg, status,2, status,0
  2701 ;; Tracked objects:
  2702 ;;		On entry : 0/0
  2703 ;;		On exit  : 0/0
  2704 ;;		Unchanged: 0/0
  2705 ;; Data sizes:     COMMON   BANK0   BANK1
  2706 ;;      Params:         4       0       0
  2707 ;;      Locals:         1       0       0
  2708 ;;      Temps:          0       0       0
  2709 ;;      Totals:         5       0       0
  2710 ;;Total ram usage:        5 bytes
  2711 ;; Hardware stack levels used:    1
  2712 ;; This function calls:
  2713 ;;		Nothing
  2714 ;; This function is called by:
  2715 ;;		_EEPROM_Load_Last_Trigger
  2716 ;;		_EEPROM_Save_Last_Trigger
  2717 ;; This function uses a non-reentrant model
  2718 ;;
  2719                           
  2720                           
  2721                           ;psect for function _Trigger_Checksum
  2722  0310                     _Trigger_Checksum:
  2723                           
  2724                           ;incstack = 0
  2725                           ; Regs used in _Trigger_Checksum: [wreg+status,2+status,0]
  2726                           ;Trigger_Checksum@hour stored from wreg
  2727  0310  00F4               	movwf	Trigger_Checksum@hour
  2728  0311                     l1793:
  2729                           
  2730                           ;EAS-Itank_RTC_Interface.c: 647: static uint8_t Trigger_Checksum(uint8_t hour,;EAS-Itank
      +                          _RTC_Interface.c: 648:                                 uint8_t minute,;EAS-Itank_RTC_Int
      +                          erface.c: 649:                                 uint8_t date,;EAS-Itank_RTC_Interface.c: 
      +                          650:                                 uint8_t month,;EAS-Itank_RTC_Interface.c: 651:     
      +                                                      uint8_t year);EAS-Itank_RTC_Interface.c: 652: {;EAS-Itank_RT
      +                          C_Interface.c: 653:     return (uint8_t)(hour ^ minute ^ date ^ month ^ year ^ 0x5A);
  2731  0311  0874               	movf	Trigger_Checksum@hour,w
  2732  0312  0670               	xorwf	Trigger_Checksum@minute,w
  2733  0313  0671               	xorwf	Trigger_Checksum@date,w
  2734  0314  0672               	xorwf	Trigger_Checksum@month,w
  2735  0315  0673               	xorwf	Trigger_Checksum@year,w
  2736  0316  3A5A               	xorlw	90
  2737  0317                     l166:
  2738  0317  0008               	return
  2739  0318                     __end_of_Trigger_Checksum:
  2740                           
  2741                           	psect	text18
  2742  0329                     __ptext18:	
  2743 ;; *************** function _EEPROM_ReadByte *****************
  2744 ;; Defined at:
  2745 ;;		line 595 in file "EAS-Itank_RTC_Interface.c"
  2746 ;; Parameters:    Size  Location     Type
  2747 ;;  address         1    wreg     unsigned char 
  2748 ;; Auto vars:     Size  Location     Type
  2749 ;;  address         1    0[COMMON] unsigned char 
  2750 ;; Return value:  Size  Location     Type
  2751 ;;                  1    wreg      unsigned char 
  2752 ;; Registers used:
  2753 ;;		wreg
  2754 ;; Tracked objects:
  2755 ;;		On entry : 0/0
  2756 ;;		On exit  : 0/0
  2757 ;;		Unchanged: 0/0
  2758 ;; Data sizes:     COMMON   BANK0   BANK1
  2759 ;;      Params:         0       0       0
  2760 ;;      Locals:         1       0       0
  2761 ;;      Temps:          0       0       0
  2762 ;;      Totals:         1       0       0
  2763 ;;Total ram usage:        1 bytes
  2764 ;; Hardware stack levels used:    1
  2765 ;; This function calls:
  2766 ;;		Nothing
  2767 ;; This function is called by:
  2768 ;;		_EEPROM_WriteByte
  2769 ;;		_EEPROM_Load_Last_Trigger
  2770 ;; This function uses a non-reentrant model
  2771 ;;
  2772                           
  2773                           
  2774                           ;psect for function _EEPROM_ReadByte
  2775  0329                     _EEPROM_ReadByte:
  2776                           
  2777                           ;incstack = 0
  2778                           ; Regs used in _EEPROM_ReadByte: [wreg]
  2779                           ;EEPROM_ReadByte@address stored from wreg
  2780  0329  00F0               	movwf	EEPROM_ReadByte@address
  2781  032A                     l1681:
  2782  032A                     l149:	
  2783                           ;EAS-Itank_RTC_Interface.c: 598:     {;EAS-Itank_RTC_Interface.c: 600:     }
  2784                           
  2785                           
  2786                           ;EAS-Itank_RTC_Interface.c: 597:     while (EECON1bits.WR != 0)
  2787  032A  1683               	bsf	3,5	;RP0=1, select bank1
  2788  032B  189C               	btfsc	28,1	;volsfr
  2789  032C  2B2E               	goto	u951
  2790  032D  2B2F               	goto	u950
  2791  032E                     u951:
  2792  032E  2B2A               	goto	l149
  2793  032F                     u950:
  2794  032F                     l1683:
  2795                           
  2796                           ;EAS-Itank_RTC_Interface.c: 602:     EEADR = address;
  2797  032F  0870               	movf	EEPROM_ReadByte@address,w
  2798  0330  009B               	movwf	27	;volatile
  2799  0331                     l1685:
  2800                           
  2801                           ;EAS-Itank_RTC_Interface.c: 603:     EECON1bits.RD = 1;
  2802  0331  141C               	bsf	28,0	;volsfr
  2803                           
  2804                           ;EAS-Itank_RTC_Interface.c: 605:     return EEDAT;
  2805  0332  081A               	movf	26,w	;volatile
  2806  0333                     l152:
  2807  0333  0008               	return
  2808  0334                     __end_of_EEPROM_ReadByte:
  2809                           
  2810                           	psect	text19
  2811  0401                     __ptext19:	
  2812 ;; *************** function _DS3231_ReadTime_With_Retry *****************
  2813 ;; Defined at:
  2814 ;;		line 871 in file "EAS-Itank_RTC_Interface.c"
  2815 ;; Parameters:    Size  Location     Type
  2816 ;;  time            1    wreg     PTR struct .
  2817 ;;		 -> main@now(7), 
  2818 ;; Auto vars:     Size  Location     Type
  2819 ;;  time            1   12[COMMON] PTR struct .
  2820 ;;		 -> main@now(7), 
  2821 ;;  attempt         1   11[COMMON] unsigned char 
  2822 ;; Return value:  Size  Location     Type
  2823 ;;                  1    wreg      _Bool 
  2824 ;; Registers used:
  2825 ;;		wreg, fsr0l, fsr0h, status,2, status,0, pclath, cstack
  2826 ;; Tracked objects:
  2827 ;;		On entry : 0/0
  2828 ;;		On exit  : 0/0
  2829 ;;		Unchanged: 0/0
  2830 ;; Data sizes:     COMMON   BANK0   BANK1
  2831 ;;      Params:         0       0       0
  2832 ;;      Locals:         2       0       0
  2833 ;;      Temps:          1       0       0
  2834 ;;      Totals:         3       0       0
  2835 ;;Total ram usage:        3 bytes
  2836 ;; Hardware stack levels used:    1
  2837 ;; Hardware stack levels required when called:    3
  2838 ;; This function calls:
  2839 ;;		_DS3231_ReadTime
  2840 ;;		_Delay_Approx_250ms
  2841 ;;		_I2C_Init
  2842 ;;		_RTC_Time_Is_Valid
  2843 ;;		_Relay_Off
  2844 ;; This function is called by:
  2845 ;;		_main
  2846 ;; This function uses a non-reentrant model
  2847 ;;
  2848                           
  2849                           
  2850                           ;psect for function _DS3231_ReadTime_With_Retry
  2851  0401                     _DS3231_ReadTime_With_Retry:
  2852                           
  2853                           ;incstack = 0
  2854                           ; Regs used in _DS3231_ReadTime_With_Retry: [wreg-fsr0h+status,2+status,0+pclath+cstack]
  2855                           ;DS3231_ReadTime_With_Retry@time stored from wreg
  2856  0401  00FC               	movwf	DS3231_ReadTime_With_Retry@time
  2857  0402                     l2015:
  2858                           
  2859                           ;EAS-Itank_RTC_Interface.c: 871: static _Bool DS3231_ReadTime_With_Retry(RTC_Time *time)
      +                          ;EAS-Itank_RTC_Interface.c: 872: {;EAS-Itank_RTC_Interface.c: 873:     uint8_t attempt;;
      +                          EAS-Itank_RTC_Interface.c: 875:     for (attempt = 0; attempt < 3; attempt++)
  2860  0402  01FB               	clrf	DS3231_ReadTime_With_Retry@attempt
  2861  0403                     l2021:
  2862                           
  2863                           ;EAS-Itank_RTC_Interface.c: 876:     {;EAS-Itank_RTC_Interface.c: 877:         I2C_Init(
      +                          );
  2864  0403  22E2               	fcall	_I2C_Init
  2865  0404                     l2023:
  2866                           
  2867                           ;EAS-Itank_RTC_Interface.c: 879:         if (DS3231_ReadTime(time))
  2868  0404  087C               	movf	DS3231_ReadTime_With_Retry@time,w
  2869  0405  2733               	fcall	_DS3231_ReadTime
  2870  0406  3A00               	xorlw	0
  2871  0407  1903               	skipnz
  2872  0408  2C0A               	goto	u1471
  2873  0409  2C0B               	goto	u1470
  2874  040A                     u1471:
  2875  040A  2C14               	goto	l2031
  2876  040B                     u1470:
  2877  040B                     l2025:
  2878                           
  2879                           ;EAS-Itank_RTC_Interface.c: 880:         {;EAS-Itank_RTC_Interface.c: 881:             i
      +                          f (RTC_Time_Is_Valid(time))
  2880  040B  087C               	movf	DS3231_ReadTime_With_Retry@time,w
  2881  040C  25A1               	fcall	_RTC_Time_Is_Valid
  2882  040D  3A00               	xorlw	0
  2883  040E  1903               	skipnz
  2884  040F  2C11               	goto	u1481
  2885  0410  2C12               	goto	u1480
  2886  0411                     u1481:
  2887  0411  2C14               	goto	l2031
  2888  0412                     u1480:
  2889  0412                     l2027:
  2890                           
  2891                           ;EAS-Itank_RTC_Interface.c: 882:             {;EAS-Itank_RTC_Interface.c: 883:          
      +                                 return 1;
  2892  0412  3001               	movlw	1
  2893  0413  2C22               	goto	l218
  2894  0414                     l2031:
  2895                           
  2896                           ;EAS-Itank_RTC_Interface.c: 887:         Relay_Off();
  2897  0414  22D8               	fcall	_Relay_Off
  2898  0415                     l2033:
  2899                           
  2900                           ;EAS-Itank_RTC_Interface.c: 888:         I2C_Init();
  2901  0415  22E2               	fcall	_I2C_Init
  2902  0416                     l2035:
  2903                           
  2904                           ;EAS-Itank_RTC_Interface.c: 889:         Delay_Approx_250ms();
  2905  0416  233F               	fcall	_Delay_Approx_250ms
  2906  0417                     l2037:
  2907                           
  2908                           ;EAS-Itank_RTC_Interface.c: 890:     }
  2909  0417  3001               	movlw	1
  2910  0418  00FA               	movwf	??_DS3231_ReadTime_With_Retry
  2911  0419  087A               	movf	??_DS3231_ReadTime_With_Retry,w
  2912  041A  07FB               	addwf	DS3231_ReadTime_With_Retry@attempt,f
  2913  041B                     l2039:
  2914  041B  3003               	movlw	3
  2915  041C  027B               	subwf	DS3231_ReadTime_With_Retry@attempt,w
  2916  041D  1C03               	skipc
  2917  041E  2C20               	goto	u1491
  2918  041F  2C21               	goto	u1490
  2919  0420                     u1491:
  2920  0420  2C03               	goto	l2021
  2921  0421                     u1490:
  2922  0421                     l2041:
  2923                           
  2924                           ;EAS-Itank_RTC_Interface.c: 892:     return 0;
  2925  0421  3000               	movlw	0
  2926  0422                     l218:
  2927  0422  0008               	return
  2928  0423                     __end_of_DS3231_ReadTime_With_Retry:
  2929                           
  2930                           	psect	text20
  2931  02D8                     __ptext20:	
  2932 ;; *************** function _Relay_Off *****************
  2933 ;; Defined at:
  2934 ;;		line 225 in file "EAS-Itank_RTC_Interface.c"
  2935 ;; Parameters:    Size  Location     Type
  2936 ;;		None
  2937 ;; Auto vars:     Size  Location     Type
  2938 ;;		None
  2939 ;; Return value:  Size  Location     Type
  2940 ;;                  1    wreg      void 
  2941 ;; Registers used:
  2942 ;;		None
  2943 ;; Tracked objects:
  2944 ;;		On entry : 0/0
  2945 ;;		On exit  : 0/0
  2946 ;;		Unchanged: 0/0
  2947 ;; Data sizes:     COMMON   BANK0   BANK1
  2948 ;;      Params:         0       0       0
  2949 ;;      Locals:         0       0       0
  2950 ;;      Temps:          0       0       0
  2951 ;;      Totals:         0       0       0
  2952 ;;Total ram usage:        0 bytes
  2953 ;; Hardware stack levels used:    1
  2954 ;; This function calls:
  2955 ;;		Nothing
  2956 ;; This function is called by:
  2957 ;;		_Relay_Reset_Pulse
  2958 ;;		_Test_Delay_Seconds_Abortable
  2959 ;;		_Relay_Test_Cycle
  2960 ;;		_DS3231_ReadTime_With_Retry
  2961 ;;		_Init_Device
  2962 ;;		_main
  2963 ;;		_Safe_Fault_Idle_Forever
  2964 ;; This function uses a non-reentrant model
  2965 ;;
  2966                           
  2967                           
  2968                           ;psect for function _Relay_Off
  2969  02D8                     _Relay_Off:
  2970  02D8                     l1555:	
  2971                           ;incstack = 0
  2972                           ; Regs used in _Relay_Off: []
  2973                           
  2974                           
  2975                           ;EAS-Itank_RTC_Interface.c: 227:     GPIObits.GP0 = 0;
  2976  02D8  1283               	bcf	3,5	;RP0=0, select bank0
  2977  02D9  1005               	bcf	5,0	;volatile
  2978  02DA                     l44:
  2979  02DA  0008               	return
  2980  02DB                     __end_of_Relay_Off:
  2981                           
  2982                           	psect	text21
  2983  05A1                     __ptext21:	
  2984 ;; *************** function _RTC_Time_Is_Valid *****************
  2985 ;; Defined at:
  2986 ;;		line 831 in file "EAS-Itank_RTC_Interface.c"
  2987 ;; Parameters:    Size  Location     Type
  2988 ;;  time            1    wreg     PTR const struct .
  2989 ;;		 -> main@now(7), 
  2990 ;; Auto vars:     Size  Location     Type
  2991 ;;  time            1    0[COMMON] PTR const struct .
  2992 ;;		 -> main@now(7), 
  2993 ;; Return value:  Size  Location     Type
  2994 ;;                  1    wreg      _Bool 
  2995 ;; Registers used:
  2996 ;;		wreg, fsr0l, fsr0h, status,2, status,0
  2997 ;; Tracked objects:
  2998 ;;		On entry : 0/0
  2999 ;;		On exit  : 0/0
  3000 ;;		Unchanged: 0/0
  3001 ;; Data sizes:     COMMON   BANK0   BANK1
  3002 ;;      Params:         0       0       0
  3003 ;;      Locals:         1       0       0
  3004 ;;      Temps:          0       0       0
  3005 ;;      Totals:         1       0       0
  3006 ;;Total ram usage:        1 bytes
  3007 ;; Hardware stack levels used:    1
  3008 ;; This function calls:
  3009 ;;		Nothing
  3010 ;; This function is called by:
  3011 ;;		_DS3231_ReadTime_With_Retry
  3012 ;; This function uses a non-reentrant model
  3013 ;;
  3014                           
  3015                           
  3016                           ;psect for function _RTC_Time_Is_Valid
  3017  05A1                     _RTC_Time_Is_Valid:
  3018                           
  3019                           ;incstack = 0
  3020                           ; Regs used in _RTC_Time_Is_Valid: [wreg-fsr0h+status,2+status,0]
  3021                           ;RTC_Time_Is_Valid@time stored from wreg
  3022  05A1  00F0               	movwf	RTC_Time_Is_Valid@time
  3023  05A2                     l1851:
  3024                           
  3025                           ;EAS-Itank_RTC_Interface.c: 831: static _Bool RTC_Time_Is_Valid(const RTC_Time *time);EA
      +                          S-Itank_RTC_Interface.c: 832: {;EAS-Itank_RTC_Interface.c: 833:     if (time->second > 5
      +                          9)
  3026  05A2  0870               	movf	RTC_Time_Is_Valid@time,w
  3027  05A3  0084               	movwf	4
  3028  05A4  303C               	movlw	60
  3029  05A5  1383               	bcf	3,7	;select IRP bank0
  3030  05A6  0200               	subwf	0,w
  3031  05A7  1C03               	skipc
  3032  05A8  2DAA               	goto	u1171
  3033  05A9  2DAB               	goto	u1170
  3034  05AA                     u1171:
  3035  05AA  2DAD               	goto	l1857
  3036  05AB                     u1170:
  3037  05AB                     l1853:
  3038                           
  3039                           ;EAS-Itank_RTC_Interface.c: 834:     {;EAS-Itank_RTC_Interface.c: 835:         return 0;
  3040  05AB  3000               	movlw	0
  3041  05AC  2E01               	goto	l199
  3042  05AD                     l1857:
  3043                           
  3044                           ;EAS-Itank_RTC_Interface.c: 838:     if (time->minute > 59)
  3045  05AD  0A70               	incf	RTC_Time_Is_Valid@time,w
  3046  05AE  0084               	movwf	4
  3047  05AF  303C               	movlw	60
  3048  05B0  0200               	subwf	0,w
  3049  05B1  1C03               	skipc
  3050  05B2  2DB4               	goto	u1181
  3051  05B3  2DB5               	goto	u1180
  3052  05B4                     u1181:
  3053  05B4  2DB6               	goto	l1863
  3054  05B5                     u1180:
  3055  05B5  2DAB               	goto	l1853
  3056  05B6                     l1863:
  3057                           
  3058                           ;EAS-Itank_RTC_Interface.c: 843:     if (time->hour > 23)
  3059  05B6  0870               	movf	RTC_Time_Is_Valid@time,w
  3060  05B7  3E02               	addlw	2
  3061  05B8  0084               	movwf	4
  3062  05B9  3018               	movlw	24
  3063  05BA  0200               	subwf	0,w
  3064  05BB  1C03               	skipc
  3065  05BC  2DBE               	goto	u1191
  3066  05BD  2DBF               	goto	u1190
  3067  05BE                     u1191:
  3068  05BE  2DC0               	goto	l1869
  3069  05BF                     u1190:
  3070  05BF  2DAB               	goto	l1853
  3071  05C0                     l1869:
  3072                           
  3073                           ;EAS-Itank_RTC_Interface.c: 848:     if ((time->day_of_week < 1) || (time->day_of_week >
      +                           7))
  3074  05C0  0870               	movf	RTC_Time_Is_Valid@time,w
  3075  05C1  3E03               	addlw	3
  3076  05C2  0084               	movwf	4
  3077  05C3  0800               	movf	0,w
  3078  05C4  1903               	btfsc	3,2
  3079  05C5  2DC7               	goto	u1201
  3080  05C6  2DC8               	goto	u1200
  3081  05C7                     u1201:
  3082  05C7  2DAB               	goto	l1853
  3083  05C8                     u1200:
  3084  05C8                     l1871:
  3085  05C8  0870               	movf	RTC_Time_Is_Valid@time,w
  3086  05C9  3E03               	addlw	3
  3087  05CA  0084               	movwf	4
  3088  05CB  3008               	movlw	8
  3089  05CC  0200               	subwf	0,w
  3090  05CD  1C03               	skipc
  3091  05CE  2DD0               	goto	u1211
  3092  05CF  2DD1               	goto	u1210
  3093  05D0                     u1211:
  3094  05D0  2DD2               	goto	l1877
  3095  05D1                     u1210:
  3096  05D1  2DAB               	goto	l1853
  3097  05D2                     l1877:
  3098                           
  3099                           ;EAS-Itank_RTC_Interface.c: 853:     if ((time->date < 1) || (time->date > 31))
  3100  05D2  0870               	movf	RTC_Time_Is_Valid@time,w
  3101  05D3  3E04               	addlw	4
  3102  05D4  0084               	movwf	4
  3103  05D5  0800               	movf	0,w
  3104  05D6  1903               	btfsc	3,2
  3105  05D7  2DD9               	goto	u1221
  3106  05D8  2DDA               	goto	u1220
  3107  05D9                     u1221:
  3108  05D9  2DAB               	goto	l1853
  3109  05DA                     u1220:
  3110  05DA                     l1879:
  3111  05DA  0870               	movf	RTC_Time_Is_Valid@time,w
  3112  05DB  3E04               	addlw	4
  3113  05DC  0084               	movwf	4
  3114  05DD  3020               	movlw	32
  3115  05DE  0200               	subwf	0,w
  3116  05DF  1C03               	skipc
  3117  05E0  2DE2               	goto	u1231
  3118  05E1  2DE3               	goto	u1230
  3119  05E2                     u1231:
  3120  05E2  2DE4               	goto	l1885
  3121  05E3                     u1230:
  3122  05E3  2DAB               	goto	l1853
  3123  05E4                     l1885:
  3124                           
  3125                           ;EAS-Itank_RTC_Interface.c: 858:     if ((time->month < 1) || (time->month > 12))
  3126  05E4  0870               	movf	RTC_Time_Is_Valid@time,w
  3127  05E5  3E05               	addlw	5
  3128  05E6  0084               	movwf	4
  3129  05E7  0800               	movf	0,w
  3130  05E8  1903               	btfsc	3,2
  3131  05E9  2DEB               	goto	u1241
  3132  05EA  2DEC               	goto	u1240
  3133  05EB                     u1241:
  3134  05EB  2DAB               	goto	l1853
  3135  05EC                     u1240:
  3136  05EC                     l1887:
  3137  05EC  0870               	movf	RTC_Time_Is_Valid@time,w
  3138  05ED  3E05               	addlw	5
  3139  05EE  0084               	movwf	4
  3140  05EF  300D               	movlw	13
  3141  05F0  0200               	subwf	0,w
  3142  05F1  1C03               	skipc
  3143  05F2  2DF4               	goto	u1251
  3144  05F3  2DF5               	goto	u1250
  3145  05F4                     u1251:
  3146  05F4  2DF6               	goto	l1893
  3147  05F5                     u1250:
  3148  05F5  2DAB               	goto	l1853
  3149  05F6                     l1893:
  3150                           
  3151                           ;EAS-Itank_RTC_Interface.c: 863:     if (time->year > 99)
  3152  05F6  0870               	movf	RTC_Time_Is_Valid@time,w
  3153  05F7  3E06               	addlw	6
  3154  05F8  0084               	movwf	4
  3155  05F9  3064               	movlw	100
  3156  05FA  0200               	subwf	0,w
  3157  05FB  1C03               	skipc
  3158  05FC  2DFE               	goto	u1261
  3159  05FD  2DFF               	goto	u1260
  3160  05FE                     u1261:
  3161  05FE  2E00               	goto	l1899
  3162  05FF                     u1260:
  3163  05FF  2DAB               	goto	l1853
  3164  0600                     l1899:
  3165                           
  3166                           ;EAS-Itank_RTC_Interface.c: 868:     return 1;
  3167  0600  3001               	movlw	1
  3168  0601                     l199:
  3169  0601  0008               	return
  3170  0602                     __end_of_RTC_Time_Is_Valid:
  3171                           
  3172                           	psect	text22
  3173  02E2                     __ptext22:	
  3174 ;; *************** function _I2C_Init *****************
  3175 ;; Defined at:
  3176 ;;		line 447 in file "EAS-Itank_RTC_Interface.c"
  3177 ;; Parameters:    Size  Location     Type
  3178 ;;		None
  3179 ;; Auto vars:     Size  Location     Type
  3180 ;;		None
  3181 ;; Return value:  Size  Location     Type
  3182 ;;                  1    wreg      void 
  3183 ;; Registers used:
  3184 ;;		wreg, status,2, status,0, pclath, cstack
  3185 ;; Tracked objects:
  3186 ;;		On entry : 0/0
  3187 ;;		On exit  : 0/0
  3188 ;;		Unchanged: 0/0
  3189 ;; Data sizes:     COMMON   BANK0   BANK1
  3190 ;;      Params:         0       0       0
  3191 ;;      Locals:         0       0       0
  3192 ;;      Temps:          0       0       0
  3193 ;;      Totals:         0       0       0
  3194 ;;Total ram usage:        0 bytes
  3195 ;; Hardware stack levels used:    1
  3196 ;; Hardware stack levels required when called:    1
  3197 ;; This function calls:
  3198 ;;		_I2C_Delay
  3199 ;;		_SCL_Release
  3200 ;;		_SDA_Release
  3201 ;; This function is called by:
  3202 ;;		_DS3231_ReadTime_With_Retry
  3203 ;;		_main
  3204 ;;		_Safe_Fault_Idle_Forever
  3205 ;; This function uses a non-reentrant model
  3206 ;;
  3207                           
  3208                           
  3209                           ;psect for function _I2C_Init
  3210  02E2                     _I2C_Init:
  3211  02E2                     l1767:	
  3212                           ;incstack = 0
  3213                           ; Regs used in _I2C_Init: [wreg+status,2+status,0+pclath+cstack]
  3214                           
  3215                           
  3216                           ;EAS-Itank_RTC_Interface.c: 449:     SDA_Release();
  3217  02E2  22D5               	fcall	_SDA_Release
  3218                           
  3219                           ;EAS-Itank_RTC_Interface.c: 450:     SCL_Release();
  3220  02E3  22D2               	fcall	_SCL_Release
  3221  02E4                     l1769:
  3222                           
  3223                           ;EAS-Itank_RTC_Interface.c: 451:     I2C_Delay();
  3224  02E4  2359               	fcall	_I2C_Delay
  3225  02E5                     l122:
  3226  02E5  0008               	return
  3227  02E6                     __end_of_I2C_Init:
  3228                           
  3229                           	psect	text23
  3230  033F                     __ptext23:	
  3231 ;; *************** function _Delay_Approx_250ms *****************
  3232 ;; Defined at:
  3233 ;;		line 356 in file "EAS-Itank_RTC_Interface.c"
  3234 ;; Parameters:    Size  Location     Type
  3235 ;;		None
  3236 ;; Auto vars:     Size  Location     Type
  3237 ;;  i               1    1[COMMON] unsigned char 
  3238 ;; Return value:  Size  Location     Type
  3239 ;;                  1    wreg      void 
  3240 ;; Registers used:
  3241 ;;		wreg, status,2, status,0, pclath, cstack
  3242 ;; Tracked objects:
  3243 ;;		On entry : 0/0
  3244 ;;		On exit  : 0/0
  3245 ;;		Unchanged: 0/0
  3246 ;; Data sizes:     COMMON   BANK0   BANK1
  3247 ;;      Params:         0       0       0
  3248 ;;      Locals:         1       0       0
  3249 ;;      Temps:          1       0       0
  3250 ;;      Totals:         2       0       0
  3251 ;;Total ram usage:        2 bytes
  3252 ;; Hardware stack levels used:    1
  3253 ;; Hardware stack levels required when called:    1
  3254 ;; This function calls:
  3255 ;;		_Delay_Approx_65ms
  3256 ;; This function is called by:
  3257 ;;		_Relay_Test_Cycle
  3258 ;;		_DS3231_ReadTime_With_Retry
  3259 ;;		_main
  3260 ;; This function uses a non-reentrant model
  3261 ;;
  3262                           
  3263                           
  3264                           ;psect for function _Delay_Approx_250ms
  3265  033F                     _Delay_Approx_250ms:
  3266  033F                     l1753:	
  3267                           ;incstack = 0
  3268                           ; Regs used in _Delay_Approx_250ms: [wreg+status,2+status,0+pclath+cstack]
  3269                           
  3270                           
  3271                           ;EAS-Itank_RTC_Interface.c: 358:     uint8_t i;;EAS-Itank_RTC_Interface.c: 360:     for 
      +                          (i = 0; i < 4; i++)
  3272  033F  01F1               	clrf	Delay_Approx_250ms@i
  3273  0340                     l1759:
  3274                           
  3275                           ;EAS-Itank_RTC_Interface.c: 361:     {;EAS-Itank_RTC_Interface.c: 362:         Delay_App
      +                          rox_65ms();
  3276  0340  2308               	fcall	_Delay_Approx_65ms
  3277  0341                     l1761:
  3278                           
  3279                           ;EAS-Itank_RTC_Interface.c: 363:     }
  3280  0341  3001               	movlw	1
  3281  0342  00F0               	movwf	??_Delay_Approx_250ms
  3282  0343  0870               	movf	??_Delay_Approx_250ms,w
  3283  0344  07F1               	addwf	Delay_Approx_250ms@i,f
  3284  0345                     l1763:
  3285  0345  3004               	movlw	4
  3286  0346  0271               	subwf	Delay_Approx_250ms@i,w
  3287  0347  1C03               	skipc
  3288  0348  2B4A               	goto	u1031
  3289  0349  2B4B               	goto	u1030
  3290  034A                     u1031:
  3291  034A  2B40               	goto	l1759
  3292  034B                     u1030:
  3293  034B                     l82:
  3294  034B  0008               	return
  3295  034C                     __end_of_Delay_Approx_250ms:
  3296                           
  3297                           	psect	text24
  3298  0308                     __ptext24:	
  3299 ;; *************** function _Delay_Approx_65ms *****************
  3300 ;; Defined at:
  3301 ;;		line 345 in file "EAS-Itank_RTC_Interface.c"
  3302 ;; Parameters:    Size  Location     Type
  3303 ;;		None
  3304 ;; Auto vars:     Size  Location     Type
  3305 ;;		None
  3306 ;; Return value:  Size  Location     Type
  3307 ;;                  1    wreg      void 
  3308 ;; Registers used:
  3309 ;;		status,2
  3310 ;; Tracked objects:
  3311 ;;		On entry : 0/0
  3312 ;;		On exit  : 0/0
  3313 ;;		Unchanged: 0/0
  3314 ;; Data sizes:     COMMON   BANK0   BANK1
  3315 ;;      Params:         0       0       0
  3316 ;;      Locals:         0       0       0
  3317 ;;      Temps:          0       0       0
  3318 ;;      Totals:         0       0       0
  3319 ;;Total ram usage:        0 bytes
  3320 ;; Hardware stack levels used:    1
  3321 ;; This function calls:
  3322 ;;		Nothing
  3323 ;; This function is called by:
  3324 ;;		_Test_Delay_Seconds_Abortable
  3325 ;;		_Delay_Approx_250ms
  3326 ;;		_Delay_Approx_1s
  3327 ;; This function uses a non-reentrant model
  3328 ;;
  3329                           
  3330                           
  3331                           ;psect for function _Delay_Approx_65ms
  3332  0308                     _Delay_Approx_65ms:
  3333  0308                     l1515:	
  3334                           ;incstack = 0
  3335                           ; Regs used in _Delay_Approx_65ms: [status,2]
  3336                           
  3337                           
  3338                           ;EAS-Itank_RTC_Interface.c: 347:     TMR0 = 0;
  3339  0308  1283               	bcf	3,5	;RP0=0, select bank0
  3340  0309  0181               	clrf	1	;volatile
  3341  030A                     l1517:
  3342                           
  3343                           ;EAS-Itank_RTC_Interface.c: 348:     INTCONbits.T0IF = 0;
  3344  030A  110B               	bcf	11,2	;volatile
  3345  030B                     l74:	
  3346                           ;EAS-Itank_RTC_Interface.c: 351:     {;EAS-Itank_RTC_Interface.c: 353:     }
  3347                           
  3348                           
  3349                           ;EAS-Itank_RTC_Interface.c: 350:     while (INTCONbits.T0IF == 0)
  3350  030B  1D0B               	btfss	11,2	;volatile
  3351  030C  2B0E               	goto	u821
  3352  030D  2B0F               	goto	u820
  3353  030E                     u821:
  3354  030E  2B0B               	goto	l74
  3355  030F                     u820:
  3356  030F                     l77:
  3357  030F  0008               	return
  3358  0310                     __end_of_Delay_Approx_65ms:
  3359                           
  3360                           	psect	text25
  3361  0733                     __ptext25:	
  3362 ;; *************** function _DS3231_ReadTime *****************
  3363 ;; Defined at:
  3364 ;;		line 748 in file "EAS-Itank_RTC_Interface.c"
  3365 ;; Parameters:    Size  Location     Type
  3366 ;;  time            1    wreg     PTR struct .
  3367 ;;		 -> main@now(7), 
  3368 ;; Auto vars:     Size  Location     Type
  3369 ;;  time            1    9[BANK0 ] PTR struct .
  3370 ;;		 -> main@now(7), 
  3371 ;;  hour_12         1    8[BANK0 ] unsigned char 
  3372 ;;  is_pm           1    6[BANK0 ] _Bool 
  3373 ;;  raw_hour        1    7[BANK0 ] unsigned char 
  3374 ;;  raw_year        1    5[BANK0 ] unsigned char 
  3375 ;;  raw_month       1    4[BANK0 ] unsigned char 
  3376 ;;  raw_date        1    3[BANK0 ] unsigned char 
  3377 ;;  raw_day         1    2[BANK0 ] unsigned char 
  3378 ;;  raw_minute      1    1[BANK0 ] unsigned char 
  3379 ;;  raw_second      1    0[BANK0 ] unsigned char 
  3380 ;; Return value:  Size  Location     Type
  3381 ;;                  1    wreg      _Bool 
  3382 ;; Registers used:
  3383 ;;		wreg, fsr0l, fsr0h, status,2, status,0, pclath, cstack
  3384 ;; Tracked objects:
  3385 ;;		On entry : 0/0
  3386 ;;		On exit  : 0/0
  3387 ;;		Unchanged: 0/0
  3388 ;; Data sizes:     COMMON   BANK0   BANK1
  3389 ;;      Params:         0       0       0
  3390 ;;      Locals:         0      10       0
  3391 ;;      Temps:          1       0       0
  3392 ;;      Totals:         1      10       0
  3393 ;;Total ram usage:       11 bytes
  3394 ;; Hardware stack levels used:    1
  3395 ;; Hardware stack levels required when called:    2
  3396 ;; This function calls:
  3397 ;;		_BCD_To_Dec
  3398 ;;		_I2C_ReadByte
  3399 ;;		_I2C_Start
  3400 ;;		_I2C_Stop
  3401 ;;		_I2C_WriteByte
  3402 ;; This function is called by:
  3403 ;;		_DS3231_ReadTime_With_Retry
  3404 ;; This function uses a non-reentrant model
  3405 ;;
  3406                           
  3407                           
  3408                           ;psect for function _DS3231_ReadTime
  3409  0733                     _DS3231_ReadTime:
  3410                           
  3411                           ;incstack = 0
  3412                           ; Regs used in _DS3231_ReadTime: [wreg-fsr0h+status,2+status,0+pclath+cstack]
  3413                           ;DS3231_ReadTime@time stored from wreg
  3414  0733  1283               	bcf	3,5	;RP0=0, select bank0
  3415  0734  00A9               	movwf	DS3231_ReadTime@time
  3416  0735                     l1797:
  3417                           
  3418                           ;EAS-Itank_RTC_Interface.c: 748: static _Bool DS3231_ReadTime(RTC_Time *time);EAS-Itank_
      +                          RTC_Interface.c: 749: {;EAS-Itank_RTC_Interface.c: 750:     uint8_t raw_second;;EAS-Itan
      +                          k_RTC_Interface.c: 751:     uint8_t raw_minute;;EAS-Itank_RTC_Interface.c: 752:     uint
      +                          8_t raw_hour;;EAS-Itank_RTC_Interface.c: 753:     uint8_t raw_day;;EAS-Itank_RTC_Interfa
      +                          ce.c: 754:     uint8_t raw_date;;EAS-Itank_RTC_Interface.c: 755:     uint8_t raw_month;;
      +                          EAS-Itank_RTC_Interface.c: 756:     uint8_t raw_year;;EAS-Itank_RTC_Interface.c: 758:   
      +                            I2C_Start();
  3419  0735  2300               	fcall	_I2C_Start
  3420                           
  3421                           ;EAS-Itank_RTC_Interface.c: 760:     if (!I2C_WriteByte(((0x68 << 1) | 0)))
  3422  0736  30D0               	movlw	208
  3423  0737  249B               	fcall	_I2C_WriteByte
  3424  0738  3A00               	xorlw	0
  3425  0739  1D03               	skipz
  3426  073A  2F3C               	goto	u1081
  3427  073B  2F3D               	goto	u1080
  3428  073C                     u1081:
  3429  073C  2F40               	goto	l1805
  3430  073D                     u1080:
  3431  073D                     l1799:
  3432                           
  3433                           ;EAS-Itank_RTC_Interface.c: 761:     {;EAS-Itank_RTC_Interface.c: 762:         I2C_Stop(
      +                          );
  3434  073D  22F9               	fcall	_I2C_Stop
  3435  073E                     l1801:
  3436                           
  3437                           ;EAS-Itank_RTC_Interface.c: 763:         return 0;
  3438  073E  3000               	movlw	0
  3439  073F  2FFD               	goto	l187
  3440  0740                     l1805:
  3441                           
  3442                           ;EAS-Itank_RTC_Interface.c: 766:     if (!I2C_WriteByte(0x00))
  3443  0740  3000               	movlw	0
  3444  0741  249B               	fcall	_I2C_WriteByte
  3445  0742  3A00               	xorlw	0
  3446  0743  1D03               	skipz
  3447  0744  2F46               	goto	u1091
  3448  0745  2F47               	goto	u1090
  3449  0746                     u1091:
  3450  0746  2F48               	goto	l1813
  3451  0747                     u1090:
  3452  0747  2F3D               	goto	l1799
  3453  0748                     l1813:
  3454                           
  3455                           ;EAS-Itank_RTC_Interface.c: 772:     I2C_Start();
  3456  0748  2300               	fcall	_I2C_Start
  3457                           
  3458                           ;EAS-Itank_RTC_Interface.c: 774:     if (!I2C_WriteByte(((0x68 << 1) | 1)))
  3459  0749  30D1               	movlw	209
  3460  074A  249B               	fcall	_I2C_WriteByte
  3461  074B  3A00               	xorlw	0
  3462  074C  1D03               	skipz
  3463  074D  2F4F               	goto	u1101
  3464  074E  2F50               	goto	u1100
  3465  074F                     u1101:
  3466  074F  2F51               	goto	l1821
  3467  0750                     u1100:
  3468  0750  2F3D               	goto	l1799
  3469  0751                     l1821:
  3470                           
  3471                           ;EAS-Itank_RTC_Interface.c: 780:     raw_second = I2C_ReadByte(1);
  3472  0751  3001               	movlw	1
  3473  0752  2470               	fcall	_I2C_ReadByte
  3474  0753  00F9               	movwf	??_DS3231_ReadTime
  3475  0754  0879               	movf	??_DS3231_ReadTime,w
  3476  0755  1283               	bcf	3,5	;RP0=0, select bank0
  3477  0756  00A0               	movwf	DS3231_ReadTime@raw_second
  3478                           
  3479                           ;EAS-Itank_RTC_Interface.c: 781:     raw_minute = I2C_ReadByte(1);
  3480  0757  3001               	movlw	1
  3481  0758  2470               	fcall	_I2C_ReadByte
  3482  0759  00F9               	movwf	??_DS3231_ReadTime
  3483  075A  0879               	movf	??_DS3231_ReadTime,w
  3484  075B  1283               	bcf	3,5	;RP0=0, select bank0
  3485  075C  00A1               	movwf	DS3231_ReadTime@raw_minute
  3486                           
  3487                           ;EAS-Itank_RTC_Interface.c: 782:     raw_hour = I2C_ReadByte(1);
  3488  075D  3001               	movlw	1
  3489  075E  2470               	fcall	_I2C_ReadByte
  3490  075F  00F9               	movwf	??_DS3231_ReadTime
  3491  0760  0879               	movf	??_DS3231_ReadTime,w
  3492  0761  1283               	bcf	3,5	;RP0=0, select bank0
  3493  0762  00A7               	movwf	DS3231_ReadTime@raw_hour
  3494                           
  3495                           ;EAS-Itank_RTC_Interface.c: 783:     raw_day = I2C_ReadByte(1);
  3496  0763  3001               	movlw	1
  3497  0764  2470               	fcall	_I2C_ReadByte
  3498  0765  00F9               	movwf	??_DS3231_ReadTime
  3499  0766  0879               	movf	??_DS3231_ReadTime,w
  3500  0767  1283               	bcf	3,5	;RP0=0, select bank0
  3501  0768  00A2               	movwf	DS3231_ReadTime@raw_day
  3502                           
  3503                           ;EAS-Itank_RTC_Interface.c: 784:     raw_date = I2C_ReadByte(1);
  3504  0769  3001               	movlw	1
  3505  076A  2470               	fcall	_I2C_ReadByte
  3506  076B  00F9               	movwf	??_DS3231_ReadTime
  3507  076C  0879               	movf	??_DS3231_ReadTime,w
  3508  076D  1283               	bcf	3,5	;RP0=0, select bank0
  3509  076E  00A3               	movwf	DS3231_ReadTime@raw_date
  3510                           
  3511                           ;EAS-Itank_RTC_Interface.c: 785:     raw_month = I2C_ReadByte(1);
  3512  076F  3001               	movlw	1
  3513  0770  2470               	fcall	_I2C_ReadByte
  3514  0771  00F9               	movwf	??_DS3231_ReadTime
  3515  0772  0879               	movf	??_DS3231_ReadTime,w
  3516  0773  1283               	bcf	3,5	;RP0=0, select bank0
  3517  0774  00A4               	movwf	DS3231_ReadTime@raw_month
  3518                           
  3519                           ;EAS-Itank_RTC_Interface.c: 786:     raw_year = I2C_ReadByte(0);
  3520  0775  3000               	movlw	0
  3521  0776  2470               	fcall	_I2C_ReadByte
  3522  0777  00F9               	movwf	??_DS3231_ReadTime
  3523  0778  0879               	movf	??_DS3231_ReadTime,w
  3524  0779  1283               	bcf	3,5	;RP0=0, select bank0
  3525  077A  00A5               	movwf	DS3231_ReadTime@raw_year
  3526                           
  3527                           ;EAS-Itank_RTC_Interface.c: 788:     I2C_Stop();
  3528  077B  22F9               	fcall	_I2C_Stop
  3529  077C                     l1823:
  3530                           
  3531                           ;EAS-Itank_RTC_Interface.c: 790:     time->second = BCD_To_Dec((uint8_t)(raw_second & 0x
      +                          7F));
  3532  077C  1283               	bcf	3,5	;RP0=0, select bank0
  3533  077D  0820               	movf	DS3231_ReadTime@raw_second,w
  3534  077E  397F               	andlw	127
  3535  077F  23AA               	fcall	_BCD_To_Dec
  3536  0780  00F9               	movwf	??_DS3231_ReadTime
  3537  0781  1283               	bcf	3,5	;RP0=0, select bank0
  3538  0782  0829               	movf	DS3231_ReadTime@time,w
  3539  0783  0084               	movwf	4
  3540  0784  0879               	movf	??_DS3231_ReadTime,w
  3541  0785  1383               	bcf	3,7	;select IRP bank0
  3542  0786  0080               	movwf	0
  3543  0787                     l1825:
  3544                           
  3545                           ;EAS-Itank_RTC_Interface.c: 791:     time->minute = BCD_To_Dec((uint8_t)(raw_minute & 0x
      +                          7F));
  3546  0787  0821               	movf	DS3231_ReadTime@raw_minute,w
  3547  0788  397F               	andlw	127
  3548  0789  23AA               	fcall	_BCD_To_Dec
  3549  078A  00F9               	movwf	??_DS3231_ReadTime
  3550  078B  1283               	bcf	3,5	;RP0=0, select bank0
  3551  078C  0A29               	incf	DS3231_ReadTime@time,w
  3552  078D  0084               	movwf	4
  3553  078E  0879               	movf	??_DS3231_ReadTime,w
  3554  078F  1383               	bcf	3,7	;select IRP bank0
  3555  0790  0080               	movwf	0
  3556  0791                     l1827:
  3557                           
  3558                           ;EAS-Itank_RTC_Interface.c: 793:     if ((raw_hour & 0x40) != 0)
  3559  0791  1F27               	btfss	DS3231_ReadTime@raw_hour,6
  3560  0792  2F94               	goto	u1111
  3561  0793  2F95               	goto	u1110
  3562  0794                     u1111:
  3563  0794  2FC6               	goto	l1845
  3564  0795                     u1110:
  3565  0795                     l1829:
  3566                           
  3567                           ;EAS-Itank_RTC_Interface.c: 794:     {;EAS-Itank_RTC_Interface.c: 795:         uint8_t h
      +                          our_12;;EAS-Itank_RTC_Interface.c: 796:         _Bool is_pm;;EAS-Itank_RTC_Interface.c: 
      +                          798:         hour_12 = BCD_To_Dec((uint8_t)(raw_hour & 0x1F));
  3568  0795  0827               	movf	DS3231_ReadTime@raw_hour,w
  3569  0796  391F               	andlw	31
  3570  0797  23AA               	fcall	_BCD_To_Dec
  3571  0798  00F9               	movwf	??_DS3231_ReadTime
  3572  0799  0879               	movf	??_DS3231_ReadTime,w
  3573  079A  1283               	bcf	3,5	;RP0=0, select bank0
  3574  079B  00A8               	movwf	DS3231_ReadTime@hour_12
  3575  079C                     l1831:
  3576                           
  3577                           ;EAS-Itank_RTC_Interface.c: 799:         is_pm = ((raw_hour & 0x20) != 0);
  3578  079C  1AA7               	btfsc	DS3231_ReadTime@raw_hour,5
  3579  079D  2F9F               	goto	u1121
  3580  079E  2FA1               	goto	u1120
  3581  079F                     u1121:
  3582  079F  3001               	movlw	1
  3583  07A0  2FA2               	goto	u1130
  3584  07A1                     u1120:
  3585  07A1  3000               	movlw	0
  3586  07A2                     u1130:
  3587  07A2  00F9               	movwf	??_DS3231_ReadTime
  3588  07A3  0879               	movf	??_DS3231_ReadTime,w
  3589  07A4  00A6               	movwf	DS3231_ReadTime@is_pm
  3590  07A5                     l1833:
  3591                           
  3592                           ;EAS-Itank_RTC_Interface.c: 801:         if (is_pm)
  3593  07A5  0826               	movf	DS3231_ReadTime@is_pm,w
  3594  07A6  1903               	btfsc	3,2
  3595  07A7  2FA9               	goto	u1141
  3596  07A8  2FAA               	goto	u1140
  3597  07A9                     u1141:
  3598  07A9  2FB6               	goto	l1839
  3599  07AA                     u1140:
  3600  07AA                     l1835:
  3601                           
  3602                           ;EAS-Itank_RTC_Interface.c: 802:         {;EAS-Itank_RTC_Interface.c: 803:             i
      +                          f (hour_12 != 12)
  3603  07AA  300C               	movlw	12
  3604  07AB  0628               	xorwf	DS3231_ReadTime@hour_12,w
  3605  07AC  1903               	btfsc	3,2
  3606  07AD  2FAF               	goto	u1151
  3607  07AE  2FB0               	goto	u1150
  3608  07AF                     u1151:
  3609  07AF  2FBD               	goto	l1843
  3610  07B0                     u1150:
  3611  07B0                     l1837:
  3612                           
  3613                           ;EAS-Itank_RTC_Interface.c: 804:             {;EAS-Itank_RTC_Interface.c: 805:          
      +                                 hour_12 = (uint8_t)(hour_12 + 12);
  3614  07B0  0828               	movf	DS3231_ReadTime@hour_12,w
  3615  07B1  3E0C               	addlw	12
  3616  07B2  00F9               	movwf	??_DS3231_ReadTime
  3617  07B3  0879               	movf	??_DS3231_ReadTime,w
  3618  07B4  00A8               	movwf	DS3231_ReadTime@hour_12
  3619  07B5  2FBD               	goto	l1843
  3620  07B6                     l1839:
  3621                           
  3622                           ;EAS-Itank_RTC_Interface.c: 809:         {;EAS-Itank_RTC_Interface.c: 810:             i
      +                          f (hour_12 == 12)
  3623  07B6  300C               	movlw	12
  3624  07B7  0628               	xorwf	DS3231_ReadTime@hour_12,w
  3625  07B8  1D03               	btfss	3,2
  3626  07B9  2FBB               	goto	u1161
  3627  07BA  2FBC               	goto	u1160
  3628  07BB                     u1161:
  3629  07BB  2FBD               	goto	l1843
  3630  07BC                     u1160:
  3631  07BC                     l1841:
  3632                           
  3633                           ;EAS-Itank_RTC_Interface.c: 811:             {;EAS-Itank_RTC_Interface.c: 812:          
      +                                 hour_12 = 0;
  3634  07BC  01A8               	clrf	DS3231_ReadTime@hour_12
  3635  07BD                     l1843:
  3636                           
  3637                           ;EAS-Itank_RTC_Interface.c: 816:         time->hour = hour_12;
  3638  07BD  0828               	movf	DS3231_ReadTime@hour_12,w
  3639  07BE  00F9               	movwf	??_DS3231_ReadTime
  3640  07BF  0829               	movf	DS3231_ReadTime@time,w
  3641  07C0  3E02               	addlw	2
  3642  07C1  0084               	movwf	4
  3643  07C2  0879               	movf	??_DS3231_ReadTime,w
  3644  07C3  1383               	bcf	3,7	;select IRP bank0
  3645  07C4  0080               	movwf	0
  3646                           
  3647                           ;EAS-Itank_RTC_Interface.c: 817:     }
  3648  07C5  2FD1               	goto	l195
  3649  07C6                     l1845:
  3650                           
  3651                           ;EAS-Itank_RTC_Interface.c: 819:     {;EAS-Itank_RTC_Interface.c: 820:         time->hou
      +                          r = BCD_To_Dec((uint8_t)(raw_hour & 0x3F));
  3652  07C6  0827               	movf	DS3231_ReadTime@raw_hour,w
  3653  07C7  393F               	andlw	63
  3654  07C8  23AA               	fcall	_BCD_To_Dec
  3655  07C9  00F9               	movwf	??_DS3231_ReadTime
  3656  07CA  1283               	bcf	3,5	;RP0=0, select bank0
  3657  07CB  0829               	movf	DS3231_ReadTime@time,w
  3658  07CC  3E02               	addlw	2
  3659  07CD  0084               	movwf	4
  3660  07CE  0879               	movf	??_DS3231_ReadTime,w
  3661  07CF  1383               	bcf	3,7	;select IRP bank0
  3662  07D0  0080               	movwf	0
  3663  07D1                     l195:	
  3664                           ;EAS-Itank_RTC_Interface.c: 821:     }
  3665                           
  3666                           
  3667                           ;EAS-Itank_RTC_Interface.c: 823:     time->day_of_week = BCD_To_Dec((uint8_t)(raw_day & 
      +                          0x07));
  3668  07D1  0822               	movf	DS3231_ReadTime@raw_day,w
  3669  07D2  3907               	andlw	7
  3670  07D3  23AA               	fcall	_BCD_To_Dec
  3671  07D4  00F9               	movwf	??_DS3231_ReadTime
  3672  07D5  1283               	bcf	3,5	;RP0=0, select bank0
  3673  07D6  0829               	movf	DS3231_ReadTime@time,w
  3674  07D7  3E03               	addlw	3
  3675  07D8  0084               	movwf	4
  3676  07D9  0879               	movf	??_DS3231_ReadTime,w
  3677  07DA  1383               	bcf	3,7	;select IRP bank0
  3678  07DB  0080               	movwf	0
  3679                           
  3680                           ;EAS-Itank_RTC_Interface.c: 824:     time->date = BCD_To_Dec((uint8_t)(raw_date & 0x3F))
      +                          ;
  3681  07DC  0823               	movf	DS3231_ReadTime@raw_date,w
  3682  07DD  393F               	andlw	63
  3683  07DE  23AA               	fcall	_BCD_To_Dec
  3684  07DF  00F9               	movwf	??_DS3231_ReadTime
  3685  07E0  1283               	bcf	3,5	;RP0=0, select bank0
  3686  07E1  0829               	movf	DS3231_ReadTime@time,w
  3687  07E2  3E04               	addlw	4
  3688  07E3  0084               	movwf	4
  3689  07E4  0879               	movf	??_DS3231_ReadTime,w
  3690  07E5  1383               	bcf	3,7	;select IRP bank0
  3691  07E6  0080               	movwf	0
  3692                           
  3693                           ;EAS-Itank_RTC_Interface.c: 825:     time->month = BCD_To_Dec((uint8_t)(raw_month & 0x1F
      +                          ));
  3694  07E7  0824               	movf	DS3231_ReadTime@raw_month,w
  3695  07E8  391F               	andlw	31
  3696  07E9  23AA               	fcall	_BCD_To_Dec
  3697  07EA  00F9               	movwf	??_DS3231_ReadTime
  3698  07EB  1283               	bcf	3,5	;RP0=0, select bank0
  3699  07EC  0829               	movf	DS3231_ReadTime@time,w
  3700  07ED  3E05               	addlw	5
  3701  07EE  0084               	movwf	4
  3702  07EF  0879               	movf	??_DS3231_ReadTime,w
  3703  07F0  1383               	bcf	3,7	;select IRP bank0
  3704  07F1  0080               	movwf	0
  3705                           
  3706                           ;EAS-Itank_RTC_Interface.c: 826:     time->year = BCD_To_Dec(raw_year);
  3707  07F2  0825               	movf	DS3231_ReadTime@raw_year,w
  3708  07F3  23AA               	fcall	_BCD_To_Dec
  3709  07F4  00F9               	movwf	??_DS3231_ReadTime
  3710  07F5  1283               	bcf	3,5	;RP0=0, select bank0
  3711  07F6  0829               	movf	DS3231_ReadTime@time,w
  3712  07F7  3E06               	addlw	6
  3713  07F8  0084               	movwf	4
  3714  07F9  0879               	movf	??_DS3231_ReadTime,w
  3715  07FA  1383               	bcf	3,7	;select IRP bank0
  3716  07FB  0080               	movwf	0
  3717  07FC                     l1847:
  3718                           
  3719                           ;EAS-Itank_RTC_Interface.c: 828:     return 1;
  3720  07FC  3001               	movlw	1
  3721  07FD                     l187:
  3722  07FD  0008               	return
  3723  07FE                     __end_of_DS3231_ReadTime:
  3724                           
  3725                           	psect	text26
  3726  049B                     __ptext26:	
  3727 ;; *************** function _I2C_WriteByte *****************
  3728 ;; Defined at:
  3729 ;;		line 479 in file "EAS-Itank_RTC_Interface.c"
  3730 ;; Parameters:    Size  Location     Type
  3731 ;;  data            1    wreg     unsigned char 
  3732 ;; Auto vars:     Size  Location     Type
  3733 ;;  data            1    3[COMMON] unsigned char 
  3734 ;;  i               1    5[COMMON] unsigned char 
  3735 ;;  ack             1    4[COMMON] _Bool 
  3736 ;; Return value:  Size  Location     Type
  3737 ;;                  1    wreg      _Bool 
  3738 ;; Registers used:
  3739 ;;		wreg, status,2, status,0, pclath, cstack
  3740 ;; Tracked objects:
  3741 ;;		On entry : 0/0
  3742 ;;		On exit  : 0/0
  3743 ;;		Unchanged: 0/0
  3744 ;; Data sizes:     COMMON   BANK0   BANK1
  3745 ;;      Params:         0       0       0
  3746 ;;      Locals:         3       0       0
  3747 ;;      Temps:          1       0       0
  3748 ;;      Totals:         4       0       0
  3749 ;;Total ram usage:        4 bytes
  3750 ;; Hardware stack levels used:    1
  3751 ;; Hardware stack levels required when called:    1
  3752 ;; This function calls:
  3753 ;;		_I2C_Delay
  3754 ;;		_SCL_Low
  3755 ;;		_SCL_Release
  3756 ;;		_SDA_Low
  3757 ;;		_SDA_Read
  3758 ;;		_SDA_Release
  3759 ;; This function is called by:
  3760 ;;		_DS3231_ReadTime
  3761 ;; This function uses a non-reentrant model
  3762 ;;
  3763                           
  3764                           
  3765                           ;psect for function _I2C_WriteByte
  3766  049B                     _I2C_WriteByte:
  3767                           
  3768                           ;incstack = 0
  3769                           ; Regs used in _I2C_WriteByte: [wreg+status,2+status,0+pclath+cstack]
  3770                           ;I2C_WriteByte@data stored from wreg
  3771  049B  00F3               	movwf	I2C_WriteByte@data
  3772  049C                     l1593:
  3773                           
  3774                           ;EAS-Itank_RTC_Interface.c: 479: static _Bool I2C_WriteByte(uint8_t data);EAS-Itank_RTC_
      +                          Interface.c: 480: {;EAS-Itank_RTC_Interface.c: 481:     uint8_t i;;EAS-Itank_RTC_Interfa
      +                          ce.c: 482:     _Bool ack;;EAS-Itank_RTC_Interface.c: 484:     for (i = 0; i < 8; i++)
  3775  049C  01F5               	clrf	I2C_WriteByte@i
  3776  049D                     l131:
  3777                           
  3778                           ;EAS-Itank_RTC_Interface.c: 485:     {;EAS-Itank_RTC_Interface.c: 486:         if ((data
      +                           & 0x80) != 0)
  3779  049D  1FF3               	btfss	I2C_WriteByte@data,7
  3780  049E  2CA0               	goto	u871
  3781  049F  2CA1               	goto	u870
  3782  04A0                     u871:
  3783  04A0  2CA3               	goto	l1601
  3784  04A1                     u870:
  3785  04A1                     l1599:
  3786                           
  3787                           ;EAS-Itank_RTC_Interface.c: 487:         {;EAS-Itank_RTC_Interface.c: 488:             S
      +                          DA_Release();
  3788  04A1  22D5               	fcall	_SDA_Release
  3789                           
  3790                           ;EAS-Itank_RTC_Interface.c: 489:         }
  3791  04A2  2CA4               	goto	l1603
  3792  04A3                     l1601:
  3793                           
  3794                           ;EAS-Itank_RTC_Interface.c: 491:         {;EAS-Itank_RTC_Interface.c: 492:             S
      +                          DA_Low();
  3795  04A3  22EF               	fcall	_SDA_Low
  3796  04A4                     l1603:
  3797                           
  3798                           ;EAS-Itank_RTC_Interface.c: 495:         I2C_Delay();
  3799  04A4  2359               	fcall	_I2C_Delay
  3800  04A5                     l1605:
  3801                           
  3802                           ;EAS-Itank_RTC_Interface.c: 497:         SCL_Release();
  3803  04A5  22D2               	fcall	_SCL_Release
  3804                           
  3805                           ;EAS-Itank_RTC_Interface.c: 498:         I2C_Delay();
  3806  04A6  2359               	fcall	_I2C_Delay
  3807  04A7                     l1607:
  3808                           
  3809                           ;EAS-Itank_RTC_Interface.c: 500:         SCL_Low();
  3810  04A7  22EA               	fcall	_SCL_Low
  3811  04A8                     l1609:
  3812                           
  3813                           ;EAS-Itank_RTC_Interface.c: 501:         I2C_Delay();
  3814  04A8  2359               	fcall	_I2C_Delay
  3815  04A9                     l1611:
  3816                           
  3817                           ;EAS-Itank_RTC_Interface.c: 503:         data <<= 1;
  3818  04A9  1003               	clrc
  3819  04AA  0DF3               	rlf	I2C_WriteByte@data,f
  3820  04AB                     l1613:
  3821                           
  3822                           ;EAS-Itank_RTC_Interface.c: 504:     }
  3823  04AB  3001               	movlw	1
  3824  04AC  00F2               	movwf	??_I2C_WriteByte
  3825  04AD  0872               	movf	??_I2C_WriteByte,w
  3826  04AE  07F5               	addwf	I2C_WriteByte@i,f
  3827  04AF                     l1615:
  3828  04AF  3008               	movlw	8
  3829  04B0  0275               	subwf	I2C_WriteByte@i,w
  3830  04B1  1C03               	skipc
  3831  04B2  2CB4               	goto	u881
  3832  04B3  2CB5               	goto	u880
  3833  04B4                     u881:
  3834  04B4  2C9D               	goto	l131
  3835  04B5                     u880:
  3836  04B5                     l1617:
  3837                           
  3838                           ;EAS-Itank_RTC_Interface.c: 506:     SDA_Release();
  3839  04B5  22D5               	fcall	_SDA_Release
  3840  04B6                     l1619:
  3841                           
  3842                           ;EAS-Itank_RTC_Interface.c: 507:     I2C_Delay();
  3843  04B6  2359               	fcall	_I2C_Delay
  3844  04B7                     l1621:
  3845                           
  3846                           ;EAS-Itank_RTC_Interface.c: 509:     SCL_Release();
  3847  04B7  22D2               	fcall	_SCL_Release
  3848                           
  3849                           ;EAS-Itank_RTC_Interface.c: 510:     I2C_Delay();
  3850  04B8  2359               	fcall	_I2C_Delay
  3851                           
  3852                           ;EAS-Itank_RTC_Interface.c: 512:     ack = (SDA_Read() == 0);
  3853  04B9  22DE               	fcall	_SDA_Read
  3854  04BA  3A00               	xorlw	0
  3855  04BB  1903               	skipnz
  3856  04BC  2CBE               	goto	u891
  3857  04BD  2CC0               	goto	u890
  3858  04BE                     u891:
  3859  04BE  3001               	movlw	1
  3860  04BF  2CC1               	goto	u900
  3861  04C0                     u890:
  3862  04C0  3000               	movlw	0
  3863  04C1                     u900:
  3864  04C1  00F2               	movwf	??_I2C_WriteByte
  3865  04C2  0872               	movf	??_I2C_WriteByte,w
  3866  04C3  00F4               	movwf	I2C_WriteByte@ack
  3867  04C4                     l1623:
  3868                           
  3869                           ;EAS-Itank_RTC_Interface.c: 514:     SCL_Low();
  3870  04C4  22EA               	fcall	_SCL_Low
  3871  04C5                     l1625:
  3872                           
  3873                           ;EAS-Itank_RTC_Interface.c: 515:     I2C_Delay();
  3874  04C5  2359               	fcall	_I2C_Delay
  3875  04C6                     l1627:
  3876                           
  3877                           ;EAS-Itank_RTC_Interface.c: 517:     return ack;
  3878  04C6  0874               	movf	I2C_WriteByte@ack,w
  3879  04C7                     l135:
  3880  04C7  0008               	return
  3881  04C8                     __end_of_I2C_WriteByte:
  3882                           
  3883                           	psect	text27
  3884  02F9                     __ptext27:	
  3885 ;; *************** function _I2C_Stop *****************
  3886 ;; Defined at:
  3887 ;;		line 467 in file "EAS-Itank_RTC_Interface.c"
  3888 ;; Parameters:    Size  Location     Type
  3889 ;;		None
  3890 ;; Auto vars:     Size  Location     Type
  3891 ;;		None
  3892 ;; Return value:  Size  Location     Type
  3893 ;;                  1    wreg      void 
  3894 ;; Registers used:
  3895 ;;		wreg, status,2, status,0, pclath, cstack
  3896 ;; Tracked objects:
  3897 ;;		On entry : 0/0
  3898 ;;		On exit  : 0/0
  3899 ;;		Unchanged: 0/0
  3900 ;; Data sizes:     COMMON   BANK0   BANK1
  3901 ;;      Params:         0       0       0
  3902 ;;      Locals:         0       0       0
  3903 ;;      Temps:          0       0       0
  3904 ;;      Totals:         0       0       0
  3905 ;;Total ram usage:        0 bytes
  3906 ;; Hardware stack levels used:    1
  3907 ;; Hardware stack levels required when called:    1
  3908 ;; This function calls:
  3909 ;;		_I2C_Delay
  3910 ;;		_SCL_Release
  3911 ;;		_SDA_Low
  3912 ;;		_SDA_Release
  3913 ;; This function is called by:
  3914 ;;		_DS3231_ReadTime
  3915 ;; This function uses a non-reentrant model
  3916 ;;
  3917                           
  3918                           
  3919                           ;psect for function _I2C_Stop
  3920  02F9                     _I2C_Stop:
  3921  02F9                     l1583:	
  3922                           ;incstack = 0
  3923                           ; Regs used in _I2C_Stop: [wreg+status,2+status,0+pclath+cstack]
  3924                           
  3925                           
  3926                           ;EAS-Itank_RTC_Interface.c: 469:     SDA_Low();
  3927  02F9  22EF               	fcall	_SDA_Low
  3928  02FA                     l1585:
  3929                           
  3930                           ;EAS-Itank_RTC_Interface.c: 470:     I2C_Delay();
  3931  02FA  2359               	fcall	_I2C_Delay
  3932  02FB                     l1587:
  3933                           
  3934                           ;EAS-Itank_RTC_Interface.c: 472:     SCL_Release();
  3935  02FB  22D2               	fcall	_SCL_Release
  3936                           
  3937                           ;EAS-Itank_RTC_Interface.c: 473:     I2C_Delay();
  3938  02FC  2359               	fcall	_I2C_Delay
  3939  02FD                     l1589:
  3940                           
  3941                           ;EAS-Itank_RTC_Interface.c: 475:     SDA_Release();
  3942  02FD  22D5               	fcall	_SDA_Release
  3943  02FE                     l1591:
  3944                           
  3945                           ;EAS-Itank_RTC_Interface.c: 476:     I2C_Delay();
  3946  02FE  2359               	fcall	_I2C_Delay
  3947  02FF                     l128:
  3948  02FF  0008               	return
  3949  0300                     __end_of_I2C_Stop:
  3950                           
  3951                           	psect	text28
  3952  0300                     __ptext28:	
  3953 ;; *************** function _I2C_Start *****************
  3954 ;; Defined at:
  3955 ;;		line 454 in file "EAS-Itank_RTC_Interface.c"
  3956 ;; Parameters:    Size  Location     Type
  3957 ;;		None
  3958 ;; Auto vars:     Size  Location     Type
  3959 ;;		None
  3960 ;; Return value:  Size  Location     Type
  3961 ;;                  1    wreg      void 
  3962 ;; Registers used:
  3963 ;;		wreg, status,2, status,0, pclath, cstack
  3964 ;; Tracked objects:
  3965 ;;		On entry : 0/0
  3966 ;;		On exit  : 0/0
  3967 ;;		Unchanged: 0/0
  3968 ;; Data sizes:     COMMON   BANK0   BANK1
  3969 ;;      Params:         0       0       0
  3970 ;;      Locals:         0       0       0
  3971 ;;      Temps:          0       0       0
  3972 ;;      Totals:         0       0       0
  3973 ;;Total ram usage:        0 bytes
  3974 ;; Hardware stack levels used:    1
  3975 ;; Hardware stack levels required when called:    1
  3976 ;; This function calls:
  3977 ;;		_I2C_Delay
  3978 ;;		_SCL_Low
  3979 ;;		_SCL_Release
  3980 ;;		_SDA_Low
  3981 ;;		_SDA_Release
  3982 ;; This function is called by:
  3983 ;;		_DS3231_ReadTime
  3984 ;; This function uses a non-reentrant model
  3985 ;;
  3986                           
  3987                           
  3988                           ;psect for function _I2C_Start
  3989  0300                     _I2C_Start:
  3990  0300                     l1573:	
  3991                           ;incstack = 0
  3992                           ; Regs used in _I2C_Start: [wreg+status,2+status,0+pclath+cstack]
  3993                           
  3994                           
  3995                           ;EAS-Itank_RTC_Interface.c: 456:     SDA_Release();
  3996  0300  22D5               	fcall	_SDA_Release
  3997                           
  3998                           ;EAS-Itank_RTC_Interface.c: 457:     SCL_Release();
  3999  0301  22D2               	fcall	_SCL_Release
  4000  0302                     l1575:
  4001                           
  4002                           ;EAS-Itank_RTC_Interface.c: 458:     I2C_Delay();
  4003  0302  2359               	fcall	_I2C_Delay
  4004  0303                     l1577:
  4005                           
  4006                           ;EAS-Itank_RTC_Interface.c: 460:     SDA_Low();
  4007  0303  22EF               	fcall	_SDA_Low
  4008                           
  4009                           ;EAS-Itank_RTC_Interface.c: 461:     I2C_Delay();
  4010  0304  2359               	fcall	_I2C_Delay
  4011  0305                     l1579:
  4012                           
  4013                           ;EAS-Itank_RTC_Interface.c: 463:     SCL_Low();
  4014  0305  22EA               	fcall	_SCL_Low
  4015  0306                     l1581:
  4016                           
  4017                           ;EAS-Itank_RTC_Interface.c: 464:     I2C_Delay();
  4018  0306  2359               	fcall	_I2C_Delay
  4019  0307                     l125:
  4020  0307  0008               	return
  4021  0308                     __end_of_I2C_Start:
  4022                           
  4023                           	psect	text29
  4024  0470                     __ptext29:	
  4025 ;; *************** function _I2C_ReadByte *****************
  4026 ;; Defined at:
  4027 ;;		line 520 in file "EAS-Itank_RTC_Interface.c"
  4028 ;; Parameters:    Size  Location     Type
  4029 ;;  send_ack        1    wreg     _Bool 
  4030 ;; Auto vars:     Size  Location     Type
  4031 ;;  send_ack        1    3[COMMON] _Bool 
  4032 ;;  i               1    5[COMMON] unsigned char 
  4033 ;;  data            1    4[COMMON] unsigned char 
  4034 ;; Return value:  Size  Location     Type
  4035 ;;                  1    wreg      unsigned char 
  4036 ;; Registers used:
  4037 ;;		wreg, status,2, status,0, pclath, cstack
  4038 ;; Tracked objects:
  4039 ;;		On entry : 0/0
  4040 ;;		On exit  : 0/0
  4041 ;;		Unchanged: 0/0
  4042 ;; Data sizes:     COMMON   BANK0   BANK1
  4043 ;;      Params:         0       0       0
  4044 ;;      Locals:         3       0       0
  4045 ;;      Temps:          1       0       0
  4046 ;;      Totals:         4       0       0
  4047 ;;Total ram usage:        4 bytes
  4048 ;; Hardware stack levels used:    1
  4049 ;; Hardware stack levels required when called:    1
  4050 ;; This function calls:
  4051 ;;		_I2C_Delay
  4052 ;;		_SCL_Low
  4053 ;;		_SCL_Release
  4054 ;;		_SDA_Low
  4055 ;;		_SDA_Read
  4056 ;;		_SDA_Release
  4057 ;; This function is called by:
  4058 ;;		_DS3231_ReadTime
  4059 ;; This function uses a non-reentrant model
  4060 ;;
  4061                           
  4062                           
  4063                           ;psect for function _I2C_ReadByte
  4064  0470                     _I2C_ReadByte:
  4065                           
  4066                           ;incstack = 0
  4067                           ; Regs used in _I2C_ReadByte: [wreg+status,2+status,0+pclath+cstack]
  4068                           ;I2C_ReadByte@send_ack stored from wreg
  4069  0470  00F3               	movwf	I2C_ReadByte@send_ack
  4070  0471                     l1631:
  4071                           
  4072                           ;EAS-Itank_RTC_Interface.c: 520: static uint8_t I2C_ReadByte(_Bool send_ack);EAS-Itank_R
      +                          TC_Interface.c: 521: {;EAS-Itank_RTC_Interface.c: 522:     uint8_t i;;EAS-Itank_RTC_Inte
      +                          rface.c: 523:     uint8_t data = 0;
  4073  0471  01F4               	clrf	I2C_ReadByte@data
  4074  0472                     l1633:
  4075                           
  4076                           ;EAS-Itank_RTC_Interface.c: 525:     SDA_Release();
  4077  0472  22D5               	fcall	_SDA_Release
  4078  0473                     l1635:
  4079                           
  4080                           ;EAS-Itank_RTC_Interface.c: 527:     for (i = 0; i < 8; i++)
  4081  0473  01F5               	clrf	I2C_ReadByte@i
  4082  0474                     l1641:
  4083                           
  4084                           ;EAS-Itank_RTC_Interface.c: 528:     {;EAS-Itank_RTC_Interface.c: 529:         data <<= 
      +                          1;
  4085  0474  1003               	clrc
  4086  0475  0DF4               	rlf	I2C_ReadByte@data,f
  4087  0476                     l1643:
  4088                           
  4089                           ;EAS-Itank_RTC_Interface.c: 531:         SCL_Release();
  4090  0476  22D2               	fcall	_SCL_Release
  4091                           
  4092                           ;EAS-Itank_RTC_Interface.c: 532:         I2C_Delay();
  4093  0477  2359               	fcall	_I2C_Delay
  4094                           
  4095                           ;EAS-Itank_RTC_Interface.c: 534:         if (SDA_Read() != 0)
  4096  0478  22DE               	fcall	_SDA_Read
  4097  0479  3A00               	xorlw	0
  4098  047A  1903               	skipnz
  4099  047B  2C7D               	goto	u911
  4100  047C  2C7E               	goto	u910
  4101  047D                     u911:
  4102  047D  2C7F               	goto	l1647
  4103  047E                     u910:
  4104  047E                     l1645:
  4105                           
  4106                           ;EAS-Itank_RTC_Interface.c: 535:         {;EAS-Itank_RTC_Interface.c: 536:             d
      +                          ata |= 1;
  4107  047E  1474               	bsf	I2C_ReadByte@data,0
  4108  047F                     l1647:
  4109                           
  4110                           ;EAS-Itank_RTC_Interface.c: 539:         SCL_Low();
  4111  047F  22EA               	fcall	_SCL_Low
  4112  0480                     l1649:
  4113                           
  4114                           ;EAS-Itank_RTC_Interface.c: 540:         I2C_Delay();
  4115  0480  2359               	fcall	_I2C_Delay
  4116  0481                     l1651:
  4117                           
  4118                           ;EAS-Itank_RTC_Interface.c: 541:     }
  4119  0481  3001               	movlw	1
  4120  0482  00F2               	movwf	??_I2C_ReadByte
  4121  0483  0872               	movf	??_I2C_ReadByte,w
  4122  0484  07F5               	addwf	I2C_ReadByte@i,f
  4123  0485                     l1653:
  4124  0485  3008               	movlw	8
  4125  0486  0275               	subwf	I2C_ReadByte@i,w
  4126  0487  1C03               	skipc
  4127  0488  2C8A               	goto	u921
  4128  0489  2C8B               	goto	u920
  4129  048A                     u921:
  4130  048A  2C74               	goto	l1641
  4131  048B                     u920:
  4132  048B                     l1655:
  4133                           
  4134                           ;EAS-Itank_RTC_Interface.c: 543:     if (send_ack)
  4135  048B  0873               	movf	I2C_ReadByte@send_ack,w
  4136  048C  1903               	btfsc	3,2
  4137  048D  2C8F               	goto	u931
  4138  048E  2C90               	goto	u930
  4139  048F                     u931:
  4140  048F  2C92               	goto	l1659
  4141  0490                     u930:
  4142  0490                     l1657:
  4143                           
  4144                           ;EAS-Itank_RTC_Interface.c: 544:     {;EAS-Itank_RTC_Interface.c: 545:         SDA_Low()
      +                          ;
  4145  0490  22EF               	fcall	_SDA_Low
  4146                           
  4147                           ;EAS-Itank_RTC_Interface.c: 546:     }
  4148  0491  2C93               	goto	l1661
  4149  0492                     l1659:
  4150                           
  4151                           ;EAS-Itank_RTC_Interface.c: 548:     {;EAS-Itank_RTC_Interface.c: 549:         SDA_Relea
      +                          se();
  4152  0492  22D5               	fcall	_SDA_Release
  4153  0493                     l1661:
  4154                           
  4155                           ;EAS-Itank_RTC_Interface.c: 552:     I2C_Delay();
  4156  0493  2359               	fcall	_I2C_Delay
  4157  0494                     l1663:
  4158                           
  4159                           ;EAS-Itank_RTC_Interface.c: 554:     SCL_Release();
  4160  0494  22D2               	fcall	_SCL_Release
  4161                           
  4162                           ;EAS-Itank_RTC_Interface.c: 555:     I2C_Delay();
  4163  0495  2359               	fcall	_I2C_Delay
  4164  0496                     l1665:
  4165                           
  4166                           ;EAS-Itank_RTC_Interface.c: 557:     SCL_Low();
  4167  0496  22EA               	fcall	_SCL_Low
  4168  0497                     l1667:
  4169                           
  4170                           ;EAS-Itank_RTC_Interface.c: 558:     I2C_Delay();
  4171  0497  2359               	fcall	_I2C_Delay
  4172                           
  4173                           ;EAS-Itank_RTC_Interface.c: 560:     SDA_Release();
  4174  0498  22D5               	fcall	_SDA_Release
  4175  0499                     l1669:
  4176                           
  4177                           ;EAS-Itank_RTC_Interface.c: 562:     return data;
  4178  0499  0874               	movf	I2C_ReadByte@data,w
  4179  049A                     l143:
  4180  049A  0008               	return
  4181  049B                     __end_of_I2C_ReadByte:
  4182                           
  4183                           	psect	text30
  4184  02D5                     __ptext30:	
  4185 ;; *************** function _SDA_Release *****************
  4186 ;; Defined at:
  4187 ;;		line 420 in file "EAS-Itank_RTC_Interface.c"
  4188 ;; Parameters:    Size  Location     Type
  4189 ;;		None
  4190 ;; Auto vars:     Size  Location     Type
  4191 ;;		None
  4192 ;; Return value:  Size  Location     Type
  4193 ;;                  1    wreg      void 
  4194 ;; Registers used:
  4195 ;;		None
  4196 ;; Tracked objects:
  4197 ;;		On entry : 0/0
  4198 ;;		On exit  : 0/0
  4199 ;;		Unchanged: 0/0
  4200 ;; Data sizes:     COMMON   BANK0   BANK1
  4201 ;;      Params:         0       0       0
  4202 ;;      Locals:         0       0       0
  4203 ;;      Temps:          0       0       0
  4204 ;;      Totals:         0       0       0
  4205 ;;Total ram usage:        0 bytes
  4206 ;; Hardware stack levels used:    1
  4207 ;; This function calls:
  4208 ;;		Nothing
  4209 ;; This function is called by:
  4210 ;;		_I2C_Init
  4211 ;;		_I2C_Start
  4212 ;;		_I2C_Stop
  4213 ;;		_I2C_WriteByte
  4214 ;;		_I2C_ReadByte
  4215 ;;		_Init_Device
  4216 ;; This function uses a non-reentrant model
  4217 ;;
  4218                           
  4219                           
  4220                           ;psect for function _SDA_Release
  4221  02D5                     _SDA_Release:
  4222  02D5                     l1531:	
  4223                           ;incstack = 0
  4224                           ; Regs used in _SDA_Release: []
  4225                           
  4226                           
  4227                           ;EAS-Itank_RTC_Interface.c: 422:     TRISIObits.TRISIO1 = 1;
  4228  02D5  1683               	bsf	3,5	;RP0=1, select bank1
  4229  02D6  1485               	bsf	5,1	;volatile
  4230  02D7                     l110:
  4231  02D7  0008               	return
  4232  02D8                     __end_of_SDA_Release:
  4233                           
  4234                           	psect	text31
  4235  02DE                     __ptext31:	
  4236 ;; *************** function _SDA_Read *****************
  4237 ;; Defined at:
  4238 ;;		line 436 in file "EAS-Itank_RTC_Interface.c"
  4239 ;; Parameters:    Size  Location     Type
  4240 ;;		None
  4241 ;; Auto vars:     Size  Location     Type
  4242 ;;		None
  4243 ;; Return value:  Size  Location     Type
  4244 ;;                  1    wreg      unsigned char 
  4245 ;; Registers used:
  4246 ;;		wreg, status,2, status,0
  4247 ;; Tracked objects:
  4248 ;;		On entry : 0/0
  4249 ;;		On exit  : 0/0
  4250 ;;		Unchanged: 0/0
  4251 ;; Data sizes:     COMMON   BANK0   BANK1
  4252 ;;      Params:         0       0       0
  4253 ;;      Locals:         0       0       0
  4254 ;;      Temps:          0       0       0
  4255 ;;      Totals:         0       0       0
  4256 ;;Total ram usage:        0 bytes
  4257 ;; Hardware stack levels used:    1
  4258 ;; This function calls:
  4259 ;;		Nothing
  4260 ;; This function is called by:
  4261 ;;		_I2C_WriteByte
  4262 ;;		_I2C_ReadByte
  4263 ;; This function uses a non-reentrant model
  4264 ;;
  4265                           
  4266                           
  4267                           ;psect for function _SDA_Read
  4268  02DE                     _SDA_Read:
  4269  02DE                     l1537:	
  4270                           ;incstack = 0
  4271                           ; Regs used in _SDA_Read: [wreg+status,2+status,0]
  4272                           
  4273                           
  4274                           ;EAS-Itank_RTC_Interface.c: 438:     return GPIObits.GP1;
  4275  02DE  1283               	bcf	3,5	;RP0=0, select bank0
  4276  02DF  0C05               	rrf	5,w	;volatile
  4277  02E0  3901               	andlw	1
  4278  02E1                     l119:
  4279  02E1  0008               	return
  4280  02E2                     __end_of_SDA_Read:
  4281                           
  4282                           	psect	text32
  4283  02EF                     __ptext32:	
  4284 ;; *************** function _SDA_Low *****************
  4285 ;; Defined at:
  4286 ;;		line 414 in file "EAS-Itank_RTC_Interface.c"
  4287 ;; Parameters:    Size  Location     Type
  4288 ;;		None
  4289 ;; Auto vars:     Size  Location     Type
  4290 ;;		None
  4291 ;; Return value:  Size  Location     Type
  4292 ;;                  1    wreg      void 
  4293 ;; Registers used:
  4294 ;;		None
  4295 ;; Tracked objects:
  4296 ;;		On entry : 0/0
  4297 ;;		On exit  : 0/0
  4298 ;;		Unchanged: 0/0
  4299 ;; Data sizes:     COMMON   BANK0   BANK1
  4300 ;;      Params:         0       0       0
  4301 ;;      Locals:         0       0       0
  4302 ;;      Temps:          0       0       0
  4303 ;;      Totals:         0       0       0
  4304 ;;Total ram usage:        0 bytes
  4305 ;; Hardware stack levels used:    1
  4306 ;; This function calls:
  4307 ;;		Nothing
  4308 ;; This function is called by:
  4309 ;;		_I2C_Start
  4310 ;;		_I2C_Stop
  4311 ;;		_I2C_WriteByte
  4312 ;;		_I2C_ReadByte
  4313 ;; This function uses a non-reentrant model
  4314 ;;
  4315                           
  4316                           
  4317                           ;psect for function _SDA_Low
  4318  02EF                     _SDA_Low:
  4319  02EF                     l1529:	
  4320                           ;incstack = 0
  4321                           ; Regs used in _SDA_Low: []
  4322                           
  4323                           
  4324                           ;EAS-Itank_RTC_Interface.c: 416:     GPIObits.GP1 = 0;
  4325  02EF  1283               	bcf	3,5	;RP0=0, select bank0
  4326  02F0  1085               	bcf	5,1	;volatile
  4327                           
  4328                           ;EAS-Itank_RTC_Interface.c: 417:     TRISIObits.TRISIO1 = 0;
  4329  02F1  1683               	bsf	3,5	;RP0=1, select bank1
  4330  02F2  1085               	bcf	5,1	;volatile
  4331  02F3                     l107:
  4332  02F3  0008               	return
  4333  02F4                     __end_of_SDA_Low:
  4334                           
  4335                           	psect	text33
  4336  02D2                     __ptext33:	
  4337 ;; *************** function _SCL_Release *****************
  4338 ;; Defined at:
  4339 ;;		line 431 in file "EAS-Itank_RTC_Interface.c"
  4340 ;; Parameters:    Size  Location     Type
  4341 ;;		None
  4342 ;; Auto vars:     Size  Location     Type
  4343 ;;		None
  4344 ;; Return value:  Size  Location     Type
  4345 ;;                  1    wreg      void 
  4346 ;; Registers used:
  4347 ;;		None
  4348 ;; Tracked objects:
  4349 ;;		On entry : 0/0
  4350 ;;		On exit  : 0/0
  4351 ;;		Unchanged: 0/0
  4352 ;; Data sizes:     COMMON   BANK0   BANK1
  4353 ;;      Params:         0       0       0
  4354 ;;      Locals:         0       0       0
  4355 ;;      Temps:          0       0       0
  4356 ;;      Totals:         0       0       0
  4357 ;;Total ram usage:        0 bytes
  4358 ;; Hardware stack levels used:    1
  4359 ;; This function calls:
  4360 ;;		Nothing
  4361 ;; This function is called by:
  4362 ;;		_I2C_Init
  4363 ;;		_I2C_Start
  4364 ;;		_I2C_Stop
  4365 ;;		_I2C_WriteByte
  4366 ;;		_I2C_ReadByte
  4367 ;;		_Init_Device
  4368 ;; This function uses a non-reentrant model
  4369 ;;
  4370                           
  4371                           
  4372                           ;psect for function _SCL_Release
  4373  02D2                     _SCL_Release:
  4374  02D2                     l1535:	
  4375                           ;incstack = 0
  4376                           ; Regs used in _SCL_Release: []
  4377                           
  4378                           
  4379                           ;EAS-Itank_RTC_Interface.c: 433:     TRISIObits.TRISIO2 = 1;
  4380  02D2  1683               	bsf	3,5	;RP0=1, select bank1
  4381  02D3  1505               	bsf	5,2	;volatile
  4382  02D4                     l116:
  4383  02D4  0008               	return
  4384  02D5                     __end_of_SCL_Release:
  4385                           
  4386                           	psect	text34
  4387  02EA                     __ptext34:	
  4388 ;; *************** function _SCL_Low *****************
  4389 ;; Defined at:
  4390 ;;		line 425 in file "EAS-Itank_RTC_Interface.c"
  4391 ;; Parameters:    Size  Location     Type
  4392 ;;		None
  4393 ;; Auto vars:     Size  Location     Type
  4394 ;;		None
  4395 ;; Return value:  Size  Location     Type
  4396 ;;                  1    wreg      void 
  4397 ;; Registers used:
  4398 ;;		None
  4399 ;; Tracked objects:
  4400 ;;		On entry : 0/0
  4401 ;;		On exit  : 0/0
  4402 ;;		Unchanged: 0/0
  4403 ;; Data sizes:     COMMON   BANK0   BANK1
  4404 ;;      Params:         0       0       0
  4405 ;;      Locals:         0       0       0
  4406 ;;      Temps:          0       0       0
  4407 ;;      Totals:         0       0       0
  4408 ;;Total ram usage:        0 bytes
  4409 ;; Hardware stack levels used:    1
  4410 ;; This function calls:
  4411 ;;		Nothing
  4412 ;; This function is called by:
  4413 ;;		_I2C_Start
  4414 ;;		_I2C_WriteByte
  4415 ;;		_I2C_ReadByte
  4416 ;; This function uses a non-reentrant model
  4417 ;;
  4418                           
  4419                           
  4420                           ;psect for function _SCL_Low
  4421  02EA                     _SCL_Low:
  4422  02EA                     l1533:	
  4423                           ;incstack = 0
  4424                           ; Regs used in _SCL_Low: []
  4425                           
  4426                           
  4427                           ;EAS-Itank_RTC_Interface.c: 427:     GPIObits.GP2 = 0;
  4428  02EA  1283               	bcf	3,5	;RP0=0, select bank0
  4429  02EB  1105               	bcf	5,2	;volatile
  4430                           
  4431                           ;EAS-Itank_RTC_Interface.c: 428:     TRISIObits.TRISIO2 = 0;
  4432  02EC  1683               	bsf	3,5	;RP0=1, select bank1
  4433  02ED  1105               	bcf	5,2	;volatile
  4434  02EE                     l113:
  4435  02EE  0008               	return
  4436  02EF                     __end_of_SCL_Low:
  4437                           
  4438                           	psect	text35
  4439  0359                     __ptext35:	
  4440 ;; *************** function _I2C_Delay *****************
  4441 ;; Defined at:
  4442 ;;		line 401 in file "EAS-Itank_RTC_Interface.c"
  4443 ;; Parameters:    Size  Location     Type
  4444 ;;		None
  4445 ;; Auto vars:     Size  Location     Type
  4446 ;;  i               1    1[COMMON] volatile unsigned char 
  4447 ;; Return value:  Size  Location     Type
  4448 ;;                  1    wreg      void 
  4449 ;; Registers used:
  4450 ;;		wreg, status,2, status,0
  4451 ;; Tracked objects:
  4452 ;;		On entry : 0/0
  4453 ;;		On exit  : 0/0
  4454 ;;		Unchanged: 0/0
  4455 ;; Data sizes:     COMMON   BANK0   BANK1
  4456 ;;      Params:         0       0       0
  4457 ;;      Locals:         1       0       0
  4458 ;;      Temps:          1       0       0
  4459 ;;      Totals:         2       0       0
  4460 ;;Total ram usage:        2 bytes
  4461 ;; Hardware stack levels used:    1
  4462 ;; This function calls:
  4463 ;;		Nothing
  4464 ;; This function is called by:
  4465 ;;		_I2C_Init
  4466 ;;		_I2C_Start
  4467 ;;		_I2C_Stop
  4468 ;;		_I2C_WriteByte
  4469 ;;		_I2C_ReadByte
  4470 ;; This function uses a non-reentrant model
  4471 ;;
  4472                           
  4473                           
  4474                           ;psect for function _I2C_Delay
  4475  0359                     _I2C_Delay:
  4476  0359                     l1519:	
  4477                           ;incstack = 0
  4478                           ; Regs used in _I2C_Delay: [wreg+status,2+status,0]
  4479                           
  4480                           
  4481                           ;EAS-Itank_RTC_Interface.c: 403:     volatile uint8_t i;;EAS-Itank_RTC_Interface.c: 405:
      +                               for (i = 0; i < 50; i++)
  4482  0359  01F1               	clrf	I2C_Delay@i	;volatile
  4483  035A                     l1521:
  4484  035A  3032               	movlw	50
  4485  035B  0271               	subwf	I2C_Delay@i,w	;volatile
  4486  035C  1C03               	skipc
  4487  035D  2B5F               	goto	u831
  4488  035E  2B60               	goto	u830
  4489  035F                     u831:
  4490  035F  2B61               	goto	l1525
  4491  0360                     u830:
  4492  0360  2B66               	goto	l104
  4493  0361                     l1525:
  4494                           
  4495                           ;EAS-Itank_RTC_Interface.c: 406:     {;EAS-Itank_RTC_Interface.c: 408:     }
  4496  0361  3001               	movlw	1
  4497  0362  00F0               	movwf	??_I2C_Delay
  4498  0363  0870               	movf	??_I2C_Delay,w
  4499  0364  07F1               	addwf	I2C_Delay@i,f	;volatile
  4500  0365  2B5A               	goto	l1521
  4501  0366                     l104:
  4502  0366  0008               	return
  4503  0367                     __end_of_I2C_Delay:
  4504                           
  4505                           	psect	text36
  4506  03AA                     __ptext36:	
  4507 ;; *************** function _BCD_To_Dec *****************
  4508 ;; Defined at:
  4509 ;;		line 568 in file "EAS-Itank_RTC_Interface.c"
  4510 ;; Parameters:    Size  Location     Type
  4511 ;;  bcd             1    wreg     unsigned char 
  4512 ;; Auto vars:     Size  Location     Type
  4513 ;;  bcd             1    8[COMMON] unsigned char 
  4514 ;;  ones            1    7[COMMON] unsigned char 
  4515 ;;  tens            1    6[COMMON] unsigned char 
  4516 ;; Return value:  Size  Location     Type
  4517 ;;                  1    wreg      unsigned char 
  4518 ;; Registers used:
  4519 ;;		wreg, status,2, status,0, pclath, cstack
  4520 ;; Tracked objects:
  4521 ;;		On entry : 0/0
  4522 ;;		On exit  : 0/0
  4523 ;;		Unchanged: 0/0
  4524 ;; Data sizes:     COMMON   BANK0   BANK1
  4525 ;;      Params:         0       0       0
  4526 ;;      Locals:         3       0       0
  4527 ;;      Temps:          2       0       0
  4528 ;;      Totals:         5       0       0
  4529 ;;Total ram usage:        5 bytes
  4530 ;; Hardware stack levels used:    1
  4531 ;; Hardware stack levels required when called:    1
  4532 ;; This function calls:
  4533 ;;		___bmul
  4534 ;; This function is called by:
  4535 ;;		_DS3231_ReadTime
  4536 ;; This function uses a non-reentrant model
  4537 ;;
  4538                           
  4539                           
  4540                           ;psect for function _BCD_To_Dec
  4541  03AA                     _BCD_To_Dec:
  4542                           
  4543                           ;incstack = 0
  4544                           ; Regs used in _BCD_To_Dec: [wreg+status,2+status,0+pclath+cstack]
  4545                           ;BCD_To_Dec@bcd stored from wreg
  4546  03AA  00F8               	movwf	BCD_To_Dec@bcd
  4547  03AB                     l1673:
  4548                           
  4549                           ;EAS-Itank_RTC_Interface.c: 568: static uint8_t BCD_To_Dec(uint8_t bcd);EAS-Itank_RTC_In
      +                          terface.c: 569: {;EAS-Itank_RTC_Interface.c: 570:     uint8_t tens;;EAS-Itank_RTC_Interf
      +                          ace.c: 571:     uint8_t ones;;EAS-Itank_RTC_Interface.c: 573:     tens = (uint8_t)((bcd 
      +                          >> 4) & 0x0F);
  4550  03AB  0878               	movf	BCD_To_Dec@bcd,w
  4551  03AC  00F4               	movwf	??_BCD_To_Dec
  4552  03AD  3004               	movlw	4
  4553  03AE                     u945:
  4554  03AE  1003               	clrc
  4555  03AF  0CF4               	rrf	??_BCD_To_Dec,f
  4556  03B0  3EFF               	addlw	-1
  4557  03B1  1D03               	skipz
  4558  03B2  2BAE               	goto	u945
  4559  03B3  0874               	movf	??_BCD_To_Dec,w
  4560  03B4  390F               	andlw	15
  4561  03B5  00F5               	movwf	??_BCD_To_Dec+1
  4562  03B6  0875               	movf	??_BCD_To_Dec+1,w
  4563  03B7  00F6               	movwf	BCD_To_Dec@tens
  4564  03B8                     l1675:
  4565                           
  4566                           ;EAS-Itank_RTC_Interface.c: 574:     ones = (uint8_t)(bcd & 0x0F);
  4567  03B8  0878               	movf	BCD_To_Dec@bcd,w
  4568  03B9  390F               	andlw	15
  4569  03BA  00F4               	movwf	??_BCD_To_Dec
  4570  03BB  0874               	movf	??_BCD_To_Dec,w
  4571  03BC  00F7               	movwf	BCD_To_Dec@ones
  4572  03BD                     l1677:
  4573                           
  4574                           ;EAS-Itank_RTC_Interface.c: 576:     return (uint8_t)((tens * 10) + ones);
  4575  03BD  300A               	movlw	10
  4576  03BE  00F4               	movwf	??_BCD_To_Dec
  4577  03BF  0874               	movf	??_BCD_To_Dec,w
  4578  03C0  00F0               	movwf	___bmul@multiplicand
  4579  03C1  0876               	movf	BCD_To_Dec@tens,w
  4580  03C2  2367               	fcall	___bmul
  4581  03C3  0777               	addwf	BCD_To_Dec@ones,w
  4582  03C4                     l146:
  4583  03C4  0008               	return
  4584  03C5                     __end_of_BCD_To_Dec:
  4585                           
  4586                           	psect	text37
  4587  0367                     __ptext37:	
  4588 ;; *************** function ___bmul *****************
  4589 ;; Defined at:
  4590 ;;		line 4 in file "C:\Program Files\Microchip\xc8\v2.31\pic\sources\c90\common\Umul8.c"
  4591 ;; Parameters:    Size  Location     Type
  4592 ;;  multiplier      1    wreg     unsigned char 
  4593 ;;  multiplicand    1    0[COMMON] unsigned char 
  4594 ;; Auto vars:     Size  Location     Type
  4595 ;;  multiplier      1    3[COMMON] unsigned char 
  4596 ;;  product         1    2[COMMON] unsigned char 
  4597 ;; Return value:  Size  Location     Type
  4598 ;;                  1    wreg      unsigned char 
  4599 ;; Registers used:
  4600 ;;		wreg, status,2, status,0
  4601 ;; Tracked objects:
  4602 ;;		On entry : 0/0
  4603 ;;		On exit  : 0/0
  4604 ;;		Unchanged: 0/0
  4605 ;; Data sizes:     COMMON   BANK0   BANK1
  4606 ;;      Params:         1       0       0
  4607 ;;      Locals:         2       0       0
  4608 ;;      Temps:          1       0       0
  4609 ;;      Totals:         4       0       0
  4610 ;;Total ram usage:        4 bytes
  4611 ;; Hardware stack levels used:    1
  4612 ;; This function calls:
  4613 ;;		Nothing
  4614 ;; This function is called by:
  4615 ;;		_BCD_To_Dec
  4616 ;; This function uses a non-reentrant model
  4617 ;;
  4618                           
  4619                           
  4620                           ;psect for function ___bmul
  4621  0367                     ___bmul:
  4622                           
  4623                           ;incstack = 0
  4624                           ; Regs used in ___bmul: [wreg+status,2+status,0]
  4625                           ;___bmul@multiplier stored from wreg
  4626  0367  00F3               	movwf	___bmul@multiplier
  4627  0368                     l1541:
  4628  0368  01F2               	clrf	___bmul@product
  4629  0369                     l1543:
  4630  0369  1C73               	btfss	___bmul@multiplier,0
  4631  036A  2B6C               	goto	u841
  4632  036B  2B6D               	goto	u840
  4633  036C                     u841:
  4634  036C  2B71               	goto	l1547
  4635  036D                     u840:
  4636  036D                     l1545:
  4637  036D  0870               	movf	___bmul@multiplicand,w
  4638  036E  00F1               	movwf	??___bmul
  4639  036F  0871               	movf	??___bmul,w
  4640  0370  07F2               	addwf	___bmul@product,f
  4641  0371                     l1547:
  4642  0371  1003               	clrc
  4643  0372  0DF0               	rlf	___bmul@multiplicand,f
  4644  0373                     l1549:
  4645  0373  1003               	clrc
  4646  0374  0CF3               	rrf	___bmul@multiplier,f
  4647  0375  0873               	movf	___bmul@multiplier,w
  4648  0376  1D03               	btfss	3,2
  4649  0377  2B79               	goto	u851
  4650  0378  2B7A               	goto	u850
  4651  0379                     u851:
  4652  0379  2B69               	goto	l1543
  4653  037A                     u850:
  4654  037A                     l1551:
  4655  037A  0872               	movf	___bmul@product,w
  4656  037B                     l377:
  4657  037B  0008               	return
  4658  037C                     __end_of___bmul:
  4659                           
  4660                           	psect	text38
  4661  04C8                     __ptext38:	
  4662 ;; *************** function _Already_Triggered_This_Minute *****************
  4663 ;; Defined at:
  4664 ;;		line 1025 in file "EAS-Itank_RTC_Interface.c"
  4665 ;; Parameters:    Size  Location     Type
  4666 ;;  now             1    wreg     PTR const struct .
  4667 ;;		 -> main@now(7), 
  4668 ;;  last_hour       1    0[COMMON] unsigned char 
  4669 ;;  last_minute     1    1[COMMON] unsigned char 
  4670 ;;  last_date       1    2[COMMON] unsigned char 
  4671 ;;  last_month      1    3[COMMON] unsigned char 
  4672 ;;  last_year       1    4[COMMON] unsigned char 
  4673 ;; Auto vars:     Size  Location     Type
  4674 ;;  now             1    5[COMMON] PTR const struct .
  4675 ;;		 -> main@now(7), 
  4676 ;; Return value:  Size  Location     Type
  4677 ;;                  1    wreg      _Bool 
  4678 ;; Registers used:
  4679 ;;		wreg, fsr0l, fsr0h, status,2, status,0
  4680 ;; Tracked objects:
  4681 ;;		On entry : 0/0
  4682 ;;		On exit  : 0/0
  4683 ;;		Unchanged: 0/0
  4684 ;; Data sizes:     COMMON   BANK0   BANK1
  4685 ;;      Params:         5       0       0
  4686 ;;      Locals:         1       0       0
  4687 ;;      Temps:          0       0       0
  4688 ;;      Totals:         6       0       0
  4689 ;;Total ram usage:        6 bytes
  4690 ;; Hardware stack levels used:    1
  4691 ;; This function calls:
  4692 ;;		Nothing
  4693 ;; This function is called by:
  4694 ;;		_main
  4695 ;; This function uses a non-reentrant model
  4696 ;;
  4697                           
  4698                           
  4699                           ;psect for function _Already_Triggered_This_Minute
  4700  04C8                     _Already_Triggered_This_Minute:
  4701                           
  4702                           ;incstack = 0
  4703                           ; Regs used in _Already_Triggered_This_Minute: [wreg-fsr0h+status,2+status,0]
  4704                           ;Already_Triggered_This_Minute@now stored from wreg
  4705  04C8  00F5               	movwf	Already_Triggered_This_Minute@now
  4706  04C9                     l2055:
  4707                           
  4708                           ;EAS-Itank_RTC_Interface.c: 1025: static _Bool Already_Triggered_This_Minute(const RTC_T
      +                          ime *now,;EAS-Itank_RTC_Interface.c: 1026:                                           uin
      +                          t8_t last_hour,;EAS-Itank_RTC_Interface.c: 1027:                                        
      +                             uint8_t last_minute,;EAS-Itank_RTC_Interface.c: 1028:                                
      +                                     uint8_t last_date,;EAS-Itank_RTC_Interface.c: 1029:                          
      +                                           uint8_t last_month,;EAS-Itank_RTC_Interface.c: 1030:                   
      +                                                  uint8_t last_year)
  4709  04C9  0875               	movf	Already_Triggered_This_Minute@now,w
  4710  04CA  3E02               	addlw	2
  4711  04CB  0084               	movwf	4
  4712  04CC  1383               	bcf	3,7	;select IRP bank0
  4713  04CD  0800               	movf	0,w
  4714  04CE  0670               	xorwf	Already_Triggered_This_Minute@last_hour,w
  4715  04CF  1903               	skipnz
  4716  04D0  2CD2               	goto	u1531
  4717  04D1  2CD3               	goto	u1530
  4718  04D2                     u1531:
  4719  04D2  2CD5               	goto	l2061
  4720  04D3                     u1530:
  4721  04D3                     l2057:
  4722                           
  4723                           ;EAS-Itank_RTC_Interface.c: 1033:     {;EAS-Itank_RTC_Interface.c: 1034:         return 
      +                          0;
  4724  04D3  3000               	movlw	0
  4725  04D4  2CFD               	goto	l242
  4726  04D5                     l2061:
  4727                           
  4728                           ;EAS-Itank_RTC_Interface.c: 1037:     if (now->minute != last_minute)
  4729  04D5  0A75               	incf	Already_Triggered_This_Minute@now,w
  4730  04D6  0084               	movwf	4
  4731  04D7  0800               	movf	0,w
  4732  04D8  0671               	xorwf	Already_Triggered_This_Minute@last_minute,w
  4733  04D9  1903               	skipnz
  4734  04DA  2CDC               	goto	u1541
  4735  04DB  2CDD               	goto	u1540
  4736  04DC                     u1541:
  4737  04DC  2CDE               	goto	l2067
  4738  04DD                     u1540:
  4739  04DD  2CD3               	goto	l2057
  4740  04DE                     l2067:
  4741                           
  4742                           ;EAS-Itank_RTC_Interface.c: 1042:     if (now->date != last_date)
  4743  04DE  0875               	movf	Already_Triggered_This_Minute@now,w
  4744  04DF  3E04               	addlw	4
  4745  04E0  0084               	movwf	4
  4746  04E1  0800               	movf	0,w
  4747  04E2  0672               	xorwf	Already_Triggered_This_Minute@last_date,w
  4748  04E3  1903               	skipnz
  4749  04E4  2CE6               	goto	u1551
  4750  04E5  2CE7               	goto	u1550
  4751  04E6                     u1551:
  4752  04E6  2CE8               	goto	l2073
  4753  04E7                     u1550:
  4754  04E7  2CD3               	goto	l2057
  4755  04E8                     l2073:
  4756                           
  4757                           ;EAS-Itank_RTC_Interface.c: 1047:     if (now->month != last_month)
  4758  04E8  0875               	movf	Already_Triggered_This_Minute@now,w
  4759  04E9  3E05               	addlw	5
  4760  04EA  0084               	movwf	4
  4761  04EB  0800               	movf	0,w
  4762  04EC  0673               	xorwf	Already_Triggered_This_Minute@last_month,w
  4763  04ED  1903               	skipnz
  4764  04EE  2CF0               	goto	u1561
  4765  04EF  2CF1               	goto	u1560
  4766  04F0                     u1561:
  4767  04F0  2CF2               	goto	l2079
  4768  04F1                     u1560:
  4769  04F1  2CD3               	goto	l2057
  4770  04F2                     l2079:
  4771                           
  4772                           ;EAS-Itank_RTC_Interface.c: 1052:     if (now->year != last_year)
  4773  04F2  0875               	movf	Already_Triggered_This_Minute@now,w
  4774  04F3  3E06               	addlw	6
  4775  04F4  0084               	movwf	4
  4776  04F5  0800               	movf	0,w
  4777  04F6  0674               	xorwf	Already_Triggered_This_Minute@last_year,w
  4778  04F7  1903               	skipnz
  4779  04F8  2CFA               	goto	u1571
  4780  04F9  2CFB               	goto	u1570
  4781  04FA                     u1571:
  4782  04FA  2CFC               	goto	l2085
  4783  04FB                     u1570:
  4784  04FB  2CD3               	goto	l2057
  4785  04FC                     l2085:
  4786                           
  4787                           ;EAS-Itank_RTC_Interface.c: 1057:     return 1;
  4788  04FC  3001               	movlw	1
  4789  04FD                     l242:
  4790  04FD  0008               	return
  4791  04FE                     __end_of_Already_Triggered_This_Minute:
  4792  007E                     btemp	set	126	;btemp
  4793  007E                     wtemp0	set	126
  4794                           
  4795                           	psect	config
  4796                           
  4797                           ;Config register CONFIG @ 0x2007
  4798                           ;	Oscillator Selection bits
  4799                           ;	FOSC = INTOSCIO, INTOSCIO oscillator: I/O function on RA4/OSC2/CLKOUT pin, I/O functio
      +                          n on RA5/OSC1/CLKIN
  4800                           ;	Watchdog Timer Enable bit
  4801                           ;	WDTE = OFF, WDT disabled
  4802                           ;	Power-up Timer Enable bit
  4803                           ;	PWRTE = ON, PWRT enabled
  4804                           ;	MCLR Pin Function Select bit
  4805                           ;	MCLRE = OFF, MCLR pin function is digital input, MCLR internally tied to VDD
  4806                           ;	Code Protection bit
  4807                           ;	CP = OFF, Program memory code protection is disabled
  4808                           ;	Data Code Protection bit
  4809                           ;	CPD = OFF, Data memory code protection is disabled
  4810                           ;	Brown Out Detect
  4811                           ;	BOREN = ON, BOR enabled
  4812                           ;	Internal External Switchover bit
  4813                           ;	IESO = 0x1, unprogrammed default
  4814                           ;	Fail-Safe Clock Monitor Enabled bit
  4815                           ;	FCMEN = 0x1, unprogrammed default
  4816  2007                     	org	8199
  4817  2007  3FC4               	dw	16324

Data Sizes:
    Strings     0
    Constant    0
    Data        0
    BSS         0
    Persistent  0
    Stack       0

Auto Spaces:
    Space          Size  Autos    Used
    COMMON           14     14      14
    BANK0            80     29      29
    BANK1            32      0       0

Pointer List with Targets:

    Already_Triggered_This_Minute@now	PTR const struct . size(1) Largest target is 7
		 -> main@now(BANK0[7]), 

    Is_Scheduled_Relay_Time@now	PTR const struct . size(1) Largest target is 7
		 -> main@now(BANK0[7]), 

    Is_Allowed_Day_And_Hour@now	PTR const struct . size(1) Largest target is 7
		 -> main@now(BANK0[7]), 

    DS3231_ReadTime_With_Retry@time	PTR struct . size(1) Largest target is 7
		 -> main@now(BANK0[7]), 

    RTC_Time_Is_Valid@time	PTR const struct . size(1) Largest target is 7
		 -> main@now(BANK0[7]), 

    DS3231_ReadTime@time	PTR struct . size(1) Largest target is 7
		 -> main@now(BANK0[7]), 

    EEPROM_Load_Last_Trigger@last_year	PTR unsigned char  size(1) Largest target is 1
		 -> main@last_trigger_year(BANK0[1]), 

    EEPROM_Load_Last_Trigger@last_month	PTR unsigned char  size(1) Largest target is 1
		 -> main@last_trigger_month(BANK0[1]), 

    EEPROM_Load_Last_Trigger@last_date	PTR unsigned char  size(1) Largest target is 1
		 -> main@last_trigger_date(BANK0[1]), 

    EEPROM_Load_Last_Trigger@last_minute	PTR unsigned char  size(1) Largest target is 1
		 -> main@last_trigger_minute(BANK0[1]), 

    EEPROM_Load_Last_Trigger@last_hour	PTR unsigned char  size(1) Largest target is 1
		 -> main@last_trigger_hour(BANK0[1]), 


Critical Paths under _main in COMMON

    _main->_EEPROM_Save_Last_Trigger
    _Relay_Test_Cycle->_Test_Delay_Seconds_Abortable
    _Relay_Reset_Pulse->_Delay_Seconds
    _Delay_Seconds->_Delay_Approx_1s
    _Is_Scheduled_Relay_Time->_Is_Allowed_Day_And_Hour
    _Is_Allowed_Day_And_Hour->_Is_Hour_Window_Enabled
    _EEPROM_Save_Last_Trigger->_Trigger_Checksum
    _EEPROM_WriteByte->_EEPROM_ReadByte
    _EEPROM_Load_Last_Trigger->_Trigger_Checksum
    _DS3231_ReadTime_With_Retry->_DS3231_ReadTime
    _I2C_Init->_I2C_Delay
    _DS3231_ReadTime->_BCD_To_Dec
    _I2C_WriteByte->_I2C_Delay
    _I2C_Stop->_I2C_Delay
    _I2C_Start->_I2C_Delay
    _I2C_ReadByte->_I2C_Delay
    _BCD_To_Dec->___bmul

Critical Paths under _main in BANK0

    _DS3231_ReadTime_With_Retry->_DS3231_ReadTime

Critical Paths under _main in BANK1

    None.

Call Graph Tables:

 ---------------------------------------------------------------------------------
 (Depth) Function   	        Calls       Base Space   Used Autos Params    Refs
 ---------------------------------------------------------------------------------
 (0) _main                                                19    19      0    7342
                                             10 BANK0     19    19      0
      _Already_Triggered_This_Minute
         _DS3231_ReadTime_With_Retry
                    _Delay_Approx_1s
                 _Delay_Approx_250ms
                      _Delay_Seconds
           _EEPROM_Load_Last_Trigger
           _EEPROM_Save_Last_Trigger
                           _I2C_Init
                        _Init_Device
            _Is_Scheduled_Relay_Time
               _Is_Test_Mode_Enabled
                          _Relay_Off
                  _Relay_Reset_Pulse
                   _Relay_Test_Cycle
 ---------------------------------------------------------------------------------
 (1) _Relay_Test_Cycle                                     5     5      0     324
                                              4 COMMON     5     5      0
                 _Delay_Approx_250ms
               _Is_Test_Mode_Enabled
                          _Relay_Off
                           _Relay_On
       _Test_Delay_Seconds_Abortable
 ---------------------------------------------------------------------------------
 (2) _Test_Delay_Seconds_Abortable                         4     4      0      92
                                              0 COMMON     4     4      0
                  _Delay_Approx_65ms
               _Is_Test_Mode_Enabled
                          _Relay_Off
 ---------------------------------------------------------------------------------
 (3) _Is_Test_Mode_Enabled                                 0     0      0       0
 ---------------------------------------------------------------------------------
 (1) _Relay_Reset_Pulse                                    0     0      0      69
                      _Delay_Seconds
                          _Relay_Off
                           _Relay_On
 ---------------------------------------------------------------------------------
 (2) _Relay_On                                             0     0      0       0
 ---------------------------------------------------------------------------------
 (2) _Delay_Seconds                                        1     1      0      69
                                              2 COMMON     1     1      0
                    _Delay_Approx_1s
 ---------------------------------------------------------------------------------
 (3) _Delay_Approx_1s                                      2     2      0      46
                                              0 COMMON     2     2      0
                  _Delay_Approx_65ms
 ---------------------------------------------------------------------------------
 (1) _Is_Scheduled_Relay_Time                              1     1      0     221
                                              3 COMMON     1     1      0
            _Is_Allowed_Day_And_Hour
 ---------------------------------------------------------------------------------
 (2) _Is_Allowed_Day_And_Hour                              1     1      0     144
                                              2 COMMON     1     1      0
             _Is_Hour_Window_Enabled
                  _Is_Sunday_Enabled
 ---------------------------------------------------------------------------------
 (3) _Is_Sunday_Enabled                                    0     0      0       0
 ---------------------------------------------------------------------------------
 (3) _Is_Hour_Window_Enabled                               2     2      0      67
                                              0 COMMON     2     2      0
 ---------------------------------------------------------------------------------
 (1) _Init_Device                                          0     0      0       0
                          _Relay_Off
                        _SCL_Release
                        _SDA_Release
              _Timer0_Init_For_Delay
 ---------------------------------------------------------------------------------
 (2) _Timer0_Init_For_Delay                                0     0      0       0
 ---------------------------------------------------------------------------------
 (1) _EEPROM_Save_Last_Trigger                            11     7      4    2006
                                              5 COMMON     9     5      4
                                              0 BANK0      2     2      0
                   _EEPROM_WriteByte
                   _Trigger_Checksum
 ---------------------------------------------------------------------------------
 (2) _EEPROM_WriteByte                                     3     2      1     741
                                              1 COMMON     3     2      1
                    _EEPROM_ReadByte
 ---------------------------------------------------------------------------------
 (1) _EEPROM_Load_Last_Trigger                            15    11      4    1589
                                              5 COMMON     8     4      4
                                              0 BANK0      7     7      0
                    _EEPROM_ReadByte
                   _Trigger_Checksum
 ---------------------------------------------------------------------------------
 (2) _Trigger_Checksum                                     5     1      4     718
                                              0 COMMON     5     1      4
 ---------------------------------------------------------------------------------
 (3) _EEPROM_ReadByte                                      1     1      0      22
                                              0 COMMON     1     1      0
 ---------------------------------------------------------------------------------
 (1) _DS3231_ReadTime_With_Retry                           3     3      0    1678
                                             10 COMMON     3     3      0
                    _DS3231_ReadTime
                 _Delay_Approx_250ms
                           _I2C_Init
                  _RTC_Time_Is_Valid
                          _Relay_Off
 ---------------------------------------------------------------------------------
 (3) _Relay_Off                                            0     0      0       0
 ---------------------------------------------------------------------------------
 (2) _RTC_Time_Is_Valid                                    1     1      0     253
                                              0 COMMON     1     1      0
 ---------------------------------------------------------------------------------
 (1) _I2C_Init                                             0     0      0      46
                          _I2C_Delay
                        _SCL_Release
                        _SDA_Release
 ---------------------------------------------------------------------------------
 (2) _Delay_Approx_250ms                                   2     2      0      46
                                              0 COMMON     2     2      0
                  _Delay_Approx_65ms
 ---------------------------------------------------------------------------------
 (3) _Delay_Approx_65ms                                    0     0      0       0
 ---------------------------------------------------------------------------------
 (2) _DS3231_ReadTime                                     11    11      0    1177
                                              9 COMMON     1     1      0
                                              0 BANK0     10    10      0
                         _BCD_To_Dec
                       _I2C_ReadByte
                          _I2C_Start
                           _I2C_Stop
                      _I2C_WriteByte
 ---------------------------------------------------------------------------------
 (3) _I2C_WriteByte                                        4     4      0     138
                                              2 COMMON     4     4      0
                          _I2C_Delay
                            _SCL_Low
                        _SCL_Release
                            _SDA_Low
                           _SDA_Read
                        _SDA_Release
 ---------------------------------------------------------------------------------
 (3) _I2C_Stop                                             0     0      0      46
                          _I2C_Delay
                        _SCL_Release
                            _SDA_Low
                        _SDA_Release
 ---------------------------------------------------------------------------------
 (3) _I2C_Start                                            0     0      0      46
                          _I2C_Delay
                            _SCL_Low
                        _SCL_Release
                            _SDA_Low
                        _SDA_Release
 ---------------------------------------------------------------------------------
 (3) _I2C_ReadByte                                         4     4      0     139
                                              2 COMMON     4     4      0
                          _I2C_Delay
                            _SCL_Low
                        _SCL_Release
                            _SDA_Low
                           _SDA_Read
                        _SDA_Release
 ---------------------------------------------------------------------------------
 (2) _SDA_Release                                          0     0      0       0
 ---------------------------------------------------------------------------------
 (4) _SDA_Read                                             0     0      0       0
 ---------------------------------------------------------------------------------
 (4) _SDA_Low                                              0     0      0       0
 ---------------------------------------------------------------------------------
 (2) _SCL_Release                                          0     0      0       0
 ---------------------------------------------------------------------------------
 (4) _SCL_Low                                              0     0      0       0
 ---------------------------------------------------------------------------------
 (2) _I2C_Delay                                            2     2      0      46
                                              0 COMMON     2     2      0
 ---------------------------------------------------------------------------------
 (3) _BCD_To_Dec                                           5     5      0     258
                                              4 COMMON     5     5      0
                             ___bmul
 ---------------------------------------------------------------------------------
 (4) ___bmul                                               4     3      1     168
                                              0 COMMON     4     3      1
 ---------------------------------------------------------------------------------
 (1) _Already_Triggered_This_Minute                        6     1      5     633
                                              0 COMMON     6     1      5
 ---------------------------------------------------------------------------------
 Estimated maximum stack depth 4
 ---------------------------------------------------------------------------------

 Call Graph Graphs:

 _main (ROOT)
   _Already_Triggered_This_Minute
   _DS3231_ReadTime_With_Retry
     _DS3231_ReadTime
       _BCD_To_Dec
         ___bmul
       _I2C_ReadByte
         _I2C_Delay
         _SCL_Low
         _SCL_Release
         _SDA_Low
         _SDA_Read
         _SDA_Release
       _I2C_Start
         _I2C_Delay
         _SCL_Low
         _SCL_Release
         _SDA_Low
         _SDA_Release
       _I2C_Stop
         _I2C_Delay
         _SCL_Release
         _SDA_Low
         _SDA_Release
       _I2C_WriteByte
         _I2C_Delay
         _SCL_Low
         _SCL_Release
         _SDA_Low
         _SDA_Read
         _SDA_Release
     _Delay_Approx_250ms
       _Delay_Approx_65ms
     _I2C_Init
       _I2C_Delay
       _SCL_Release
       _SDA_Release
     _RTC_Time_Is_Valid
     _Relay_Off
   _Delay_Approx_1s
     _Delay_Approx_65ms
   _Delay_Approx_250ms
     _Delay_Approx_65ms
   _Delay_Seconds
     _Delay_Approx_1s
       _Delay_Approx_65ms
   _EEPROM_Load_Last_Trigger
     _EEPROM_ReadByte
     _Trigger_Checksum
   _EEPROM_Save_Last_Trigger
     _EEPROM_WriteByte
       _EEPROM_ReadByte
     _Trigger_Checksum
   _I2C_Init
     _I2C_Delay
     _SCL_Release
     _SDA_Release
   _Init_Device
     _Relay_Off
     _SCL_Release
     _SDA_Release
     _Timer0_Init_For_Delay
   _Is_Scheduled_Relay_Time
     _Is_Allowed_Day_And_Hour
       _Is_Hour_Window_Enabled
       _Is_Sunday_Enabled
   _Is_Test_Mode_Enabled
   _Relay_Off
   _Relay_Reset_Pulse
     _Delay_Seconds
       _Delay_Approx_1s
         _Delay_Approx_65ms
     _Relay_Off
     _Relay_On
   _Relay_Test_Cycle
     _Delay_Approx_250ms
       _Delay_Approx_65ms
     _Is_Test_Mode_Enabled
     _Relay_Off
     _Relay_On
     _Test_Delay_Seconds_Abortable
       _Delay_Approx_65ms
       _Is_Test_Mode_Enabled
       _Relay_Off

 Address spaces:
Name               Size   Autos  Total    Cost      Usage
BITCOMMON            E      0       0       0        0.0%
EEDATA             100      0       0       0        0.0%
NULL                 0      0       0       0        0.0%
CODE                 0      0       0       0        0.0%
COMMON               E      E       E       1      100.0%
BITSFR0              0      0       0       1        0.0%
SFR0                 0      0       0       1        0.0%
BITSFR1              0      0       0       2        0.0%
SFR1                 0      0       0       2        0.0%
STACK                0      0       0       2        0.0%
BITBANK0            50      0       0       3        0.0%
BANK0               50     1D      1D       4       36.2%
BANK1               20      0       0       5        0.0%
ABS                  0      0       0       6        0.0%
BITBANK1            20      0       0       7        0.0%
DATA                 0      0       0       8        0.0%


Microchip Technology PIC Macro Assembler V2.31 build 20201012212115 
Symbol Table                                                                                   Mon Aug 10 10:12:24 2026

                ??_Is_Hour_Window_Enabled 0070                          ?_Delay_Approx_1s 0070  
                      __size_of_I2C_Delay 000E                            ___bmul@product 0072  
                      ?_Delay_Approx_65ms 0070                        __size_of_I2C_Start 0008  
                                      l41 02DD                                        l44 02DA  
                                      l60 05A0                                        l71 0328  
                                      l47 02F8                                        l55 0446  
                                      l74 030B                                        l82 034B  
                                      l77 030F                                        l93 033E  
                                      l87 0358                       ?_Delay_Approx_250ms 0070  
                                     l110 02D7                                       l104 0366  
                                     l113 02EE                                       l122 02E5  
                                     l107 02F3                                       l131 049D  
                                     l116 02D4                                       l125 0307  
                                     l221 02E9                                       l119 02E1  
                                     l143 049A                                       l135 04C7  
                                     l128 02FF                                       l152 0333  
                                     l160 0464                                       l225 03E0  
                                     l233 0400                                       l242 04FD  
                                     l146 03C4                                       l218 0422  
                                     l170 0695                                       l162 0468  
                                     l156 046F                                       l149 032A  
                                     l157 0450                                       l229 031F  
                                     l166 0317                                       l238 0390  
                                     l183 0545                                       l249 03A9  
                                     l195 07D1                                       l187 07FD  
                                     l199 0601                                       l377 037B  
                                     u900 04C1                                       u820 030F  
                                     u821 030E                                       u830 0360  
                                     u910 047E                                       u831 035F  
                                     u911 047D                                       u840 036D  
                                     u920 048B                                       u841 036C  
                                     u921 048A                                       u850 037A  
                                     u930 0490                                       u851 0379  
                                     u931 048F                                       u860 0358  
                                     u861 0357                                       u870 04A1  
                                     u950 032F                                       u871 04A0  
                                     u951 032E                                       u880 04B5  
                                     u960 03D0                                       u945 03AE  
                                     u881 04B4                                       u961 03CF  
                                     u890 04C0                                       u970 03D8  
                                     u891 04BE                                       u971 03D7  
                                     u980 03DE                                       u981 03DD  
                                     u990 033E                                       u991 033D  
                     ??_Delay_Approx_65ms 0070                                       fsr0 0004  
                                     indf 0000                       __size_of_BCD_To_Dec 001B  
       DS3231_ReadTime_With_Retry@attempt 007B    Already_Triggered_This_Minute@last_date 0072  
  Already_Triggered_This_Minute@last_hour 0070    Already_Triggered_This_Minute@last_year 0074  
                                    l2001 0663                                      l2003 0668  
                                    l2021 0403                                      l2005 066F  
                                    l2013 0500                                      l2101 03A1  
                                    l2031 0414                                      l2023 0404  
                                    l2015 0402                                      l2111 03A7  
                                    l2103 03A2                                      l2041 0421  
                                    l2033 0415                                      l2025 040B  
                                    l2009 0676                                      l2113 03A8  
                                    l2105 03A3                                      l2121 0696  
                                    l2035 0416                                      l2027 0412  
                                    l2107 03A4                                      l2051 0386  
                                    l2131 06C3                                      l2123 06AB  
                                    l2061 04D5                                      l2037 0417  
                                    l2109 03A6                                      l2045 037D  
                                    l2141 06D4                                      l2133 06C4  
                                    l2125 06AC                                      l2055 04C9  
                                    l2039 041B                                      l2047 0384  
                                    l2151 0704                                      l2143 06D6  
                                    l2135 06C5                                      l2127 06AD  
                                    l2073 04E8                                      l2057 04D3  
                                    l1521 035A                                      l1601 04A3  
                                    l2161 0727                                      l2153 0716  
                                    l2145 06DD                                      l2137 06C7  
                                    l2129 06C0                                      l2067 04DE  
                                    l1531 02D5                                      l1611 04A9  
                                    l1603 04A4                                      l1515 0308  
                                    l2091 0395                                      l2163 072B  
                                    l2155 071B                                      l2147 06E4  
                                    l2171 0730                                      l2139 06CE  
                                    l2085 04FC                                      l1541 0368  
                                    l1525 0361                                      l1533 02EA  
                                    l1621 04B7                                      l1613 04AB  
                                    l1605 04A5                                      l1517 030A  
                                    l2093 0397                                      l1701 03D2  
                                    l2157 071F                                      l2149 06FF  
                                    l2165 072D                                      l2079 04F2  
                                    l1551 037A                                      l1543 0369  
                                    l1519 0359                                      l1535 02D2  
                                    l1631 0471                                      l1623 04C4  
                                    l1615 04AF                                      l1607 04A7  
                                    l2095 039C                                      l1703 03D8  
                                    l2167 072E                                      l2159 0723  
                                    l1545 036D                                      l1529 02EF  
                                    l1537 02DE                                      l1641 0474  
                                    l1633 0472                                      l1625 04C5  
                                    l1617 04B5                                      l1609 04A8  
                                    l1801 073E                                      l2097 039D  
                                    l2089 0391                                      l1561 034C  
                                    l1721 0339                                      l1713 02DB  
                                    l2169 072F                                      l1547 0371  
                                    l1651 0481                                      l1643 0476  
                                    l1635 0473                                      l1627 04C6  
                                    l1619 04B6                                      l1555 02D8  
                                    l2099 039F                                      l1571 0352  
                                    l1715 0335                                      l1731 0427  
                                    l1723 0424                                      l1549 0373  
                                    l1661 0493                                      l1653 0485  
                                    l1645 047E                                      l1581 0306  
                                    l1573 0300                                      l1821 0751  
                                    l1813 0748                                      l1805 0740  
                                    l1709 03DF                                      l1717 0336  
                                    l1557 0318                                      l1741 0431  
                                    l1733 042D                                      l1725 0426  
                                    l1663 0494                                      l1655 048B  
                                    l1647 047F                                      l1575 0302  
                                    l1591 02FE                                      l1583 02F9  
                                    l1831 079C                                      l1823 077C  
                                    l1911 03F3                                      l1903 03E2  
                                    l1567 034D                                      l1719 0337  
                                    l1743 0435                                      l1735 042E  
                                    l1673 03AB                                      l1665 0496  
                                    l1657 0490                                      l1649 0480  
                                    l1577 0303                                      l1585 02FA  
                                    l1593 049C                                      l1841 07BC  
                                    l1833 07A5                                      l1825 0787  
                                    l1761 0341                                      l1753 033F  
                                    l1681 032A                                      l1905 03EB  
                                    l1569 034E                                      l1921 02F4  
                                    l1745 043B                                      l1675 03B8  
                                    l1667 0497                                      l1659 0492  
                                    l1579 0305                                      l1587 02FB  
                                    l1843 07BD                                      l1835 07AA  
                                    l1827 0791                                      l1763 0345  
                                    l1851 05A2                                      l1683 032F  
                                    l1771 0448                                      l1907 03F1  
                                    l1923 02F5                                      l1739 0430  
                                    l1747 043F                                      l1677 03BD  
                                    l1669 0499                                      l1589 02FD  
                                    l1837 07B0                                      l1829 0795  
                                    l1845 07C6                                      l1853 05AB  
                                    l1685 0331                                      l1781 045E  
                                    l1765 0320                                      l1693 03C6  
                                    l1917 03FF                                      l1925 02F7  
                                    l1749 0445                                      l1941 055C  
                                    l1933 054E                                      l1599 04A1  
                                    l1847 07FC                                      l1839 07B6  
                                    l1759 0340                                      l1767 02E2  
                                    l1871 05C8                                      l1863 05B6  
                                    l1791 046E                                      l1783 045F  
                                    l1775 0455                                      l1695 03CB  
                                    l1951 057D                                      l1943 0561  
                                    l1935 0557                                      l1927 0546  
                                    l1769 02E4                                      l1857 05AD  
                                    l1793 0311                                      l1785 0461  
                                    l1777 0459                                      l1697 03D0  
                                    l1689 02E6                                      l1953 0582  
                                    l1945 056A                                      l1937 0557  
                                    l1929 054C                                      l1787 0463  
                                    l1779 045A                                      l1971 059D  
                                    l1955 0587                                      l1947 056F  
                                    l1963 0593                                      l1939 0557  
                                    l1797 0735                                      l1893 05F6  
                                    l1885 05E4                                      l1877 05D2  
                                    l1869 05C0                                      l1789 0469  
                                    l1965 0594                                      l1957 0590  
                                    l1949 0574                                      l1799 073D  
                                    l1887 05EC                                      l1879 05DA  
                                    l1983 060C                                      l1959 0591  
                                    l1993 0650                                      l1985 0630  
                                    l1969 059C                                      l1899 0600  
                                    l1979 0604                                      l1997 0657  
                                    l1989 0649                                      l1999 065C  
                                    u1000 042D                                      u1001 042C  
                                    u1010 043B                                      u1011 043A  
                                    u1100 0750                                      u1020 0445  
                                    u1101 074F                                      u1021 0444  
                                    u1110 0795                                      u1030 034B  
                                    u1111 0794                                      u1031 034A  
                                    u1120 07A1                                      u1200 05C8  
                                    u1040 044F                                      u1121 079F  
                                    u1201 05C7                                      u1041 044E  
                                    u1130 07A2                                      u1210 05D1  
                                    u1050 0455                                      u1211 05D0  
                                    u1051 0454                                      u1140 07AA  
                                    u1220 05DA                                      u1060 0468  
                                    u1300 054C                                      u1141 07A9  
                                    u1221 05D9                                      u1061 0467  
                                    u1301 054B                                      u1150 07B0  
                                    u1230 05E3                                      u1070 046E  
                                    u1310 055C                                      u1151 07AF  
                                    u1231 05E2                                      u1071 046D  
                                    u1311 055B                                      u1160 07BC  
                                    u1080 073D                                      u1240 05EC  
                                    u1400 064F                                      u1320 0561  
                                    u1161 07BB                                      u1081 073C  
                                    u1241 05EB                                      u1401 064E  
                                    u1321 0560                                      u1090 0747  
                                    u1250 05F5                                      u1170 05AB  
                                    u1410 0656                                      u1330 056F  
                                    u1091 0746                                      u1251 05F4  
                                    u1171 05AA                                      u1411 0655  
                                    u1331 056E                                      u1260 05FF  
                                    u1180 05B5                                      u1420 065C  
                                    u1500 0384                                      u1340 0574  
                                    u1261 05FE                                      u1181 05B4  
                                    u1421 065B                                      u1501 0383  
                                    u1341 0573                                      u1190 05BF  
                                    u1430 0662                                      u1270 03EB  
                                    u1510 038F                                      u1350 0582  
                                    u1191 05BE                                      u1431 0661  
                                    u1271 03EA                                      u1511 038D  
                                    u1351 0581                                      u1440 0668  
                                    u1280 03F1                                      u1520 0390  
                                    u1360 0587                                      u1600 06DD  
                                    u1441 0667                                      u1281 03F0  
                                    u1361 0586                                      u1601 06DC  
                                    u1530 04D3                                      u1450 066E  
                                    u1290 03FE                                      u1370 059B  
                                    u1610 06E4                                      u1531 04D2  
                                    u1451 066D                                      u1291 03FD  
                                    u1371 059A                                      u1611 06E3  
                                    u1540 04DD                                      u1460 0675  
                                    u1380 060B                                      u1620 0704  
                                    u1541 04DC                                      u1461 0674  
                                    u1381 060A                                      u1621 0703  
                                    u1550 04E7                                      u1470 040B  
                                    u1390 0648                                      u1551 04E6  
                                    u1471 040A                                      u1391 0647  
                                    u1560 04F1                                      u1480 0412  
                                    u1561 04F0                                      u1481 0411  
                                    _GPIO 0005                                      u1570 04FB  
                                    u1490 0421                                      u1571 04FA  
                                    u1491 0420                                      u1580 06CE  
                                    u1581 06CD                                      u1590 06D4  
                                    u1591 06D3                      ??_Delay_Approx_250ms 0070  
                                    _TMR0 0001                           __end_of_SDA_Low 02F4  
                         __end_of_SCL_Low 02EF                     __size_of_I2C_ReadByte 002B  
        EEPROM_Load_Last_Trigger@checksum 0020                                      _main 0696  
                        __end_of_I2C_Init 02E6         Test_Delay_Seconds_Abortable@slice 0073  
                                    btemp 007E                          __end_of_I2C_Stop 0300  
                                    start 0000                 __end_of_Delay_Approx_65ms 0310  
                           ??_Init_Device 0070          EEPROM_Save_Last_Trigger@checksum 0020  
                __size_of_EEPROM_ReadByte 000B        EEPROM_Load_Last_Trigger@last_month 0077  
                       ___bmul@multiplier 0073         __size_of_EEPROM_Save_Last_Trigger 0048  
               ?_EEPROM_Save_Last_Trigger 0075                         ??_DS3231_ReadTime 0079  
                                   ?_main 0070                                     _EEADR 009B  
                                   _EEDAT 009A                                     _ANSEL 009F  
              Is_Allowed_Day_And_Hour@now 0072           ??_Already_Triggered_This_Minute 0075  
                        __end_of_SDA_Read 02E2                __size_of_RTC_Time_Is_Valid 0061  
                            _I2C_ReadByte 0470                         __end_of_I2C_Delay 0367  
                       __end_of_I2C_Start 0308           EEPROM_WriteByte@gie_was_enabled 0072  
                   EEPROM_WriteByte@value 0071                                     status 0003  
           EEPROM_Load_Last_Trigger@month 0026                                     wtemp0 007E  
          DS3231_ReadTime_With_Retry@time 007C                           __initialization 07FE  
                            ?_SDA_Release 0070                              __end_of_main 0733  
         __size_of_Is_Hour_Window_Enabled 001C                       __end_of_Init_Device 03AA  
                                  ??_main 002A                          __end_of_Relay_On 02DE  
                        Delay_Approx_1s@i 0071                                 ??_SDA_Low 0070  
             ?_DS3231_ReadTime_With_Retry 0070                                 ??_SCL_Low 0070  
                                  _ADCON0 001F                              ?_SCL_Release 0070  
                  __size_of_I2C_WriteByte 002D                                    _EECON2 009D  
                                  _CMCON0 0019                              ??_BCD_To_Dec 0074  
            EEPROM_Save_Last_Trigger@date 0076                          _Relay_Test_Cycle 0546  
              __size_of_Delay_Approx_65ms 0008              EEPROM_Save_Last_Trigger@hour 0021  
            EEPROM_Save_Last_Trigger@year 0078                     RTC_Time_Is_Valid@time 0070  
                                  ___bmul 0367                        __size_of_Relay_Off 0003  
                       ??_EEPROM_ReadByte 0070                 __size_of_Trigger_Checksum 0008  
     Test_Delay_Seconds_Abortable@seconds 0071                  ?_Is_Scheduled_Relay_Time 0070  
                __end_of_EEPROM_WriteByte 0470                Relay_Test_Cycle@on_seconds 0076  
                               ?_I2C_Init 0070                                 ?_I2C_Stop 0070  
                      __end_of_BCD_To_Dec 03C5                    _Is_Hour_Window_Enabled 03C5  
              Is_Hour_Window_Enabled@hour 0071     __end_of_Already_Triggered_This_Minute 04FE  
  __size_of_Already_Triggered_This_Minute 0036             _Already_Triggered_This_Minute 04C8  
               DS3231_ReadTime@raw_minute 0021                 DS3231_ReadTime@raw_second 0020  
                       _Is_Sunday_Enabled 02E6                   __end_of__initialization 07FE  
       __size_of_EEPROM_Load_Last_Trigger 0094                        ?_Is_Sunday_Enabled 0070  
               ?_EEPROM_Load_Last_Trigger 0075              EEPROM_Load_Last_Trigger@date 0025  
                     ___bmul@multiplicand 0070              EEPROM_Load_Last_Trigger@hour 0022  
           __size_of_Is_Test_Mode_Enabled 0008              EEPROM_Load_Last_Trigger@year 0024  
                             _Init_Device 0391                                 ?_SDA_Read 0070  
                     ??_Is_Sunday_Enabled 0070                            __pcstackCOMMON 0070  
                           _I2C_WriteByte 049B                       Delay_Approx_250ms@i 0071  
                              ??_I2C_Init 0072                            _OPTION_REGbits 0081  
                  Trigger_Checksum@minute 0070                                ??_I2C_Stop 0072  
               __end_of_Is_Sunday_Enabled 02EA                         __end_of_Relay_Off 02DB  
        __end_of_EEPROM_Save_Last_Trigger 0546                     _Timer0_Init_For_Delay 0320  
                              I2C_Delay@i 0071                           _DS3231_ReadTime 0733  
                               ?_Relay_On 0070                                ??_SDA_Read 0070  
                              __pmaintext 0696                            ?_I2C_WriteByte 0070  
                                 ?___bmul 0070           __end_of_Is_Scheduled_Relay_Time 0391  
                    __size_of_SDA_Release 0003                         _Relay_Reset_Pulse 02F4  
                  __size_of_Delay_Seconds 000B                  ?_Is_Allowed_Day_And_Hour 0070  
                      ?_Relay_Reset_Pulse 0070                  __size_of_Delay_Approx_1s 000D  
                                 _SDA_Low 02EF                                   _SCL_Low 02EA  
                     ??_Relay_Reset_Pulse 0073                      I2C_ReadByte@send_ack 0073  
             __size_of_Delay_Approx_250ms 000D                      __size_of_SCL_Release 0003  
                               _I2C_Delay 0359             EEPROM_Save_Last_Trigger@month 0077  
          ?_Already_Triggered_This_Minute 0070                                 _I2C_Start 0300  
                              ??_Relay_On 0070                          I2C_ReadByte@data 0074  
                         __size_of___bmul 0015                 __end_of_Relay_Reset_Pulse 02F9  
                 DS3231_ReadTime@raw_date 0023                   DS3231_ReadTime@raw_hour 0027  
                 DS3231_ReadTime@raw_year 0025                          _Trigger_Checksum 0310  
                                 __ptext1 0546                                   __ptext2 0423  
                                 __ptext3 0318                                   __ptext4 02F4  
                                 __ptext5 02DB                                   __ptext6 0334  
                                 __ptext7 034C                                   __ptext8 037C  
                                 __ptext9 03E1                    EEPROM_ReadByte@address 0070  
                    DS3231_ReadTime@is_pm 0026                  __end_of_Relay_Test_Cycle 05A1  
              __size_of_Is_Sunday_Enabled 0004                     main@already_triggered 0030  
                 EEPROM_WriteByte@address 0073                                   main@now 0036  
                 __end_of_DS3231_ReadTime 07FE                      end_of_initialization 07FE  
                           _Delay_Seconds 0334                    ?_Timer0_Init_For_Delay 0070  
                              ?_I2C_Delay 0070                                ?_I2C_Start 0070  
                         _EEPROM_ReadByte 0329                           ??_I2C_WriteByte 0072  
                _EEPROM_Save_Last_Trigger 04FE           __end_of_Is_Allowed_Day_And_Hour 0401  
                       ?_EEPROM_WriteByte 0071                   ?_Is_Hour_Window_Enabled 0070  
        __end_of_EEPROM_Load_Last_Trigger 0696                          I2C_WriteByte@ack 0074  
                      ??_EEPROM_WriteByte 0072                         __size_of_I2C_Init 0004  
                       __size_of_I2C_Stop 0007                         ??_Delay_Approx_1s 0070  
                          ?_Delay_Seconds 0070          __size_of_Is_Scheduled_Relay_Time 0015  
                            ?_Init_Device 0070                __size_of_Relay_Reset_Pulse 0005  
                       __size_of_SDA_Read 0004                            __end_of___bmul 037C  
          __end_of_Is_Hour_Window_Enabled 03E1              __end_of_Is_Test_Mode_Enabled 0320  
                     start_initialization 07FE                   __end_of_EEPROM_ReadByte 0334  
                        ?_DS3231_ReadTime 0070                               ??_I2C_Delay 0070  
                               _Relay_Off 02D8                               ??_I2C_Start 0072  
                       __size_of_Relay_On 0003                                  ??___bmul 0071  
                          I2C_WriteByte@i 0075                                 ___latbits 0000  
                           __pcstackBANK0 0020                             ?_I2C_ReadByte 0070  
                                ?_SDA_Low 0070                                  ?_SCL_Low 0070  
                         ??_Delay_Seconds 0072                  _EEPROM_Load_Last_Trigger 0602  
        __size_of_Is_Allowed_Day_And_Hour 0020                     Trigger_Checksum@month 0072  
                __end_of_Trigger_Checksum 0318                                ?_Relay_Off 0070  
                           ??_SDA_Release 0070   Already_Triggered_This_Minute@last_month 0073  
                           I2C_ReadByte@i 0075      __end_of_Test_Delay_Seconds_Abortable 0447  
   __size_of_Test_Delay_Seconds_Abortable 0024              _Test_Delay_Seconds_Abortable 0423  
                                _I2C_Init 02E2                                  _I2C_Stop 02F9  
                          ??_I2C_ReadByte 0072                         ?_Relay_Test_Cycle 0070  
                  DS3231_ReadTime@hour_12 0028                             ??_SCL_Release 0070  
                      ??_Relay_Test_Cycle 0074                __end_of_Delay_Approx_250ms 034C  
            ??_DS3231_ReadTime_With_Retry 007A                    DS3231_ReadTime@raw_day 0022  
                 _Is_Scheduled_Relay_Time 037C                   ??_Timer0_Init_For_Delay 0070  
                        ?_EEPROM_ReadByte 0070                ??_EEPROM_Save_Last_Trigger 0079  
                     DS3231_ReadTime@time 0029           Test_Delay_Seconds_Abortable@sec 0072  
     EEPROM_Load_Last_Trigger@last_minute 0075                                  _GPIObits 0005  
                    _Is_Test_Mode_Enabled 0318                                  _SDA_Read 02DE  
       EEPROM_Load_Last_Trigger@last_date 0076                   Relay_Test_Cycle@dip1_on 0077  
                 Relay_Test_Cycle@dip2_on 0078         EEPROM_Load_Last_Trigger@last_hour 0021  
       EEPROM_Load_Last_Trigger@last_year 0078                      __size_of_Init_Device 0019  
                     __end_of_SDA_Release 02D8                           _Delay_Approx_1s 034C  
        Already_Triggered_This_Minute@now 0075       __size_of_DS3231_ReadTime_With_Retry 0022  
           ?_Test_Delay_Seconds_Abortable 0070                          __size_of_SDA_Low 0005  
          EEPROM_Save_Last_Trigger@minute 0075                          __size_of_SCL_Low 0005  
               __size_of_EEPROM_WriteByte 0029                               ??_Relay_Off 0070  
                     __end_of_SCL_Release 02D5                                _EECON1bits 009C  
                              _BCD_To_Dec 03AA                                  _Relay_On 02DB  
                   ?_Is_Test_Mode_Enabled 0070                     __end_of_I2C_WriteByte 04C8  
      Is_Hour_Window_Enabled@dip2_enabled 0070                      Trigger_Checksum@date 0071  
                    Trigger_Checksum@hour 0074                      Trigger_Checksum@year 0073  
                DS3231_ReadTime@raw_month 0024            EEPROM_Load_Last_Trigger@minute 0023  
               ??_Is_Scheduled_Relay_Time 0073                                  __ptext10 02E6  
                                __ptext11 03C5                                  __ptext20 02D8  
                                __ptext12 0391                                  __ptext21 05A1  
                                __ptext13 0320                                  __ptext30 02D5  
                                __ptext22 02E2                                  __ptext14 04FE  
                                __ptext31 02DE                                  __ptext23 033F  
                                __ptext15 0447                                  __ptext32 02EF  
                                __ptext24 0308                                  __ptext16 0602  
                                __ptext33 02D2                                  __ptext25 0733  
                                __ptext17 0310                                  __ptext34 02EA  
                                __ptext26 049B                                  __ptext18 0329  
                                __ptext35 0359                                  __ptext27 02F9  
                                __ptext19 0401                                  __ptext36 03AA  
                                __ptext28 0300                                  __ptext37 0367  
                                __ptext29 0470                                  __ptext38 04C8  
                 _Is_Allowed_Day_And_Hour 03E1                             __size_of_main 009D  
                    __end_of_I2C_ReadByte 049B                   __end_of_Delay_Approx_1s 0359  
                             _SDA_Release 02D5                            BCD_To_Dec@ones 0077  
                          BCD_To_Dec@tens 0076                ??_EEPROM_Load_Last_Trigger 0079  
                              _INTCONbits 000B        __end_of_DS3231_ReadTime_With_Retry 0423  
              _DS3231_ReadTime_With_Retry 0401                               _SCL_Release 02D2  
                       _RTC_Time_Is_Valid 05A1            ??_Test_Delay_Seconds_Abortable 0070  
                      ?_RTC_Time_Is_Valid 0070                         ?_Trigger_Checksum 0070  
                  ??_Is_Test_Mode_Enabled 0070                               ?_BCD_To_Dec 0070  
                      ??_Trigger_Checksum 0074                                _OSCCONbits 008F  
                __size_of_DS3231_ReadTime 00CB                       ??_RTC_Time_Is_Valid 0070  
Already_Triggered_This_Minute@last_minute 0071                             BCD_To_Dec@bcd 0078  
               ??_Is_Allowed_Day_And_Hour 0072                 __end_of_RTC_Time_Is_Valid 0602  
             Relay_Test_Cycle@off_seconds 0075                   main@last_trigger_minute 0032  
                    Delay_Seconds@seconds 0072                Is_Scheduled_Relay_Time@now 0073  
                   __end_of_Delay_Seconds 033F            __size_of_Timer0_Init_For_Delay 0009  
           __end_of_Timer0_Init_For_Delay 0329                          _EEPROM_WriteByte 0447  
                  main@last_trigger_month 0034                     main@last_trigger_date 0033  
                       I2C_WriteByte@data 0073                     main@last_trigger_hour 0031  
               __size_of_Relay_Test_Cycle 005B                     main@last_trigger_year 0035  
                              _TRISIObits 0085                        _Delay_Approx_250ms 033F  
                       _Delay_Approx_65ms 0308  
