

Microchip MPLAB XC8 Assembler V2.31 build 20201012212115 
                                                                                               Thu Sep 10 10:34:59 2026

Microchip MPLAB XC8 C Compiler v2.31 (Free license) build 20201012212115 Og1 
     1                           	processor	12F683
     2                           	pagewidth 120
     3                           	opt	flic
     4                           	psect	cinit,global,class=CODE,merge=1,delta=2
     5                           	psect	cstackCOMMON,global,class=COMMON,space=1,delta=1,noexec
     6                           	psect	cstackBANK0,global,class=BANK0,space=1,delta=1,noexec
     7                           	psect	maintext,global,class=CODE,split=1,delta=2
     8                           	psect	text1,local,class=CODE,merge=1,delta=2
     9                           	psect	text2,local,class=CODE,merge=1,delta=2
    10                           	psect	text3,local,class=CODE,merge=1,delta=2
    11                           	psect	text4,local,class=CODE,merge=1,delta=2
    12                           	psect	text5,local,class=CODE,merge=1,delta=2
    13                           	psect	text6,local,class=CODE,merge=1,delta=2
    14                           	psect	text7,local,class=CODE,merge=1,delta=2
    15                           	psect	text8,local,class=CODE,merge=1,delta=2
    16                           	psect	text9,local,class=CODE,merge=1,delta=2,group=1
    17                           	psect	text10,local,class=CODE,merge=1,delta=2,group=1
    18                           	psect	text11,local,class=CODE,merge=1,delta=2
    19                           	psect	text12,local,class=CODE,merge=1,delta=2
    20                           	psect	text13,local,class=CODE,merge=1,delta=2
    21                           	psect	text14,local,class=CODE,merge=1,delta=2
    22                           	psect	text15,local,class=CODE,merge=1,delta=2
    23                           	psect	text16,local,class=CODE,merge=1,delta=2
    24                           	psect	text17,local,class=CODE,merge=1,delta=2
    25                           	psect	text18,local,class=CODE,merge=1,delta=2
    26                           	psect	text19,local,class=CODE,merge=1,delta=2
    27                           	psect	text20,local,class=CODE,merge=1,delta=2
    28                           	psect	text21,local,class=CODE,merge=1,delta=2
    29                           	psect	text22,local,class=CODE,merge=1,delta=2
    30                           	psect	text23,local,class=CODE,merge=1,delta=2
    31                           	psect	text24,local,class=CODE,merge=1,delta=2
    32                           	psect	text25,local,class=CODE,merge=1,delta=2
    33                           	psect	text26,local,class=CODE,merge=1,delta=2
    34                           	psect	text27,local,class=CODE,merge=1,delta=2
    35                           	psect	text28,local,class=CODE,merge=1,delta=2
    36                           	psect	text29,local,class=CODE,merge=1,delta=2
    37                           	psect	text30,local,class=CODE,merge=1,delta=2
    38                           	psect	text31,local,class=CODE,merge=1,delta=2
    39                           	psect	text32,local,class=CODE,merge=1,delta=2
    40                           	psect	text33,local,class=CODE,merge=1,delta=2
    41                           	psect	text34,local,class=CODE,merge=1,delta=2
    42                           	psect	text35,local,class=CODE,merge=1,delta=2
    43                           	psect	text36,local,class=CODE,merge=1,delta=2
    44                           	psect	text37,local,class=CODE,merge=1,delta=2
    45                           	psect	text38,local,class=CODE,merge=1,delta=2
    46                           	psect	text39,local,class=CODE,merge=1,delta=2,group=1
    47                           	psect	text40,local,class=CODE,merge=1,delta=2
    48                           	psect	config,global,abs,ovrld,class=CONFIG,space=4,delta=2,noexec
    49                           	dabs	1,0x7E,2
    50  0000                     
    51                           ; Generated 17/08/2023 GMT
    52                           ; 
    53                           ; Copyright © 2023, Microchip Technology Inc. and its subsidiaries ("Microchip")
    54                           ; All rights reserved.
    55                           ; 
    56                           ; This software is developed by Microchip Technology Inc. and its subsidiaries ("Microch
      +                          ip").
    57                           ; 
    58                           ; Redistribution and use in source and binary forms, with or without modification, are
    59                           ; permitted provided that the following conditions are met:
    60                           ; 
    61                           ;     1. Redistributions of source code must retain the above copyright notice, this lis
      +                          t of
    62                           ;        conditions and the following disclaimer.
    63                           ; 
    64                           ;     2. Redistributions in binary form must reproduce the above copyright notice, this 
      +                          list
    65                           ;        of conditions and the following disclaimer in the documentation and/or other
    66                           ;        materials provided with the distribution. Publication is not required when
    67                           ;        this file is used in an embedded application.
    68                           ; 
    69                           ;     3. Microchip's name may not be used to endorse or promote products derived from th
      +                          is
    70                           ;        software without specific prior written permission.
    71                           ; 
    72                           ; THIS SOFTWARE IS PROVIDED BY MICROCHIP "AS IS" AND ANY EXPRESS OR IMPLIED WARRANTIES,
    73                           ; INCLUDING, BUT NOT LIMITED TO, THE IMPLIED WARRANTIES OF MERCHANTABILITY AND FITNESS F
      +                          OR
    74                           ; PURPOSE ARE DISCLAIMED.  IN NO EVENT SHALL MICROCHIP BE LIABLE FOR ANY DIRECT, INDIREC
      +                          T,
    75                           ; INCIDENTAL, SPECIAL, EXEMPLARY, OR CONSEQUENTIAL DAMAGES (INCLUDING BUT NOT LIMITED TO
    76                           ; PROCUREMENT OF SUBSTITUTE GOODS OR SERVICES; LOSS OF USE, DATA OR PROFITS; OR BUSINESS
    77                           ; INTERRUPTION) HOWSOEVER CAUSED AND ON ANY THEORY OF LIABILITY, WHETHER IN CONTRACT, ST
      +                          RICT
    78                           ; LIABILITY, OR TORT (INCLUDING NEGLIGENCE OR OTHERWISE) ARISING IN ANY WAY OUT OF THE U
      +                          SE OF
    79                           ; THIS SOFTWARE, EVEN IF ADVISED OF THE POSSIBILITY OF SUCH DAMAGE.
    80                           ; 
    81                           ; 
    82                           ; Code-generator required, PIC12F683 Definitions
    83                           ; 
    84                           ; SFR Addresses
    85  0000                     	;# 
    86  0001                     	;# 
    87  0002                     	;# 
    88  0003                     	;# 
    89  0004                     	;# 
    90  0005                     	;# 
    91  000A                     	;# 
    92  000B                     	;# 
    93  000C                     	;# 
    94  000E                     	;# 
    95  000E                     	;# 
    96  000F                     	;# 
    97  0010                     	;# 
    98  0011                     	;# 
    99  0012                     	;# 
   100  0013                     	;# 
   101  0013                     	;# 
   102  0014                     	;# 
   103  0015                     	;# 
   104  0018                     	;# 
   105  0019                     	;# 
   106  001A                     	;# 
   107  001E                     	;# 
   108  001F                     	;# 
   109  0081                     	;# 
   110  0085                     	;# 
   111  008C                     	;# 
   112  008E                     	;# 
   113  008F                     	;# 
   114  0090                     	;# 
   115  0092                     	;# 
   116  0095                     	;# 
   117  0095                     	;# 
   118  0096                     	;# 
   119  0096                     	;# 
   120  0099                     	;# 
   121  009A                     	;# 
   122  009A                     	;# 
   123  009B                     	;# 
   124  009C                     	;# 
   125  009D                     	;# 
   126  009E                     	;# 
   127  009F                     	;# 
   128  0000                     	;# 
   129  0001                     	;# 
   130  0002                     	;# 
   131  0003                     	;# 
   132  0004                     	;# 
   133  0005                     	;# 
   134  000A                     	;# 
   135  000B                     	;# 
   136  000C                     	;# 
   137  000E                     	;# 
   138  000E                     	;# 
   139  000F                     	;# 
   140  0010                     	;# 
   141  0011                     	;# 
   142  0012                     	;# 
   143  0013                     	;# 
   144  0013                     	;# 
   145  0014                     	;# 
   146  0015                     	;# 
   147  0018                     	;# 
   148  0019                     	;# 
   149  001A                     	;# 
   150  001E                     	;# 
   151  001F                     	;# 
   152  0081                     	;# 
   153  0085                     	;# 
   154  008C                     	;# 
   155  008E                     	;# 
   156  008F                     	;# 
   157  0090                     	;# 
   158  0092                     	;# 
   159  0095                     	;# 
   160  0095                     	;# 
   161  0096                     	;# 
   162  0096                     	;# 
   163  0099                     	;# 
   164  009A                     	;# 
   165  009A                     	;# 
   166  009B                     	;# 
   167  009C                     	;# 
   168  009D                     	;# 
   169  009E                     	;# 
   170  009F                     	;# 
   171  0005                     _GPIO	set	5
   172  0019                     _CMCON0	set	25
   173  001F                     _ADCON0	set	31
   174  0001                     _TMR0	set	1
   175  000B                     _INTCONbits	set	11
   176  0005                     _GPIObits	set	5
   177  008F                     _OSCCONbits	set	143
   178  009F                     _ANSEL	set	159
   179  009D                     _EECON2	set	157
   180  009A                     _EEDAT	set	154
   181  009B                     _EEADR	set	155
   182  009C                     _EECON1bits	set	156
   183  0085                     _TRISIObits	set	133
   184  0081                     _OPTION_REGbits	set	129
   185                           
   186                           	psect	cinit
   187  07FE                     start_initialization:	
   188                           ; #config settings
   189                           
   190  07FE                     __initialization:
   191  07FE                     end_of_initialization:	
   192                           ;End of C runtime variable initialization code
   193                           
   194  07FE                     __end_of__initialization:
   195  07FE  0183               	clrf	3
   196  07FF  2E96               	ljmp	_main	;jump to C main() function
   197                           
   198                           	psect	cstackCOMMON
   199  0070                     __pcstackCOMMON:
   200  0070                     ?_Delay_Seconds:
   201  0070                     ?_Is_Test_Mode_Enabled:	
   202                           ; 1 bytes @ 0x0
   203                           
   204  0070                     ??_Is_Test_Mode_Enabled:	
   205                           ; 1 bytes @ 0x0
   206                           
   207  0070                     ?_Delay_Approx_65ms:	
   208                           ; 1 bytes @ 0x0
   209                           
   210  0070                     ??_Delay_Approx_65ms:	
   211                           ; 1 bytes @ 0x0
   212                           
   213  0070                     ?_Delay_Approx_250ms:	
   214                           ; 1 bytes @ 0x0
   215                           
   216  0070                     ??_Delay_Approx_250ms:	
   217                           ; 1 bytes @ 0x0
   218                           
   219  0070                     ?_I2C_Init:	
   220                           ; 1 bytes @ 0x0
   221                           
   222  0070                     ?_Relay_On:	
   223                           ; 1 bytes @ 0x0
   224                           
   225  0070                     ??_Relay_On:	
   226                           ; 1 bytes @ 0x0
   227                           
   228  0070                     ?_Relay_Off:	
   229                           ; 1 bytes @ 0x0
   230                           
   231  0070                     ??_Relay_Off:	
   232                           ; 1 bytes @ 0x0
   233                           
   234  0070                     ?_Relay_Reset_Pulse:	
   235                           ; 1 bytes @ 0x0
   236                           
   237  0070                     ?_Test_Delay_Seconds_Abortable:	
   238                           ; 1 bytes @ 0x0
   239                           
   240  0070                     ??_Test_Delay_Seconds_Abortable:	
   241                           ; 1 bytes @ 0x0
   242                           
   243  0070                     ?_Relay_Test_Cycle:	
   244                           ; 1 bytes @ 0x0
   245                           
   246  0070                     ?_Timer0_Init_For_Delay:	
   247                           ; 1 bytes @ 0x0
   248                           
   249  0070                     ??_Timer0_Init_For_Delay:	
   250                           ; 1 bytes @ 0x0
   251                           
   252  0070                     ?_Delay_Approx_1s:	
   253                           ; 1 bytes @ 0x0
   254                           
   255  0070                     ??_Delay_Approx_1s:	
   256                           ; 1 bytes @ 0x0
   257                           
   258  0070                     ?_I2C_Delay:	
   259                           ; 1 bytes @ 0x0
   260                           
   261  0070                     ??_I2C_Delay:	
   262                           ; 1 bytes @ 0x0
   263                           
   264  0070                     ?_SDA_Low:	
   265                           ; 1 bytes @ 0x0
   266                           
   267  0070                     ??_SDA_Low:	
   268                           ; 1 bytes @ 0x0
   269                           
   270  0070                     ?_SDA_Release:	
   271                           ; 1 bytes @ 0x0
   272                           
   273  0070                     ??_SDA_Release:	
   274                           ; 1 bytes @ 0x0
   275                           
   276  0070                     ?_SCL_Low:	
   277                           ; 1 bytes @ 0x0
   278                           
   279  0070                     ??_SCL_Low:	
   280                           ; 1 bytes @ 0x0
   281                           
   282  0070                     ?_SCL_Release:	
   283                           ; 1 bytes @ 0x0
   284                           
   285  0070                     ??_SCL_Release:	
   286                           ; 1 bytes @ 0x0
   287                           
   288  0070                     ?_SDA_Read:	
   289                           ; 1 bytes @ 0x0
   290                           
   291  0070                     ??_SDA_Read:	
   292                           ; 1 bytes @ 0x0
   293                           
   294  0070                     ?_I2C_Start:	
   295                           ; 1 bytes @ 0x0
   296                           
   297  0070                     ?_I2C_Stop:	
   298                           ; 1 bytes @ 0x0
   299                           
   300  0070                     ?_I2C_WriteByte:	
   301                           ; 1 bytes @ 0x0
   302                           
   303  0070                     ?_I2C_ReadByte:	
   304                           ; 1 bytes @ 0x0
   305                           
   306  0070                     ?_BCD_To_Dec:	
   307                           ; 1 bytes @ 0x0
   308                           
   309  0070                     ?_EEPROM_ReadByte:	
   310                           ; 1 bytes @ 0x0
   311                           
   312  0070                     ??_EEPROM_ReadByte:	
   313                           ; 1 bytes @ 0x0
   314                           
   315  0070                     ?_Trigger_Checksum:	
   316                           ; 1 bytes @ 0x0
   317                           
   318  0070                     ?_DS3231_ReadTime:	
   319                           ; 1 bytes @ 0x0
   320                           
   321  0070                     ?_RTC_Time_Is_Valid:	
   322                           ; 1 bytes @ 0x0
   323                           
   324  0070                     ??_RTC_Time_Is_Valid:	
   325                           ; 1 bytes @ 0x0
   326                           
   327  0070                     ?_DS3231_ReadTime_With_Retry:	
   328                           ; 1 bytes @ 0x0
   329                           
   330  0070                     ?_Is_Sunday_Enabled:	
   331                           ; 1 bytes @ 0x0
   332                           
   333  0070                     ??_Is_Sunday_Enabled:	
   334                           ; 1 bytes @ 0x0
   335                           
   336  0070                     ?_Is_Hour_Window_Enabled:	
   337                           ; 1 bytes @ 0x0
   338                           
   339  0070                     ?_Is_Allowed_Day_And_Hour:	
   340                           ; 1 bytes @ 0x0
   341                           
   342  0070                     ?_Is_Scheduled_Relay_Time:	
   343                           ; 1 bytes @ 0x0
   344                           
   345  0070                     ?_Already_Triggered_This_Minute:	
   346                           ; 1 bytes @ 0x0
   347                           
   348  0070                     ?_Init_Device:	
   349                           ; 1 bytes @ 0x0
   350                           
   351  0070                     ??_Init_Device:	
   352                           ; 1 bytes @ 0x0
   353                           
   354  0070                     ?_main:	
   355                           ; 1 bytes @ 0x0
   356                           
   357  0070                     ?___bmul:	
   358                           ; 1 bytes @ 0x0
   359                           
   360  0070                     ?___wmul:	
   361                           ; 1 bytes @ 0x0
   362                           
   363  0070                     ?___lwmod:	
   364                           ; 2 bytes @ 0x0
   365                           
   366  0070                     EEPROM_ReadByte@address:	
   367                           ; 2 bytes @ 0x0
   368                           
   369  0070                     Trigger_Checksum@minute:	
   370                           ; 1 bytes @ 0x0
   371                           
   372  0070                     RTC_Time_Is_Valid@time:	
   373                           ; 1 bytes @ 0x0
   374                           
   375  0070                     Is_Hour_Window_Enabled@minute:	
   376                           ; 1 bytes @ 0x0
   377                           
   378  0070                     Already_Triggered_This_Minute@last_hour:	
   379                           ; 1 bytes @ 0x0
   380                           
   381  0070                     ___bmul@multiplicand:	
   382                           ; 1 bytes @ 0x0
   383                           
   384  0070                     ___wmul@multiplier:	
   385                           ; 1 bytes @ 0x0
   386                           
   387  0070                     ___lwmod@divisor:	
   388                           ; 2 bytes @ 0x0
   389                           
   390                           
   391                           ; 2 bytes @ 0x0
   392  0070                     	ds	1
   393  0071                     ?_EEPROM_WriteByte:
   394  0071                     ??_Is_Hour_Window_Enabled:	
   395                           ; 1 bytes @ 0x1
   396                           
   397  0071                     ??___bmul:	
   398                           ; 1 bytes @ 0x1
   399                           
   400  0071                     Test_Delay_Seconds_Abortable@seconds:	
   401                           ; 1 bytes @ 0x1
   402                           
   403  0071                     Delay_Approx_250ms@i:	
   404                           ; 1 bytes @ 0x1
   405                           
   406  0071                     Delay_Approx_1s@i:	
   407                           ; 1 bytes @ 0x1
   408                           
   409  0071                     I2C_Delay@i:	
   410                           ; 1 bytes @ 0x1
   411                           
   412  0071                     EEPROM_WriteByte@value:	
   413                           ; 1 bytes @ 0x1
   414                           
   415  0071                     Trigger_Checksum@date:	
   416                           ; 1 bytes @ 0x1
   417                           
   418  0071                     Is_Hour_Window_Enabled@dip2_enabled:	
   419                           ; 1 bytes @ 0x1
   420                           
   421  0071                     Already_Triggered_This_Minute@last_minute:	
   422                           ; 1 bytes @ 0x1
   423                           
   424                           
   425                           ; 1 bytes @ 0x1
   426  0071                     	ds	1
   427  0072                     ??_Delay_Seconds:
   428  0072                     ??_I2C_Init:	
   429                           ; 1 bytes @ 0x2
   430                           
   431  0072                     ??_I2C_Start:	
   432                           ; 1 bytes @ 0x2
   433                           
   434  0072                     ??_I2C_Stop:	
   435                           ; 1 bytes @ 0x2
   436                           
   437  0072                     ??_I2C_WriteByte:	
   438                           ; 1 bytes @ 0x2
   439                           
   440  0072                     ??_I2C_ReadByte:	
   441                           ; 1 bytes @ 0x2
   442                           
   443  0072                     ??_EEPROM_WriteByte:	
   444                           ; 1 bytes @ 0x2
   445                           
   446  0072                     Test_Delay_Seconds_Abortable@sec:	
   447                           ; 1 bytes @ 0x2
   448                           
   449  0072                     Delay_Seconds@seconds:	
   450                           ; 1 bytes @ 0x2
   451                           
   452  0072                     EEPROM_WriteByte@gie_was_enabled:	
   453                           ; 1 bytes @ 0x2
   454                           
   455  0072                     Trigger_Checksum@month:	
   456                           ; 1 bytes @ 0x2
   457                           
   458  0072                     Is_Hour_Window_Enabled@hour:	
   459                           ; 1 bytes @ 0x2
   460                           
   461  0072                     Already_Triggered_This_Minute@last_date:	
   462                           ; 1 bytes @ 0x2
   463                           
   464  0072                     ___bmul@product:	
   465                           ; 1 bytes @ 0x2
   466                           
   467  0072                     ___wmul@multiplicand:	
   468                           ; 1 bytes @ 0x2
   469                           
   470  0072                     ___lwmod@dividend:	
   471                           ; 2 bytes @ 0x2
   472                           
   473                           
   474                           ; 2 bytes @ 0x2
   475  0072                     	ds	1
   476  0073                     ??_Relay_Reset_Pulse:
   477  0073                     ??_Is_Allowed_Day_And_Hour:	
   478                           ; 1 bytes @ 0x3
   479                           
   480  0073                     Test_Delay_Seconds_Abortable@slice:	
   481                           ; 1 bytes @ 0x3
   482                           
   483  0073                     I2C_WriteByte@data:	
   484                           ; 1 bytes @ 0x3
   485                           
   486  0073                     I2C_ReadByte@send_ack:	
   487                           ; 1 bytes @ 0x3
   488                           
   489  0073                     EEPROM_WriteByte@address:	
   490                           ; 1 bytes @ 0x3
   491                           
   492  0073                     Trigger_Checksum@year:	
   493                           ; 1 bytes @ 0x3
   494                           
   495  0073                     Already_Triggered_This_Minute@last_month:	
   496                           ; 1 bytes @ 0x3
   497                           
   498  0073                     ___bmul@multiplier:	
   499                           ; 1 bytes @ 0x3
   500                           
   501                           
   502                           ; 1 bytes @ 0x3
   503  0073                     	ds	1
   504  0074                     ??_Relay_Test_Cycle:
   505  0074                     ??_BCD_To_Dec:	
   506                           ; 1 bytes @ 0x4
   507                           
   508  0074                     ??_Trigger_Checksum:	
   509                           ; 1 bytes @ 0x4
   510                           
   511  0074                     ??___wmul:	
   512                           ; 1 bytes @ 0x4
   513                           
   514  0074                     ??___lwmod:	
   515                           ; 1 bytes @ 0x4
   516                           
   517  0074                     I2C_WriteByte@ack:	
   518                           ; 1 bytes @ 0x4
   519                           
   520  0074                     I2C_ReadByte@data:	
   521                           ; 1 bytes @ 0x4
   522                           
   523  0074                     Trigger_Checksum@hour:	
   524                           ; 1 bytes @ 0x4
   525                           
   526  0074                     Is_Allowed_Day_And_Hour@now:	
   527                           ; 1 bytes @ 0x4
   528                           
   529  0074                     Already_Triggered_This_Minute@last_year:	
   530                           ; 1 bytes @ 0x4
   531                           
   532  0074                     ___wmul@product:	
   533                           ; 1 bytes @ 0x4
   534                           
   535                           
   536                           ; 2 bytes @ 0x4
   537  0074                     	ds	1
   538  0075                     ?_EEPROM_Load_Last_Trigger:
   539  0075                     ?_EEPROM_Save_Last_Trigger:	
   540                           ; 1 bytes @ 0x5
   541                           
   542  0075                     ??_Already_Triggered_This_Minute:	
   543                           ; 1 bytes @ 0x5
   544                           
   545  0075                     Relay_Test_Cycle@off_seconds:	
   546                           ; 1 bytes @ 0x5
   547                           
   548  0075                     I2C_WriteByte@i:	
   549                           ; 1 bytes @ 0x5
   550                           
   551  0075                     I2C_ReadByte@i:	
   552                           ; 1 bytes @ 0x5
   553                           
   554  0075                     EEPROM_Load_Last_Trigger@last_minute:	
   555                           ; 1 bytes @ 0x5
   556                           
   557  0075                     EEPROM_Save_Last_Trigger@minute:	
   558                           ; 1 bytes @ 0x5
   559                           
   560  0075                     Already_Triggered_This_Minute@now:	
   561                           ; 1 bytes @ 0x5
   562                           
   563  0075                     ___lwmod@counter:	
   564                           ; 1 bytes @ 0x5
   565                           
   566                           
   567                           ; 1 bytes @ 0x5
   568  0075                     	ds	1
   569  0076                     ??_Is_Scheduled_Relay_Time:
   570  0076                     Relay_Test_Cycle@on_seconds:	
   571                           ; 1 bytes @ 0x6
   572                           
   573  0076                     BCD_To_Dec@tens:	
   574                           ; 1 bytes @ 0x6
   575                           
   576  0076                     EEPROM_Load_Last_Trigger@last_date:	
   577                           ; 1 bytes @ 0x6
   578                           
   579  0076                     EEPROM_Save_Last_Trigger@date:	
   580                           ; 1 bytes @ 0x6
   581                           
   582                           
   583                           ; 1 bytes @ 0x6
   584  0076                     	ds	1
   585  0077                     Relay_Test_Cycle@dip1_on:
   586  0077                     BCD_To_Dec@ones:	
   587                           ; 1 bytes @ 0x7
   588                           
   589  0077                     EEPROM_Load_Last_Trigger@last_month:	
   590                           ; 1 bytes @ 0x7
   591                           
   592  0077                     EEPROM_Save_Last_Trigger@month:	
   593                           ; 1 bytes @ 0x7
   594                           
   595                           
   596                           ; 1 bytes @ 0x7
   597  0077                     	ds	1
   598  0078                     Relay_Test_Cycle@dip2_on:
   599  0078                     BCD_To_Dec@bcd:	
   600                           ; 1 bytes @ 0x8
   601                           
   602  0078                     EEPROM_Load_Last_Trigger@last_year:	
   603                           ; 1 bytes @ 0x8
   604                           
   605  0078                     EEPROM_Save_Last_Trigger@year:	
   606                           ; 1 bytes @ 0x8
   607                           
   608  0078                     Is_Scheduled_Relay_Time@minutes_from_midnight:	
   609                           ; 1 bytes @ 0x8
   610                           
   611                           
   612                           ; 2 bytes @ 0x8
   613  0078                     	ds	1
   614  0079                     ??_EEPROM_Load_Last_Trigger:
   615  0079                     ??_EEPROM_Save_Last_Trigger:	
   616                           ; 1 bytes @ 0x9
   617                           
   618  0079                     ??_DS3231_ReadTime:	
   619                           ; 1 bytes @ 0x9
   620                           
   621                           
   622                           ; 1 bytes @ 0x9
   623  0079                     	ds	1
   624  007A                     ??_DS3231_ReadTime_With_Retry:
   625  007A                     Is_Scheduled_Relay_Time@now:	
   626                           ; 1 bytes @ 0xA
   627                           
   628                           
   629                           ; 1 bytes @ 0xA
   630  007A                     	ds	1
   631  007B                     DS3231_ReadTime_With_Retry@attempt:
   632                           
   633                           ; 1 bytes @ 0xB
   634  007B                     	ds	1
   635  007C                     DS3231_ReadTime_With_Retry@time:
   636                           
   637                           ; 1 bytes @ 0xC
   638  007C                     	ds	2
   639                           
   640                           	psect	cstackBANK0
   641  0020                     __pcstackBANK0:
   642  0020                     EEPROM_Load_Last_Trigger@checksum:
   643  0020                     EEPROM_Save_Last_Trigger@checksum:	
   644                           ; 1 bytes @ 0x0
   645                           
   646  0020                     DS3231_ReadTime@raw_second:	
   647                           ; 1 bytes @ 0x0
   648                           
   649                           
   650                           ; 1 bytes @ 0x0
   651  0020                     	ds	1
   652  0021                     EEPROM_Load_Last_Trigger@last_hour:
   653  0021                     EEPROM_Save_Last_Trigger@hour:	
   654                           ; 1 bytes @ 0x1
   655                           
   656  0021                     DS3231_ReadTime@raw_minute:	
   657                           ; 1 bytes @ 0x1
   658                           
   659                           
   660                           ; 1 bytes @ 0x1
   661  0021                     	ds	1
   662  0022                     EEPROM_Load_Last_Trigger@hour:
   663  0022                     DS3231_ReadTime@raw_day:	
   664                           ; 1 bytes @ 0x2
   665                           
   666                           
   667                           ; 1 bytes @ 0x2
   668  0022                     	ds	1
   669  0023                     EEPROM_Load_Last_Trigger@minute:
   670  0023                     DS3231_ReadTime@raw_date:	
   671                           ; 1 bytes @ 0x3
   672                           
   673                           
   674                           ; 1 bytes @ 0x3
   675  0023                     	ds	1
   676  0024                     EEPROM_Load_Last_Trigger@year:
   677  0024                     DS3231_ReadTime@raw_month:	
   678                           ; 1 bytes @ 0x4
   679                           
   680                           
   681                           ; 1 bytes @ 0x4
   682  0024                     	ds	1
   683  0025                     EEPROM_Load_Last_Trigger@date:
   684  0025                     DS3231_ReadTime@raw_year:	
   685                           ; 1 bytes @ 0x5
   686                           
   687                           
   688                           ; 1 bytes @ 0x5
   689  0025                     	ds	1
   690  0026                     EEPROM_Load_Last_Trigger@month:
   691  0026                     DS3231_ReadTime@is_pm:	
   692                           ; 1 bytes @ 0x6
   693                           
   694                           
   695                           ; 1 bytes @ 0x6
   696  0026                     	ds	1
   697  0027                     DS3231_ReadTime@raw_hour:
   698                           
   699                           ; 1 bytes @ 0x7
   700  0027                     	ds	1
   701  0028                     DS3231_ReadTime@hour_12:
   702                           
   703                           ; 1 bytes @ 0x8
   704  0028                     	ds	1
   705  0029                     DS3231_ReadTime@time:
   706                           
   707                           ; 1 bytes @ 0x9
   708  0029                     	ds	1
   709  002A                     ??_main:
   710                           
   711                           ; 1 bytes @ 0xA
   712  002A                     	ds	6
   713  0030                     main@already_triggered:
   714                           
   715                           ; 1 bytes @ 0x10
   716  0030                     	ds	1
   717  0031                     main@last_trigger_hour:
   718                           
   719                           ; 1 bytes @ 0x11
   720  0031                     	ds	1
   721  0032                     main@last_trigger_minute:
   722                           
   723                           ; 1 bytes @ 0x12
   724  0032                     	ds	1
   725  0033                     main@last_trigger_date:
   726                           
   727                           ; 1 bytes @ 0x13
   728  0033                     	ds	1
   729  0034                     main@last_trigger_month:
   730                           
   731                           ; 1 bytes @ 0x14
   732  0034                     	ds	1
   733  0035                     main@last_trigger_year:
   734                           
   735                           ; 1 bytes @ 0x15
   736  0035                     	ds	1
   737  0036                     main@now:
   738                           
   739                           ; 7 bytes @ 0x16
   740  0036                     	ds	7
   741                           
   742                           	psect	maintext
   743  0696                     __pmaintext:	
   744 ;;
   745 ;;Main: autosize = 0, tempsize = 6, incstack = 0, save=0
   746 ;;
   747 ;; *************** function _main *****************
   748 ;; Defined at:
   749 ;;		line 1139 in file "I-Tank_Auto-Flush_RTC_40mins-30secs.c"
   750 ;; Parameters:    Size  Location     Type
   751 ;;		None
   752 ;; Auto vars:     Size  Location     Type
   753 ;;  already_trig    1   16[BANK0 ] _Bool 
   754 ;;  now             7   22[BANK0 ] struct .
   755 ;;  last_trigger    1   21[BANK0 ] unsigned char 
   756 ;;  last_trigger    1   20[BANK0 ] unsigned char 
   757 ;;  last_trigger    1   19[BANK0 ] unsigned char 
   758 ;;  last_trigger    1   18[BANK0 ] unsigned char 
   759 ;;  last_trigger    1   17[BANK0 ] unsigned char 
   760 ;; Return value:  Size  Location     Type
   761 ;;                  1    wreg      void 
   762 ;; Registers used:
   763 ;;		wreg, fsr0l, fsr0h, status,2, status,0, pclath, cstack
   764 ;; Tracked objects:
   765 ;;		On entry : B00/0
   766 ;;		On exit  : 0/0
   767 ;;		Unchanged: 0/0
   768 ;; Data sizes:     COMMON   BANK0   BANK1
   769 ;;      Params:         0       0       0
   770 ;;      Locals:         0      13       0
   771 ;;      Temps:          0       6       0
   772 ;;      Totals:         0      19       0
   773 ;;Total ram usage:       19 bytes
   774 ;; Hardware stack levels required when called:    4
   775 ;; This function calls:
   776 ;;		_Already_Triggered_This_Minute
   777 ;;		_DS3231_ReadTime_With_Retry
   778 ;;		_Delay_Approx_1s
   779 ;;		_Delay_Approx_250ms
   780 ;;		_Delay_Seconds
   781 ;;		_EEPROM_Load_Last_Trigger
   782 ;;		_EEPROM_Save_Last_Trigger
   783 ;;		_I2C_Init
   784 ;;		_Init_Device
   785 ;;		_Is_Scheduled_Relay_Time
   786 ;;		_Is_Test_Mode_Enabled
   787 ;;		_Relay_Off
   788 ;;		_Relay_Reset_Pulse
   789 ;;		_Relay_Test_Cycle
   790 ;; This function is called by:
   791 ;;		Startup code after reset
   792 ;; This function uses a non-reentrant model
   793 ;;
   794                           
   795                           
   796                           ;psect for function _main
   797  0696                     _main:
   798  0696                     l2223:	
   799                           ;incstack = 0
   800                           ; Regs used in _main: [wreg-fsr0h+status,2+status,0+pclath+cstack]
   801                           
   802                           
   803                           ;I-Tank_Auto-Flush_RTC_40mins-30secs.c: 1141:     RTC_Time now;;I-Tank_Auto-Flush_RTC_40
      +                          mins-30secs.c: 1143:     uint8_t last_trigger_hour = 0xFF;
   804  0696  30FF               	movlw	255
   805  0697  1283               	bcf	3,5	;RP0=0, select bank0
   806  0698  00AA               	movwf	??_main
   807  0699  082A               	movf	??_main,w
   808  069A  00B1               	movwf	main@last_trigger_hour
   809                           
   810                           ;I-Tank_Auto-Flush_RTC_40mins-30secs.c: 1144:     uint8_t last_trigger_minute = 0xFF;
   811  069B  30FF               	movlw	255
   812  069C  00AA               	movwf	??_main
   813  069D  082A               	movf	??_main,w
   814  069E  00B2               	movwf	main@last_trigger_minute
   815                           
   816                           ;I-Tank_Auto-Flush_RTC_40mins-30secs.c: 1145:     uint8_t last_trigger_date = 0xFF;
   817  069F  30FF               	movlw	255
   818  06A0  00AA               	movwf	??_main
   819  06A1  082A               	movf	??_main,w
   820  06A2  00B3               	movwf	main@last_trigger_date
   821                           
   822                           ;I-Tank_Auto-Flush_RTC_40mins-30secs.c: 1146:     uint8_t last_trigger_month = 0xFF;
   823  06A3  30FF               	movlw	255
   824  06A4  00AA               	movwf	??_main
   825  06A5  082A               	movf	??_main,w
   826  06A6  00B4               	movwf	main@last_trigger_month
   827                           
   828                           ;I-Tank_Auto-Flush_RTC_40mins-30secs.c: 1147:     uint8_t last_trigger_year = 0xFF;
   829  06A7  30FF               	movlw	255
   830  06A8  00AA               	movwf	??_main
   831  06A9  082A               	movf	??_main,w
   832  06AA  00B5               	movwf	main@last_trigger_year
   833  06AB                     l2225:
   834                           
   835                           ;I-Tank_Auto-Flush_RTC_40mins-30secs.c: 1149:     Init_Device();
   836  06AB  22E8               	fcall	_Init_Device
   837  06AC                     l2227:
   838                           
   839                           ;I-Tank_Auto-Flush_RTC_40mins-30secs.c: 1150:     I2C_Init();
   840  06AC  224E               	fcall	_I2C_Init
   841  06AD                     l2229:
   842                           
   843                           ;I-Tank_Auto-Flush_RTC_40mins-30secs.c: 1153:     (void)EEPROM_Load_Last_Trigger(&last_t
      +                          rigger_hour,
   844  06AD  3032               	movlw	(low (main@last_trigger_minute| 0))& (0+255)
   845  06AE  1283               	bcf	3,5	;RP0=0, select bank0
   846  06AF  00AA               	movwf	??_main
   847  06B0  082A               	movf	??_main,w
   848  06B1  00F5               	movwf	EEPROM_Load_Last_Trigger@last_minute
   849  06B2  3033               	movlw	(low (main@last_trigger_date| 0))& (0+255)
   850  06B3  00AB               	movwf	??_main+1
   851  06B4  082B               	movf	??_main+1,w
   852  06B5  00F6               	movwf	EEPROM_Load_Last_Trigger@last_date
   853  06B6  3034               	movlw	(low (main@last_trigger_month| 0))& (0+255)
   854  06B7  00AC               	movwf	??_main+2
   855  06B8  082C               	movf	??_main+2,w
   856  06B9  00F7               	movwf	EEPROM_Load_Last_Trigger@last_month
   857  06BA  3035               	movlw	(low (main@last_trigger_year| 0))& (0+255)
   858  06BB  00AD               	movwf	??_main+3
   859  06BC  082D               	movf	??_main+3,w
   860  06BD  00F8               	movwf	EEPROM_Load_Last_Trigger@last_year
   861  06BE  3031               	movlw	(low (main@last_trigger_hour| 0))& (0+255)
   862  06BF  2602               	fcall	_EEPROM_Load_Last_Trigger
   863  06C0                     l2231:
   864                           
   865                           ;I-Tank_Auto-Flush_RTC_40mins-30secs.c: 1181:     Delay_Seconds(1);
   866  06C0  3001               	movlw	1
   867  06C1  22A0               	fcall	_Delay_Seconds
   868                           
   869                           ;I-Tank_Auto-Flush_RTC_40mins-30secs.c: 1183:     while (!DS3231_ReadTime_With_Retry(&no
      +                          w))
   870  06C2  2EC7               	goto	l2239
   871  06C3                     l2233:
   872                           
   873                           ;I-Tank_Auto-Flush_RTC_40mins-30secs.c: 1184:     {;I-Tank_Auto-Flush_RTC_40mins-30secs.
      +                          c: 1185:         Relay_Off();
   874  06C3  2244               	fcall	_Relay_Off
   875  06C4                     l2235:
   876                           
   877                           ;I-Tank_Auto-Flush_RTC_40mins-30secs.c: 1186:         I2C_Init();
   878  06C4  224E               	fcall	_I2C_Init
   879  06C5                     l2237:
   880                           
   881                           ;I-Tank_Auto-Flush_RTC_40mins-30secs.c: 1187:         Delay_Seconds(1);
   882  06C5  3001               	movlw	1
   883  06C6  22A0               	fcall	_Delay_Seconds
   884  06C7                     l2239:
   885                           
   886                           ;I-Tank_Auto-Flush_RTC_40mins-30secs.c: 1183:     while (!DS3231_ReadTime_With_Retry(&no
      +                          w))
   887  06C7  3036               	movlw	(low (main@now| 0))& (0+255)
   888  06C8  231C               	fcall	_DS3231_ReadTime_With_Retry
   889  06C9  3A00               	xorlw	0
   890  06CA  1903               	skipnz
   891  06CB  2ECD               	goto	u1821
   892  06CC  2ECE               	goto	u1820
   893  06CD                     u1821:
   894  06CD  2EC3               	goto	l2233
   895  06CE                     u1820:
   896  06CE                     l2241:
   897                           
   898                           ;I-Tank_Auto-Flush_RTC_40mins-30secs.c: 1191:     {;I-Tank_Auto-Flush_RTC_40mins-30secs.
      +                          c: 1195:         if (Is_Test_Mode_Enabled())
   899  06CE  2284               	fcall	_Is_Test_Mode_Enabled
   900  06CF  3A00               	xorlw	0
   901  06D0  1903               	skipnz
   902  06D1  2ED3               	goto	u1831
   903  06D2  2ED4               	goto	u1830
   904  06D3                     u1831:
   905  06D3  2ED6               	goto	l2245
   906  06D4                     u1830:
   907  06D4                     l2243:
   908                           
   909                           ;I-Tank_Auto-Flush_RTC_40mins-30secs.c: 1196:         {;I-Tank_Auto-Flush_RTC_40mins-30s
      +                          ecs.c: 1197:             Relay_Test_Cycle();
   910  06D4  2546               	fcall	_Relay_Test_Cycle
   911                           
   912                           ;I-Tank_Auto-Flush_RTC_40mins-30secs.c: 1198:             continue;
   913  06D5  2ECE               	goto	l2241
   914  06D6                     l2245:
   915                           
   916                           ;I-Tank_Auto-Flush_RTC_40mins-30secs.c: 1202:         if (DS3231_ReadTime_With_Retry(&no
      +                          w))
   917  06D6  3036               	movlw	(low (main@now| 0))& (0+255)
   918  06D7  231C               	fcall	_DS3231_ReadTime_With_Retry
   919  06D8  3A00               	xorlw	0
   920  06D9  1903               	skipnz
   921  06DA  2EDC               	goto	u1841
   922  06DB  2EDD               	goto	u1840
   923  06DC                     u1841:
   924  06DC  2F2D               	goto	l2267
   925  06DD                     u1840:
   926  06DD                     l2247:
   927                           
   928                           ;I-Tank_Auto-Flush_RTC_40mins-30secs.c: 1203:         {;I-Tank_Auto-Flush_RTC_40mins-30s
      +                          ecs.c: 1204:             if (Is_Scheduled_Relay_Time(&now))
   929  06DD  3036               	movlw	(low (main@now| 0))& (0+255)
   930  06DE  248D               	fcall	_Is_Scheduled_Relay_Time
   931  06DF  3A00               	xorlw	0
   932  06E0  1903               	skipnz
   933  06E1  2EE3               	goto	u1851
   934  06E2  2EE4               	goto	u1850
   935  06E3                     u1851:
   936  06E3  2F30               	goto	l2273
   937  06E4                     u1850:
   938  06E4                     l2249:
   939                           
   940                           ;I-Tank_Auto-Flush_RTC_40mins-30secs.c: 1205:             {;I-Tank_Auto-Flush_RTC_40mins
      +                          -30secs.c: 1206:                 _Bool already_triggered;;I-Tank_Auto-Flush_RTC_40mins-3
      +                          0secs.c: 1208:                 already_triggered = Already_Triggered_This_Minute(&now,
   941  06E4  1283               	bcf	3,5	;RP0=0, select bank0
   942  06E5  0831               	movf	main@last_trigger_hour,w
   943  06E6  00AA               	movwf	??_main
   944  06E7  082A               	movf	??_main,w
   945  06E8  00F0               	movwf	Already_Triggered_This_Minute@last_hour
   946  06E9  0832               	movf	main@last_trigger_minute,w
   947  06EA  00AB               	movwf	??_main+1
   948  06EB  082B               	movf	??_main+1,w
   949  06EC  00F1               	movwf	Already_Triggered_This_Minute@last_minute
   950  06ED  0833               	movf	main@last_trigger_date,w
   951  06EE  00AC               	movwf	??_main+2
   952  06EF  082C               	movf	??_main+2,w
   953  06F0  00F2               	movwf	Already_Triggered_This_Minute@last_date
   954  06F1  0834               	movf	main@last_trigger_month,w
   955  06F2  00AD               	movwf	??_main+3
   956  06F3  082D               	movf	??_main+3,w
   957  06F4  00F3               	movwf	Already_Triggered_This_Minute@last_month
   958  06F5  0835               	movf	main@last_trigger_year,w
   959  06F6  00AE               	movwf	??_main+4
   960  06F7  082E               	movf	??_main+4,w
   961  06F8  00F4               	movwf	Already_Triggered_This_Minute@last_year
   962  06F9  3036               	movlw	(low (main@now| 0))& (0+255)
   963  06FA  2457               	fcall	_Already_Triggered_This_Minute
   964  06FB  1283               	bcf	3,5	;RP0=0, select bank0
   965  06FC  00AF               	movwf	??_main+5
   966  06FD  082F               	movf	??_main+5,w
   967  06FE  00B0               	movwf	main@already_triggered
   968  06FF                     l2251:
   969                           
   970                           ;I-Tank_Auto-Flush_RTC_40mins-30secs.c: 1215:                 if (!already_triggered)
   971  06FF  0830               	movf	main@already_triggered,w
   972  0700  1D03               	btfss	3,2
   973  0701  2F03               	goto	u1861
   974  0702  2F04               	goto	u1860
   975  0703                     u1861:
   976  0703  2F30               	goto	l2273
   977  0704                     u1860:
   978  0704                     l2253:
   979                           
   980                           ;I-Tank_Auto-Flush_RTC_40mins-30secs.c: 1216:                 {;I-Tank_Auto-Flush_RTC_40
      +                          mins-30secs.c: 1219:                     EEPROM_Save_Last_Trigger(now.hour,
   981  0704  0837               	movf	main@now+1,w
   982  0705  00AA               	movwf	??_main
   983  0706  082A               	movf	??_main,w
   984  0707  00F5               	movwf	EEPROM_Save_Last_Trigger@minute
   985  0708  083A               	movf	main@now+4,w
   986  0709  00AB               	movwf	??_main+1
   987  070A  082B               	movf	??_main+1,w
   988  070B  00F6               	movwf	EEPROM_Save_Last_Trigger@date
   989  070C  083B               	movf	main@now+5,w
   990  070D  00AC               	movwf	??_main+2
   991  070E  082C               	movf	??_main+2,w
   992  070F  00F7               	movwf	EEPROM_Save_Last_Trigger@month
   993  0710  083C               	movf	main@now+6,w
   994  0711  00AD               	movwf	??_main+3
   995  0712  082D               	movf	??_main+3,w
   996  0713  00F8               	movwf	EEPROM_Save_Last_Trigger@year
   997  0714  0838               	movf	main@now+2,w
   998  0715  24FE               	fcall	_EEPROM_Save_Last_Trigger
   999  0716                     l2255:
  1000                           
  1001                           ;I-Tank_Auto-Flush_RTC_40mins-30secs.c: 1225:                     last_trigger_hour = no
      +                          w.hour;
  1002  0716  1283               	bcf	3,5	;RP0=0, select bank0
  1003  0717  0838               	movf	main@now+2,w
  1004  0718  00AA               	movwf	??_main
  1005  0719  082A               	movf	??_main,w
  1006  071A  00B1               	movwf	main@last_trigger_hour
  1007  071B                     l2257:
  1008                           
  1009                           ;I-Tank_Auto-Flush_RTC_40mins-30secs.c: 1226:                     last_trigger_minute = 
      +                          now.minute;
  1010  071B  0837               	movf	main@now+1,w
  1011  071C  00AA               	movwf	??_main
  1012  071D  082A               	movf	??_main,w
  1013  071E  00B2               	movwf	main@last_trigger_minute
  1014  071F                     l2259:
  1015                           
  1016                           ;I-Tank_Auto-Flush_RTC_40mins-30secs.c: 1227:                     last_trigger_date = no
      +                          w.date;
  1017  071F  083A               	movf	main@now+4,w
  1018  0720  00AA               	movwf	??_main
  1019  0721  082A               	movf	??_main,w
  1020  0722  00B3               	movwf	main@last_trigger_date
  1021  0723                     l2261:
  1022                           
  1023                           ;I-Tank_Auto-Flush_RTC_40mins-30secs.c: 1228:                     last_trigger_month = n
      +                          ow.month;
  1024  0723  083B               	movf	main@now+5,w
  1025  0724  00AA               	movwf	??_main
  1026  0725  082A               	movf	??_main,w
  1027  0726  00B4               	movwf	main@last_trigger_month
  1028  0727                     l2263:
  1029                           
  1030                           ;I-Tank_Auto-Flush_RTC_40mins-30secs.c: 1229:                     last_trigger_year = no
      +                          w.year;
  1031  0727  083C               	movf	main@now+6,w
  1032  0728  00AA               	movwf	??_main
  1033  0729  082A               	movf	??_main,w
  1034  072A  00B5               	movwf	main@last_trigger_year
  1035  072B                     l2265:
  1036                           
  1037                           ;I-Tank_Auto-Flush_RTC_40mins-30secs.c: 1231:                     Relay_Reset_Pulse();
  1038  072B  2260               	fcall	_Relay_Reset_Pulse
  1039  072C  2F30               	goto	l2273
  1040  072D                     l2267:
  1041                           
  1042                           ;I-Tank_Auto-Flush_RTC_40mins-30secs.c: 1236:         {;I-Tank_Auto-Flush_RTC_40mins-30s
      +                          ecs.c: 1237:             Relay_Off();
  1043  072D  2244               	fcall	_Relay_Off
  1044  072E                     l2269:
  1045                           
  1046                           ;I-Tank_Auto-Flush_RTC_40mins-30secs.c: 1238:             I2C_Init();
  1047  072E  224E               	fcall	_I2C_Init
  1048  072F                     l2271:
  1049                           
  1050                           ;I-Tank_Auto-Flush_RTC_40mins-30secs.c: 1239:             Delay_Approx_1s();
  1051  072F  22B8               	fcall	_Delay_Approx_1s
  1052  0730                     l2273:
  1053                           
  1054                           ;I-Tank_Auto-Flush_RTC_40mins-30secs.c: 1242:         Delay_Approx_250ms();
  1055  0730  22AB               	fcall	_Delay_Approx_250ms
  1056  0731  2ECE               	goto	l2241
  1057  0732  2800               	ljmp	start
  1058  0733                     __end_of_main:
  1059                           
  1060                           	psect	text1
  1061  0546                     __ptext1:	
  1062 ;; *************** function _Relay_Test_Cycle *****************
  1063 ;; Defined at:
  1064 ;;		line 287 in file "I-Tank_Auto-Flush_RTC_40mins-30secs.c"
  1065 ;; Parameters:    Size  Location     Type
  1066 ;;		None
  1067 ;; Auto vars:     Size  Location     Type
  1068 ;;  dip2_on         1    8[COMMON] _Bool 
  1069 ;;  dip1_on         1    7[COMMON] _Bool 
  1070 ;;  on_seconds      1    6[COMMON] unsigned char 
  1071 ;;  off_seconds     1    5[COMMON] unsigned char 
  1072 ;; Return value:  Size  Location     Type
  1073 ;;                  1    wreg      void 
  1074 ;; Registers used:
  1075 ;;		wreg, status,2, status,0, pclath, cstack
  1076 ;; Tracked objects:
  1077 ;;		On entry : 0/0
  1078 ;;		On exit  : 0/0
  1079 ;;		Unchanged: 0/0
  1080 ;; Data sizes:     COMMON   BANK0   BANK1
  1081 ;;      Params:         0       0       0
  1082 ;;      Locals:         4       0       0
  1083 ;;      Temps:          1       0       0
  1084 ;;      Totals:         5       0       0
  1085 ;;Total ram usage:        5 bytes
  1086 ;; Hardware stack levels used:    1
  1087 ;; Hardware stack levels required when called:    2
  1088 ;; This function calls:
  1089 ;;		_Delay_Approx_250ms
  1090 ;;		_Is_Test_Mode_Enabled
  1091 ;;		_Relay_Off
  1092 ;;		_Relay_On
  1093 ;;		_Test_Delay_Seconds_Abortable
  1094 ;; This function is called by:
  1095 ;;		_main
  1096 ;; This function uses a non-reentrant model
  1097 ;;
  1098                           
  1099                           
  1100                           ;psect for function _Relay_Test_Cycle
  1101  0546                     _Relay_Test_Cycle:
  1102  0546                     l2027:	
  1103                           ;incstack = 0
  1104                           ; Regs used in _Relay_Test_Cycle: [wreg+status,2+status,0+pclath+cstack]
  1105                           
  1106                           
  1107                           ;I-Tank_Auto-Flush_RTC_40mins-30secs.c: 289:     _Bool dip1_on;;I-Tank_Auto-Flush_RTC_40
      +                          mins-30secs.c: 290:     _Bool dip2_on;;I-Tank_Auto-Flush_RTC_40mins-30secs.c: 291:     u
      +                          int8_t off_seconds;;I-Tank_Auto-Flush_RTC_40mins-30secs.c: 292:     uint8_t on_seconds;;
      +                          I-Tank_Auto-Flush_RTC_40mins-30secs.c: 295:     if (!Is_Test_Mode_Enabled())
  1108  0546  2284               	fcall	_Is_Test_Mode_Enabled
  1109  0547  3A00               	xorlw	0
  1110  0548  1D03               	skipz
  1111  0549  2D4B               	goto	u1541
  1112  054A  2D4C               	goto	u1540
  1113  054B                     u1541:
  1114  054B  2D4E               	goto	l2033
  1115  054C                     u1540:
  1116  054C                     l2029:
  1117                           
  1118                           ;I-Tank_Auto-Flush_RTC_40mins-30secs.c: 296:     {;I-Tank_Auto-Flush_RTC_40mins-30secs.c
      +                          : 297:         Relay_Off();
  1119  054C  2244               	fcall	_Relay_Off
  1120  054D  2DA0               	goto	l60
  1121  054E                     l2033:
  1122                           
  1123                           ;I-Tank_Auto-Flush_RTC_40mins-30secs.c: 301:     dip1_on = (GPIObits.GP4 == 1);
  1124  054E  3000               	movlw	0
  1125  054F  1283               	bcf	3,5	;RP0=0, select bank0
  1126  0550  1A05               	btfsc	5,4	;volatile
  1127  0551  3001               	movlw	1
  1128  0552  00F7               	movwf	Relay_Test_Cycle@dip1_on
  1129                           
  1130                           ;I-Tank_Auto-Flush_RTC_40mins-30secs.c: 302:     dip2_on = (GPIObits.GP5 == 1);
  1131  0553  3000               	movlw	0
  1132  0554  1A85               	btfsc	5,5	;volatile
  1133  0555  3001               	movlw	1
  1134  0556  00F8               	movwf	Relay_Test_Cycle@dip2_on
  1135  0557                     l2035:
  1136  0557                     l2037:
  1137  0557                     l2039:
  1138                           
  1139                           ;I-Tank_Auto-Flush_RTC_40mins-30secs.c: 308:     if ((!dip1_on) && (!dip2_on))
  1140  0557  0877               	movf	Relay_Test_Cycle@dip1_on,w
  1141  0558  1D03               	btfss	3,2
  1142  0559  2D5B               	goto	u1551
  1143  055A  2D5C               	goto	u1550
  1144  055B                     u1551:
  1145  055B  2D6A               	goto	l2045
  1146  055C                     u1550:
  1147  055C                     l2041:
  1148  055C  0878               	movf	Relay_Test_Cycle@dip2_on,w
  1149  055D  1D03               	btfss	3,2
  1150  055E  2D60               	goto	u1561
  1151  055F  2D61               	goto	u1560
  1152  0560                     u1561:
  1153  0560  2D6A               	goto	l2045
  1154  0561                     u1560:
  1155  0561                     l2043:
  1156                           
  1157                           ;I-Tank_Auto-Flush_RTC_40mins-30secs.c: 309:     {;I-Tank_Auto-Flush_RTC_40mins-30secs.c
      +                          : 310:         off_seconds = 30;
  1158  0561  301E               	movlw	30
  1159  0562  00F4               	movwf	??_Relay_Test_Cycle
  1160  0563  0874               	movf	??_Relay_Test_Cycle,w
  1161  0564  00F5               	movwf	Relay_Test_Cycle@off_seconds
  1162                           
  1163                           ;I-Tank_Auto-Flush_RTC_40mins-30secs.c: 311:         on_seconds = 10;
  1164  0565  300A               	movlw	10
  1165  0566  00F4               	movwf	??_Relay_Test_Cycle
  1166  0567  0874               	movf	??_Relay_Test_Cycle,w
  1167  0568  00F6               	movwf	Relay_Test_Cycle@on_seconds
  1168                           
  1169                           ;I-Tank_Auto-Flush_RTC_40mins-30secs.c: 312:     }
  1170  0569  2D93               	goto	l2063
  1171  056A                     l2045:
  1172  056A  0877               	movf	Relay_Test_Cycle@dip1_on,w
  1173  056B  1D03               	btfss	3,2
  1174  056C  2D6E               	goto	u1571
  1175  056D  2D6F               	goto	u1570
  1176  056E                     u1571:
  1177  056E  2D7D               	goto	l2051
  1178  056F                     u1570:
  1179  056F                     l2047:
  1180  056F  0878               	movf	Relay_Test_Cycle@dip2_on,w
  1181  0570  1903               	btfsc	3,2
  1182  0571  2D73               	goto	u1581
  1183  0572  2D74               	goto	u1580
  1184  0573                     u1581:
  1185  0573  2D7D               	goto	l2051
  1186  0574                     u1580:
  1187  0574                     l2049:
  1188                           
  1189                           ;I-Tank_Auto-Flush_RTC_40mins-30secs.c: 314:     {;I-Tank_Auto-Flush_RTC_40mins-30secs.c
      +                          : 315:         off_seconds = 10;
  1190  0574  300A               	movlw	10
  1191  0575  00F4               	movwf	??_Relay_Test_Cycle
  1192  0576  0874               	movf	??_Relay_Test_Cycle,w
  1193  0577  00F5               	movwf	Relay_Test_Cycle@off_seconds
  1194                           
  1195                           ;I-Tank_Auto-Flush_RTC_40mins-30secs.c: 316:         on_seconds = 5;
  1196  0578  3005               	movlw	5
  1197  0579  00F4               	movwf	??_Relay_Test_Cycle
  1198  057A  0874               	movf	??_Relay_Test_Cycle,w
  1199  057B  00F6               	movwf	Relay_Test_Cycle@on_seconds
  1200                           
  1201                           ;I-Tank_Auto-Flush_RTC_40mins-30secs.c: 317:     }
  1202  057C  2D93               	goto	l2063
  1203  057D                     l2051:
  1204  057D  0877               	movf	Relay_Test_Cycle@dip1_on,w
  1205  057E  1903               	btfsc	3,2
  1206  057F  2D81               	goto	u1591
  1207  0580  2D82               	goto	u1590
  1208  0581                     u1591:
  1209  0581  2D90               	goto	l2057
  1210  0582                     u1590:
  1211  0582                     l2053:
  1212  0582  0878               	movf	Relay_Test_Cycle@dip2_on,w
  1213  0583  1D03               	btfss	3,2
  1214  0584  2D86               	goto	u1601
  1215  0585  2D87               	goto	u1600
  1216  0586                     u1601:
  1217  0586  2D90               	goto	l2057
  1218  0587                     u1600:
  1219  0587                     l2055:
  1220                           
  1221                           ;I-Tank_Auto-Flush_RTC_40mins-30secs.c: 319:     {;I-Tank_Auto-Flush_RTC_40mins-30secs.c
      +                          : 320:         off_seconds = 60;
  1222  0587  303C               	movlw	60
  1223  0588  00F4               	movwf	??_Relay_Test_Cycle
  1224  0589  0874               	movf	??_Relay_Test_Cycle,w
  1225  058A  00F5               	movwf	Relay_Test_Cycle@off_seconds
  1226                           
  1227                           ;I-Tank_Auto-Flush_RTC_40mins-30secs.c: 321:         on_seconds = 15;
  1228  058B  300F               	movlw	15
  1229  058C  00F4               	movwf	??_Relay_Test_Cycle
  1230  058D  0874               	movf	??_Relay_Test_Cycle,w
  1231  058E  00F6               	movwf	Relay_Test_Cycle@on_seconds
  1232                           
  1233                           ;I-Tank_Auto-Flush_RTC_40mins-30secs.c: 322:     }
  1234  058F  2D93               	goto	l2063
  1235  0590                     l2057:
  1236                           
  1237                           ;I-Tank_Auto-Flush_RTC_40mins-30secs.c: 324:     {;I-Tank_Auto-Flush_RTC_40mins-30secs.c
      +                          : 326:         Relay_Off();
  1238  0590  2244               	fcall	_Relay_Off
  1239  0591                     l2059:
  1240                           
  1241                           ;I-Tank_Auto-Flush_RTC_40mins-30secs.c: 327:         Delay_Approx_250ms();
  1242  0591  22AB               	fcall	_Delay_Approx_250ms
  1243  0592  2DA0               	goto	l60
  1244  0593                     l2063:
  1245                           
  1246                           ;I-Tank_Auto-Flush_RTC_40mins-30secs.c: 332:     Relay_Off();
  1247  0593  2244               	fcall	_Relay_Off
  1248  0594                     l2065:
  1249                           
  1250                           ;I-Tank_Auto-Flush_RTC_40mins-30secs.c: 333:     if (!Test_Delay_Seconds_Abortable(off_s
      +                          econds))
  1251  0594  0875               	movf	Relay_Test_Cycle@off_seconds,w
  1252  0595  233E               	fcall	_Test_Delay_Seconds_Abortable
  1253  0596  3A00               	xorlw	0
  1254  0597  1D03               	skipz
  1255  0598  2D9A               	goto	u1611
  1256  0599  2D9B               	goto	u1610
  1257  059A                     u1611:
  1258  059A  2D9C               	goto	l2069
  1259  059B                     u1610:
  1260  059B  2DA0               	goto	l60
  1261  059C                     l2069:
  1262                           
  1263                           ;I-Tank_Auto-Flush_RTC_40mins-30secs.c: 339:     Relay_On();
  1264  059C  2247               	fcall	_Relay_On
  1265  059D                     l2071:
  1266                           
  1267                           ;I-Tank_Auto-Flush_RTC_40mins-30secs.c: 340:     if (!Test_Delay_Seconds_Abortable(on_se
      +                          conds))
  1268  059D  0876               	movf	Relay_Test_Cycle@on_seconds,w
  1269  059E  233E               	fcall	_Test_Delay_Seconds_Abortable
  1270  059F  2D4C               	goto	l2029
  1271  05A0                     l60:
  1272  05A0  0008               	return
  1273  05A1                     __end_of_Relay_Test_Cycle:
  1274                           
  1275                           	psect	text2
  1276  033E                     __ptext2:	
  1277 ;; *************** function _Test_Delay_Seconds_Abortable *****************
  1278 ;; Defined at:
  1279 ;;		line 263 in file "I-Tank_Auto-Flush_RTC_40mins-30secs.c"
  1280 ;; Parameters:    Size  Location     Type
  1281 ;;  seconds         1    wreg     unsigned char 
  1282 ;; Auto vars:     Size  Location     Type
  1283 ;;  seconds         1    1[COMMON] unsigned char 
  1284 ;;  slice           1    3[COMMON] unsigned char 
  1285 ;;  sec             1    2[COMMON] unsigned char 
  1286 ;; Return value:  Size  Location     Type
  1287 ;;                  1    wreg      _Bool 
  1288 ;; Registers used:
  1289 ;;		wreg, status,2, status,0, pclath, cstack
  1290 ;; Tracked objects:
  1291 ;;		On entry : 0/0
  1292 ;;		On exit  : 0/0
  1293 ;;		Unchanged: 0/0
  1294 ;; Data sizes:     COMMON   BANK0   BANK1
  1295 ;;      Params:         0       0       0
  1296 ;;      Locals:         3       0       0
  1297 ;;      Temps:          1       0       0
  1298 ;;      Totals:         4       0       0
  1299 ;;Total ram usage:        4 bytes
  1300 ;; Hardware stack levels used:    1
  1301 ;; Hardware stack levels required when called:    1
  1302 ;; This function calls:
  1303 ;;		_Delay_Approx_65ms
  1304 ;;		_Is_Test_Mode_Enabled
  1305 ;;		_Relay_Off
  1306 ;; This function is called by:
  1307 ;;		_Relay_Test_Cycle
  1308 ;; This function uses a non-reentrant model
  1309 ;;
  1310                           
  1311                           
  1312                           ;psect for function _Test_Delay_Seconds_Abortable
  1313  033E                     _Test_Delay_Seconds_Abortable:
  1314                           
  1315                           ;incstack = 0
  1316                           ; Regs used in _Test_Delay_Seconds_Abortable: [wreg+status,2+status,0+pclath+cstack]
  1317                           ;Test_Delay_Seconds_Abortable@seconds stored from wreg
  1318  033E  00F1               	movwf	Test_Delay_Seconds_Abortable@seconds
  1319  033F                     l1787:
  1320                           
  1321                           ;I-Tank_Auto-Flush_RTC_40mins-30secs.c: 263: static _Bool Test_Delay_Seconds_Abortable(u
      +                          int8_t seconds);I-Tank_Auto-Flush_RTC_40mins-30secs.c: 264: {;I-Tank_Auto-Flush_RTC_40mi
      +                          ns-30secs.c: 265:     uint8_t sec;;I-Tank_Auto-Flush_RTC_40mins-30secs.c: 266:     uint8
      +                          _t slice;;I-Tank_Auto-Flush_RTC_40mins-30secs.c: 268:     for (sec = 0; sec < seconds; s
      +                          ec++)
  1322  033F  01F2               	clrf	Test_Delay_Seconds_Abortable@sec
  1323  0340  2B5A               	goto	l1811
  1324  0341                     l1789:
  1325                           
  1326                           ;I-Tank_Auto-Flush_RTC_40mins-30secs.c: 269:     {;I-Tank_Auto-Flush_RTC_40mins-30secs.c
      +                          : 272:         for (slice = 0; slice < 16; slice++)
  1327  0341  01F3               	clrf	Test_Delay_Seconds_Abortable@slice
  1328  0342                     l1795:
  1329                           
  1330                           ;I-Tank_Auto-Flush_RTC_40mins-30secs.c: 273:         {;I-Tank_Auto-Flush_RTC_40mins-30se
      +                          cs.c: 274:             if (!Is_Test_Mode_Enabled())
  1331  0342  2284               	fcall	_Is_Test_Mode_Enabled
  1332  0343  3A00               	xorlw	0
  1333  0344  1D03               	skipz
  1334  0345  2B47               	goto	u1141
  1335  0346  2B48               	goto	u1140
  1336  0347                     u1141:
  1337  0347  2B4B               	goto	l1803
  1338  0348                     u1140:
  1339  0348                     l1797:
  1340                           
  1341                           ;I-Tank_Auto-Flush_RTC_40mins-30secs.c: 275:             {;I-Tank_Auto-Flush_RTC_40mins-
      +                          30secs.c: 276:                 Relay_Off();
  1342  0348  2244               	fcall	_Relay_Off
  1343  0349                     l1799:
  1344                           
  1345                           ;I-Tank_Auto-Flush_RTC_40mins-30secs.c: 277:                 return 0;
  1346  0349  3000               	movlw	0
  1347  034A  2B61               	goto	l55
  1348  034B                     l1803:
  1349                           
  1350                           ;I-Tank_Auto-Flush_RTC_40mins-30secs.c: 280:             Delay_Approx_65ms();
  1351  034B  2274               	fcall	_Delay_Approx_65ms
  1352  034C                     l1805:
  1353                           
  1354                           ;I-Tank_Auto-Flush_RTC_40mins-30secs.c: 281:         }
  1355  034C  3001               	movlw	1
  1356  034D  00F0               	movwf	??_Test_Delay_Seconds_Abortable
  1357  034E  0870               	movf	??_Test_Delay_Seconds_Abortable,w
  1358  034F  07F3               	addwf	Test_Delay_Seconds_Abortable@slice,f
  1359  0350                     l1807:
  1360  0350  3010               	movlw	16
  1361  0351  0273               	subwf	Test_Delay_Seconds_Abortable@slice,w
  1362  0352  1C03               	skipc
  1363  0353  2B55               	goto	u1151
  1364  0354  2B56               	goto	u1150
  1365  0355                     u1151:
  1366  0355  2B42               	goto	l1795
  1367  0356                     u1150:
  1368  0356                     l1809:
  1369                           
  1370                           ;I-Tank_Auto-Flush_RTC_40mins-30secs.c: 282:     }
  1371  0356  3001               	movlw	1
  1372  0357  00F0               	movwf	??_Test_Delay_Seconds_Abortable
  1373  0358  0870               	movf	??_Test_Delay_Seconds_Abortable,w
  1374  0359  07F2               	addwf	Test_Delay_Seconds_Abortable@sec,f
  1375  035A                     l1811:
  1376  035A  0871               	movf	Test_Delay_Seconds_Abortable@seconds,w
  1377  035B  0272               	subwf	Test_Delay_Seconds_Abortable@sec,w
  1378  035C  1C03               	skipc
  1379  035D  2B5F               	goto	u1161
  1380  035E  2B60               	goto	u1160
  1381  035F                     u1161:
  1382  035F  2B41               	goto	l1789
  1383  0360                     u1160:
  1384  0360                     l1813:
  1385                           
  1386                           ;I-Tank_Auto-Flush_RTC_40mins-30secs.c: 284:     return 1;
  1387  0360  3001               	movlw	1
  1388  0361                     l55:
  1389  0361  0008               	return
  1390  0362                     __end_of_Test_Delay_Seconds_Abortable:
  1391                           
  1392                           	psect	text3
  1393  0284                     __ptext3:	
  1394 ;; *************** function _Is_Test_Mode_Enabled *****************
  1395 ;; Defined at:
  1396 ;;		line 1024 in file "I-Tank_Auto-Flush_RTC_40mins-30secs.c"
  1397 ;; Parameters:    Size  Location     Type
  1398 ;;		None
  1399 ;; Auto vars:     Size  Location     Type
  1400 ;;		None
  1401 ;; Return value:  Size  Location     Type
  1402 ;;                  1    wreg      _Bool 
  1403 ;; Registers used:
  1404 ;;		wreg, status,0
  1405 ;; Tracked objects:
  1406 ;;		On entry : 0/0
  1407 ;;		On exit  : 0/0
  1408 ;;		Unchanged: 0/0
  1409 ;; Data sizes:     COMMON   BANK0   BANK1
  1410 ;;      Params:         0       0       0
  1411 ;;      Locals:         0       0       0
  1412 ;;      Temps:          0       0       0
  1413 ;;      Totals:         0       0       0
  1414 ;;Total ram usage:        0 bytes
  1415 ;; Hardware stack levels used:    1
  1416 ;; This function calls:
  1417 ;;		Nothing
  1418 ;; This function is called by:
  1419 ;;		_Test_Delay_Seconds_Abortable
  1420 ;;		_Relay_Test_Cycle
  1421 ;;		_main
  1422 ;; This function uses a non-reentrant model
  1423 ;;
  1424                           
  1425                           
  1426                           ;psect for function _Is_Test_Mode_Enabled
  1427  0284                     _Is_Test_Mode_Enabled:
  1428  0284                     l1609:	
  1429                           ;incstack = 0
  1430                           ; Regs used in _Is_Test_Mode_Enabled: [wreg+status,0]
  1431                           
  1432                           
  1433                           ;I-Tank_Auto-Flush_RTC_40mins-30secs.c: 1026:     return (GPIObits.GP3 == 0);
  1434  0284  1003               	clrc
  1435  0285  1283               	bcf	3,5	;RP0=0, select bank0
  1436  0286  1D85               	btfss	5,3	;volatile
  1437  0287  1403               	setc
  1438  0288  3000               	movlw	0
  1439  0289  1803               	skipnc
  1440  028A  3001               	movlw	1
  1441  028B                     l231:
  1442  028B  0008               	return
  1443  028C                     __end_of_Is_Test_Mode_Enabled:
  1444                           
  1445                           	psect	text4
  1446  0260                     __ptext4:	
  1447 ;; *************** function _Relay_Reset_Pulse *****************
  1448 ;; Defined at:
  1449 ;;		line 250 in file "I-Tank_Auto-Flush_RTC_40mins-30secs.c"
  1450 ;; Parameters:    Size  Location     Type
  1451 ;;		None
  1452 ;; Auto vars:     Size  Location     Type
  1453 ;;		None
  1454 ;; Return value:  Size  Location     Type
  1455 ;;                  1    wreg      void 
  1456 ;; Registers used:
  1457 ;;		wreg, status,2, status,0, pclath, cstack
  1458 ;; Tracked objects:
  1459 ;;		On entry : 0/0
  1460 ;;		On exit  : 0/0
  1461 ;;		Unchanged: 0/0
  1462 ;; Data sizes:     COMMON   BANK0   BANK1
  1463 ;;      Params:         0       0       0
  1464 ;;      Locals:         0       0       0
  1465 ;;      Temps:          0       0       0
  1466 ;;      Totals:         0       0       0
  1467 ;;Total ram usage:        0 bytes
  1468 ;; Hardware stack levels used:    1
  1469 ;; Hardware stack levels required when called:    3
  1470 ;; This function calls:
  1471 ;;		_Delay_Seconds
  1472 ;;		_Relay_Off
  1473 ;;		_Relay_On
  1474 ;; This function is called by:
  1475 ;;		_main
  1476 ;; This function uses a non-reentrant model
  1477 ;;
  1478                           
  1479                           
  1480                           ;psect for function _Relay_Reset_Pulse
  1481  0260                     _Relay_Reset_Pulse:
  1482  0260                     l2021:	
  1483                           ;incstack = 0
  1484                           ; Regs used in _Relay_Reset_Pulse: [wreg+status,2+status,0+pclath+cstack]
  1485                           
  1486                           
  1487                           ;I-Tank_Auto-Flush_RTC_40mins-30secs.c: 252:     Relay_On();
  1488  0260  2247               	fcall	_Relay_On
  1489  0261                     l2023:
  1490                           
  1491                           ;I-Tank_Auto-Flush_RTC_40mins-30secs.c: 253:     Delay_Seconds(30);
  1492  0261  301E               	movlw	30
  1493  0262  22A0               	fcall	_Delay_Seconds
  1494  0263                     l2025:
  1495                           
  1496                           ;I-Tank_Auto-Flush_RTC_40mins-30secs.c: 254:     Relay_Off();
  1497  0263  2244               	fcall	_Relay_Off
  1498  0264                     l47:
  1499  0264  0008               	return
  1500  0265                     __end_of_Relay_Reset_Pulse:
  1501                           
  1502                           	psect	text5
  1503  0247                     __ptext5:	
  1504 ;; *************** function _Relay_On *****************
  1505 ;; Defined at:
  1506 ;;		line 240 in file "I-Tank_Auto-Flush_RTC_40mins-30secs.c"
  1507 ;; Parameters:    Size  Location     Type
  1508 ;;		None
  1509 ;; Auto vars:     Size  Location     Type
  1510 ;;		None
  1511 ;; Return value:  Size  Location     Type
  1512 ;;                  1    wreg      void 
  1513 ;; Registers used:
  1514 ;;		None
  1515 ;; Tracked objects:
  1516 ;;		On entry : 0/0
  1517 ;;		On exit  : 0/0
  1518 ;;		Unchanged: 0/0
  1519 ;; Data sizes:     COMMON   BANK0   BANK1
  1520 ;;      Params:         0       0       0
  1521 ;;      Locals:         0       0       0
  1522 ;;      Temps:          0       0       0
  1523 ;;      Totals:         0       0       0
  1524 ;;Total ram usage:        0 bytes
  1525 ;; Hardware stack levels used:    1
  1526 ;; This function calls:
  1527 ;;		Nothing
  1528 ;; This function is called by:
  1529 ;;		_Relay_Reset_Pulse
  1530 ;;		_Relay_Test_Cycle
  1531 ;; This function uses a non-reentrant model
  1532 ;;
  1533                           
  1534                           
  1535                           ;psect for function _Relay_On
  1536  0247                     _Relay_On:
  1537  0247                     l1777:	
  1538                           ;incstack = 0
  1539                           ; Regs used in _Relay_On: []
  1540                           
  1541                           
  1542                           ;I-Tank_Auto-Flush_RTC_40mins-30secs.c: 242:     GPIObits.GP0 = 1;
  1543  0247  1283               	bcf	3,5	;RP0=0, select bank0
  1544  0248  1405               	bsf	5,0	;volatile
  1545  0249                     l41:
  1546  0249  0008               	return
  1547  024A                     __end_of_Relay_On:
  1548                           
  1549                           	psect	text6
  1550  02A0                     __ptext6:	
  1551 ;; *************** function _Delay_Seconds *****************
  1552 ;; Defined at:
  1553 ;;		line 396 in file "I-Tank_Auto-Flush_RTC_40mins-30secs.c"
  1554 ;; Parameters:    Size  Location     Type
  1555 ;;  seconds         1    wreg     unsigned char 
  1556 ;; Auto vars:     Size  Location     Type
  1557 ;;  seconds         1    2[COMMON] unsigned char 
  1558 ;; Return value:  Size  Location     Type
  1559 ;;                  1    wreg      void 
  1560 ;; Registers used:
  1561 ;;		wreg, status,2, status,0, pclath, cstack
  1562 ;; Tracked objects:
  1563 ;;		On entry : 0/0
  1564 ;;		On exit  : 0/0
  1565 ;;		Unchanged: 0/0
  1566 ;; Data sizes:     COMMON   BANK0   BANK1
  1567 ;;      Params:         0       0       0
  1568 ;;      Locals:         1       0       0
  1569 ;;      Temps:          0       0       0
  1570 ;;      Totals:         1       0       0
  1571 ;;Total ram usage:        1 bytes
  1572 ;; Hardware stack levels used:    1
  1573 ;; Hardware stack levels required when called:    2
  1574 ;; This function calls:
  1575 ;;		_Delay_Approx_1s
  1576 ;; This function is called by:
  1577 ;;		_Relay_Reset_Pulse
  1578 ;;		_main
  1579 ;;		_Safe_Fault_Idle_Forever
  1580 ;; This function uses a non-reentrant model
  1581 ;;
  1582                           
  1583                           
  1584                           ;psect for function _Delay_Seconds
  1585  02A0                     _Delay_Seconds:
  1586                           
  1587                           ;incstack = 0
  1588                           ; Regs used in _Delay_Seconds: [wreg+status,2+status,0+pclath+cstack]
  1589                           ;Delay_Seconds@seconds stored from wreg
  1590  02A0  00F2               	movwf	Delay_Seconds@seconds
  1591  02A1                     l1779:
  1592                           
  1593                           ;I-Tank_Auto-Flush_RTC_40mins-30secs.c: 396: static void Delay_Seconds(uint8_t seconds);
      +                          I-Tank_Auto-Flush_RTC_40mins-30secs.c: 397: {;I-Tank_Auto-Flush_RTC_40mins-30secs.c: 398
      +                          :     while (seconds > 0)
  1594  02A1  2AA5               	goto	l1785
  1595  02A2                     l1781:
  1596                           
  1597                           ;I-Tank_Auto-Flush_RTC_40mins-30secs.c: 399:     {;I-Tank_Auto-Flush_RTC_40mins-30secs.c
      +                          : 400:         Delay_Approx_1s();
  1598  02A2  22B8               	fcall	_Delay_Approx_1s
  1599  02A3                     l1783:
  1600                           
  1601                           ;I-Tank_Auto-Flush_RTC_40mins-30secs.c: 401:         seconds--;
  1602  02A3  3001               	movlw	1
  1603  02A4  02F2               	subwf	Delay_Seconds@seconds,f
  1604  02A5                     l1785:
  1605                           
  1606                           ;I-Tank_Auto-Flush_RTC_40mins-30secs.c: 398:     while (seconds > 0)
  1607  02A5  0872               	movf	Delay_Seconds@seconds,w
  1608  02A6  1D03               	btfss	3,2
  1609  02A7  2AA9               	goto	u1131
  1610  02A8  2AAA               	goto	u1130
  1611  02A9                     u1131:
  1612  02A9  2AA2               	goto	l1781
  1613  02AA                     u1130:
  1614  02AA                     l93:
  1615  02AA  0008               	return
  1616  02AB                     __end_of_Delay_Seconds:
  1617                           
  1618                           	psect	text7
  1619  02B8                     __ptext7:	
  1620 ;; *************** function _Delay_Approx_1s *****************
  1621 ;; Defined at:
  1622 ;;		line 386 in file "I-Tank_Auto-Flush_RTC_40mins-30secs.c"
  1623 ;; Parameters:    Size  Location     Type
  1624 ;;		None
  1625 ;; Auto vars:     Size  Location     Type
  1626 ;;  i               1    1[COMMON] unsigned char 
  1627 ;; Return value:  Size  Location     Type
  1628 ;;                  1    wreg      void 
  1629 ;; Registers used:
  1630 ;;		wreg, status,2, status,0, pclath, cstack
  1631 ;; Tracked objects:
  1632 ;;		On entry : 0/0
  1633 ;;		On exit  : 0/0
  1634 ;;		Unchanged: 0/0
  1635 ;; Data sizes:     COMMON   BANK0   BANK1
  1636 ;;      Params:         0       0       0
  1637 ;;      Locals:         1       0       0
  1638 ;;      Temps:          1       0       0
  1639 ;;      Totals:         2       0       0
  1640 ;;Total ram usage:        2 bytes
  1641 ;; Hardware stack levels used:    1
  1642 ;; Hardware stack levels required when called:    1
  1643 ;; This function calls:
  1644 ;;		_Delay_Approx_65ms
  1645 ;; This function is called by:
  1646 ;;		_Delay_Seconds
  1647 ;;		_main
  1648 ;; This function uses a non-reentrant model
  1649 ;;
  1650                           
  1651                           
  1652                           ;psect for function _Delay_Approx_1s
  1653  02B8                     _Delay_Approx_1s:
  1654  02B8                     l1613:	
  1655                           ;incstack = 0
  1656                           ; Regs used in _Delay_Approx_1s: [wreg+status,2+status,0+pclath+cstack]
  1657                           
  1658                           
  1659                           ;I-Tank_Auto-Flush_RTC_40mins-30secs.c: 388:     uint8_t i;;I-Tank_Auto-Flush_RTC_40mins
      +                          -30secs.c: 390:     for (i = 0; i < 16; i++)
  1660  02B8  01F1               	clrf	Delay_Approx_1s@i
  1661  02B9                     l1619:
  1662                           
  1663                           ;I-Tank_Auto-Flush_RTC_40mins-30secs.c: 391:     {;I-Tank_Auto-Flush_RTC_40mins-30secs.c
      +                          : 392:         Delay_Approx_65ms();
  1664  02B9  2274               	fcall	_Delay_Approx_65ms
  1665  02BA                     l1621:
  1666                           
  1667                           ;I-Tank_Auto-Flush_RTC_40mins-30secs.c: 393:     }
  1668  02BA  3001               	movlw	1
  1669  02BB  00F0               	movwf	??_Delay_Approx_1s
  1670  02BC  0870               	movf	??_Delay_Approx_1s,w
  1671  02BD  07F1               	addwf	Delay_Approx_1s@i,f
  1672  02BE                     l1623:
  1673  02BE  3010               	movlw	16
  1674  02BF  0271               	subwf	Delay_Approx_1s@i,w
  1675  02C0  1C03               	skipc
  1676  02C1  2AC3               	goto	u981
  1677  02C2  2AC4               	goto	u980
  1678  02C3                     u981:
  1679  02C3  2AB9               	goto	l1619
  1680  02C4                     u980:
  1681  02C4                     l87:
  1682  02C4  0008               	return
  1683  02C5                     __end_of_Delay_Approx_1s:
  1684                           
  1685                           	psect	text8
  1686  048D                     __ptext8:	
  1687 ;; *************** function _Is_Scheduled_Relay_Time *****************
  1688 ;; Defined at:
  1689 ;;		line 1046 in file "I-Tank_Auto-Flush_RTC_40mins-30secs.c"
  1690 ;; Parameters:    Size  Location     Type
  1691 ;;  now             1    wreg     PTR const struct .
  1692 ;;		 -> main@now(7), 
  1693 ;; Auto vars:     Size  Location     Type
  1694 ;;  now             1   10[COMMON] PTR const struct .
  1695 ;;		 -> main@now(7), 
  1696 ;;  minutes_from    2    8[COMMON] unsigned int 
  1697 ;; Return value:  Size  Location     Type
  1698 ;;                  1    wreg      _Bool 
  1699 ;; Registers used:
  1700 ;;		wreg, fsr0l, fsr0h, status,2, status,0, pclath, cstack
  1701 ;; Tracked objects:
  1702 ;;		On entry : 0/0
  1703 ;;		On exit  : 0/0
  1704 ;;		Unchanged: 0/0
  1705 ;; Data sizes:     COMMON   BANK0   BANK1
  1706 ;;      Params:         0       0       0
  1707 ;;      Locals:         3       0       0
  1708 ;;      Temps:          2       0       0
  1709 ;;      Totals:         5       0       0
  1710 ;;Total ram usage:        5 bytes
  1711 ;; Hardware stack levels used:    1
  1712 ;; Hardware stack levels required when called:    2
  1713 ;; This function calls:
  1714 ;;		_Is_Allowed_Day_And_Hour
  1715 ;;		___lwmod
  1716 ;;		___wmul
  1717 ;; This function is called by:
  1718 ;;		_main
  1719 ;; This function uses a non-reentrant model
  1720 ;;
  1721                           
  1722                           
  1723                           ;psect for function _Is_Scheduled_Relay_Time
  1724  048D                     _Is_Scheduled_Relay_Time:
  1725                           
  1726                           ;incstack = 0
  1727                           ; Regs used in _Is_Scheduled_Relay_Time: [wreg-fsr0h+status,2+status,0+pclath+cstack]
  1728                           ;Is_Scheduled_Relay_Time@now stored from wreg
  1729  048D  00FA               	movwf	Is_Scheduled_Relay_Time@now
  1730  048E                     l2145:
  1731                           
  1732                           ;I-Tank_Auto-Flush_RTC_40mins-30secs.c: 1046: static _Bool Is_Scheduled_Relay_Time(const
      +                           RTC_Time *now);I-Tank_Auto-Flush_RTC_40mins-30secs.c: 1047: {;I-Tank_Auto-Flush_RTC_40m
      +                          ins-30secs.c: 1048:     uint16_t minutes_from_midnight;;I-Tank_Auto-Flush_RTC_40mins-30s
      +                          ecs.c: 1050:     if (!Is_Allowed_Day_And_Hour(now))
  1733  048E  087A               	movf	Is_Scheduled_Relay_Time@now,w
  1734  048F  2387               	fcall	_Is_Allowed_Day_And_Hour
  1735  0490  3A00               	xorlw	0
  1736  0491  1D03               	skipz
  1737  0492  2C94               	goto	u1741
  1738  0493  2C95               	goto	u1740
  1739  0494                     u1741:
  1740  0494  2C97               	goto	l2151
  1741  0495                     u1740:
  1742  0495                     l2147:
  1743                           
  1744                           ;I-Tank_Auto-Flush_RTC_40mins-30secs.c: 1051:     {;I-Tank_Auto-Flush_RTC_40mins-30secs.
      +                          c: 1052:         return 0;
  1745  0495  3000               	movlw	0
  1746  0496  2CC3               	goto	l240
  1747  0497                     l2151:
  1748                           
  1749                           ;I-Tank_Auto-Flush_RTC_40mins-30secs.c: 1058:     minutes_from_midnight =
  1750  0497  087A               	movf	Is_Scheduled_Relay_Time@now,w
  1751  0498  3E02               	addlw	2
  1752  0499  0084               	movwf	4
  1753  049A  1383               	bcf	3,7	;select IRP bank0
  1754  049B  0800               	movf	0,w
  1755  049C  00F6               	movwf	??_Is_Scheduled_Relay_Time
  1756  049D  01F7               	clrf	??_Is_Scheduled_Relay_Time+1
  1757  049E  0876               	movf	??_Is_Scheduled_Relay_Time,w
  1758  049F  00F0               	movwf	___wmul@multiplier
  1759  04A0  0877               	movf	??_Is_Scheduled_Relay_Time+1,w
  1760  04A1  00F1               	movwf	___wmul@multiplier+1
  1761  04A2  303C               	movlw	60
  1762  04A3  00F2               	movwf	___wmul@multiplicand
  1763  04A4  3000               	movlw	0
  1764  04A5  00F3               	movwf	___wmul@multiplicand+1
  1765  04A6  2362               	fcall	___wmul
  1766  04A7  0A7A               	incf	Is_Scheduled_Relay_Time@now,w
  1767  04A8  0084               	movwf	4
  1768  04A9  1383               	bcf	3,7	;select IRP bank0
  1769  04AA  0800               	movf	0,w
  1770  04AB  0770               	addwf	?___wmul,w
  1771  04AC  00F8               	movwf	Is_Scheduled_Relay_Time@minutes_from_midnight
  1772  04AD  3000               	movlw	0
  1773  04AE  1803               	skipnc
  1774  04AF  3001               	movlw	1
  1775  04B0  0771               	addwf	?___wmul+1,w
  1776  04B1  00F9               	movwf	Is_Scheduled_Relay_Time@minutes_from_midnight+1
  1777  04B2                     l2153:
  1778                           
  1779                           ;I-Tank_Auto-Flush_RTC_40mins-30secs.c: 1062:     return ((minutes_from_midnight % 40) =
      +                          = 0U);
  1780  04B2  3028               	movlw	40
  1781  04B3  00F0               	movwf	___lwmod@divisor
  1782  04B4  3000               	movlw	0
  1783  04B5  00F1               	movwf	___lwmod@divisor+1
  1784  04B6  0879               	movf	Is_Scheduled_Relay_Time@minutes_from_midnight+1,w
  1785  04B7  00F3               	movwf	___lwmod@dividend+1
  1786  04B8  0878               	movf	Is_Scheduled_Relay_Time@minutes_from_midnight,w
  1787  04B9  00F2               	movwf	___lwmod@dividend
  1788  04BA  24C4               	fcall	___lwmod
  1789  04BB  0870               	movf	?___lwmod,w
  1790  04BC  0471               	iorwf	?___lwmod+1,w
  1791  04BD  1903               	btfsc	3,2
  1792  04BE  2CC0               	goto	u1751
  1793  04BF  2CC2               	goto	u1750
  1794  04C0                     u1751:
  1795  04C0  3001               	movlw	1
  1796  04C1  2CC3               	goto	u1760
  1797  04C2                     u1750:
  1798  04C2  3000               	movlw	0
  1799  04C3                     u1760:
  1800  04C3                     l240:
  1801  04C3  0008               	return
  1802  04C4                     __end_of_Is_Scheduled_Relay_Time:
  1803                           
  1804                           	psect	text9
  1805  0362                     __ptext9:	
  1806 ;; *************** function ___wmul *****************
  1807 ;; Defined at:
  1808 ;;		line 15 in file "C:\Program Files\Microchip\xc8\v2.31\pic\sources\c90\common\Umul16.c"
  1809 ;; Parameters:    Size  Location     Type
  1810 ;;  multiplier      2    0[COMMON] unsigned int 
  1811 ;;  multiplicand    2    2[COMMON] unsigned int 
  1812 ;; Auto vars:     Size  Location     Type
  1813 ;;  product         2    4[COMMON] unsigned int 
  1814 ;; Return value:  Size  Location     Type
  1815 ;;                  2    0[COMMON] unsigned int 
  1816 ;; Registers used:
  1817 ;;		wreg, status,2, status,0
  1818 ;; Tracked objects:
  1819 ;;		On entry : 0/0
  1820 ;;		On exit  : 0/0
  1821 ;;		Unchanged: 0/0
  1822 ;; Data sizes:     COMMON   BANK0   BANK1
  1823 ;;      Params:         4       0       0
  1824 ;;      Locals:         2       0       0
  1825 ;;      Temps:          0       0       0
  1826 ;;      Totals:         6       0       0
  1827 ;;Total ram usage:        6 bytes
  1828 ;; Hardware stack levels used:    1
  1829 ;; This function calls:
  1830 ;;		Nothing
  1831 ;; This function is called by:
  1832 ;;		_Is_Scheduled_Relay_Time
  1833 ;; This function uses a non-reentrant model
  1834 ;;
  1835                           
  1836                           
  1837                           ;psect for function ___wmul
  1838  0362                     ___wmul:
  1839  0362                     l1985:	
  1840                           ;incstack = 0
  1841                           ; Regs used in ___wmul: [wreg+status,2+status,0]
  1842                           
  1843  0362  01F4               	clrf	___wmul@product
  1844  0363  01F5               	clrf	___wmul@product+1
  1845  0364                     l1987:
  1846  0364  1C70               	btfss	___wmul@multiplier,0
  1847  0365  2B67               	goto	u1441
  1848  0366  2B68               	goto	u1440
  1849  0367                     u1441:
  1850  0367  2B6E               	goto	l353
  1851  0368                     u1440:
  1852  0368                     l1989:
  1853  0368  0872               	movf	___wmul@multiplicand,w
  1854  0369  07F4               	addwf	___wmul@product,f
  1855  036A  1803               	skipnc
  1856  036B  0AF5               	incf	___wmul@product+1,f
  1857  036C  0873               	movf	___wmul@multiplicand+1,w
  1858  036D  07F5               	addwf	___wmul@product+1,f
  1859  036E                     l353:
  1860  036E  3001               	movlw	1
  1861  036F                     u1455:
  1862  036F  1003               	clrc
  1863  0370  0DF2               	rlf	___wmul@multiplicand,f
  1864  0371  0DF3               	rlf	___wmul@multiplicand+1,f
  1865  0372  3EFF               	addlw	-1
  1866  0373  1D03               	skipz
  1867  0374  2B6F               	goto	u1455
  1868  0375                     l1991:
  1869  0375  3001               	movlw	1
  1870  0376                     u1465:
  1871  0376  1003               	clrc
  1872  0377  0CF1               	rrf	___wmul@multiplier+1,f
  1873  0378  0CF0               	rrf	___wmul@multiplier,f
  1874  0379  3EFF               	addlw	-1
  1875  037A  1D03               	skipz
  1876  037B  2B76               	goto	u1465
  1877  037C                     l1993:
  1878  037C  0870               	movf	___wmul@multiplier,w
  1879  037D  0471               	iorwf	___wmul@multiplier+1,w
  1880  037E  1D03               	btfss	3,2
  1881  037F  2B81               	goto	u1471
  1882  0380  2B82               	goto	u1470
  1883  0381                     u1471:
  1884  0381  2B64               	goto	l1987
  1885  0382                     u1470:
  1886  0382                     l1995:
  1887  0382  0875               	movf	___wmul@product+1,w
  1888  0383  00F1               	movwf	?___wmul+1
  1889  0384  0874               	movf	___wmul@product,w
  1890  0385  00F0               	movwf	?___wmul
  1891  0386                     l355:
  1892  0386  0008               	return
  1893  0387                     __end_of___wmul:
  1894                           
  1895                           	psect	text10
  1896  04C4                     __ptext10:	
  1897 ;; *************** function ___lwmod *****************
  1898 ;; Defined at:
  1899 ;;		line 5 in file "C:\Program Files\Microchip\xc8\v2.31\pic\sources\c90\common\lwmod.c"
  1900 ;; Parameters:    Size  Location     Type
  1901 ;;  divisor         2    0[COMMON] unsigned int 
  1902 ;;  dividend        2    2[COMMON] unsigned int 
  1903 ;; Auto vars:     Size  Location     Type
  1904 ;;  counter         1    5[COMMON] unsigned char 
  1905 ;; Return value:  Size  Location     Type
  1906 ;;                  2    0[COMMON] unsigned int 
  1907 ;; Registers used:
  1908 ;;		wreg, status,2, status,0
  1909 ;; Tracked objects:
  1910 ;;		On entry : 0/0
  1911 ;;		On exit  : 0/0
  1912 ;;		Unchanged: 0/0
  1913 ;; Data sizes:     COMMON   BANK0   BANK1
  1914 ;;      Params:         4       0       0
  1915 ;;      Locals:         1       0       0
  1916 ;;      Temps:          1       0       0
  1917 ;;      Totals:         6       0       0
  1918 ;;Total ram usage:        6 bytes
  1919 ;; Hardware stack levels used:    1
  1920 ;; This function calls:
  1921 ;;		Nothing
  1922 ;; This function is called by:
  1923 ;;		_Is_Scheduled_Relay_Time
  1924 ;; This function uses a non-reentrant model
  1925 ;;
  1926                           
  1927                           
  1928                           ;psect for function ___lwmod
  1929  04C4                     ___lwmod:
  1930  04C4                     l1999:	
  1931                           ;incstack = 0
  1932                           ; Regs used in ___lwmod: [wreg+status,2+status,0]
  1933                           
  1934  04C4  0870               	movf	___lwmod@divisor,w
  1935  04C5  0471               	iorwf	___lwmod@divisor+1,w
  1936  04C6  1903               	btfsc	3,2
  1937  04C7  2CC9               	goto	u1481
  1938  04C8  2CCA               	goto	u1480
  1939  04C9                     u1481:
  1940  04C9  2CF9               	goto	l2017
  1941  04CA                     u1480:
  1942  04CA                     l2001:
  1943  04CA  01F5               	clrf	___lwmod@counter
  1944  04CB  0AF5               	incf	___lwmod@counter,f
  1945  04CC  2CD8               	goto	l2007
  1946  04CD                     l2003:
  1947  04CD  3001               	movlw	1
  1948  04CE                     u1495:
  1949  04CE  1003               	clrc
  1950  04CF  0DF0               	rlf	___lwmod@divisor,f
  1951  04D0  0DF1               	rlf	___lwmod@divisor+1,f
  1952  04D1  3EFF               	addlw	-1
  1953  04D2  1D03               	skipz
  1954  04D3  2CCE               	goto	u1495
  1955  04D4                     l2005:
  1956  04D4  3001               	movlw	1
  1957  04D5  00F4               	movwf	??___lwmod
  1958  04D6  0874               	movf	??___lwmod,w
  1959  04D7  07F5               	addwf	___lwmod@counter,f
  1960  04D8                     l2007:
  1961  04D8  1FF1               	btfss	___lwmod@divisor+1,7
  1962  04D9  2CDB               	goto	u1501
  1963  04DA  2CDC               	goto	u1500
  1964  04DB                     u1501:
  1965  04DB  2CCD               	goto	l2003
  1966  04DC                     u1500:
  1967  04DC                     l2009:
  1968  04DC  0871               	movf	___lwmod@divisor+1,w
  1969  04DD  0273               	subwf	___lwmod@dividend+1,w
  1970  04DE  1D03               	skipz
  1971  04DF  2CE2               	goto	u1515
  1972  04E0  0870               	movf	___lwmod@divisor,w
  1973  04E1  0272               	subwf	___lwmod@dividend,w
  1974  04E2                     u1515:
  1975  04E2  1C03               	skipc
  1976  04E3  2CE5               	goto	u1511
  1977  04E4  2CE6               	goto	u1510
  1978  04E5                     u1511:
  1979  04E5  2CEC               	goto	l2013
  1980  04E6                     u1510:
  1981  04E6                     l2011:
  1982  04E6  0870               	movf	___lwmod@divisor,w
  1983  04E7  02F2               	subwf	___lwmod@dividend,f
  1984  04E8  0871               	movf	___lwmod@divisor+1,w
  1985  04E9  1C03               	skipc
  1986  04EA  03F3               	decf	___lwmod@dividend+1,f
  1987  04EB  02F3               	subwf	___lwmod@dividend+1,f
  1988  04EC                     l2013:
  1989  04EC  3001               	movlw	1
  1990  04ED                     u1525:
  1991  04ED  1003               	clrc
  1992  04EE  0CF1               	rrf	___lwmod@divisor+1,f
  1993  04EF  0CF0               	rrf	___lwmod@divisor,f
  1994  04F0  3EFF               	addlw	-1
  1995  04F1  1D03               	skipz
  1996  04F2  2CED               	goto	u1525
  1997  04F3                     l2015:
  1998  04F3  3001               	movlw	1
  1999  04F4  02F5               	subwf	___lwmod@counter,f
  2000  04F5  1D03               	btfss	3,2
  2001  04F6  2CF8               	goto	u1531
  2002  04F7  2CF9               	goto	u1530
  2003  04F8                     u1531:
  2004  04F8  2CDC               	goto	l2009
  2005  04F9                     u1530:
  2006  04F9                     l2017:
  2007  04F9  0873               	movf	___lwmod@dividend+1,w
  2008  04FA  00F1               	movwf	?___lwmod+1
  2009  04FB  0872               	movf	___lwmod@dividend,w
  2010  04FC  00F0               	movwf	?___lwmod
  2011  04FD                     l635:
  2012  04FD  0008               	return
  2013  04FE                     __end_of___lwmod:
  2014                           
  2015                           	psect	text11
  2016  0387                     __ptext11:	
  2017 ;; *************** function _Is_Allowed_Day_And_Hour *****************
  2018 ;; Defined at:
  2019 ;;		line 1029 in file "I-Tank_Auto-Flush_RTC_40mins-30secs.c"
  2020 ;; Parameters:    Size  Location     Type
  2021 ;;  now             1    wreg     PTR const struct .
  2022 ;;		 -> main@now(7), 
  2023 ;; Auto vars:     Size  Location     Type
  2024 ;;  now             1    4[COMMON] PTR const struct .
  2025 ;;		 -> main@now(7), 
  2026 ;; Return value:  Size  Location     Type
  2027 ;;                  1    wreg      _Bool 
  2028 ;; Registers used:
  2029 ;;		wreg, fsr0l, fsr0h, status,2, status,0, pclath, cstack
  2030 ;; Tracked objects:
  2031 ;;		On entry : 0/0
  2032 ;;		On exit  : 0/0
  2033 ;;		Unchanged: 0/0
  2034 ;; Data sizes:     COMMON   BANK0   BANK1
  2035 ;;      Params:         0       0       0
  2036 ;;      Locals:         1       0       0
  2037 ;;      Temps:          1       0       0
  2038 ;;      Totals:         2       0       0
  2039 ;;Total ram usage:        2 bytes
  2040 ;; Hardware stack levels used:    1
  2041 ;; Hardware stack levels required when called:    1
  2042 ;; This function calls:
  2043 ;;		_Is_Hour_Window_Enabled
  2044 ;;		_Is_Sunday_Enabled
  2045 ;; This function is called by:
  2046 ;;		_Is_Scheduled_Relay_Time
  2047 ;; This function uses a non-reentrant model
  2048 ;;
  2049                           
  2050                           
  2051                           ;psect for function _Is_Allowed_Day_And_Hour
  2052  0387                     _Is_Allowed_Day_And_Hour:
  2053                           
  2054                           ;incstack = 0
  2055                           ; Regs used in _Is_Allowed_Day_And_Hour: [wreg-fsr0h+status,2+status,0+pclath+cstack]
  2056                           ;Is_Allowed_Day_And_Hour@now stored from wreg
  2057  0387  00F4               	movwf	Is_Allowed_Day_And_Hour@now
  2058  0388                     l1967:
  2059                           
  2060                           ;I-Tank_Auto-Flush_RTC_40mins-30secs.c: 1029: static _Bool Is_Allowed_Day_And_Hour(const
      +                           RTC_Time *now);I-Tank_Auto-Flush_RTC_40mins-30secs.c: 1030: {;I-Tank_Auto-Flush_RTC_40m
      +                          ins-30secs.c: 1032:     if ((now->day_of_week == 1) && !Is_Sunday_Enabled())
  2061  0388  0874               	movf	Is_Allowed_Day_And_Hour@now,w
  2062  0389  3E03               	addlw	3
  2063  038A  0084               	movwf	4
  2064  038B  1383               	bcf	3,7	;select IRP bank0
  2065  038C  0300               	decf	0,w
  2066  038D  1D03               	btfss	3,2
  2067  038E  2B90               	goto	u1411
  2068  038F  2B91               	goto	u1410
  2069  0390                     u1411:
  2070  0390  2B99               	goto	l1975
  2071  0391                     u1410:
  2072  0391                     l1969:
  2073  0391  2252               	fcall	_Is_Sunday_Enabled
  2074  0392  3A00               	xorlw	0
  2075  0393  1D03               	skipz
  2076  0394  2B96               	goto	u1421
  2077  0395  2B97               	goto	u1420
  2078  0396                     u1421:
  2079  0396  2B99               	goto	l1975
  2080  0397                     u1420:
  2081  0397                     l1971:
  2082                           
  2083                           ;I-Tank_Auto-Flush_RTC_40mins-30secs.c: 1033:     {;I-Tank_Auto-Flush_RTC_40mins-30secs.
      +                          c: 1034:         return 0;
  2084  0397  3000               	movlw	0
  2085  0398  2BAC               	goto	l235
  2086  0399                     l1975:
  2087                           
  2088                           ;I-Tank_Auto-Flush_RTC_40mins-30secs.c: 1038:     if (!Is_Hour_Window_Enabled(now->hour,
      +                           now->minute))
  2089  0399  0A74               	incf	Is_Allowed_Day_And_Hour@now,w
  2090  039A  0084               	movwf	4
  2091  039B  1383               	bcf	3,7	;select IRP bank0
  2092  039C  0800               	movf	0,w
  2093  039D  00F3               	movwf	??_Is_Allowed_Day_And_Hour
  2094  039E  0873               	movf	??_Is_Allowed_Day_And_Hour,w
  2095  039F  00F0               	movwf	Is_Hour_Window_Enabled@minute
  2096  03A0  0874               	movf	Is_Allowed_Day_And_Hour@now,w
  2097  03A1  3E02               	addlw	2
  2098  03A2  0084               	movwf	4
  2099  03A3  0800               	movf	0,w
  2100  03A4  23D6               	fcall	_Is_Hour_Window_Enabled
  2101  03A5  3A00               	xorlw	0
  2102  03A6  1D03               	skipz
  2103  03A7  2BA9               	goto	u1431
  2104  03A8  2BAA               	goto	u1430
  2105  03A9                     u1431:
  2106  03A9  2BAB               	goto	l1981
  2107  03AA                     u1430:
  2108  03AA  2B97               	goto	l1971
  2109  03AB                     l1981:
  2110                           
  2111                           ;I-Tank_Auto-Flush_RTC_40mins-30secs.c: 1043:     return 1;
  2112  03AB  3001               	movlw	1
  2113  03AC                     l235:
  2114  03AC  0008               	return
  2115  03AD                     __end_of_Is_Allowed_Day_And_Hour:
  2116                           
  2117                           	psect	text12
  2118  0252                     __ptext12:	
  2119 ;; *************** function _Is_Sunday_Enabled *****************
  2120 ;; Defined at:
  2121 ;;		line 986 in file "I-Tank_Auto-Flush_RTC_40mins-30secs.c"
  2122 ;; Parameters:    Size  Location     Type
  2123 ;;		None
  2124 ;; Auto vars:     Size  Location     Type
  2125 ;;		None
  2126 ;; Return value:  Size  Location     Type
  2127 ;;                  1    wreg      _Bool 
  2128 ;; Registers used:
  2129 ;;		wreg, status,2, status,0
  2130 ;; Tracked objects:
  2131 ;;		On entry : 0/0
  2132 ;;		On exit  : 0/0
  2133 ;;		Unchanged: 0/0
  2134 ;; Data sizes:     COMMON   BANK0   BANK1
  2135 ;;      Params:         0       0       0
  2136 ;;      Locals:         0       0       0
  2137 ;;      Temps:          0       0       0
  2138 ;;      Totals:         0       0       0
  2139 ;;Total ram usage:        0 bytes
  2140 ;; Hardware stack levels used:    1
  2141 ;; This function calls:
  2142 ;;		Nothing
  2143 ;; This function is called by:
  2144 ;;		_Is_Allowed_Day_And_Hour
  2145 ;; This function uses a non-reentrant model
  2146 ;;
  2147                           
  2148                           
  2149                           ;psect for function _Is_Sunday_Enabled
  2150  0252                     _Is_Sunday_Enabled:
  2151  0252                     l1741:	
  2152                           ;incstack = 0
  2153                           ; Regs used in _Is_Sunday_Enabled: [wreg+status,2+status,0]
  2154                           
  2155                           
  2156                           ;I-Tank_Auto-Flush_RTC_40mins-30secs.c: 988:     return (GPIObits.GP4 == 1);
  2157  0252  1283               	bcf	3,5	;RP0=0, select bank0
  2158  0253  0E05               	swapf	5,w	;volatile
  2159  0254  3901               	andlw	1
  2160  0255                     l221:
  2161  0255  0008               	return
  2162  0256                     __end_of_Is_Sunday_Enabled:
  2163                           
  2164                           	psect	text13
  2165  03D6                     __ptext13:	
  2166 ;; *************** function _Is_Hour_Window_Enabled *****************
  2167 ;; Defined at:
  2168 ;;		line 991 in file "I-Tank_Auto-Flush_RTC_40mins-30secs.c"
  2169 ;; Parameters:    Size  Location     Type
  2170 ;;  hour            1    wreg     unsigned char 
  2171 ;;  minute          1    0[COMMON] unsigned char 
  2172 ;; Auto vars:     Size  Location     Type
  2173 ;;  hour            1    2[COMMON] unsigned char 
  2174 ;;  dip2_enabled    1    1[COMMON] _Bool 
  2175 ;; Return value:  Size  Location     Type
  2176 ;;                  1    wreg      _Bool 
  2177 ;; Registers used:
  2178 ;;		wreg, status,2, status,0
  2179 ;; Tracked objects:
  2180 ;;		On entry : 0/0
  2181 ;;		On exit  : 0/0
  2182 ;;		Unchanged: 0/0
  2183 ;; Data sizes:     COMMON   BANK0   BANK1
  2184 ;;      Params:         1       0       0
  2185 ;;      Locals:         2       0       0
  2186 ;;      Temps:          0       0       0
  2187 ;;      Totals:         3       0       0
  2188 ;;Total ram usage:        3 bytes
  2189 ;; Hardware stack levels used:    1
  2190 ;; This function calls:
  2191 ;;		Nothing
  2192 ;; This function is called by:
  2193 ;;		_Is_Allowed_Day_And_Hour
  2194 ;; This function uses a non-reentrant model
  2195 ;;
  2196                           
  2197                           
  2198                           ;psect for function _Is_Hour_Window_Enabled
  2199  03D6                     _Is_Hour_Window_Enabled:
  2200                           
  2201                           ;incstack = 0
  2202                           ; Regs used in _Is_Hour_Window_Enabled: [wreg+status,2+status,0]
  2203                           ;Is_Hour_Window_Enabled@hour stored from wreg
  2204  03D6  00F2               	movwf	Is_Hour_Window_Enabled@hour
  2205  03D7                     l1745:
  2206                           
  2207                           ;I-Tank_Auto-Flush_RTC_40mins-30secs.c: 991: static _Bool Is_Hour_Window_Enabled(uint8_t
      +                           hour, uint8_t minute);I-Tank_Auto-Flush_RTC_40mins-30secs.c: 992: {;I-Tank_Auto-Flush_R
      +                          TC_40mins-30secs.c: 993:     _Bool dip2_enabled;;I-Tank_Auto-Flush_RTC_40mins-30secs.c: 
      +                          995:     dip2_enabled = (GPIObits.GP5 == 1);
  2208  03D7  3000               	movlw	0
  2209  03D8  1283               	bcf	3,5	;RP0=0, select bank0
  2210  03D9  1A85               	btfsc	5,5	;volatile
  2211  03DA  3001               	movlw	1
  2212  03DB  00F1               	movwf	Is_Hour_Window_Enabled@dip2_enabled
  2213  03DC                     l1747:
  2214                           
  2215                           ;I-Tank_Auto-Flush_RTC_40mins-30secs.c: 998:     if (!dip2_enabled)
  2216  03DC  0871               	movf	Is_Hour_Window_Enabled@dip2_enabled,w
  2217  03DD  1D03               	btfss	3,2
  2218  03DE  2BE0               	goto	u1081
  2219  03DF  2BE1               	goto	u1080
  2220  03E0                     u1081:
  2221  03E0  2BE3               	goto	l1753
  2222  03E1                     u1080:
  2223  03E1                     l1749:
  2224                           
  2225                           ;I-Tank_Auto-Flush_RTC_40mins-30secs.c: 999:     {;I-Tank_Auto-Flush_RTC_40mins-30secs.c
      +                          : 1000:         return 1;
  2226  03E1  3001               	movlw	1
  2227  03E2  2BFE               	goto	l225
  2228  03E3                     l1753:
  2229                           
  2230                           ;I-Tank_Auto-Flush_RTC_40mins-30secs.c: 1006:     if (hour < 8)
  2231  03E3  3008               	movlw	8
  2232  03E4  0272               	subwf	Is_Hour_Window_Enabled@hour,w
  2233  03E5  1803               	skipnc
  2234  03E6  2BE8               	goto	u1091
  2235  03E7  2BE9               	goto	u1090
  2236  03E8                     u1091:
  2237  03E8  2BEB               	goto	l1759
  2238  03E9                     u1090:
  2239  03E9                     l1755:
  2240                           
  2241                           ;I-Tank_Auto-Flush_RTC_40mins-30secs.c: 1007:     {;I-Tank_Auto-Flush_RTC_40mins-30secs.
      +                          c: 1008:         return 0;
  2242  03E9  3000               	movlw	0
  2243  03EA  2BFE               	goto	l225
  2244  03EB                     l1759:
  2245                           
  2246                           ;I-Tank_Auto-Flush_RTC_40mins-30secs.c: 1011:     if (hour < 18)
  2247  03EB  3012               	movlw	18
  2248  03EC  0272               	subwf	Is_Hour_Window_Enabled@hour,w
  2249  03ED  1803               	skipnc
  2250  03EE  2BF0               	goto	u1101
  2251  03EF  2BF1               	goto	u1100
  2252  03F0                     u1101:
  2253  03F0  2BF2               	goto	l1765
  2254  03F1                     u1100:
  2255  03F1  2BE1               	goto	l1749
  2256  03F2                     l1765:
  2257                           
  2258                           ;I-Tank_Auto-Flush_RTC_40mins-30secs.c: 1016:     if ((hour == 18) && (minute == 0U))
  2259  03F2  3012               	movlw	18
  2260  03F3  0672               	xorwf	Is_Hour_Window_Enabled@hour,w
  2261  03F4  1D03               	btfss	3,2
  2262  03F5  2BF7               	goto	u1111
  2263  03F6  2BF8               	goto	u1110
  2264  03F7                     u1111:
  2265  03F7  2BE9               	goto	l1755
  2266  03F8                     u1110:
  2267  03F8                     l1767:
  2268  03F8  0870               	movf	Is_Hour_Window_Enabled@minute,w
  2269  03F9  1D03               	btfss	3,2
  2270  03FA  2BFC               	goto	u1121
  2271  03FB  2BFD               	goto	u1120
  2272  03FC                     u1121:
  2273  03FC  2BE9               	goto	l1755
  2274  03FD                     u1120:
  2275  03FD  2BE1               	goto	l1749
  2276  03FE                     l225:
  2277  03FE  0008               	return
  2278  03FF                     __end_of_Is_Hour_Window_Enabled:
  2279                           
  2280                           	psect	text14
  2281  02E8                     __ptext14:	
  2282 ;; *************** function _Init_Device *****************
  2283 ;; Defined at:
  2284 ;;		line 1103 in file "I-Tank_Auto-Flush_RTC_40mins-30secs.c"
  2285 ;; Parameters:    Size  Location     Type
  2286 ;;		None
  2287 ;; Auto vars:     Size  Location     Type
  2288 ;;		None
  2289 ;; Return value:  Size  Location     Type
  2290 ;;                  1    wreg      void 
  2291 ;; Registers used:
  2292 ;;		wreg, status,2, status,0, pclath, cstack
  2293 ;; Tracked objects:
  2294 ;;		On entry : 0/0
  2295 ;;		On exit  : 0/0
  2296 ;;		Unchanged: 0/0
  2297 ;; Data sizes:     COMMON   BANK0   BANK1
  2298 ;;      Params:         0       0       0
  2299 ;;      Locals:         0       0       0
  2300 ;;      Temps:          0       0       0
  2301 ;;      Totals:         0       0       0
  2302 ;;Total ram usage:        0 bytes
  2303 ;; Hardware stack levels used:    1
  2304 ;; Hardware stack levels required when called:    1
  2305 ;; This function calls:
  2306 ;;		_Relay_Off
  2307 ;;		_SCL_Release
  2308 ;;		_SDA_Release
  2309 ;;		_Timer0_Init_For_Delay
  2310 ;; This function is called by:
  2311 ;;		_main
  2312 ;; This function uses a non-reentrant model
  2313 ;;
  2314                           
  2315                           
  2316                           ;psect for function _Init_Device
  2317  02E8                     _Init_Device:
  2318  02E8                     l2191:	
  2319                           ;incstack = 0
  2320                           ; Regs used in _Init_Device: [wreg+status,2+status,0+pclath+cstack]
  2321                           
  2322                           
  2323                           ;I-Tank_Auto-Flush_RTC_40mins-30secs.c: 1105:     ANSEL = 0x00;
  2324  02E8  1683               	bsf	3,5	;RP0=1, select bank1
  2325  02E9  019F               	clrf	31	;volatile
  2326                           
  2327                           ;I-Tank_Auto-Flush_RTC_40mins-30secs.c: 1106:     ADCON0 = 0x00;
  2328  02EA  1283               	bcf	3,5	;RP0=0, select bank0
  2329  02EB  019F               	clrf	31	;volatile
  2330  02EC                     l2193:
  2331                           
  2332                           ;I-Tank_Auto-Flush_RTC_40mins-30secs.c: 1107:     CMCON0 = 0x07;
  2333  02EC  3007               	movlw	7
  2334  02ED  0099               	movwf	25	;volatile
  2335  02EE                     l2195:
  2336                           
  2337                           ;I-Tank_Auto-Flush_RTC_40mins-30secs.c: 1109:     OSCCONbits.IRCF = 0b110;
  2338  02EE  1683               	bsf	3,5	;RP0=1, select bank1
  2339  02EF  080F               	movf	15,w	;volatile
  2340  02F0  398F               	andlw	-113
  2341  02F1  3860               	iorlw	96
  2342  02F2  008F               	movwf	15	;volatile
  2343  02F3                     l2197:
  2344                           
  2345                           ;I-Tank_Auto-Flush_RTC_40mins-30secs.c: 1110:     OSCCONbits.SCS = 1;
  2346  02F3  140F               	bsf	15,0	;volatile
  2347  02F4                     l2199:
  2348                           
  2349                           ;I-Tank_Auto-Flush_RTC_40mins-30secs.c: 1112:     GPIO = 0x00;
  2350  02F4  1283               	bcf	3,5	;RP0=0, select bank0
  2351  02F5  0185               	clrf	5	;volatile
  2352  02F6                     l2201:
  2353                           
  2354                           ;I-Tank_Auto-Flush_RTC_40mins-30secs.c: 1115:     TRISIObits.TRISIO0 = 0;
  2355  02F6  1683               	bsf	3,5	;RP0=1, select bank1
  2356  02F7  1005               	bcf	5,0	;volatile
  2357  02F8                     l2203:
  2358                           
  2359                           ;I-Tank_Auto-Flush_RTC_40mins-30secs.c: 1116:     Relay_Off();
  2360  02F8  2244               	fcall	_Relay_Off
  2361  02F9                     l2205:
  2362                           
  2363                           ;I-Tank_Auto-Flush_RTC_40mins-30secs.c: 1119:     SDA_Release();
  2364  02F9  2241               	fcall	_SDA_Release
  2365  02FA                     l2207:
  2366                           
  2367                           ;I-Tank_Auto-Flush_RTC_40mins-30secs.c: 1122:     SCL_Release();
  2368  02FA  223E               	fcall	_SCL_Release
  2369  02FB                     l2209:
  2370                           
  2371                           ;I-Tank_Auto-Flush_RTC_40mins-30secs.c: 1125:     TRISIObits.TRISIO3 = 1;
  2372  02FB  1683               	bsf	3,5	;RP0=1, select bank1
  2373  02FC  1585               	bsf	5,3	;volatile
  2374  02FD                     l2211:
  2375                           
  2376                           ;I-Tank_Auto-Flush_RTC_40mins-30secs.c: 1128:     TRISIObits.TRISIO4 = 1;
  2377  02FD  1605               	bsf	5,4	;volatile
  2378  02FE                     l2213:
  2379                           
  2380                           ;I-Tank_Auto-Flush_RTC_40mins-30secs.c: 1131:     TRISIObits.TRISIO5 = 1;
  2381  02FE  1685               	bsf	5,5	;volatile
  2382  02FF                     l2215:
  2383                           
  2384                           ;I-Tank_Auto-Flush_RTC_40mins-30secs.c: 1133:     Timer0_Init_For_Delay();
  2385  02FF  228C               	fcall	_Timer0_Init_For_Delay
  2386  0300                     l251:
  2387  0300  0008               	return
  2388  0301                     __end_of_Init_Device:
  2389                           
  2390                           	psect	text15
  2391  028C                     __ptext15:	
  2392 ;; *************** function _Timer0_Init_For_Delay *****************
  2393 ;; Defined at:
  2394 ;;		line 352 in file "I-Tank_Auto-Flush_RTC_40mins-30secs.c"
  2395 ;; Parameters:    Size  Location     Type
  2396 ;;		None
  2397 ;; Auto vars:     Size  Location     Type
  2398 ;;		None
  2399 ;; Return value:  Size  Location     Type
  2400 ;;                  1    wreg      void 
  2401 ;; Registers used:
  2402 ;;		None
  2403 ;; Tracked objects:
  2404 ;;		On entry : 0/0
  2405 ;;		On exit  : 0/0
  2406 ;;		Unchanged: 0/0
  2407 ;; Data sizes:     COMMON   BANK0   BANK1
  2408 ;;      Params:         0       0       0
  2409 ;;      Locals:         0       0       0
  2410 ;;      Temps:          0       0       0
  2411 ;;      Totals:         0       0       0
  2412 ;;Total ram usage:        0 bytes
  2413 ;; Hardware stack levels used:    1
  2414 ;; This function calls:
  2415 ;;		Nothing
  2416 ;; This function is called by:
  2417 ;;		_Init_Device
  2418 ;; This function uses a non-reentrant model
  2419 ;;
  2420                           
  2421                           
  2422                           ;psect for function _Timer0_Init_For_Delay
  2423  028C                     _Timer0_Init_For_Delay:
  2424  028C                     l1829:	
  2425                           ;incstack = 0
  2426                           ; Regs used in _Timer0_Init_For_Delay: []
  2427                           
  2428                           
  2429                           ;I-Tank_Auto-Flush_RTC_40mins-30secs.c: 354:     OPTION_REGbits.T0CS = 0;
  2430  028C  1683               	bsf	3,5	;RP0=1, select bank1
  2431  028D  1281               	bcf	1,5	;volatile
  2432                           
  2433                           ;I-Tank_Auto-Flush_RTC_40mins-30secs.c: 355:     OPTION_REGbits.PSA = 0;
  2434  028E  1181               	bcf	1,3	;volatile
  2435                           
  2436                           ;I-Tank_Auto-Flush_RTC_40mins-30secs.c: 357:     OPTION_REGbits.PS2 = 1;
  2437  028F  1501               	bsf	1,2	;volatile
  2438                           
  2439                           ;I-Tank_Auto-Flush_RTC_40mins-30secs.c: 358:     OPTION_REGbits.PS1 = 1;
  2440  0290  1481               	bsf	1,1	;volatile
  2441                           
  2442                           ;I-Tank_Auto-Flush_RTC_40mins-30secs.c: 359:     OPTION_REGbits.PS0 = 1;
  2443  0291  1401               	bsf	1,0	;volatile
  2444                           
  2445                           ;I-Tank_Auto-Flush_RTC_40mins-30secs.c: 361:     INTCONbits.T0IE = 0;
  2446  0292  128B               	bcf	11,5	;volatile
  2447                           
  2448                           ;I-Tank_Auto-Flush_RTC_40mins-30secs.c: 362:     INTCONbits.T0IF = 0;
  2449  0293  110B               	bcf	11,2	;volatile
  2450  0294                     l71:
  2451  0294  0008               	return
  2452  0295                     __end_of_Timer0_Init_For_Delay:
  2453                           
  2454                           	psect	text16
  2455  04FE                     __ptext16:	
  2456 ;; *************** function _EEPROM_Save_Last_Trigger *****************
  2457 ;; Defined at:
  2458 ;;		line 740 in file "I-Tank_Auto-Flush_RTC_40mins-30secs.c"
  2459 ;; Parameters:    Size  Location     Type
  2460 ;;  hour            1    wreg     unsigned char 
  2461 ;;  minute          1    5[COMMON] unsigned char 
  2462 ;;  date            1    6[COMMON] unsigned char 
  2463 ;;  month           1    7[COMMON] unsigned char 
  2464 ;;  year            1    8[COMMON] unsigned char 
  2465 ;; Auto vars:     Size  Location     Type
  2466 ;;  hour            1    1[BANK0 ] unsigned char 
  2467 ;;  checksum        1    0[BANK0 ] unsigned char 
  2468 ;; Return value:  Size  Location     Type
  2469 ;;                  1    wreg      void 
  2470 ;; Registers used:
  2471 ;;		wreg, status,2, status,0, pclath, cstack
  2472 ;; Tracked objects:
  2473 ;;		On entry : 0/0
  2474 ;;		On exit  : 0/0
  2475 ;;		Unchanged: 0/0
  2476 ;; Data sizes:     COMMON   BANK0   BANK1
  2477 ;;      Params:         4       0       0
  2478 ;;      Locals:         0       2       0
  2479 ;;      Temps:          5       0       0
  2480 ;;      Totals:         9       2       0
  2481 ;;Total ram usage:       11 bytes
  2482 ;; Hardware stack levels used:    1
  2483 ;; Hardware stack levels required when called:    2
  2484 ;; This function calls:
  2485 ;;		_EEPROM_WriteByte
  2486 ;;		_Trigger_Checksum
  2487 ;; This function is called by:
  2488 ;;		_main
  2489 ;; This function uses a non-reentrant model
  2490 ;;
  2491                           
  2492                           
  2493                           ;psect for function _EEPROM_Save_Last_Trigger
  2494  04FE                     _EEPROM_Save_Last_Trigger:
  2495                           
  2496                           ;incstack = 0
  2497                           ; Regs used in _EEPROM_Save_Last_Trigger: [wreg+status,2+status,0+pclath+cstack]
  2498                           ;EEPROM_Save_Last_Trigger@hour stored from wreg
  2499  04FE  1283               	bcf	3,5	;RP0=0, select bank0
  2500  04FF  00A1               	movwf	EEPROM_Save_Last_Trigger@hour
  2501  0500                     l2113:
  2502                           
  2503                           ;I-Tank_Auto-Flush_RTC_40mins-30secs.c: 740: static void EEPROM_Save_Last_Trigger(uint8_
      +                          t hour,;I-Tank_Auto-Flush_RTC_40mins-30secs.c: 741:                                     
      +                            uint8_t minute,;I-Tank_Auto-Flush_RTC_40mins-30secs.c: 742:                           
      +                                      uint8_t date,;I-Tank_Auto-Flush_RTC_40mins-30secs.c: 743:                   
      +                                              uint8_t month,;I-Tank_Auto-Flush_RTC_40mins-30secs.c: 744:          
      +                                                       uint8_t year);I-Tank_Auto-Flush_RTC_40mins-30secs.c: 745: {
  2504  0500  0875               	movf	EEPROM_Save_Last_Trigger@minute,w
  2505  0501  00F9               	movwf	??_EEPROM_Save_Last_Trigger
  2506  0502  0879               	movf	??_EEPROM_Save_Last_Trigger,w
  2507  0503  00F0               	movwf	Trigger_Checksum@minute
  2508  0504  0876               	movf	EEPROM_Save_Last_Trigger@date,w
  2509  0505  00FA               	movwf	??_EEPROM_Save_Last_Trigger+1
  2510  0506  087A               	movf	??_EEPROM_Save_Last_Trigger+1,w
  2511  0507  00F1               	movwf	Trigger_Checksum@date
  2512  0508  0877               	movf	EEPROM_Save_Last_Trigger@month,w
  2513  0509  00FB               	movwf	??_EEPROM_Save_Last_Trigger+2
  2514  050A  087B               	movf	??_EEPROM_Save_Last_Trigger+2,w
  2515  050B  00F2               	movwf	Trigger_Checksum@month
  2516  050C  0878               	movf	EEPROM_Save_Last_Trigger@year,w
  2517  050D  00FC               	movwf	??_EEPROM_Save_Last_Trigger+3
  2518  050E  087C               	movf	??_EEPROM_Save_Last_Trigger+3,w
  2519  050F  00F3               	movwf	Trigger_Checksum@year
  2520  0510  0821               	movf	EEPROM_Save_Last_Trigger@hour,w
  2521  0511  227C               	fcall	_Trigger_Checksum
  2522  0512  00FD               	movwf	??_EEPROM_Save_Last_Trigger+4
  2523  0513  087D               	movf	??_EEPROM_Save_Last_Trigger+4,w
  2524  0514  1283               	bcf	3,5	;RP0=0, select bank0
  2525  0515  00A0               	movwf	EEPROM_Save_Last_Trigger@checksum
  2526                           
  2527                           ;I-Tank_Auto-Flush_RTC_40mins-30secs.c: 752:     EEPROM_WriteByte(0, 0x00);
  2528  0516  01F1               	clrf	EEPROM_WriteByte@value
  2529  0517  3000               	movlw	0
  2530  0518  23AD               	fcall	_EEPROM_WriteByte
  2531                           
  2532                           ;I-Tank_Auto-Flush_RTC_40mins-30secs.c: 754:     EEPROM_WriteByte(1, hour);
  2533  0519  1283               	bcf	3,5	;RP0=0, select bank0
  2534  051A  0821               	movf	EEPROM_Save_Last_Trigger@hour,w
  2535  051B  00F9               	movwf	??_EEPROM_Save_Last_Trigger
  2536  051C  0879               	movf	??_EEPROM_Save_Last_Trigger,w
  2537  051D  00F1               	movwf	EEPROM_WriteByte@value
  2538  051E  3001               	movlw	1
  2539  051F  23AD               	fcall	_EEPROM_WriteByte
  2540                           
  2541                           ;I-Tank_Auto-Flush_RTC_40mins-30secs.c: 755:     EEPROM_WriteByte(2, minute);
  2542  0520  0875               	movf	EEPROM_Save_Last_Trigger@minute,w
  2543  0521  00F9               	movwf	??_EEPROM_Save_Last_Trigger
  2544  0522  0879               	movf	??_EEPROM_Save_Last_Trigger,w
  2545  0523  00F1               	movwf	EEPROM_WriteByte@value
  2546  0524  3002               	movlw	2
  2547  0525  23AD               	fcall	_EEPROM_WriteByte
  2548                           
  2549                           ;I-Tank_Auto-Flush_RTC_40mins-30secs.c: 756:     EEPROM_WriteByte(3, date);
  2550  0526  0876               	movf	EEPROM_Save_Last_Trigger@date,w
  2551  0527  00F9               	movwf	??_EEPROM_Save_Last_Trigger
  2552  0528  0879               	movf	??_EEPROM_Save_Last_Trigger,w
  2553  0529  00F1               	movwf	EEPROM_WriteByte@value
  2554  052A  3003               	movlw	3
  2555  052B  23AD               	fcall	_EEPROM_WriteByte
  2556                           
  2557                           ;I-Tank_Auto-Flush_RTC_40mins-30secs.c: 757:     EEPROM_WriteByte(4, month);
  2558  052C  0877               	movf	EEPROM_Save_Last_Trigger@month,w
  2559  052D  00F9               	movwf	??_EEPROM_Save_Last_Trigger
  2560  052E  0879               	movf	??_EEPROM_Save_Last_Trigger,w
  2561  052F  00F1               	movwf	EEPROM_WriteByte@value
  2562  0530  3004               	movlw	4
  2563  0531  23AD               	fcall	_EEPROM_WriteByte
  2564                           
  2565                           ;I-Tank_Auto-Flush_RTC_40mins-30secs.c: 758:     EEPROM_WriteByte(5, year);
  2566  0532  0878               	movf	EEPROM_Save_Last_Trigger@year,w
  2567  0533  00F9               	movwf	??_EEPROM_Save_Last_Trigger
  2568  0534  0879               	movf	??_EEPROM_Save_Last_Trigger,w
  2569  0535  00F1               	movwf	EEPROM_WriteByte@value
  2570  0536  3005               	movlw	5
  2571  0537  23AD               	fcall	_EEPROM_WriteByte
  2572                           
  2573                           ;I-Tank_Auto-Flush_RTC_40mins-30secs.c: 759:     EEPROM_WriteByte(6, checksum);
  2574  0538  1283               	bcf	3,5	;RP0=0, select bank0
  2575  0539  0820               	movf	EEPROM_Save_Last_Trigger@checksum,w
  2576  053A  00F9               	movwf	??_EEPROM_Save_Last_Trigger
  2577  053B  0879               	movf	??_EEPROM_Save_Last_Trigger,w
  2578  053C  00F1               	movwf	EEPROM_WriteByte@value
  2579  053D  3006               	movlw	6
  2580  053E  23AD               	fcall	_EEPROM_WriteByte
  2581                           
  2582                           ;I-Tank_Auto-Flush_RTC_40mins-30secs.c: 762:     EEPROM_WriteByte(0, 0xA5);
  2583  053F  30A5               	movlw	165
  2584  0540  00F9               	movwf	??_EEPROM_Save_Last_Trigger
  2585  0541  0879               	movf	??_EEPROM_Save_Last_Trigger,w
  2586  0542  00F1               	movwf	EEPROM_WriteByte@value
  2587  0543  3000               	movlw	0
  2588  0544  23AD               	fcall	_EEPROM_WriteByte
  2589  0545                     l183:
  2590  0545  0008               	return
  2591  0546                     __end_of_EEPROM_Save_Last_Trigger:
  2592                           
  2593                           	psect	text17
  2594  03AD                     __ptext17:	
  2595 ;; *************** function _EEPROM_WriteByte *****************
  2596 ;; Defined at:
  2597 ;;		line 628 in file "I-Tank_Auto-Flush_RTC_40mins-30secs.c"
  2598 ;; Parameters:    Size  Location     Type
  2599 ;;  address         1    wreg     unsigned char 
  2600 ;;  value           1    1[COMMON] unsigned char 
  2601 ;; Auto vars:     Size  Location     Type
  2602 ;;  address         1    3[COMMON] unsigned char 
  2603 ;;  gie_was_enab    1    2[COMMON] _Bool 
  2604 ;; Return value:  Size  Location     Type
  2605 ;;                  1    wreg      void 
  2606 ;; Registers used:
  2607 ;;		wreg, status,2, status,0, pclath, cstack
  2608 ;; Tracked objects:
  2609 ;;		On entry : 0/0
  2610 ;;		On exit  : 0/0
  2611 ;;		Unchanged: 0/0
  2612 ;; Data sizes:     COMMON   BANK0   BANK1
  2613 ;;      Params:         1       0       0
  2614 ;;      Locals:         2       0       0
  2615 ;;      Temps:          0       0       0
  2616 ;;      Totals:         3       0       0
  2617 ;;Total ram usage:        3 bytes
  2618 ;; Hardware stack levels used:    1
  2619 ;; Hardware stack levels required when called:    1
  2620 ;; This function calls:
  2621 ;;		_EEPROM_ReadByte
  2622 ;; This function is called by:
  2623 ;;		_EEPROM_Save_Last_Trigger
  2624 ;; This function uses a non-reentrant model
  2625 ;;
  2626                           
  2627                           
  2628                           ;psect for function _EEPROM_WriteByte
  2629  03AD                     _EEPROM_WriteByte:
  2630                           
  2631                           ;incstack = 0
  2632                           ; Regs used in _EEPROM_WriteByte: [wreg+status,2+status,0+pclath+cstack]
  2633                           ;EEPROM_WriteByte@address stored from wreg
  2634  03AD  00F3               	movwf	EEPROM_WriteByte@address
  2635  03AE                     l1835:
  2636                           
  2637                           ;I-Tank_Auto-Flush_RTC_40mins-30secs.c: 628: static void EEPROM_WriteByte(uint8_t addres
      +                          s, uint8_t value);I-Tank_Auto-Flush_RTC_40mins-30secs.c: 629: {;I-Tank_Auto-Flush_RTC_40
      +                          mins-30secs.c: 630:     _Bool gie_was_enabled;;I-Tank_Auto-Flush_RTC_40mins-30secs.c: 63
      +                          2:     if (EEPROM_ReadByte(address) == value)
  2638  03AE  0873               	movf	EEPROM_WriteByte@address,w
  2639  03AF  2295               	fcall	_EEPROM_ReadByte
  2640  03B0  0671               	xorwf	EEPROM_WriteByte@value,w
  2641  03B1  1D03               	skipz
  2642  03B2  2BB4               	goto	u1181
  2643  03B3  2BB5               	goto	u1180
  2644  03B4                     u1181:
  2645  03B4  2BB6               	goto	l157
  2646  03B5                     u1180:
  2647  03B5  2BD5               	goto	l156
  2648  03B6                     l157:	
  2649                           ;I-Tank_Auto-Flush_RTC_40mins-30secs.c: 638:     {;I-Tank_Auto-Flush_RTC_40mins-30secs.c
      +                          : 640:     }
  2650                           
  2651                           
  2652                           ;I-Tank_Auto-Flush_RTC_40mins-30secs.c: 637:     while (EECON1bits.WR != 0)
  2653  03B6  1683               	bsf	3,5	;RP0=1, select bank1
  2654  03B7  189C               	btfsc	28,1	;volsfr
  2655  03B8  2BBA               	goto	u1191
  2656  03B9  2BBB               	goto	u1190
  2657  03BA                     u1191:
  2658  03BA  2BB6               	goto	l157
  2659  03BB                     u1190:
  2660  03BB                     l1839:
  2661                           
  2662                           ;I-Tank_Auto-Flush_RTC_40mins-30secs.c: 642:     EEADR = address;
  2663  03BB  0873               	movf	EEPROM_WriteByte@address,w
  2664  03BC  009B               	movwf	27	;volatile
  2665                           
  2666                           ;I-Tank_Auto-Flush_RTC_40mins-30secs.c: 643:     EEDAT = value;
  2667  03BD  0871               	movf	EEPROM_WriteByte@value,w
  2668  03BE  009A               	movwf	26	;volatile
  2669  03BF                     l1841:
  2670                           
  2671                           ;I-Tank_Auto-Flush_RTC_40mins-30secs.c: 645:     EECON1bits.WREN = 1;
  2672  03BF  151C               	bsf	28,2	;volsfr
  2673  03C0                     l1843:
  2674                           
  2675                           ;I-Tank_Auto-Flush_RTC_40mins-30secs.c: 647:     gie_was_enabled = (INTCONbits.GIE != 0)
      +                          ;
  2676  03C0  3000               	movlw	0
  2677  03C1  1B8B               	btfsc	11,7	;volatile
  2678  03C2  3001               	movlw	1
  2679  03C3  00F2               	movwf	EEPROM_WriteByte@gie_was_enabled
  2680  03C4                     l1845:
  2681                           
  2682                           ;I-Tank_Auto-Flush_RTC_40mins-30secs.c: 648:     INTCONbits.GIE = 0;
  2683  03C4  138B               	bcf	11,7	;volatile
  2684  03C5                     l1847:
  2685                           
  2686                           ;I-Tank_Auto-Flush_RTC_40mins-30secs.c: 650:     EECON2 = 0x55;
  2687  03C5  3055               	movlw	85
  2688  03C6  009D               	movwf	29	;volsfr
  2689  03C7                     l1849:
  2690                           
  2691                           ;I-Tank_Auto-Flush_RTC_40mins-30secs.c: 651:     EECON2 = 0xAA;
  2692  03C7  30AA               	movlw	170
  2693  03C8  009D               	movwf	29	;volsfr
  2694  03C9                     l1851:
  2695                           
  2696                           ;I-Tank_Auto-Flush_RTC_40mins-30secs.c: 652:     EECON1bits.WR = 1;
  2697  03C9  149C               	bsf	28,1	;volsfr
  2698  03CA                     l160:	
  2699                           ;I-Tank_Auto-Flush_RTC_40mins-30secs.c: 655:     {;I-Tank_Auto-Flush_RTC_40mins-30secs.c
      +                          : 657:     }
  2700                           
  2701                           
  2702                           ;I-Tank_Auto-Flush_RTC_40mins-30secs.c: 654:     while (EECON1bits.WR != 0)
  2703  03CA  189C               	btfsc	28,1	;volsfr
  2704  03CB  2BCD               	goto	u1201
  2705  03CC  2BCE               	goto	u1200
  2706  03CD                     u1201:
  2707  03CD  2BCA               	goto	l160
  2708  03CE                     u1200:
  2709  03CE                     l162:
  2710                           
  2711                           ;I-Tank_Auto-Flush_RTC_40mins-30secs.c: 659:     EECON1bits.WREN = 0;
  2712  03CE  111C               	bcf	28,2	;volsfr
  2713  03CF                     l1853:
  2714                           
  2715                           ;I-Tank_Auto-Flush_RTC_40mins-30secs.c: 661:     if (gie_was_enabled)
  2716  03CF  0872               	movf	EEPROM_WriteByte@gie_was_enabled,w
  2717  03D0  1903               	btfsc	3,2
  2718  03D1  2BD3               	goto	u1211
  2719  03D2  2BD4               	goto	u1210
  2720  03D3                     u1211:
  2721  03D3  2BD5               	goto	l156
  2722  03D4                     u1210:
  2723  03D4                     l1855:
  2724                           
  2725                           ;I-Tank_Auto-Flush_RTC_40mins-30secs.c: 662:     {;I-Tank_Auto-Flush_RTC_40mins-30secs.c
      +                          : 663:         INTCONbits.GIE = 1;
  2726  03D4  178B               	bsf	11,7	;volatile
  2727  03D5                     l156:
  2728  03D5  0008               	return
  2729  03D6                     __end_of_EEPROM_WriteByte:
  2730                           
  2731                           	psect	text18
  2732  0602                     __ptext18:	
  2733 ;; *************** function _EEPROM_Load_Last_Trigger *****************
  2734 ;; Defined at:
  2735 ;;		line 676 in file "I-Tank_Auto-Flush_RTC_40mins-30secs.c"
  2736 ;; Parameters:    Size  Location     Type
  2737 ;;  last_hour       1    wreg     PTR unsigned char 
  2738 ;;		 -> main@last_trigger_hour(1), 
  2739 ;;  last_minute     1    5[COMMON] PTR unsigned char 
  2740 ;;		 -> main@last_trigger_minute(1), 
  2741 ;;  last_date       1    6[COMMON] PTR unsigned char 
  2742 ;;		 -> main@last_trigger_date(1), 
  2743 ;;  last_month      1    7[COMMON] PTR unsigned char 
  2744 ;;		 -> main@last_trigger_month(1), 
  2745 ;;  last_year       1    8[COMMON] PTR unsigned char 
  2746 ;;		 -> main@last_trigger_year(1), 
  2747 ;; Auto vars:     Size  Location     Type
  2748 ;;  last_hour       1    1[BANK0 ] PTR unsigned char 
  2749 ;;		 -> main@last_trigger_hour(1), 
  2750 ;;  month           1    6[BANK0 ] unsigned char 
  2751 ;;  date            1    5[BANK0 ] unsigned char 
  2752 ;;  year            1    4[BANK0 ] unsigned char 
  2753 ;;  minute          1    3[BANK0 ] unsigned char 
  2754 ;;  hour            1    2[BANK0 ] unsigned char 
  2755 ;;  checksum        1    0[BANK0 ] unsigned char 
  2756 ;; Return value:  Size  Location     Type
  2757 ;;                  1    wreg      _Bool 
  2758 ;; Registers used:
  2759 ;;		wreg, fsr0l, fsr0h, status,2, status,0, pclath, cstack
  2760 ;; Tracked objects:
  2761 ;;		On entry : 0/0
  2762 ;;		On exit  : 0/0
  2763 ;;		Unchanged: 0/0
  2764 ;; Data sizes:     COMMON   BANK0   BANK1
  2765 ;;      Params:         4       0       0
  2766 ;;      Locals:         0       7       0
  2767 ;;      Temps:          4       0       0
  2768 ;;      Totals:         8       7       0
  2769 ;;Total ram usage:       15 bytes
  2770 ;; Hardware stack levels used:    1
  2771 ;; Hardware stack levels required when called:    1
  2772 ;; This function calls:
  2773 ;;		_EEPROM_ReadByte
  2774 ;;		_Trigger_Checksum
  2775 ;; This function is called by:
  2776 ;;		_main
  2777 ;; This function uses a non-reentrant model
  2778 ;;
  2779                           
  2780                           
  2781                           ;psect for function _EEPROM_Load_Last_Trigger
  2782  0602                     _EEPROM_Load_Last_Trigger:
  2783                           
  2784                           ;incstack = 0
  2785                           ; Regs used in _EEPROM_Load_Last_Trigger: [wreg-fsr0h+status,2+status,0+pclath+cstack]
  2786                           ;EEPROM_Load_Last_Trigger@last_hour stored from wreg
  2787  0602  1283               	bcf	3,5	;RP0=0, select bank0
  2788  0603  00A1               	movwf	EEPROM_Load_Last_Trigger@last_hour
  2789  0604                     l2079:
  2790                           
  2791                           ;I-Tank_Auto-Flush_RTC_40mins-30secs.c: 676: static _Bool EEPROM_Load_Last_Trigger(uint8
      +                          _t *last_hour,;I-Tank_Auto-Flush_RTC_40mins-30secs.c: 677:                              
      +                                   uint8_t *last_minute,;I-Tank_Auto-Flush_RTC_40mins-30secs.c: 678:              
      +                                                   uint8_t *last_date,;I-Tank_Auto-Flush_RTC_40mins-30secs.c: 679:
      +                                                                 uint8_t *last_month,;I-Tank_Auto-Flush_RTC_40mins
      +                          -30secs.c: 680:                                       uint8_t *last_year)
  2792  0604  3000               	movlw	0
  2793  0605  2295               	fcall	_EEPROM_ReadByte
  2794  0606  3AA5               	xorlw	165
  2795  0607  1903               	skipnz
  2796  0608  2E0A               	goto	u1621
  2797  0609  2E0B               	goto	u1620
  2798  060A                     u1621:
  2799  060A  2E0C               	goto	l2083
  2800  060B                     u1620:
  2801  060B  2E95               	goto	l170
  2802  060C                     l2083:
  2803                           
  2804                           ;I-Tank_Auto-Flush_RTC_40mins-30secs.c: 694:     hour = EEPROM_ReadByte(1);
  2805  060C  3001               	movlw	1
  2806  060D  2295               	fcall	_EEPROM_ReadByte
  2807  060E  00F9               	movwf	??_EEPROM_Load_Last_Trigger
  2808  060F  0879               	movf	??_EEPROM_Load_Last_Trigger,w
  2809  0610  1283               	bcf	3,5	;RP0=0, select bank0
  2810  0611  00A2               	movwf	EEPROM_Load_Last_Trigger@hour
  2811                           
  2812                           ;I-Tank_Auto-Flush_RTC_40mins-30secs.c: 695:     minute = EEPROM_ReadByte(2);
  2813  0612  3002               	movlw	2
  2814  0613  2295               	fcall	_EEPROM_ReadByte
  2815  0614  00F9               	movwf	??_EEPROM_Load_Last_Trigger
  2816  0615  0879               	movf	??_EEPROM_Load_Last_Trigger,w
  2817  0616  1283               	bcf	3,5	;RP0=0, select bank0
  2818  0617  00A3               	movwf	EEPROM_Load_Last_Trigger@minute
  2819                           
  2820                           ;I-Tank_Auto-Flush_RTC_40mins-30secs.c: 696:     date = EEPROM_ReadByte(3);
  2821  0618  3003               	movlw	3
  2822  0619  2295               	fcall	_EEPROM_ReadByte
  2823  061A  00F9               	movwf	??_EEPROM_Load_Last_Trigger
  2824  061B  0879               	movf	??_EEPROM_Load_Last_Trigger,w
  2825  061C  1283               	bcf	3,5	;RP0=0, select bank0
  2826  061D  00A5               	movwf	EEPROM_Load_Last_Trigger@date
  2827                           
  2828                           ;I-Tank_Auto-Flush_RTC_40mins-30secs.c: 697:     month = EEPROM_ReadByte(4);
  2829  061E  3004               	movlw	4
  2830  061F  2295               	fcall	_EEPROM_ReadByte
  2831  0620  00F9               	movwf	??_EEPROM_Load_Last_Trigger
  2832  0621  0879               	movf	??_EEPROM_Load_Last_Trigger,w
  2833  0622  1283               	bcf	3,5	;RP0=0, select bank0
  2834  0623  00A6               	movwf	EEPROM_Load_Last_Trigger@month
  2835                           
  2836                           ;I-Tank_Auto-Flush_RTC_40mins-30secs.c: 698:     year = EEPROM_ReadByte(5);
  2837  0624  3005               	movlw	5
  2838  0625  2295               	fcall	_EEPROM_ReadByte
  2839  0626  00F9               	movwf	??_EEPROM_Load_Last_Trigger
  2840  0627  0879               	movf	??_EEPROM_Load_Last_Trigger,w
  2841  0628  1283               	bcf	3,5	;RP0=0, select bank0
  2842  0629  00A4               	movwf	EEPROM_Load_Last_Trigger@year
  2843                           
  2844                           ;I-Tank_Auto-Flush_RTC_40mins-30secs.c: 699:     checksum = EEPROM_ReadByte(6);
  2845  062A  3006               	movlw	6
  2846  062B  2295               	fcall	_EEPROM_ReadByte
  2847  062C  00F9               	movwf	??_EEPROM_Load_Last_Trigger
  2848  062D  0879               	movf	??_EEPROM_Load_Last_Trigger,w
  2849  062E  1283               	bcf	3,5	;RP0=0, select bank0
  2850  062F  00A0               	movwf	EEPROM_Load_Last_Trigger@checksum
  2851  0630                     l2085:
  2852                           
  2853                           ;I-Tank_Auto-Flush_RTC_40mins-30secs.c: 701:     if (checksum != Trigger_Checksum(hour, 
      +                          minute, date, month, year))
  2854  0630  0823               	movf	EEPROM_Load_Last_Trigger@minute,w
  2855  0631  00F9               	movwf	??_EEPROM_Load_Last_Trigger
  2856  0632  0879               	movf	??_EEPROM_Load_Last_Trigger,w
  2857  0633  00F0               	movwf	Trigger_Checksum@minute
  2858  0634  0825               	movf	EEPROM_Load_Last_Trigger@date,w
  2859  0635  00FA               	movwf	??_EEPROM_Load_Last_Trigger+1
  2860  0636  087A               	movf	??_EEPROM_Load_Last_Trigger+1,w
  2861  0637  00F1               	movwf	Trigger_Checksum@date
  2862  0638  0826               	movf	EEPROM_Load_Last_Trigger@month,w
  2863  0639  00FB               	movwf	??_EEPROM_Load_Last_Trigger+2
  2864  063A  087B               	movf	??_EEPROM_Load_Last_Trigger+2,w
  2865  063B  00F2               	movwf	Trigger_Checksum@month
  2866  063C  0824               	movf	EEPROM_Load_Last_Trigger@year,w
  2867  063D  00FC               	movwf	??_EEPROM_Load_Last_Trigger+3
  2868  063E  087C               	movf	??_EEPROM_Load_Last_Trigger+3,w
  2869  063F  00F3               	movwf	Trigger_Checksum@year
  2870  0640  0822               	movf	EEPROM_Load_Last_Trigger@hour,w
  2871  0641  227C               	fcall	_Trigger_Checksum
  2872  0642  1283               	bcf	3,5	;RP0=0, select bank0
  2873  0643  0620               	xorwf	EEPROM_Load_Last_Trigger@checksum,w
  2874  0644  1903               	skipnz
  2875  0645  2E47               	goto	u1631
  2876  0646  2E48               	goto	u1630
  2877  0647                     u1631:
  2878  0647  2E49               	goto	l2089
  2879  0648                     u1630:
  2880  0648  2E95               	goto	l170
  2881  0649                     l2089:
  2882                           
  2883                           ;I-Tank_Auto-Flush_RTC_40mins-30secs.c: 706:     if (hour > 23)
  2884  0649  3018               	movlw	24
  2885  064A  0222               	subwf	EEPROM_Load_Last_Trigger@hour,w
  2886  064B  1C03               	skipc
  2887  064C  2E4E               	goto	u1641
  2888  064D  2E4F               	goto	u1640
  2889  064E                     u1641:
  2890  064E  2E50               	goto	l2093
  2891  064F                     u1640:
  2892  064F  2E95               	goto	l170
  2893  0650                     l2093:
  2894                           
  2895                           ;I-Tank_Auto-Flush_RTC_40mins-30secs.c: 711:     if (minute > 59)
  2896  0650  303C               	movlw	60
  2897  0651  0223               	subwf	EEPROM_Load_Last_Trigger@minute,w
  2898  0652  1C03               	skipc
  2899  0653  2E55               	goto	u1651
  2900  0654  2E56               	goto	u1650
  2901  0655                     u1651:
  2902  0655  2E57               	goto	l2097
  2903  0656                     u1650:
  2904  0656  2E95               	goto	l170
  2905  0657                     l2097:
  2906                           
  2907                           ;I-Tank_Auto-Flush_RTC_40mins-30secs.c: 716:     if ((date < 1) || (date > 31))
  2908  0657  0825               	movf	EEPROM_Load_Last_Trigger@date,w
  2909  0658  1903               	btfsc	3,2
  2910  0659  2E5B               	goto	u1661
  2911  065A  2E5C               	goto	u1660
  2912  065B                     u1661:
  2913  065B  2E95               	goto	l170
  2914  065C                     u1660:
  2915  065C                     l2099:
  2916  065C  3020               	movlw	32
  2917  065D  0225               	subwf	EEPROM_Load_Last_Trigger@date,w
  2918  065E  1C03               	skipc
  2919  065F  2E61               	goto	u1671
  2920  0660  2E62               	goto	u1670
  2921  0661                     u1671:
  2922  0661  2E63               	goto	l2101
  2923  0662                     u1670:
  2924  0662  2E95               	goto	l170
  2925  0663                     l2101:
  2926                           
  2927                           ;I-Tank_Auto-Flush_RTC_40mins-30secs.c: 721:     if ((month < 1) || (month > 12))
  2928  0663  0826               	movf	EEPROM_Load_Last_Trigger@month,w
  2929  0664  1903               	btfsc	3,2
  2930  0665  2E67               	goto	u1681
  2931  0666  2E68               	goto	u1680
  2932  0667                     u1681:
  2933  0667  2E95               	goto	l170
  2934  0668                     u1680:
  2935  0668                     l2103:
  2936  0668  300D               	movlw	13
  2937  0669  0226               	subwf	EEPROM_Load_Last_Trigger@month,w
  2938  066A  1C03               	skipc
  2939  066B  2E6D               	goto	u1691
  2940  066C  2E6E               	goto	u1690
  2941  066D                     u1691:
  2942  066D  2E6F               	goto	l2105
  2943  066E                     u1690:
  2944  066E  2E95               	goto	l170
  2945  066F                     l2105:
  2946                           
  2947                           ;I-Tank_Auto-Flush_RTC_40mins-30secs.c: 726:     if (year > 99)
  2948  066F  3064               	movlw	100
  2949  0670  0224               	subwf	EEPROM_Load_Last_Trigger@year,w
  2950  0671  1C03               	skipc
  2951  0672  2E74               	goto	u1701
  2952  0673  2E75               	goto	u1700
  2953  0674                     u1701:
  2954  0674  2E76               	goto	l2109
  2955  0675                     u1700:
  2956  0675  2E95               	goto	l170
  2957  0676                     l2109:
  2958                           
  2959                           ;I-Tank_Auto-Flush_RTC_40mins-30secs.c: 731:     *last_hour = hour;
  2960  0676  0822               	movf	EEPROM_Load_Last_Trigger@hour,w
  2961  0677  00F9               	movwf	??_EEPROM_Load_Last_Trigger
  2962  0678  0821               	movf	EEPROM_Load_Last_Trigger@last_hour,w
  2963  0679  0084               	movwf	4
  2964  067A  0879               	movf	??_EEPROM_Load_Last_Trigger,w
  2965  067B  1383               	bcf	3,7	;select IRP bank0
  2966  067C  0080               	movwf	0
  2967                           
  2968                           ;I-Tank_Auto-Flush_RTC_40mins-30secs.c: 732:     *last_minute = minute;
  2969  067D  0823               	movf	EEPROM_Load_Last_Trigger@minute,w
  2970  067E  00F9               	movwf	??_EEPROM_Load_Last_Trigger
  2971  067F  0875               	movf	EEPROM_Load_Last_Trigger@last_minute,w
  2972  0680  0084               	movwf	4
  2973  0681  0879               	movf	??_EEPROM_Load_Last_Trigger,w
  2974  0682  0080               	movwf	0
  2975                           
  2976                           ;I-Tank_Auto-Flush_RTC_40mins-30secs.c: 733:     *last_date = date;
  2977  0683  0825               	movf	EEPROM_Load_Last_Trigger@date,w
  2978  0684  00F9               	movwf	??_EEPROM_Load_Last_Trigger
  2979  0685  0876               	movf	EEPROM_Load_Last_Trigger@last_date,w
  2980  0686  0084               	movwf	4
  2981  0687  0879               	movf	??_EEPROM_Load_Last_Trigger,w
  2982  0688  0080               	movwf	0
  2983                           
  2984                           ;I-Tank_Auto-Flush_RTC_40mins-30secs.c: 734:     *last_month = month;
  2985  0689  0826               	movf	EEPROM_Load_Last_Trigger@month,w
  2986  068A  00F9               	movwf	??_EEPROM_Load_Last_Trigger
  2987  068B  0877               	movf	EEPROM_Load_Last_Trigger@last_month,w
  2988  068C  0084               	movwf	4
  2989  068D  0879               	movf	??_EEPROM_Load_Last_Trigger,w
  2990  068E  0080               	movwf	0
  2991                           
  2992                           ;I-Tank_Auto-Flush_RTC_40mins-30secs.c: 735:     *last_year = year;
  2993  068F  0824               	movf	EEPROM_Load_Last_Trigger@year,w
  2994  0690  00F9               	movwf	??_EEPROM_Load_Last_Trigger
  2995  0691  0878               	movf	EEPROM_Load_Last_Trigger@last_year,w
  2996  0692  0084               	movwf	4
  2997  0693  0879               	movf	??_EEPROM_Load_Last_Trigger,w
  2998  0694  0080               	movwf	0
  2999  0695                     l170:
  3000  0695  0008               	return
  3001  0696                     __end_of_EEPROM_Load_Last_Trigger:
  3002                           
  3003                           	psect	text19
  3004  027C                     __ptext19:	
  3005 ;; *************** function _Trigger_Checksum *****************
  3006 ;; Defined at:
  3007 ;;		line 667 in file "I-Tank_Auto-Flush_RTC_40mins-30secs.c"
  3008 ;; Parameters:    Size  Location     Type
  3009 ;;  hour            1    wreg     unsigned char 
  3010 ;;  minute          1    0[COMMON] unsigned char 
  3011 ;;  date            1    1[COMMON] unsigned char 
  3012 ;;  month           1    2[COMMON] unsigned char 
  3013 ;;  year            1    3[COMMON] unsigned char 
  3014 ;; Auto vars:     Size  Location     Type
  3015 ;;  hour            1    4[COMMON] unsigned char 
  3016 ;; Return value:  Size  Location     Type
  3017 ;;                  1    wreg      unsigned char 
  3018 ;; Registers used:
  3019 ;;		wreg, status,2, status,0
  3020 ;; Tracked objects:
  3021 ;;		On entry : 0/0
  3022 ;;		On exit  : 0/0
  3023 ;;		Unchanged: 0/0
  3024 ;; Data sizes:     COMMON   BANK0   BANK1
  3025 ;;      Params:         4       0       0
  3026 ;;      Locals:         1       0       0
  3027 ;;      Temps:          0       0       0
  3028 ;;      Totals:         5       0       0
  3029 ;;Total ram usage:        5 bytes
  3030 ;; Hardware stack levels used:    1
  3031 ;; This function calls:
  3032 ;;		Nothing
  3033 ;; This function is called by:
  3034 ;;		_EEPROM_Load_Last_Trigger
  3035 ;;		_EEPROM_Save_Last_Trigger
  3036 ;; This function uses a non-reentrant model
  3037 ;;
  3038                           
  3039                           
  3040                           ;psect for function _Trigger_Checksum
  3041  027C                     _Trigger_Checksum:
  3042                           
  3043                           ;incstack = 0
  3044                           ; Regs used in _Trigger_Checksum: [wreg+status,2+status,0]
  3045                           ;Trigger_Checksum@hour stored from wreg
  3046  027C  00F4               	movwf	Trigger_Checksum@hour
  3047  027D                     l1857:
  3048                           
  3049                           ;I-Tank_Auto-Flush_RTC_40mins-30secs.c: 667: static uint8_t Trigger_Checksum(uint8_t hou
      +                          r,;I-Tank_Auto-Flush_RTC_40mins-30secs.c: 668:                                 uint8_t m
      +                          inute,;I-Tank_Auto-Flush_RTC_40mins-30secs.c: 669:                                 uint8
      +                          _t date,;I-Tank_Auto-Flush_RTC_40mins-30secs.c: 670:                                 uin
      +                          t8_t month,;I-Tank_Auto-Flush_RTC_40mins-30secs.c: 671:                                 
      +                          uint8_t year);I-Tank_Auto-Flush_RTC_40mins-30secs.c: 672: {;I-Tank_Auto-Flush_RTC_40mins
      +                          -30secs.c: 673:     return (uint8_t)(hour ^ minute ^ date ^ month ^ year ^ 0x5A);
  3050  027D  0874               	movf	Trigger_Checksum@hour,w
  3051  027E  0670               	xorwf	Trigger_Checksum@minute,w
  3052  027F  0671               	xorwf	Trigger_Checksum@date,w
  3053  0280  0672               	xorwf	Trigger_Checksum@month,w
  3054  0281  0673               	xorwf	Trigger_Checksum@year,w
  3055  0282  3A5A               	xorlw	90
  3056  0283                     l166:
  3057  0283  0008               	return
  3058  0284                     __end_of_Trigger_Checksum:
  3059                           
  3060                           	psect	text20
  3061  0295                     __ptext20:	
  3062 ;; *************** function _EEPROM_ReadByte *****************
  3063 ;; Defined at:
  3064 ;;		line 615 in file "I-Tank_Auto-Flush_RTC_40mins-30secs.c"
  3065 ;; Parameters:    Size  Location     Type
  3066 ;;  address         1    wreg     unsigned char 
  3067 ;; Auto vars:     Size  Location     Type
  3068 ;;  address         1    0[COMMON] unsigned char 
  3069 ;; Return value:  Size  Location     Type
  3070 ;;                  1    wreg      unsigned char 
  3071 ;; Registers used:
  3072 ;;		wreg
  3073 ;; Tracked objects:
  3074 ;;		On entry : 0/0
  3075 ;;		On exit  : 0/0
  3076 ;;		Unchanged: 0/0
  3077 ;; Data sizes:     COMMON   BANK0   BANK1
  3078 ;;      Params:         0       0       0
  3079 ;;      Locals:         1       0       0
  3080 ;;      Temps:          0       0       0
  3081 ;;      Totals:         1       0       0
  3082 ;;Total ram usage:        1 bytes
  3083 ;; Hardware stack levels used:    1
  3084 ;; This function calls:
  3085 ;;		Nothing
  3086 ;; This function is called by:
  3087 ;;		_EEPROM_WriteByte
  3088 ;;		_EEPROM_Load_Last_Trigger
  3089 ;; This function uses a non-reentrant model
  3090 ;;
  3091                           
  3092                           
  3093                           ;psect for function _EEPROM_ReadByte
  3094  0295                     _EEPROM_ReadByte:
  3095                           
  3096                           ;incstack = 0
  3097                           ; Regs used in _EEPROM_ReadByte: [wreg]
  3098                           ;EEPROM_ReadByte@address stored from wreg
  3099  0295  00F0               	movwf	EEPROM_ReadByte@address
  3100  0296                     l1733:
  3101  0296                     l149:	
  3102                           ;I-Tank_Auto-Flush_RTC_40mins-30secs.c: 618:     {;I-Tank_Auto-Flush_RTC_40mins-30secs.c
      +                          : 620:     }
  3103                           
  3104                           
  3105                           ;I-Tank_Auto-Flush_RTC_40mins-30secs.c: 617:     while (EECON1bits.WR != 0)
  3106  0296  1683               	bsf	3,5	;RP0=1, select bank1
  3107  0297  189C               	btfsc	28,1	;volsfr
  3108  0298  2A9A               	goto	u1071
  3109  0299  2A9B               	goto	u1070
  3110  029A                     u1071:
  3111  029A  2A96               	goto	l149
  3112  029B                     u1070:
  3113  029B                     l1735:
  3114                           
  3115                           ;I-Tank_Auto-Flush_RTC_40mins-30secs.c: 622:     EEADR = address;
  3116  029B  0870               	movf	EEPROM_ReadByte@address,w
  3117  029C  009B               	movwf	27	;volatile
  3118  029D                     l1737:
  3119                           
  3120                           ;I-Tank_Auto-Flush_RTC_40mins-30secs.c: 623:     EECON1bits.RD = 1;
  3121  029D  141C               	bsf	28,0	;volsfr
  3122                           
  3123                           ;I-Tank_Auto-Flush_RTC_40mins-30secs.c: 625:     return EEDAT;
  3124  029E  081A               	movf	26,w	;volatile
  3125  029F                     l152:
  3126  029F  0008               	return
  3127  02A0                     __end_of_EEPROM_ReadByte:
  3128                           
  3129                           	psect	text21
  3130  031C                     __ptext21:	
  3131 ;; *************** function _DS3231_ReadTime_With_Retry *****************
  3132 ;; Defined at:
  3133 ;;		line 891 in file "I-Tank_Auto-Flush_RTC_40mins-30secs.c"
  3134 ;; Parameters:    Size  Location     Type
  3135 ;;  time            1    wreg     PTR struct .
  3136 ;;		 -> main@now(7), 
  3137 ;; Auto vars:     Size  Location     Type
  3138 ;;  time            1   12[COMMON] PTR struct .
  3139 ;;		 -> main@now(7), 
  3140 ;;  attempt         1   11[COMMON] unsigned char 
  3141 ;; Return value:  Size  Location     Type
  3142 ;;                  1    wreg      _Bool 
  3143 ;; Registers used:
  3144 ;;		wreg, fsr0l, fsr0h, status,2, status,0, pclath, cstack
  3145 ;; Tracked objects:
  3146 ;;		On entry : 0/0
  3147 ;;		On exit  : 0/0
  3148 ;;		Unchanged: 0/0
  3149 ;; Data sizes:     COMMON   BANK0   BANK1
  3150 ;;      Params:         0       0       0
  3151 ;;      Locals:         2       0       0
  3152 ;;      Temps:          1       0       0
  3153 ;;      Totals:         3       0       0
  3154 ;;Total ram usage:        3 bytes
  3155 ;; Hardware stack levels used:    1
  3156 ;; Hardware stack levels required when called:    3
  3157 ;; This function calls:
  3158 ;;		_DS3231_ReadTime
  3159 ;;		_Delay_Approx_250ms
  3160 ;;		_I2C_Init
  3161 ;;		_RTC_Time_Is_Valid
  3162 ;;		_Relay_Off
  3163 ;; This function is called by:
  3164 ;;		_main
  3165 ;; This function uses a non-reentrant model
  3166 ;;
  3167                           
  3168                           
  3169                           ;psect for function _DS3231_ReadTime_With_Retry
  3170  031C                     _DS3231_ReadTime_With_Retry:
  3171                           
  3172                           ;incstack = 0
  3173                           ; Regs used in _DS3231_ReadTime_With_Retry: [wreg-fsr0h+status,2+status,0+pclath+cstack]
  3174                           ;DS3231_ReadTime_With_Retry@time stored from wreg
  3175  031C  00FC               	movwf	DS3231_ReadTime_With_Retry@time
  3176  031D                     l2115:
  3177                           
  3178                           ;I-Tank_Auto-Flush_RTC_40mins-30secs.c: 891: static _Bool DS3231_ReadTime_With_Retry(RTC
      +                          _Time *time);I-Tank_Auto-Flush_RTC_40mins-30secs.c: 892: {;I-Tank_Auto-Flush_RTC_40mins-
      +                          30secs.c: 893:     uint8_t attempt;;I-Tank_Auto-Flush_RTC_40mins-30secs.c: 895:     for 
      +                          (attempt = 0; attempt < 3; attempt++)
  3179  031D  01FB               	clrf	DS3231_ReadTime_With_Retry@attempt
  3180  031E                     l2121:
  3181                           
  3182                           ;I-Tank_Auto-Flush_RTC_40mins-30secs.c: 896:     {;I-Tank_Auto-Flush_RTC_40mins-30secs.c
      +                          : 897:         I2C_Init();
  3183  031E  224E               	fcall	_I2C_Init
  3184  031F                     l2123:
  3185                           
  3186                           ;I-Tank_Auto-Flush_RTC_40mins-30secs.c: 899:         if (DS3231_ReadTime(time))
  3187  031F  087C               	movf	DS3231_ReadTime_With_Retry@time,w
  3188  0320  2733               	fcall	_DS3231_ReadTime
  3189  0321  3A00               	xorlw	0
  3190  0322  1903               	skipnz
  3191  0323  2B25               	goto	u1711
  3192  0324  2B26               	goto	u1710
  3193  0325                     u1711:
  3194  0325  2B2F               	goto	l2131
  3195  0326                     u1710:
  3196  0326                     l2125:
  3197                           
  3198                           ;I-Tank_Auto-Flush_RTC_40mins-30secs.c: 900:         {;I-Tank_Auto-Flush_RTC_40mins-30se
      +                          cs.c: 901:             if (RTC_Time_Is_Valid(time))
  3199  0326  087C               	movf	DS3231_ReadTime_With_Retry@time,w
  3200  0327  25A1               	fcall	_RTC_Time_Is_Valid
  3201  0328  3A00               	xorlw	0
  3202  0329  1903               	skipnz
  3203  032A  2B2C               	goto	u1721
  3204  032B  2B2D               	goto	u1720
  3205  032C                     u1721:
  3206  032C  2B2F               	goto	l2131
  3207  032D                     u1720:
  3208  032D                     l2127:
  3209                           
  3210                           ;I-Tank_Auto-Flush_RTC_40mins-30secs.c: 902:             {;I-Tank_Auto-Flush_RTC_40mins-
      +                          30secs.c: 903:                 return 1;
  3211  032D  3001               	movlw	1
  3212  032E  2B3D               	goto	l218
  3213  032F                     l2131:
  3214                           
  3215                           ;I-Tank_Auto-Flush_RTC_40mins-30secs.c: 907:         Relay_Off();
  3216  032F  2244               	fcall	_Relay_Off
  3217  0330                     l2133:
  3218                           
  3219                           ;I-Tank_Auto-Flush_RTC_40mins-30secs.c: 908:         I2C_Init();
  3220  0330  224E               	fcall	_I2C_Init
  3221  0331                     l2135:
  3222                           
  3223                           ;I-Tank_Auto-Flush_RTC_40mins-30secs.c: 909:         Delay_Approx_250ms();
  3224  0331  22AB               	fcall	_Delay_Approx_250ms
  3225  0332                     l2137:
  3226                           
  3227                           ;I-Tank_Auto-Flush_RTC_40mins-30secs.c: 910:     }
  3228  0332  3001               	movlw	1
  3229  0333  00FA               	movwf	??_DS3231_ReadTime_With_Retry
  3230  0334  087A               	movf	??_DS3231_ReadTime_With_Retry,w
  3231  0335  07FB               	addwf	DS3231_ReadTime_With_Retry@attempt,f
  3232  0336                     l2139:
  3233  0336  3003               	movlw	3
  3234  0337  027B               	subwf	DS3231_ReadTime_With_Retry@attempt,w
  3235  0338  1C03               	skipc
  3236  0339  2B3B               	goto	u1731
  3237  033A  2B3C               	goto	u1730
  3238  033B                     u1731:
  3239  033B  2B1E               	goto	l2121
  3240  033C                     u1730:
  3241  033C                     l2141:
  3242                           
  3243                           ;I-Tank_Auto-Flush_RTC_40mins-30secs.c: 912:     return 0;
  3244  033C  3000               	movlw	0
  3245  033D                     l218:
  3246  033D  0008               	return
  3247  033E                     __end_of_DS3231_ReadTime_With_Retry:
  3248                           
  3249                           	psect	text22
  3250  0244                     __ptext22:	
  3251 ;; *************** function _Relay_Off *****************
  3252 ;; Defined at:
  3253 ;;		line 245 in file "I-Tank_Auto-Flush_RTC_40mins-30secs.c"
  3254 ;; Parameters:    Size  Location     Type
  3255 ;;		None
  3256 ;; Auto vars:     Size  Location     Type
  3257 ;;		None
  3258 ;; Return value:  Size  Location     Type
  3259 ;;                  1    wreg      void 
  3260 ;; Registers used:
  3261 ;;		None
  3262 ;; Tracked objects:
  3263 ;;		On entry : 0/0
  3264 ;;		On exit  : 0/0
  3265 ;;		Unchanged: 0/0
  3266 ;; Data sizes:     COMMON   BANK0   BANK1
  3267 ;;      Params:         0       0       0
  3268 ;;      Locals:         0       0       0
  3269 ;;      Temps:          0       0       0
  3270 ;;      Totals:         0       0       0
  3271 ;;Total ram usage:        0 bytes
  3272 ;; Hardware stack levels used:    1
  3273 ;; This function calls:
  3274 ;;		Nothing
  3275 ;; This function is called by:
  3276 ;;		_Relay_Reset_Pulse
  3277 ;;		_Test_Delay_Seconds_Abortable
  3278 ;;		_Relay_Test_Cycle
  3279 ;;		_DS3231_ReadTime_With_Retry
  3280 ;;		_Init_Device
  3281 ;;		_main
  3282 ;;		_Safe_Fault_Idle_Forever
  3283 ;; This function uses a non-reentrant model
  3284 ;;
  3285                           
  3286                           
  3287                           ;psect for function _Relay_Off
  3288  0244                     _Relay_Off:
  3289  0244                     l1607:	
  3290                           ;incstack = 0
  3291                           ; Regs used in _Relay_Off: []
  3292                           
  3293                           
  3294                           ;I-Tank_Auto-Flush_RTC_40mins-30secs.c: 247:     GPIObits.GP0 = 0;
  3295  0244  1283               	bcf	3,5	;RP0=0, select bank0
  3296  0245  1005               	bcf	5,0	;volatile
  3297  0246                     l44:
  3298  0246  0008               	return
  3299  0247                     __end_of_Relay_Off:
  3300                           
  3301                           	psect	text23
  3302  05A1                     __ptext23:	
  3303 ;; *************** function _RTC_Time_Is_Valid *****************
  3304 ;; Defined at:
  3305 ;;		line 851 in file "I-Tank_Auto-Flush_RTC_40mins-30secs.c"
  3306 ;; Parameters:    Size  Location     Type
  3307 ;;  time            1    wreg     PTR const struct .
  3308 ;;		 -> main@now(7), 
  3309 ;; Auto vars:     Size  Location     Type
  3310 ;;  time            1    0[COMMON] PTR const struct .
  3311 ;;		 -> main@now(7), 
  3312 ;; Return value:  Size  Location     Type
  3313 ;;                  1    wreg      _Bool 
  3314 ;; Registers used:
  3315 ;;		wreg, fsr0l, fsr0h, status,2, status,0
  3316 ;; Tracked objects:
  3317 ;;		On entry : 0/0
  3318 ;;		On exit  : 0/0
  3319 ;;		Unchanged: 0/0
  3320 ;; Data sizes:     COMMON   BANK0   BANK1
  3321 ;;      Params:         0       0       0
  3322 ;;      Locals:         1       0       0
  3323 ;;      Temps:          0       0       0
  3324 ;;      Totals:         1       0       0
  3325 ;;Total ram usage:        1 bytes
  3326 ;; Hardware stack levels used:    1
  3327 ;; This function calls:
  3328 ;;		Nothing
  3329 ;; This function is called by:
  3330 ;;		_DS3231_ReadTime_With_Retry
  3331 ;; This function uses a non-reentrant model
  3332 ;;
  3333                           
  3334                           
  3335                           ;psect for function _RTC_Time_Is_Valid
  3336  05A1                     _RTC_Time_Is_Valid:
  3337                           
  3338                           ;incstack = 0
  3339                           ; Regs used in _RTC_Time_Is_Valid: [wreg-fsr0h+status,2+status,0]
  3340                           ;RTC_Time_Is_Valid@time stored from wreg
  3341  05A1  00F0               	movwf	RTC_Time_Is_Valid@time
  3342  05A2                     l1915:
  3343                           
  3344                           ;I-Tank_Auto-Flush_RTC_40mins-30secs.c: 851: static _Bool RTC_Time_Is_Valid(const RTC_Ti
      +                          me *time);I-Tank_Auto-Flush_RTC_40mins-30secs.c: 852: {;I-Tank_Auto-Flush_RTC_40mins-30s
      +                          ecs.c: 853:     if (time->second > 59)
  3345  05A2  0870               	movf	RTC_Time_Is_Valid@time,w
  3346  05A3  0084               	movwf	4
  3347  05A4  303C               	movlw	60
  3348  05A5  1383               	bcf	3,7	;select IRP bank0
  3349  05A6  0200               	subwf	0,w
  3350  05A7  1C03               	skipc
  3351  05A8  2DAA               	goto	u1311
  3352  05A9  2DAB               	goto	u1310
  3353  05AA                     u1311:
  3354  05AA  2DAD               	goto	l1921
  3355  05AB                     u1310:
  3356  05AB                     l1917:
  3357                           
  3358                           ;I-Tank_Auto-Flush_RTC_40mins-30secs.c: 854:     {;I-Tank_Auto-Flush_RTC_40mins-30secs.c
      +                          : 855:         return 0;
  3359  05AB  3000               	movlw	0
  3360  05AC  2E01               	goto	l199
  3361  05AD                     l1921:
  3362                           
  3363                           ;I-Tank_Auto-Flush_RTC_40mins-30secs.c: 858:     if (time->minute > 59)
  3364  05AD  0A70               	incf	RTC_Time_Is_Valid@time,w
  3365  05AE  0084               	movwf	4
  3366  05AF  303C               	movlw	60
  3367  05B0  0200               	subwf	0,w
  3368  05B1  1C03               	skipc
  3369  05B2  2DB4               	goto	u1321
  3370  05B3  2DB5               	goto	u1320
  3371  05B4                     u1321:
  3372  05B4  2DB6               	goto	l1927
  3373  05B5                     u1320:
  3374  05B5  2DAB               	goto	l1917
  3375  05B6                     l1927:
  3376                           
  3377                           ;I-Tank_Auto-Flush_RTC_40mins-30secs.c: 863:     if (time->hour > 23)
  3378  05B6  0870               	movf	RTC_Time_Is_Valid@time,w
  3379  05B7  3E02               	addlw	2
  3380  05B8  0084               	movwf	4
  3381  05B9  3018               	movlw	24
  3382  05BA  0200               	subwf	0,w
  3383  05BB  1C03               	skipc
  3384  05BC  2DBE               	goto	u1331
  3385  05BD  2DBF               	goto	u1330
  3386  05BE                     u1331:
  3387  05BE  2DC0               	goto	l1933
  3388  05BF                     u1330:
  3389  05BF  2DAB               	goto	l1917
  3390  05C0                     l1933:
  3391                           
  3392                           ;I-Tank_Auto-Flush_RTC_40mins-30secs.c: 868:     if ((time->day_of_week < 1) || (time->d
      +                          ay_of_week > 7))
  3393  05C0  0870               	movf	RTC_Time_Is_Valid@time,w
  3394  05C1  3E03               	addlw	3
  3395  05C2  0084               	movwf	4
  3396  05C3  0800               	movf	0,w
  3397  05C4  1903               	btfsc	3,2
  3398  05C5  2DC7               	goto	u1341
  3399  05C6  2DC8               	goto	u1340
  3400  05C7                     u1341:
  3401  05C7  2DAB               	goto	l1917
  3402  05C8                     u1340:
  3403  05C8                     l1935:
  3404  05C8  0870               	movf	RTC_Time_Is_Valid@time,w
  3405  05C9  3E03               	addlw	3
  3406  05CA  0084               	movwf	4
  3407  05CB  3008               	movlw	8
  3408  05CC  0200               	subwf	0,w
  3409  05CD  1C03               	skipc
  3410  05CE  2DD0               	goto	u1351
  3411  05CF  2DD1               	goto	u1350
  3412  05D0                     u1351:
  3413  05D0  2DD2               	goto	l1941
  3414  05D1                     u1350:
  3415  05D1  2DAB               	goto	l1917
  3416  05D2                     l1941:
  3417                           
  3418                           ;I-Tank_Auto-Flush_RTC_40mins-30secs.c: 873:     if ((time->date < 1) || (time->date > 3
      +                          1))
  3419  05D2  0870               	movf	RTC_Time_Is_Valid@time,w
  3420  05D3  3E04               	addlw	4
  3421  05D4  0084               	movwf	4
  3422  05D5  0800               	movf	0,w
  3423  05D6  1903               	btfsc	3,2
  3424  05D7  2DD9               	goto	u1361
  3425  05D8  2DDA               	goto	u1360
  3426  05D9                     u1361:
  3427  05D9  2DAB               	goto	l1917
  3428  05DA                     u1360:
  3429  05DA                     l1943:
  3430  05DA  0870               	movf	RTC_Time_Is_Valid@time,w
  3431  05DB  3E04               	addlw	4
  3432  05DC  0084               	movwf	4
  3433  05DD  3020               	movlw	32
  3434  05DE  0200               	subwf	0,w
  3435  05DF  1C03               	skipc
  3436  05E0  2DE2               	goto	u1371
  3437  05E1  2DE3               	goto	u1370
  3438  05E2                     u1371:
  3439  05E2  2DE4               	goto	l1949
  3440  05E3                     u1370:
  3441  05E3  2DAB               	goto	l1917
  3442  05E4                     l1949:
  3443                           
  3444                           ;I-Tank_Auto-Flush_RTC_40mins-30secs.c: 878:     if ((time->month < 1) || (time->month >
      +                           12))
  3445  05E4  0870               	movf	RTC_Time_Is_Valid@time,w
  3446  05E5  3E05               	addlw	5
  3447  05E6  0084               	movwf	4
  3448  05E7  0800               	movf	0,w
  3449  05E8  1903               	btfsc	3,2
  3450  05E9  2DEB               	goto	u1381
  3451  05EA  2DEC               	goto	u1380
  3452  05EB                     u1381:
  3453  05EB  2DAB               	goto	l1917
  3454  05EC                     u1380:
  3455  05EC                     l1951:
  3456  05EC  0870               	movf	RTC_Time_Is_Valid@time,w
  3457  05ED  3E05               	addlw	5
  3458  05EE  0084               	movwf	4
  3459  05EF  300D               	movlw	13
  3460  05F0  0200               	subwf	0,w
  3461  05F1  1C03               	skipc
  3462  05F2  2DF4               	goto	u1391
  3463  05F3  2DF5               	goto	u1390
  3464  05F4                     u1391:
  3465  05F4  2DF6               	goto	l1957
  3466  05F5                     u1390:
  3467  05F5  2DAB               	goto	l1917
  3468  05F6                     l1957:
  3469                           
  3470                           ;I-Tank_Auto-Flush_RTC_40mins-30secs.c: 883:     if (time->year > 99)
  3471  05F6  0870               	movf	RTC_Time_Is_Valid@time,w
  3472  05F7  3E06               	addlw	6
  3473  05F8  0084               	movwf	4
  3474  05F9  3064               	movlw	100
  3475  05FA  0200               	subwf	0,w
  3476  05FB  1C03               	skipc
  3477  05FC  2DFE               	goto	u1401
  3478  05FD  2DFF               	goto	u1400
  3479  05FE                     u1401:
  3480  05FE  2E00               	goto	l1963
  3481  05FF                     u1400:
  3482  05FF  2DAB               	goto	l1917
  3483  0600                     l1963:
  3484                           
  3485                           ;I-Tank_Auto-Flush_RTC_40mins-30secs.c: 888:     return 1;
  3486  0600  3001               	movlw	1
  3487  0601                     l199:
  3488  0601  0008               	return
  3489  0602                     __end_of_RTC_Time_Is_Valid:
  3490                           
  3491                           	psect	text24
  3492  024E                     __ptext24:	
  3493 ;; *************** function _I2C_Init *****************
  3494 ;; Defined at:
  3495 ;;		line 467 in file "I-Tank_Auto-Flush_RTC_40mins-30secs.c"
  3496 ;; Parameters:    Size  Location     Type
  3497 ;;		None
  3498 ;; Auto vars:     Size  Location     Type
  3499 ;;		None
  3500 ;; Return value:  Size  Location     Type
  3501 ;;                  1    wreg      void 
  3502 ;; Registers used:
  3503 ;;		wreg, status,2, status,0, pclath, cstack
  3504 ;; Tracked objects:
  3505 ;;		On entry : 0/0
  3506 ;;		On exit  : 0/0
  3507 ;;		Unchanged: 0/0
  3508 ;; Data sizes:     COMMON   BANK0   BANK1
  3509 ;;      Params:         0       0       0
  3510 ;;      Locals:         0       0       0
  3511 ;;      Temps:          0       0       0
  3512 ;;      Totals:         0       0       0
  3513 ;;Total ram usage:        0 bytes
  3514 ;; Hardware stack levels used:    1
  3515 ;; Hardware stack levels required when called:    1
  3516 ;; This function calls:
  3517 ;;		_I2C_Delay
  3518 ;;		_SCL_Release
  3519 ;;		_SDA_Release
  3520 ;; This function is called by:
  3521 ;;		_DS3231_ReadTime_With_Retry
  3522 ;;		_main
  3523 ;;		_Safe_Fault_Idle_Forever
  3524 ;; This function uses a non-reentrant model
  3525 ;;
  3526                           
  3527                           
  3528                           ;psect for function _I2C_Init
  3529  024E                     _I2C_Init:
  3530  024E                     l1831:	
  3531                           ;incstack = 0
  3532                           ; Regs used in _I2C_Init: [wreg+status,2+status,0+pclath+cstack]
  3533                           
  3534                           
  3535                           ;I-Tank_Auto-Flush_RTC_40mins-30secs.c: 469:     SDA_Release();
  3536  024E  2241               	fcall	_SDA_Release
  3537                           
  3538                           ;I-Tank_Auto-Flush_RTC_40mins-30secs.c: 470:     SCL_Release();
  3539  024F  223E               	fcall	_SCL_Release
  3540  0250                     l1833:
  3541                           
  3542                           ;I-Tank_Auto-Flush_RTC_40mins-30secs.c: 471:     I2C_Delay();
  3543  0250  22C5               	fcall	_I2C_Delay
  3544  0251                     l122:
  3545  0251  0008               	return
  3546  0252                     __end_of_I2C_Init:
  3547                           
  3548                           	psect	text25
  3549  02AB                     __ptext25:	
  3550 ;; *************** function _Delay_Approx_250ms *****************
  3551 ;; Defined at:
  3552 ;;		line 376 in file "I-Tank_Auto-Flush_RTC_40mins-30secs.c"
  3553 ;; Parameters:    Size  Location     Type
  3554 ;;		None
  3555 ;; Auto vars:     Size  Location     Type
  3556 ;;  i               1    1[COMMON] unsigned char 
  3557 ;; Return value:  Size  Location     Type
  3558 ;;                  1    wreg      void 
  3559 ;; Registers used:
  3560 ;;		wreg, status,2, status,0, pclath, cstack
  3561 ;; Tracked objects:
  3562 ;;		On entry : 0/0
  3563 ;;		On exit  : 0/0
  3564 ;;		Unchanged: 0/0
  3565 ;; Data sizes:     COMMON   BANK0   BANK1
  3566 ;;      Params:         0       0       0
  3567 ;;      Locals:         1       0       0
  3568 ;;      Temps:          1       0       0
  3569 ;;      Totals:         2       0       0
  3570 ;;Total ram usage:        2 bytes
  3571 ;; Hardware stack levels used:    1
  3572 ;; Hardware stack levels required when called:    1
  3573 ;; This function calls:
  3574 ;;		_Delay_Approx_65ms
  3575 ;; This function is called by:
  3576 ;;		_Relay_Test_Cycle
  3577 ;;		_DS3231_ReadTime_With_Retry
  3578 ;;		_main
  3579 ;; This function uses a non-reentrant model
  3580 ;;
  3581                           
  3582                           
  3583                           ;psect for function _Delay_Approx_250ms
  3584  02AB                     _Delay_Approx_250ms:
  3585  02AB                     l1817:	
  3586                           ;incstack = 0
  3587                           ; Regs used in _Delay_Approx_250ms: [wreg+status,2+status,0+pclath+cstack]
  3588                           
  3589                           
  3590                           ;I-Tank_Auto-Flush_RTC_40mins-30secs.c: 378:     uint8_t i;;I-Tank_Auto-Flush_RTC_40mins
      +                          -30secs.c: 380:     for (i = 0; i < 4; i++)
  3591  02AB  01F1               	clrf	Delay_Approx_250ms@i
  3592  02AC                     l1823:
  3593                           
  3594                           ;I-Tank_Auto-Flush_RTC_40mins-30secs.c: 381:     {;I-Tank_Auto-Flush_RTC_40mins-30secs.c
      +                          : 382:         Delay_Approx_65ms();
  3595  02AC  2274               	fcall	_Delay_Approx_65ms
  3596  02AD                     l1825:
  3597                           
  3598                           ;I-Tank_Auto-Flush_RTC_40mins-30secs.c: 383:     }
  3599  02AD  3001               	movlw	1
  3600  02AE  00F0               	movwf	??_Delay_Approx_250ms
  3601  02AF  0870               	movf	??_Delay_Approx_250ms,w
  3602  02B0  07F1               	addwf	Delay_Approx_250ms@i,f
  3603  02B1                     l1827:
  3604  02B1  3004               	movlw	4
  3605  02B2  0271               	subwf	Delay_Approx_250ms@i,w
  3606  02B3  1C03               	skipc
  3607  02B4  2AB6               	goto	u1171
  3608  02B5  2AB7               	goto	u1170
  3609  02B6                     u1171:
  3610  02B6  2AAC               	goto	l1823
  3611  02B7                     u1170:
  3612  02B7                     l82:
  3613  02B7  0008               	return
  3614  02B8                     __end_of_Delay_Approx_250ms:
  3615                           
  3616                           	psect	text26
  3617  0274                     __ptext26:	
  3618 ;; *************** function _Delay_Approx_65ms *****************
  3619 ;; Defined at:
  3620 ;;		line 365 in file "I-Tank_Auto-Flush_RTC_40mins-30secs.c"
  3621 ;; Parameters:    Size  Location     Type
  3622 ;;		None
  3623 ;; Auto vars:     Size  Location     Type
  3624 ;;		None
  3625 ;; Return value:  Size  Location     Type
  3626 ;;                  1    wreg      void 
  3627 ;; Registers used:
  3628 ;;		status,2
  3629 ;; Tracked objects:
  3630 ;;		On entry : 0/0
  3631 ;;		On exit  : 0/0
  3632 ;;		Unchanged: 0/0
  3633 ;; Data sizes:     COMMON   BANK0   BANK1
  3634 ;;      Params:         0       0       0
  3635 ;;      Locals:         0       0       0
  3636 ;;      Temps:          0       0       0
  3637 ;;      Totals:         0       0       0
  3638 ;;Total ram usage:        0 bytes
  3639 ;; Hardware stack levels used:    1
  3640 ;; This function calls:
  3641 ;;		Nothing
  3642 ;; This function is called by:
  3643 ;;		_Test_Delay_Seconds_Abortable
  3644 ;;		_Delay_Approx_250ms
  3645 ;;		_Delay_Approx_1s
  3646 ;; This function uses a non-reentrant model
  3647 ;;
  3648                           
  3649                           
  3650                           ;psect for function _Delay_Approx_65ms
  3651  0274                     _Delay_Approx_65ms:
  3652  0274                     l1567:	
  3653                           ;incstack = 0
  3654                           ; Regs used in _Delay_Approx_65ms: [status,2]
  3655                           
  3656                           
  3657                           ;I-Tank_Auto-Flush_RTC_40mins-30secs.c: 367:     TMR0 = 0;
  3658  0274  1283               	bcf	3,5	;RP0=0, select bank0
  3659  0275  0181               	clrf	1	;volatile
  3660  0276                     l1569:
  3661                           
  3662                           ;I-Tank_Auto-Flush_RTC_40mins-30secs.c: 368:     INTCONbits.T0IF = 0;
  3663  0276  110B               	bcf	11,2	;volatile
  3664  0277                     l74:	
  3665                           ;I-Tank_Auto-Flush_RTC_40mins-30secs.c: 371:     {;I-Tank_Auto-Flush_RTC_40mins-30secs.c
      +                          : 373:     }
  3666                           
  3667                           
  3668                           ;I-Tank_Auto-Flush_RTC_40mins-30secs.c: 370:     while (INTCONbits.T0IF == 0)
  3669  0277  1D0B               	btfss	11,2	;volatile
  3670  0278  2A7A               	goto	u941
  3671  0279  2A7B               	goto	u940
  3672  027A                     u941:
  3673  027A  2A77               	goto	l74
  3674  027B                     u940:
  3675  027B                     l77:
  3676  027B  0008               	return
  3677  027C                     __end_of_Delay_Approx_65ms:
  3678                           
  3679                           	psect	text27
  3680  0733                     __ptext27:	
  3681 ;; *************** function _DS3231_ReadTime *****************
  3682 ;; Defined at:
  3683 ;;		line 768 in file "I-Tank_Auto-Flush_RTC_40mins-30secs.c"
  3684 ;; Parameters:    Size  Location     Type
  3685 ;;  time            1    wreg     PTR struct .
  3686 ;;		 -> main@now(7), 
  3687 ;; Auto vars:     Size  Location     Type
  3688 ;;  time            1    9[BANK0 ] PTR struct .
  3689 ;;		 -> main@now(7), 
  3690 ;;  hour_12         1    8[BANK0 ] unsigned char 
  3691 ;;  is_pm           1    6[BANK0 ] _Bool 
  3692 ;;  raw_hour        1    7[BANK0 ] unsigned char 
  3693 ;;  raw_year        1    5[BANK0 ] unsigned char 
  3694 ;;  raw_month       1    4[BANK0 ] unsigned char 
  3695 ;;  raw_date        1    3[BANK0 ] unsigned char 
  3696 ;;  raw_day         1    2[BANK0 ] unsigned char 
  3697 ;;  raw_minute      1    1[BANK0 ] unsigned char 
  3698 ;;  raw_second      1    0[BANK0 ] unsigned char 
  3699 ;; Return value:  Size  Location     Type
  3700 ;;                  1    wreg      _Bool 
  3701 ;; Registers used:
  3702 ;;		wreg, fsr0l, fsr0h, status,2, status,0, pclath, cstack
  3703 ;; Tracked objects:
  3704 ;;		On entry : 0/0
  3705 ;;		On exit  : 0/0
  3706 ;;		Unchanged: 0/0
  3707 ;; Data sizes:     COMMON   BANK0   BANK1
  3708 ;;      Params:         0       0       0
  3709 ;;      Locals:         0      10       0
  3710 ;;      Temps:          1       0       0
  3711 ;;      Totals:         1      10       0
  3712 ;;Total ram usage:       11 bytes
  3713 ;; Hardware stack levels used:    1
  3714 ;; Hardware stack levels required when called:    2
  3715 ;; This function calls:
  3716 ;;		_BCD_To_Dec
  3717 ;;		_I2C_ReadByte
  3718 ;;		_I2C_Start
  3719 ;;		_I2C_Stop
  3720 ;;		_I2C_WriteByte
  3721 ;; This function is called by:
  3722 ;;		_DS3231_ReadTime_With_Retry
  3723 ;; This function uses a non-reentrant model
  3724 ;;
  3725                           
  3726                           
  3727                           ;psect for function _DS3231_ReadTime
  3728  0733                     _DS3231_ReadTime:
  3729                           
  3730                           ;incstack = 0
  3731                           ; Regs used in _DS3231_ReadTime: [wreg-fsr0h+status,2+status,0+pclath+cstack]
  3732                           ;DS3231_ReadTime@time stored from wreg
  3733  0733  1283               	bcf	3,5	;RP0=0, select bank0
  3734  0734  00A9               	movwf	DS3231_ReadTime@time
  3735  0735                     l1861:
  3736                           
  3737                           ;I-Tank_Auto-Flush_RTC_40mins-30secs.c: 768: static _Bool DS3231_ReadTime(RTC_Time *time
      +                          );I-Tank_Auto-Flush_RTC_40mins-30secs.c: 769: {;I-Tank_Auto-Flush_RTC_40mins-30secs.c: 7
      +                          70:     uint8_t raw_second;;I-Tank_Auto-Flush_RTC_40mins-30secs.c: 771:     uint8_t raw_
      +                          minute;;I-Tank_Auto-Flush_RTC_40mins-30secs.c: 772:     uint8_t raw_hour;;I-Tank_Auto-Fl
      +                          ush_RTC_40mins-30secs.c: 773:     uint8_t raw_day;;I-Tank_Auto-Flush_RTC_40mins-30secs.c
      +                          : 774:     uint8_t raw_date;;I-Tank_Auto-Flush_RTC_40mins-30secs.c: 775:     uint8_t raw
      +                          _month;
  3738  0735  226C               	fcall	_I2C_Start
  3739                           
  3740                           ;I-Tank_Auto-Flush_RTC_40mins-30secs.c: 780:     if (!I2C_WriteByte(((0x68 << 1) | 0)))
  3741  0736  30D0               	movlw	208
  3742  0737  242A               	fcall	_I2C_WriteByte
  3743  0738  3A00               	xorlw	0
  3744  0739  1D03               	skipz
  3745  073A  2F3C               	goto	u1221
  3746  073B  2F3D               	goto	u1220
  3747  073C                     u1221:
  3748  073C  2F40               	goto	l1869
  3749  073D                     u1220:
  3750  073D                     l1863:
  3751                           
  3752                           ;I-Tank_Auto-Flush_RTC_40mins-30secs.c: 781:     {;I-Tank_Auto-Flush_RTC_40mins-30secs.c
      +                          : 782:         I2C_Stop();
  3753  073D  2265               	fcall	_I2C_Stop
  3754  073E                     l1865:
  3755                           
  3756                           ;I-Tank_Auto-Flush_RTC_40mins-30secs.c: 783:         return 0;
  3757  073E  3000               	movlw	0
  3758  073F  2FFD               	goto	l187
  3759  0740                     l1869:
  3760                           
  3761                           ;I-Tank_Auto-Flush_RTC_40mins-30secs.c: 786:     if (!I2C_WriteByte(0x00))
  3762  0740  3000               	movlw	0
  3763  0741  242A               	fcall	_I2C_WriteByte
  3764  0742  3A00               	xorlw	0
  3765  0743  1D03               	skipz
  3766  0744  2F46               	goto	u1231
  3767  0745  2F47               	goto	u1230
  3768  0746                     u1231:
  3769  0746  2F48               	goto	l1877
  3770  0747                     u1230:
  3771  0747  2F3D               	goto	l1863
  3772  0748                     l1877:
  3773                           
  3774                           ;I-Tank_Auto-Flush_RTC_40mins-30secs.c: 792:     I2C_Start();
  3775  0748  226C               	fcall	_I2C_Start
  3776                           
  3777                           ;I-Tank_Auto-Flush_RTC_40mins-30secs.c: 794:     if (!I2C_WriteByte(((0x68 << 1) | 1)))
  3778  0749  30D1               	movlw	209
  3779  074A  242A               	fcall	_I2C_WriteByte
  3780  074B  3A00               	xorlw	0
  3781  074C  1D03               	skipz
  3782  074D  2F4F               	goto	u1241
  3783  074E  2F50               	goto	u1240
  3784  074F                     u1241:
  3785  074F  2F51               	goto	l1885
  3786  0750                     u1240:
  3787  0750  2F3D               	goto	l1863
  3788  0751                     l1885:
  3789                           
  3790                           ;I-Tank_Auto-Flush_RTC_40mins-30secs.c: 800:     raw_second = I2C_ReadByte(1);
  3791  0751  3001               	movlw	1
  3792  0752  23FF               	fcall	_I2C_ReadByte
  3793  0753  00F9               	movwf	??_DS3231_ReadTime
  3794  0754  0879               	movf	??_DS3231_ReadTime,w
  3795  0755  1283               	bcf	3,5	;RP0=0, select bank0
  3796  0756  00A0               	movwf	DS3231_ReadTime@raw_second
  3797                           
  3798                           ;I-Tank_Auto-Flush_RTC_40mins-30secs.c: 801:     raw_minute = I2C_ReadByte(1);
  3799  0757  3001               	movlw	1
  3800  0758  23FF               	fcall	_I2C_ReadByte
  3801  0759  00F9               	movwf	??_DS3231_ReadTime
  3802  075A  0879               	movf	??_DS3231_ReadTime,w
  3803  075B  1283               	bcf	3,5	;RP0=0, select bank0
  3804  075C  00A1               	movwf	DS3231_ReadTime@raw_minute
  3805                           
  3806                           ;I-Tank_Auto-Flush_RTC_40mins-30secs.c: 802:     raw_hour = I2C_ReadByte(1);
  3807  075D  3001               	movlw	1
  3808  075E  23FF               	fcall	_I2C_ReadByte
  3809  075F  00F9               	movwf	??_DS3231_ReadTime
  3810  0760  0879               	movf	??_DS3231_ReadTime,w
  3811  0761  1283               	bcf	3,5	;RP0=0, select bank0
  3812  0762  00A7               	movwf	DS3231_ReadTime@raw_hour
  3813                           
  3814                           ;I-Tank_Auto-Flush_RTC_40mins-30secs.c: 803:     raw_day = I2C_ReadByte(1);
  3815  0763  3001               	movlw	1
  3816  0764  23FF               	fcall	_I2C_ReadByte
  3817  0765  00F9               	movwf	??_DS3231_ReadTime
  3818  0766  0879               	movf	??_DS3231_ReadTime,w
  3819  0767  1283               	bcf	3,5	;RP0=0, select bank0
  3820  0768  00A2               	movwf	DS3231_ReadTime@raw_day
  3821                           
  3822                           ;I-Tank_Auto-Flush_RTC_40mins-30secs.c: 804:     raw_date = I2C_ReadByte(1);
  3823  0769  3001               	movlw	1
  3824  076A  23FF               	fcall	_I2C_ReadByte
  3825  076B  00F9               	movwf	??_DS3231_ReadTime
  3826  076C  0879               	movf	??_DS3231_ReadTime,w
  3827  076D  1283               	bcf	3,5	;RP0=0, select bank0
  3828  076E  00A3               	movwf	DS3231_ReadTime@raw_date
  3829                           
  3830                           ;I-Tank_Auto-Flush_RTC_40mins-30secs.c: 805:     raw_month = I2C_ReadByte(1);
  3831  076F  3001               	movlw	1
  3832  0770  23FF               	fcall	_I2C_ReadByte
  3833  0771  00F9               	movwf	??_DS3231_ReadTime
  3834  0772  0879               	movf	??_DS3231_ReadTime,w
  3835  0773  1283               	bcf	3,5	;RP0=0, select bank0
  3836  0774  00A4               	movwf	DS3231_ReadTime@raw_month
  3837                           
  3838                           ;I-Tank_Auto-Flush_RTC_40mins-30secs.c: 806:     raw_year = I2C_ReadByte(0);
  3839  0775  3000               	movlw	0
  3840  0776  23FF               	fcall	_I2C_ReadByte
  3841  0777  00F9               	movwf	??_DS3231_ReadTime
  3842  0778  0879               	movf	??_DS3231_ReadTime,w
  3843  0779  1283               	bcf	3,5	;RP0=0, select bank0
  3844  077A  00A5               	movwf	DS3231_ReadTime@raw_year
  3845                           
  3846                           ;I-Tank_Auto-Flush_RTC_40mins-30secs.c: 808:     I2C_Stop();
  3847  077B  2265               	fcall	_I2C_Stop
  3848  077C                     l1887:
  3849                           
  3850                           ;I-Tank_Auto-Flush_RTC_40mins-30secs.c: 810:     time->second = BCD_To_Dec((uint8_t)(raw
      +                          _second & 0x7F));
  3851  077C  1283               	bcf	3,5	;RP0=0, select bank0
  3852  077D  0820               	movf	DS3231_ReadTime@raw_second,w
  3853  077E  397F               	andlw	127
  3854  077F  2301               	fcall	_BCD_To_Dec
  3855  0780  00F9               	movwf	??_DS3231_ReadTime
  3856  0781  1283               	bcf	3,5	;RP0=0, select bank0
  3857  0782  0829               	movf	DS3231_ReadTime@time,w
  3858  0783  0084               	movwf	4
  3859  0784  0879               	movf	??_DS3231_ReadTime,w
  3860  0785  1383               	bcf	3,7	;select IRP bank0
  3861  0786  0080               	movwf	0
  3862  0787                     l1889:
  3863                           
  3864                           ;I-Tank_Auto-Flush_RTC_40mins-30secs.c: 811:     time->minute = BCD_To_Dec((uint8_t)(raw
      +                          _minute & 0x7F));
  3865  0787  0821               	movf	DS3231_ReadTime@raw_minute,w
  3866  0788  397F               	andlw	127
  3867  0789  2301               	fcall	_BCD_To_Dec
  3868  078A  00F9               	movwf	??_DS3231_ReadTime
  3869  078B  1283               	bcf	3,5	;RP0=0, select bank0
  3870  078C  0A29               	incf	DS3231_ReadTime@time,w
  3871  078D  0084               	movwf	4
  3872  078E  0879               	movf	??_DS3231_ReadTime,w
  3873  078F  1383               	bcf	3,7	;select IRP bank0
  3874  0790  0080               	movwf	0
  3875  0791                     l1891:
  3876                           
  3877                           ;I-Tank_Auto-Flush_RTC_40mins-30secs.c: 813:     if ((raw_hour & 0x40) != 0)
  3878  0791  1F27               	btfss	DS3231_ReadTime@raw_hour,6
  3879  0792  2F94               	goto	u1251
  3880  0793  2F95               	goto	u1250
  3881  0794                     u1251:
  3882  0794  2FC6               	goto	l1909
  3883  0795                     u1250:
  3884  0795                     l1893:
  3885                           
  3886                           ;I-Tank_Auto-Flush_RTC_40mins-30secs.c: 814:     {;I-Tank_Auto-Flush_RTC_40mins-30secs.c
      +                          : 815:         uint8_t hour_12;;I-Tank_Auto-Flush_RTC_40mins-30secs.c: 816:         _Boo
      +                          l is_pm;;I-Tank_Auto-Flush_RTC_40mins-30secs.c: 818:         hour_12 = BCD_To_Dec((uint8
      +                          _t)(raw_hour & 0x1F));
  3887  0795  0827               	movf	DS3231_ReadTime@raw_hour,w
  3888  0796  391F               	andlw	31
  3889  0797  2301               	fcall	_BCD_To_Dec
  3890  0798  00F9               	movwf	??_DS3231_ReadTime
  3891  0799  0879               	movf	??_DS3231_ReadTime,w
  3892  079A  1283               	bcf	3,5	;RP0=0, select bank0
  3893  079B  00A8               	movwf	DS3231_ReadTime@hour_12
  3894  079C                     l1895:
  3895                           
  3896                           ;I-Tank_Auto-Flush_RTC_40mins-30secs.c: 819:         is_pm = ((raw_hour & 0x20) != 0);
  3897  079C  1AA7               	btfsc	DS3231_ReadTime@raw_hour,5
  3898  079D  2F9F               	goto	u1261
  3899  079E  2FA1               	goto	u1260
  3900  079F                     u1261:
  3901  079F  3001               	movlw	1
  3902  07A0  2FA2               	goto	u1270
  3903  07A1                     u1260:
  3904  07A1  3000               	movlw	0
  3905  07A2                     u1270:
  3906  07A2  00F9               	movwf	??_DS3231_ReadTime
  3907  07A3  0879               	movf	??_DS3231_ReadTime,w
  3908  07A4  00A6               	movwf	DS3231_ReadTime@is_pm
  3909  07A5                     l1897:
  3910                           
  3911                           ;I-Tank_Auto-Flush_RTC_40mins-30secs.c: 821:         if (is_pm)
  3912  07A5  0826               	movf	DS3231_ReadTime@is_pm,w
  3913  07A6  1903               	btfsc	3,2
  3914  07A7  2FA9               	goto	u1281
  3915  07A8  2FAA               	goto	u1280
  3916  07A9                     u1281:
  3917  07A9  2FB6               	goto	l1903
  3918  07AA                     u1280:
  3919  07AA                     l1899:
  3920                           
  3921                           ;I-Tank_Auto-Flush_RTC_40mins-30secs.c: 822:         {;I-Tank_Auto-Flush_RTC_40mins-30se
      +                          cs.c: 823:             if (hour_12 != 12)
  3922  07AA  300C               	movlw	12
  3923  07AB  0628               	xorwf	DS3231_ReadTime@hour_12,w
  3924  07AC  1903               	btfsc	3,2
  3925  07AD  2FAF               	goto	u1291
  3926  07AE  2FB0               	goto	u1290
  3927  07AF                     u1291:
  3928  07AF  2FBD               	goto	l1907
  3929  07B0                     u1290:
  3930  07B0                     l1901:
  3931                           
  3932                           ;I-Tank_Auto-Flush_RTC_40mins-30secs.c: 824:             {;I-Tank_Auto-Flush_RTC_40mins-
      +                          30secs.c: 825:                 hour_12 = (uint8_t)(hour_12 + 12);
  3933  07B0  0828               	movf	DS3231_ReadTime@hour_12,w
  3934  07B1  3E0C               	addlw	12
  3935  07B2  00F9               	movwf	??_DS3231_ReadTime
  3936  07B3  0879               	movf	??_DS3231_ReadTime,w
  3937  07B4  00A8               	movwf	DS3231_ReadTime@hour_12
  3938  07B5  2FBD               	goto	l1907
  3939  07B6                     l1903:
  3940                           
  3941                           ;I-Tank_Auto-Flush_RTC_40mins-30secs.c: 829:         {;I-Tank_Auto-Flush_RTC_40mins-30se
      +                          cs.c: 830:             if (hour_12 == 12)
  3942  07B6  300C               	movlw	12
  3943  07B7  0628               	xorwf	DS3231_ReadTime@hour_12,w
  3944  07B8  1D03               	btfss	3,2
  3945  07B9  2FBB               	goto	u1301
  3946  07BA  2FBC               	goto	u1300
  3947  07BB                     u1301:
  3948  07BB  2FBD               	goto	l1907
  3949  07BC                     u1300:
  3950  07BC                     l1905:
  3951                           
  3952                           ;I-Tank_Auto-Flush_RTC_40mins-30secs.c: 831:             {;I-Tank_Auto-Flush_RTC_40mins-
      +                          30secs.c: 832:                 hour_12 = 0;
  3953  07BC  01A8               	clrf	DS3231_ReadTime@hour_12
  3954  07BD                     l1907:
  3955                           
  3956                           ;I-Tank_Auto-Flush_RTC_40mins-30secs.c: 836:         time->hour = hour_12;
  3957  07BD  0828               	movf	DS3231_ReadTime@hour_12,w
  3958  07BE  00F9               	movwf	??_DS3231_ReadTime
  3959  07BF  0829               	movf	DS3231_ReadTime@time,w
  3960  07C0  3E02               	addlw	2
  3961  07C1  0084               	movwf	4
  3962  07C2  0879               	movf	??_DS3231_ReadTime,w
  3963  07C3  1383               	bcf	3,7	;select IRP bank0
  3964  07C4  0080               	movwf	0
  3965                           
  3966                           ;I-Tank_Auto-Flush_RTC_40mins-30secs.c: 837:     }
  3967  07C5  2FD1               	goto	l195
  3968  07C6                     l1909:
  3969                           
  3970                           ;I-Tank_Auto-Flush_RTC_40mins-30secs.c: 839:     {;I-Tank_Auto-Flush_RTC_40mins-30secs.c
      +                          : 840:         time->hour = BCD_To_Dec((uint8_t)(raw_hour & 0x3F));
  3971  07C6  0827               	movf	DS3231_ReadTime@raw_hour,w
  3972  07C7  393F               	andlw	63
  3973  07C8  2301               	fcall	_BCD_To_Dec
  3974  07C9  00F9               	movwf	??_DS3231_ReadTime
  3975  07CA  1283               	bcf	3,5	;RP0=0, select bank0
  3976  07CB  0829               	movf	DS3231_ReadTime@time,w
  3977  07CC  3E02               	addlw	2
  3978  07CD  0084               	movwf	4
  3979  07CE  0879               	movf	??_DS3231_ReadTime,w
  3980  07CF  1383               	bcf	3,7	;select IRP bank0
  3981  07D0  0080               	movwf	0
  3982  07D1                     l195:	
  3983                           ;I-Tank_Auto-Flush_RTC_40mins-30secs.c: 841:     }
  3984                           
  3985                           
  3986                           ;I-Tank_Auto-Flush_RTC_40mins-30secs.c: 843:     time->day_of_week = BCD_To_Dec((uint8_t
      +                          )(raw_day & 0x07));
  3987  07D1  0822               	movf	DS3231_ReadTime@raw_day,w
  3988  07D2  3907               	andlw	7
  3989  07D3  2301               	fcall	_BCD_To_Dec
  3990  07D4  00F9               	movwf	??_DS3231_ReadTime
  3991  07D5  1283               	bcf	3,5	;RP0=0, select bank0
  3992  07D6  0829               	movf	DS3231_ReadTime@time,w
  3993  07D7  3E03               	addlw	3
  3994  07D8  0084               	movwf	4
  3995  07D9  0879               	movf	??_DS3231_ReadTime,w
  3996  07DA  1383               	bcf	3,7	;select IRP bank0
  3997  07DB  0080               	movwf	0
  3998                           
  3999                           ;I-Tank_Auto-Flush_RTC_40mins-30secs.c: 844:     time->date = BCD_To_Dec((uint8_t)(raw_d
      +                          ate & 0x3F));
  4000  07DC  0823               	movf	DS3231_ReadTime@raw_date,w
  4001  07DD  393F               	andlw	63
  4002  07DE  2301               	fcall	_BCD_To_Dec
  4003  07DF  00F9               	movwf	??_DS3231_ReadTime
  4004  07E0  1283               	bcf	3,5	;RP0=0, select bank0
  4005  07E1  0829               	movf	DS3231_ReadTime@time,w
  4006  07E2  3E04               	addlw	4
  4007  07E3  0084               	movwf	4
  4008  07E4  0879               	movf	??_DS3231_ReadTime,w
  4009  07E5  1383               	bcf	3,7	;select IRP bank0
  4010  07E6  0080               	movwf	0
  4011                           
  4012                           ;I-Tank_Auto-Flush_RTC_40mins-30secs.c: 845:     time->month = BCD_To_Dec((uint8_t)(raw_
      +                          month & 0x1F));
  4013  07E7  0824               	movf	DS3231_ReadTime@raw_month,w
  4014  07E8  391F               	andlw	31
  4015  07E9  2301               	fcall	_BCD_To_Dec
  4016  07EA  00F9               	movwf	??_DS3231_ReadTime
  4017  07EB  1283               	bcf	3,5	;RP0=0, select bank0
  4018  07EC  0829               	movf	DS3231_ReadTime@time,w
  4019  07ED  3E05               	addlw	5
  4020  07EE  0084               	movwf	4
  4021  07EF  0879               	movf	??_DS3231_ReadTime,w
  4022  07F0  1383               	bcf	3,7	;select IRP bank0
  4023  07F1  0080               	movwf	0
  4024                           
  4025                           ;I-Tank_Auto-Flush_RTC_40mins-30secs.c: 846:     time->year = BCD_To_Dec(raw_year);
  4026  07F2  0825               	movf	DS3231_ReadTime@raw_year,w
  4027  07F3  2301               	fcall	_BCD_To_Dec
  4028  07F4  00F9               	movwf	??_DS3231_ReadTime
  4029  07F5  1283               	bcf	3,5	;RP0=0, select bank0
  4030  07F6  0829               	movf	DS3231_ReadTime@time,w
  4031  07F7  3E06               	addlw	6
  4032  07F8  0084               	movwf	4
  4033  07F9  0879               	movf	??_DS3231_ReadTime,w
  4034  07FA  1383               	bcf	3,7	;select IRP bank0
  4035  07FB  0080               	movwf	0
  4036  07FC                     l1911:
  4037                           
  4038                           ;I-Tank_Auto-Flush_RTC_40mins-30secs.c: 848:     return 1;
  4039  07FC  3001               	movlw	1
  4040  07FD                     l187:
  4041  07FD  0008               	return
  4042  07FE                     __end_of_DS3231_ReadTime:
  4043                           
  4044                           	psect	text28
  4045  042A                     __ptext28:	
  4046 ;; *************** function _I2C_WriteByte *****************
  4047 ;; Defined at:
  4048 ;;		line 499 in file "I-Tank_Auto-Flush_RTC_40mins-30secs.c"
  4049 ;; Parameters:    Size  Location     Type
  4050 ;;  data            1    wreg     unsigned char 
  4051 ;; Auto vars:     Size  Location     Type
  4052 ;;  data            1    3[COMMON] unsigned char 
  4053 ;;  i               1    5[COMMON] unsigned char 
  4054 ;;  ack             1    4[COMMON] _Bool 
  4055 ;; Return value:  Size  Location     Type
  4056 ;;                  1    wreg      _Bool 
  4057 ;; Registers used:
  4058 ;;		wreg, status,2, status,0, pclath, cstack
  4059 ;; Tracked objects:
  4060 ;;		On entry : 0/0
  4061 ;;		On exit  : 0/0
  4062 ;;		Unchanged: 0/0
  4063 ;; Data sizes:     COMMON   BANK0   BANK1
  4064 ;;      Params:         0       0       0
  4065 ;;      Locals:         3       0       0
  4066 ;;      Temps:          1       0       0
  4067 ;;      Totals:         4       0       0
  4068 ;;Total ram usage:        4 bytes
  4069 ;; Hardware stack levels used:    1
  4070 ;; Hardware stack levels required when called:    1
  4071 ;; This function calls:
  4072 ;;		_I2C_Delay
  4073 ;;		_SCL_Low
  4074 ;;		_SCL_Release
  4075 ;;		_SDA_Low
  4076 ;;		_SDA_Read
  4077 ;;		_SDA_Release
  4078 ;; This function is called by:
  4079 ;;		_DS3231_ReadTime
  4080 ;; This function uses a non-reentrant model
  4081 ;;
  4082                           
  4083                           
  4084                           ;psect for function _I2C_WriteByte
  4085  042A                     _I2C_WriteByte:
  4086                           
  4087                           ;incstack = 0
  4088                           ; Regs used in _I2C_WriteByte: [wreg+status,2+status,0+pclath+cstack]
  4089                           ;I2C_WriteByte@data stored from wreg
  4090  042A  00F3               	movwf	I2C_WriteByte@data
  4091  042B                     l1645:
  4092                           
  4093                           ;I-Tank_Auto-Flush_RTC_40mins-30secs.c: 499: static _Bool I2C_WriteByte(uint8_t data);I-
      +                          Tank_Auto-Flush_RTC_40mins-30secs.c: 500: {;I-Tank_Auto-Flush_RTC_40mins-30secs.c: 501: 
      +                              uint8_t i;;I-Tank_Auto-Flush_RTC_40mins-30secs.c: 502:     _Bool ack;;I-Tank_Auto-Fl
      +                          ush_RTC_40mins-30secs.c: 504:     for (i = 0; i < 8; i++)
  4094  042B  01F5               	clrf	I2C_WriteByte@i
  4095  042C                     l131:
  4096                           
  4097                           ;I-Tank_Auto-Flush_RTC_40mins-30secs.c: 505:     {;I-Tank_Auto-Flush_RTC_40mins-30secs.c
      +                          : 506:         if ((data & 0x80) != 0)
  4098  042C  1FF3               	btfss	I2C_WriteByte@data,7
  4099  042D  2C2F               	goto	u991
  4100  042E  2C30               	goto	u990
  4101  042F                     u991:
  4102  042F  2C32               	goto	l1653
  4103  0430                     u990:
  4104  0430                     l1651:
  4105                           
  4106                           ;I-Tank_Auto-Flush_RTC_40mins-30secs.c: 507:         {;I-Tank_Auto-Flush_RTC_40mins-30se
      +                          cs.c: 508:             SDA_Release();
  4107  0430  2241               	fcall	_SDA_Release
  4108                           
  4109                           ;I-Tank_Auto-Flush_RTC_40mins-30secs.c: 509:         }
  4110  0431  2C33               	goto	l1655
  4111  0432                     l1653:
  4112                           
  4113                           ;I-Tank_Auto-Flush_RTC_40mins-30secs.c: 511:         {;I-Tank_Auto-Flush_RTC_40mins-30se
      +                          cs.c: 512:             SDA_Low();
  4114  0432  225B               	fcall	_SDA_Low
  4115  0433                     l1655:
  4116                           
  4117                           ;I-Tank_Auto-Flush_RTC_40mins-30secs.c: 515:         I2C_Delay();
  4118  0433  22C5               	fcall	_I2C_Delay
  4119  0434                     l1657:
  4120                           
  4121                           ;I-Tank_Auto-Flush_RTC_40mins-30secs.c: 517:         SCL_Release();
  4122  0434  223E               	fcall	_SCL_Release
  4123                           
  4124                           ;I-Tank_Auto-Flush_RTC_40mins-30secs.c: 518:         I2C_Delay();
  4125  0435  22C5               	fcall	_I2C_Delay
  4126  0436                     l1659:
  4127                           
  4128                           ;I-Tank_Auto-Flush_RTC_40mins-30secs.c: 520:         SCL_Low();
  4129  0436  2256               	fcall	_SCL_Low
  4130  0437                     l1661:
  4131                           
  4132                           ;I-Tank_Auto-Flush_RTC_40mins-30secs.c: 521:         I2C_Delay();
  4133  0437  22C5               	fcall	_I2C_Delay
  4134  0438                     l1663:
  4135                           
  4136                           ;I-Tank_Auto-Flush_RTC_40mins-30secs.c: 523:         data <<= 1;
  4137  0438  1003               	clrc
  4138  0439  0DF3               	rlf	I2C_WriteByte@data,f
  4139  043A                     l1665:
  4140                           
  4141                           ;I-Tank_Auto-Flush_RTC_40mins-30secs.c: 524:     }
  4142  043A  3001               	movlw	1
  4143  043B  00F2               	movwf	??_I2C_WriteByte
  4144  043C  0872               	movf	??_I2C_WriteByte,w
  4145  043D  07F5               	addwf	I2C_WriteByte@i,f
  4146  043E                     l1667:
  4147  043E  3008               	movlw	8
  4148  043F  0275               	subwf	I2C_WriteByte@i,w
  4149  0440  1C03               	skipc
  4150  0441  2C43               	goto	u1001
  4151  0442  2C44               	goto	u1000
  4152  0443                     u1001:
  4153  0443  2C2C               	goto	l131
  4154  0444                     u1000:
  4155  0444                     l1669:
  4156                           
  4157                           ;I-Tank_Auto-Flush_RTC_40mins-30secs.c: 526:     SDA_Release();
  4158  0444  2241               	fcall	_SDA_Release
  4159  0445                     l1671:
  4160                           
  4161                           ;I-Tank_Auto-Flush_RTC_40mins-30secs.c: 527:     I2C_Delay();
  4162  0445  22C5               	fcall	_I2C_Delay
  4163  0446                     l1673:
  4164                           
  4165                           ;I-Tank_Auto-Flush_RTC_40mins-30secs.c: 529:     SCL_Release();
  4166  0446  223E               	fcall	_SCL_Release
  4167                           
  4168                           ;I-Tank_Auto-Flush_RTC_40mins-30secs.c: 530:     I2C_Delay();
  4169  0447  22C5               	fcall	_I2C_Delay
  4170                           
  4171                           ;I-Tank_Auto-Flush_RTC_40mins-30secs.c: 532:     ack = (SDA_Read() == 0);
  4172  0448  224A               	fcall	_SDA_Read
  4173  0449  3A00               	xorlw	0
  4174  044A  1903               	skipnz
  4175  044B  2C4D               	goto	u1011
  4176  044C  2C4F               	goto	u1010
  4177  044D                     u1011:
  4178  044D  3001               	movlw	1
  4179  044E  2C50               	goto	u1020
  4180  044F                     u1010:
  4181  044F  3000               	movlw	0
  4182  0450                     u1020:
  4183  0450  00F2               	movwf	??_I2C_WriteByte
  4184  0451  0872               	movf	??_I2C_WriteByte,w
  4185  0452  00F4               	movwf	I2C_WriteByte@ack
  4186  0453                     l1675:
  4187                           
  4188                           ;I-Tank_Auto-Flush_RTC_40mins-30secs.c: 534:     SCL_Low();
  4189  0453  2256               	fcall	_SCL_Low
  4190  0454                     l1677:
  4191                           
  4192                           ;I-Tank_Auto-Flush_RTC_40mins-30secs.c: 535:     I2C_Delay();
  4193  0454  22C5               	fcall	_I2C_Delay
  4194  0455                     l1679:
  4195                           
  4196                           ;I-Tank_Auto-Flush_RTC_40mins-30secs.c: 537:     return ack;
  4197  0455  0874               	movf	I2C_WriteByte@ack,w
  4198  0456                     l135:
  4199  0456  0008               	return
  4200  0457                     __end_of_I2C_WriteByte:
  4201                           
  4202                           	psect	text29
  4203  0265                     __ptext29:	
  4204 ;; *************** function _I2C_Stop *****************
  4205 ;; Defined at:
  4206 ;;		line 487 in file "I-Tank_Auto-Flush_RTC_40mins-30secs.c"
  4207 ;; Parameters:    Size  Location     Type
  4208 ;;		None
  4209 ;; Auto vars:     Size  Location     Type
  4210 ;;		None
  4211 ;; Return value:  Size  Location     Type
  4212 ;;                  1    wreg      void 
  4213 ;; Registers used:
  4214 ;;		wreg, status,2, status,0, pclath, cstack
  4215 ;; Tracked objects:
  4216 ;;		On entry : 0/0
  4217 ;;		On exit  : 0/0
  4218 ;;		Unchanged: 0/0
  4219 ;; Data sizes:     COMMON   BANK0   BANK1
  4220 ;;      Params:         0       0       0
  4221 ;;      Locals:         0       0       0
  4222 ;;      Temps:          0       0       0
  4223 ;;      Totals:         0       0       0
  4224 ;;Total ram usage:        0 bytes
  4225 ;; Hardware stack levels used:    1
  4226 ;; Hardware stack levels required when called:    1
  4227 ;; This function calls:
  4228 ;;		_I2C_Delay
  4229 ;;		_SCL_Release
  4230 ;;		_SDA_Low
  4231 ;;		_SDA_Release
  4232 ;; This function is called by:
  4233 ;;		_DS3231_ReadTime
  4234 ;; This function uses a non-reentrant model
  4235 ;;
  4236                           
  4237                           
  4238                           ;psect for function _I2C_Stop
  4239  0265                     _I2C_Stop:
  4240  0265                     l1635:	
  4241                           ;incstack = 0
  4242                           ; Regs used in _I2C_Stop: [wreg+status,2+status,0+pclath+cstack]
  4243                           
  4244                           
  4245                           ;I-Tank_Auto-Flush_RTC_40mins-30secs.c: 489:     SDA_Low();
  4246  0265  225B               	fcall	_SDA_Low
  4247  0266                     l1637:
  4248                           
  4249                           ;I-Tank_Auto-Flush_RTC_40mins-30secs.c: 490:     I2C_Delay();
  4250  0266  22C5               	fcall	_I2C_Delay
  4251  0267                     l1639:
  4252                           
  4253                           ;I-Tank_Auto-Flush_RTC_40mins-30secs.c: 492:     SCL_Release();
  4254  0267  223E               	fcall	_SCL_Release
  4255                           
  4256                           ;I-Tank_Auto-Flush_RTC_40mins-30secs.c: 493:     I2C_Delay();
  4257  0268  22C5               	fcall	_I2C_Delay
  4258  0269                     l1641:
  4259                           
  4260                           ;I-Tank_Auto-Flush_RTC_40mins-30secs.c: 495:     SDA_Release();
  4261  0269  2241               	fcall	_SDA_Release
  4262  026A                     l1643:
  4263                           
  4264                           ;I-Tank_Auto-Flush_RTC_40mins-30secs.c: 496:     I2C_Delay();
  4265  026A  22C5               	fcall	_I2C_Delay
  4266  026B                     l128:
  4267  026B  0008               	return
  4268  026C                     __end_of_I2C_Stop:
  4269                           
  4270                           	psect	text30
  4271  026C                     __ptext30:	
  4272 ;; *************** function _I2C_Start *****************
  4273 ;; Defined at:
  4274 ;;		line 474 in file "I-Tank_Auto-Flush_RTC_40mins-30secs.c"
  4275 ;; Parameters:    Size  Location     Type
  4276 ;;		None
  4277 ;; Auto vars:     Size  Location     Type
  4278 ;;		None
  4279 ;; Return value:  Size  Location     Type
  4280 ;;                  1    wreg      void 
  4281 ;; Registers used:
  4282 ;;		wreg, status,2, status,0, pclath, cstack
  4283 ;; Tracked objects:
  4284 ;;		On entry : 0/0
  4285 ;;		On exit  : 0/0
  4286 ;;		Unchanged: 0/0
  4287 ;; Data sizes:     COMMON   BANK0   BANK1
  4288 ;;      Params:         0       0       0
  4289 ;;      Locals:         0       0       0
  4290 ;;      Temps:          0       0       0
  4291 ;;      Totals:         0       0       0
  4292 ;;Total ram usage:        0 bytes
  4293 ;; Hardware stack levels used:    1
  4294 ;; Hardware stack levels required when called:    1
  4295 ;; This function calls:
  4296 ;;		_I2C_Delay
  4297 ;;		_SCL_Low
  4298 ;;		_SCL_Release
  4299 ;;		_SDA_Low
  4300 ;;		_SDA_Release
  4301 ;; This function is called by:
  4302 ;;		_DS3231_ReadTime
  4303 ;; This function uses a non-reentrant model
  4304 ;;
  4305                           
  4306                           
  4307                           ;psect for function _I2C_Start
  4308  026C                     _I2C_Start:
  4309  026C                     l1625:	
  4310                           ;incstack = 0
  4311                           ; Regs used in _I2C_Start: [wreg+status,2+status,0+pclath+cstack]
  4312                           
  4313                           
  4314                           ;I-Tank_Auto-Flush_RTC_40mins-30secs.c: 476:     SDA_Release();
  4315  026C  2241               	fcall	_SDA_Release
  4316                           
  4317                           ;I-Tank_Auto-Flush_RTC_40mins-30secs.c: 477:     SCL_Release();
  4318  026D  223E               	fcall	_SCL_Release
  4319  026E                     l1627:
  4320                           
  4321                           ;I-Tank_Auto-Flush_RTC_40mins-30secs.c: 478:     I2C_Delay();
  4322  026E  22C5               	fcall	_I2C_Delay
  4323  026F                     l1629:
  4324                           
  4325                           ;I-Tank_Auto-Flush_RTC_40mins-30secs.c: 480:     SDA_Low();
  4326  026F  225B               	fcall	_SDA_Low
  4327                           
  4328                           ;I-Tank_Auto-Flush_RTC_40mins-30secs.c: 481:     I2C_Delay();
  4329  0270  22C5               	fcall	_I2C_Delay
  4330  0271                     l1631:
  4331                           
  4332                           ;I-Tank_Auto-Flush_RTC_40mins-30secs.c: 483:     SCL_Low();
  4333  0271  2256               	fcall	_SCL_Low
  4334  0272                     l1633:
  4335                           
  4336                           ;I-Tank_Auto-Flush_RTC_40mins-30secs.c: 484:     I2C_Delay();
  4337  0272  22C5               	fcall	_I2C_Delay
  4338  0273                     l125:
  4339  0273  0008               	return
  4340  0274                     __end_of_I2C_Start:
  4341                           
  4342                           	psect	text31
  4343  03FF                     __ptext31:	
  4344 ;; *************** function _I2C_ReadByte *****************
  4345 ;; Defined at:
  4346 ;;		line 540 in file "I-Tank_Auto-Flush_RTC_40mins-30secs.c"
  4347 ;; Parameters:    Size  Location     Type
  4348 ;;  send_ack        1    wreg     _Bool 
  4349 ;; Auto vars:     Size  Location     Type
  4350 ;;  send_ack        1    3[COMMON] _Bool 
  4351 ;;  i               1    5[COMMON] unsigned char 
  4352 ;;  data            1    4[COMMON] unsigned char 
  4353 ;; Return value:  Size  Location     Type
  4354 ;;                  1    wreg      unsigned char 
  4355 ;; Registers used:
  4356 ;;		wreg, status,2, status,0, pclath, cstack
  4357 ;; Tracked objects:
  4358 ;;		On entry : 0/0
  4359 ;;		On exit  : 0/0
  4360 ;;		Unchanged: 0/0
  4361 ;; Data sizes:     COMMON   BANK0   BANK1
  4362 ;;      Params:         0       0       0
  4363 ;;      Locals:         3       0       0
  4364 ;;      Temps:          1       0       0
  4365 ;;      Totals:         4       0       0
  4366 ;;Total ram usage:        4 bytes
  4367 ;; Hardware stack levels used:    1
  4368 ;; Hardware stack levels required when called:    1
  4369 ;; This function calls:
  4370 ;;		_I2C_Delay
  4371 ;;		_SCL_Low
  4372 ;;		_SCL_Release
  4373 ;;		_SDA_Low
  4374 ;;		_SDA_Read
  4375 ;;		_SDA_Release
  4376 ;; This function is called by:
  4377 ;;		_DS3231_ReadTime
  4378 ;; This function uses a non-reentrant model
  4379 ;;
  4380                           
  4381                           
  4382                           ;psect for function _I2C_ReadByte
  4383  03FF                     _I2C_ReadByte:
  4384                           
  4385                           ;incstack = 0
  4386                           ; Regs used in _I2C_ReadByte: [wreg+status,2+status,0+pclath+cstack]
  4387                           ;I2C_ReadByte@send_ack stored from wreg
  4388  03FF  00F3               	movwf	I2C_ReadByte@send_ack
  4389  0400                     l1683:
  4390                           
  4391                           ;I-Tank_Auto-Flush_RTC_40mins-30secs.c: 540: static uint8_t I2C_ReadByte(_Bool send_ack)
      +                          ;I-Tank_Auto-Flush_RTC_40mins-30secs.c: 541: {;I-Tank_Auto-Flush_RTC_40mins-30secs.c: 54
      +                          2:     uint8_t i;;I-Tank_Auto-Flush_RTC_40mins-30secs.c: 543:     uint8_t data = 0;
  4392  0400  01F4               	clrf	I2C_ReadByte@data
  4393  0401                     l1685:
  4394                           
  4395                           ;I-Tank_Auto-Flush_RTC_40mins-30secs.c: 545:     SDA_Release();
  4396  0401  2241               	fcall	_SDA_Release
  4397  0402                     l1687:
  4398                           
  4399                           ;I-Tank_Auto-Flush_RTC_40mins-30secs.c: 547:     for (i = 0; i < 8; i++)
  4400  0402  01F5               	clrf	I2C_ReadByte@i
  4401  0403                     l1693:
  4402                           
  4403                           ;I-Tank_Auto-Flush_RTC_40mins-30secs.c: 548:     {;I-Tank_Auto-Flush_RTC_40mins-30secs.c
      +                          : 549:         data <<= 1;
  4404  0403  1003               	clrc
  4405  0404  0DF4               	rlf	I2C_ReadByte@data,f
  4406  0405                     l1695:
  4407                           
  4408                           ;I-Tank_Auto-Flush_RTC_40mins-30secs.c: 551:         SCL_Release();
  4409  0405  223E               	fcall	_SCL_Release
  4410                           
  4411                           ;I-Tank_Auto-Flush_RTC_40mins-30secs.c: 552:         I2C_Delay();
  4412  0406  22C5               	fcall	_I2C_Delay
  4413                           
  4414                           ;I-Tank_Auto-Flush_RTC_40mins-30secs.c: 554:         if (SDA_Read() != 0)
  4415  0407  224A               	fcall	_SDA_Read
  4416  0408  3A00               	xorlw	0
  4417  0409  1903               	skipnz
  4418  040A  2C0C               	goto	u1031
  4419  040B  2C0D               	goto	u1030
  4420  040C                     u1031:
  4421  040C  2C0E               	goto	l1699
  4422  040D                     u1030:
  4423  040D                     l1697:
  4424                           
  4425                           ;I-Tank_Auto-Flush_RTC_40mins-30secs.c: 555:         {;I-Tank_Auto-Flush_RTC_40mins-30se
      +                          cs.c: 556:             data |= 1;
  4426  040D  1474               	bsf	I2C_ReadByte@data,0
  4427  040E                     l1699:
  4428                           
  4429                           ;I-Tank_Auto-Flush_RTC_40mins-30secs.c: 559:         SCL_Low();
  4430  040E  2256               	fcall	_SCL_Low
  4431  040F                     l1701:
  4432                           
  4433                           ;I-Tank_Auto-Flush_RTC_40mins-30secs.c: 560:         I2C_Delay();
  4434  040F  22C5               	fcall	_I2C_Delay
  4435  0410                     l1703:
  4436                           
  4437                           ;I-Tank_Auto-Flush_RTC_40mins-30secs.c: 561:     }
  4438  0410  3001               	movlw	1
  4439  0411  00F2               	movwf	??_I2C_ReadByte
  4440  0412  0872               	movf	??_I2C_ReadByte,w
  4441  0413  07F5               	addwf	I2C_ReadByte@i,f
  4442  0414                     l1705:
  4443  0414  3008               	movlw	8
  4444  0415  0275               	subwf	I2C_ReadByte@i,w
  4445  0416  1C03               	skipc
  4446  0417  2C19               	goto	u1041
  4447  0418  2C1A               	goto	u1040
  4448  0419                     u1041:
  4449  0419  2C03               	goto	l1693
  4450  041A                     u1040:
  4451  041A                     l1707:
  4452                           
  4453                           ;I-Tank_Auto-Flush_RTC_40mins-30secs.c: 563:     if (send_ack)
  4454  041A  0873               	movf	I2C_ReadByte@send_ack,w
  4455  041B  1903               	btfsc	3,2
  4456  041C  2C1E               	goto	u1051
  4457  041D  2C1F               	goto	u1050
  4458  041E                     u1051:
  4459  041E  2C21               	goto	l1711
  4460  041F                     u1050:
  4461  041F                     l1709:
  4462                           
  4463                           ;I-Tank_Auto-Flush_RTC_40mins-30secs.c: 564:     {;I-Tank_Auto-Flush_RTC_40mins-30secs.c
      +                          : 565:         SDA_Low();
  4464  041F  225B               	fcall	_SDA_Low
  4465                           
  4466                           ;I-Tank_Auto-Flush_RTC_40mins-30secs.c: 566:     }
  4467  0420  2C22               	goto	l1713
  4468  0421                     l1711:
  4469                           
  4470                           ;I-Tank_Auto-Flush_RTC_40mins-30secs.c: 568:     {;I-Tank_Auto-Flush_RTC_40mins-30secs.c
      +                          : 569:         SDA_Release();
  4471  0421  2241               	fcall	_SDA_Release
  4472  0422                     l1713:
  4473                           
  4474                           ;I-Tank_Auto-Flush_RTC_40mins-30secs.c: 572:     I2C_Delay();
  4475  0422  22C5               	fcall	_I2C_Delay
  4476  0423                     l1715:
  4477                           
  4478                           ;I-Tank_Auto-Flush_RTC_40mins-30secs.c: 574:     SCL_Release();
  4479  0423  223E               	fcall	_SCL_Release
  4480                           
  4481                           ;I-Tank_Auto-Flush_RTC_40mins-30secs.c: 575:     I2C_Delay();
  4482  0424  22C5               	fcall	_I2C_Delay
  4483  0425                     l1717:
  4484                           
  4485                           ;I-Tank_Auto-Flush_RTC_40mins-30secs.c: 577:     SCL_Low();
  4486  0425  2256               	fcall	_SCL_Low
  4487  0426                     l1719:
  4488                           
  4489                           ;I-Tank_Auto-Flush_RTC_40mins-30secs.c: 578:     I2C_Delay();
  4490  0426  22C5               	fcall	_I2C_Delay
  4491                           
  4492                           ;I-Tank_Auto-Flush_RTC_40mins-30secs.c: 580:     SDA_Release();
  4493  0427  2241               	fcall	_SDA_Release
  4494  0428                     l1721:
  4495                           
  4496                           ;I-Tank_Auto-Flush_RTC_40mins-30secs.c: 582:     return data;
  4497  0428  0874               	movf	I2C_ReadByte@data,w
  4498  0429                     l143:
  4499  0429  0008               	return
  4500  042A                     __end_of_I2C_ReadByte:
  4501                           
  4502                           	psect	text32
  4503  0241                     __ptext32:	
  4504 ;; *************** function _SDA_Release *****************
  4505 ;; Defined at:
  4506 ;;		line 440 in file "I-Tank_Auto-Flush_RTC_40mins-30secs.c"
  4507 ;; Parameters:    Size  Location     Type
  4508 ;;		None
  4509 ;; Auto vars:     Size  Location     Type
  4510 ;;		None
  4511 ;; Return value:  Size  Location     Type
  4512 ;;                  1    wreg      void 
  4513 ;; Registers used:
  4514 ;;		None
  4515 ;; Tracked objects:
  4516 ;;		On entry : 0/0
  4517 ;;		On exit  : 0/0
  4518 ;;		Unchanged: 0/0
  4519 ;; Data sizes:     COMMON   BANK0   BANK1
  4520 ;;      Params:         0       0       0
  4521 ;;      Locals:         0       0       0
  4522 ;;      Temps:          0       0       0
  4523 ;;      Totals:         0       0       0
  4524 ;;Total ram usage:        0 bytes
  4525 ;; Hardware stack levels used:    1
  4526 ;; This function calls:
  4527 ;;		Nothing
  4528 ;; This function is called by:
  4529 ;;		_I2C_Init
  4530 ;;		_I2C_Start
  4531 ;;		_I2C_Stop
  4532 ;;		_I2C_WriteByte
  4533 ;;		_I2C_ReadByte
  4534 ;;		_Init_Device
  4535 ;; This function uses a non-reentrant model
  4536 ;;
  4537                           
  4538                           
  4539                           ;psect for function _SDA_Release
  4540  0241                     _SDA_Release:
  4541  0241                     l1583:	
  4542                           ;incstack = 0
  4543                           ; Regs used in _SDA_Release: []
  4544                           
  4545                           
  4546                           ;I-Tank_Auto-Flush_RTC_40mins-30secs.c: 442:     TRISIObits.TRISIO1 = 1;
  4547  0241  1683               	bsf	3,5	;RP0=1, select bank1
  4548  0242  1485               	bsf	5,1	;volatile
  4549  0243                     l110:
  4550  0243  0008               	return
  4551  0244                     __end_of_SDA_Release:
  4552                           
  4553                           	psect	text33
  4554  024A                     __ptext33:	
  4555 ;; *************** function _SDA_Read *****************
  4556 ;; Defined at:
  4557 ;;		line 456 in file "I-Tank_Auto-Flush_RTC_40mins-30secs.c"
  4558 ;; Parameters:    Size  Location     Type
  4559 ;;		None
  4560 ;; Auto vars:     Size  Location     Type
  4561 ;;		None
  4562 ;; Return value:  Size  Location     Type
  4563 ;;                  1    wreg      unsigned char 
  4564 ;; Registers used:
  4565 ;;		wreg, status,2, status,0
  4566 ;; Tracked objects:
  4567 ;;		On entry : 0/0
  4568 ;;		On exit  : 0/0
  4569 ;;		Unchanged: 0/0
  4570 ;; Data sizes:     COMMON   BANK0   BANK1
  4571 ;;      Params:         0       0       0
  4572 ;;      Locals:         0       0       0
  4573 ;;      Temps:          0       0       0
  4574 ;;      Totals:         0       0       0
  4575 ;;Total ram usage:        0 bytes
  4576 ;; Hardware stack levels used:    1
  4577 ;; This function calls:
  4578 ;;		Nothing
  4579 ;; This function is called by:
  4580 ;;		_I2C_WriteByte
  4581 ;;		_I2C_ReadByte
  4582 ;; This function uses a non-reentrant model
  4583 ;;
  4584                           
  4585                           
  4586                           ;psect for function _SDA_Read
  4587  024A                     _SDA_Read:
  4588  024A                     l1589:	
  4589                           ;incstack = 0
  4590                           ; Regs used in _SDA_Read: [wreg+status,2+status,0]
  4591                           
  4592                           
  4593                           ;I-Tank_Auto-Flush_RTC_40mins-30secs.c: 458:     return GPIObits.GP1;
  4594  024A  1283               	bcf	3,5	;RP0=0, select bank0
  4595  024B  0C05               	rrf	5,w	;volatile
  4596  024C  3901               	andlw	1
  4597  024D                     l119:
  4598  024D  0008               	return
  4599  024E                     __end_of_SDA_Read:
  4600                           
  4601                           	psect	text34
  4602  025B                     __ptext34:	
  4603 ;; *************** function _SDA_Low *****************
  4604 ;; Defined at:
  4605 ;;		line 434 in file "I-Tank_Auto-Flush_RTC_40mins-30secs.c"
  4606 ;; Parameters:    Size  Location     Type
  4607 ;;		None
  4608 ;; Auto vars:     Size  Location     Type
  4609 ;;		None
  4610 ;; Return value:  Size  Location     Type
  4611 ;;                  1    wreg      void 
  4612 ;; Registers used:
  4613 ;;		None
  4614 ;; Tracked objects:
  4615 ;;		On entry : 0/0
  4616 ;;		On exit  : 0/0
  4617 ;;		Unchanged: 0/0
  4618 ;; Data sizes:     COMMON   BANK0   BANK1
  4619 ;;      Params:         0       0       0
  4620 ;;      Locals:         0       0       0
  4621 ;;      Temps:          0       0       0
  4622 ;;      Totals:         0       0       0
  4623 ;;Total ram usage:        0 bytes
  4624 ;; Hardware stack levels used:    1
  4625 ;; This function calls:
  4626 ;;		Nothing
  4627 ;; This function is called by:
  4628 ;;		_I2C_Start
  4629 ;;		_I2C_Stop
  4630 ;;		_I2C_WriteByte
  4631 ;;		_I2C_ReadByte
  4632 ;; This function uses a non-reentrant model
  4633 ;;
  4634                           
  4635                           
  4636                           ;psect for function _SDA_Low
  4637  025B                     _SDA_Low:
  4638  025B                     l1581:	
  4639                           ;incstack = 0
  4640                           ; Regs used in _SDA_Low: []
  4641                           
  4642                           
  4643                           ;I-Tank_Auto-Flush_RTC_40mins-30secs.c: 436:     GPIObits.GP1 = 0;
  4644  025B  1283               	bcf	3,5	;RP0=0, select bank0
  4645  025C  1085               	bcf	5,1	;volatile
  4646                           
  4647                           ;I-Tank_Auto-Flush_RTC_40mins-30secs.c: 437:     TRISIObits.TRISIO1 = 0;
  4648  025D  1683               	bsf	3,5	;RP0=1, select bank1
  4649  025E  1085               	bcf	5,1	;volatile
  4650  025F                     l107:
  4651  025F  0008               	return
  4652  0260                     __end_of_SDA_Low:
  4653                           
  4654                           	psect	text35
  4655  023E                     __ptext35:	
  4656 ;; *************** function _SCL_Release *****************
  4657 ;; Defined at:
  4658 ;;		line 451 in file "I-Tank_Auto-Flush_RTC_40mins-30secs.c"
  4659 ;; Parameters:    Size  Location     Type
  4660 ;;		None
  4661 ;; Auto vars:     Size  Location     Type
  4662 ;;		None
  4663 ;; Return value:  Size  Location     Type
  4664 ;;                  1    wreg      void 
  4665 ;; Registers used:
  4666 ;;		None
  4667 ;; Tracked objects:
  4668 ;;		On entry : 0/0
  4669 ;;		On exit  : 0/0
  4670 ;;		Unchanged: 0/0
  4671 ;; Data sizes:     COMMON   BANK0   BANK1
  4672 ;;      Params:         0       0       0
  4673 ;;      Locals:         0       0       0
  4674 ;;      Temps:          0       0       0
  4675 ;;      Totals:         0       0       0
  4676 ;;Total ram usage:        0 bytes
  4677 ;; Hardware stack levels used:    1
  4678 ;; This function calls:
  4679 ;;		Nothing
  4680 ;; This function is called by:
  4681 ;;		_I2C_Init
  4682 ;;		_I2C_Start
  4683 ;;		_I2C_Stop
  4684 ;;		_I2C_WriteByte
  4685 ;;		_I2C_ReadByte
  4686 ;;		_Init_Device
  4687 ;; This function uses a non-reentrant model
  4688 ;;
  4689                           
  4690                           
  4691                           ;psect for function _SCL_Release
  4692  023E                     _SCL_Release:
  4693  023E                     l1587:	
  4694                           ;incstack = 0
  4695                           ; Regs used in _SCL_Release: []
  4696                           
  4697                           
  4698                           ;I-Tank_Auto-Flush_RTC_40mins-30secs.c: 453:     TRISIObits.TRISIO2 = 1;
  4699  023E  1683               	bsf	3,5	;RP0=1, select bank1
  4700  023F  1505               	bsf	5,2	;volatile
  4701  0240                     l116:
  4702  0240  0008               	return
  4703  0241                     __end_of_SCL_Release:
  4704                           
  4705                           	psect	text36
  4706  0256                     __ptext36:	
  4707 ;; *************** function _SCL_Low *****************
  4708 ;; Defined at:
  4709 ;;		line 445 in file "I-Tank_Auto-Flush_RTC_40mins-30secs.c"
  4710 ;; Parameters:    Size  Location     Type
  4711 ;;		None
  4712 ;; Auto vars:     Size  Location     Type
  4713 ;;		None
  4714 ;; Return value:  Size  Location     Type
  4715 ;;                  1    wreg      void 
  4716 ;; Registers used:
  4717 ;;		None
  4718 ;; Tracked objects:
  4719 ;;		On entry : 0/0
  4720 ;;		On exit  : 0/0
  4721 ;;		Unchanged: 0/0
  4722 ;; Data sizes:     COMMON   BANK0   BANK1
  4723 ;;      Params:         0       0       0
  4724 ;;      Locals:         0       0       0
  4725 ;;      Temps:          0       0       0
  4726 ;;      Totals:         0       0       0
  4727 ;;Total ram usage:        0 bytes
  4728 ;; Hardware stack levels used:    1
  4729 ;; This function calls:
  4730 ;;		Nothing
  4731 ;; This function is called by:
  4732 ;;		_I2C_Start
  4733 ;;		_I2C_WriteByte
  4734 ;;		_I2C_ReadByte
  4735 ;; This function uses a non-reentrant model
  4736 ;;
  4737                           
  4738                           
  4739                           ;psect for function _SCL_Low
  4740  0256                     _SCL_Low:
  4741  0256                     l1585:	
  4742                           ;incstack = 0
  4743                           ; Regs used in _SCL_Low: []
  4744                           
  4745                           
  4746                           ;I-Tank_Auto-Flush_RTC_40mins-30secs.c: 447:     GPIObits.GP2 = 0;
  4747  0256  1283               	bcf	3,5	;RP0=0, select bank0
  4748  0257  1105               	bcf	5,2	;volatile
  4749                           
  4750                           ;I-Tank_Auto-Flush_RTC_40mins-30secs.c: 448:     TRISIObits.TRISIO2 = 0;
  4751  0258  1683               	bsf	3,5	;RP0=1, select bank1
  4752  0259  1105               	bcf	5,2	;volatile
  4753  025A                     l113:
  4754  025A  0008               	return
  4755  025B                     __end_of_SCL_Low:
  4756                           
  4757                           	psect	text37
  4758  02C5                     __ptext37:	
  4759 ;; *************** function _I2C_Delay *****************
  4760 ;; Defined at:
  4761 ;;		line 421 in file "I-Tank_Auto-Flush_RTC_40mins-30secs.c"
  4762 ;; Parameters:    Size  Location     Type
  4763 ;;		None
  4764 ;; Auto vars:     Size  Location     Type
  4765 ;;  i               1    1[COMMON] volatile unsigned char 
  4766 ;; Return value:  Size  Location     Type
  4767 ;;                  1    wreg      void 
  4768 ;; Registers used:
  4769 ;;		wreg, status,2, status,0
  4770 ;; Tracked objects:
  4771 ;;		On entry : 0/0
  4772 ;;		On exit  : 0/0
  4773 ;;		Unchanged: 0/0
  4774 ;; Data sizes:     COMMON   BANK0   BANK1
  4775 ;;      Params:         0       0       0
  4776 ;;      Locals:         1       0       0
  4777 ;;      Temps:          1       0       0
  4778 ;;      Totals:         2       0       0
  4779 ;;Total ram usage:        2 bytes
  4780 ;; Hardware stack levels used:    1
  4781 ;; This function calls:
  4782 ;;		Nothing
  4783 ;; This function is called by:
  4784 ;;		_I2C_Init
  4785 ;;		_I2C_Start
  4786 ;;		_I2C_Stop
  4787 ;;		_I2C_WriteByte
  4788 ;;		_I2C_ReadByte
  4789 ;; This function uses a non-reentrant model
  4790 ;;
  4791                           
  4792                           
  4793                           ;psect for function _I2C_Delay
  4794  02C5                     _I2C_Delay:
  4795  02C5                     l1571:	
  4796                           ;incstack = 0
  4797                           ; Regs used in _I2C_Delay: [wreg+status,2+status,0]
  4798                           
  4799                           
  4800                           ;I-Tank_Auto-Flush_RTC_40mins-30secs.c: 423:     volatile uint8_t i;;I-Tank_Auto-Flush_R
      +                          TC_40mins-30secs.c: 425:     for (i = 0; i < 50; i++)
  4801  02C5  01F1               	clrf	I2C_Delay@i	;volatile
  4802  02C6                     l1573:
  4803  02C6  3032               	movlw	50
  4804  02C7  0271               	subwf	I2C_Delay@i,w	;volatile
  4805  02C8  1C03               	skipc
  4806  02C9  2ACB               	goto	u951
  4807  02CA  2ACC               	goto	u950
  4808  02CB                     u951:
  4809  02CB  2ACD               	goto	l1577
  4810  02CC                     u950:
  4811  02CC  2AD2               	goto	l104
  4812  02CD                     l1577:
  4813                           
  4814                           ;I-Tank_Auto-Flush_RTC_40mins-30secs.c: 426:     {;I-Tank_Auto-Flush_RTC_40mins-30secs.c
      +                          : 428:     }
  4815  02CD  3001               	movlw	1
  4816  02CE  00F0               	movwf	??_I2C_Delay
  4817  02CF  0870               	movf	??_I2C_Delay,w
  4818  02D0  07F1               	addwf	I2C_Delay@i,f	;volatile
  4819  02D1  2AC6               	goto	l1573
  4820  02D2                     l104:
  4821  02D2  0008               	return
  4822  02D3                     __end_of_I2C_Delay:
  4823                           
  4824                           	psect	text38
  4825  0301                     __ptext38:	
  4826 ;; *************** function _BCD_To_Dec *****************
  4827 ;; Defined at:
  4828 ;;		line 588 in file "I-Tank_Auto-Flush_RTC_40mins-30secs.c"
  4829 ;; Parameters:    Size  Location     Type
  4830 ;;  bcd             1    wreg     unsigned char 
  4831 ;; Auto vars:     Size  Location     Type
  4832 ;;  bcd             1    8[COMMON] unsigned char 
  4833 ;;  ones            1    7[COMMON] unsigned char 
  4834 ;;  tens            1    6[COMMON] unsigned char 
  4835 ;; Return value:  Size  Location     Type
  4836 ;;                  1    wreg      unsigned char 
  4837 ;; Registers used:
  4838 ;;		wreg, status,2, status,0, pclath, cstack
  4839 ;; Tracked objects:
  4840 ;;		On entry : 0/0
  4841 ;;		On exit  : 0/0
  4842 ;;		Unchanged: 0/0
  4843 ;; Data sizes:     COMMON   BANK0   BANK1
  4844 ;;      Params:         0       0       0
  4845 ;;      Locals:         3       0       0
  4846 ;;      Temps:          2       0       0
  4847 ;;      Totals:         5       0       0
  4848 ;;Total ram usage:        5 bytes
  4849 ;; Hardware stack levels used:    1
  4850 ;; Hardware stack levels required when called:    1
  4851 ;; This function calls:
  4852 ;;		___bmul
  4853 ;; This function is called by:
  4854 ;;		_DS3231_ReadTime
  4855 ;; This function uses a non-reentrant model
  4856 ;;
  4857                           
  4858                           
  4859                           ;psect for function _BCD_To_Dec
  4860  0301                     _BCD_To_Dec:
  4861                           
  4862                           ;incstack = 0
  4863                           ; Regs used in _BCD_To_Dec: [wreg+status,2+status,0+pclath+cstack]
  4864                           ;BCD_To_Dec@bcd stored from wreg
  4865  0301  00F8               	movwf	BCD_To_Dec@bcd
  4866  0302                     l1725:
  4867                           
  4868                           ;I-Tank_Auto-Flush_RTC_40mins-30secs.c: 588: static uint8_t BCD_To_Dec(uint8_t bcd);I-Ta
      +                          nk_Auto-Flush_RTC_40mins-30secs.c: 589: {;I-Tank_Auto-Flush_RTC_40mins-30secs.c: 590:   
      +                            uint8_t tens;;I-Tank_Auto-Flush_RTC_40mins-30secs.c: 591:     uint8_t ones;;I-Tank_Aut
      +                          o-Flush_RTC_40mins-30secs.c: 593:     tens = (uint8_t)((bcd >> 4) & 0x0F);
  4869  0302  0878               	movf	BCD_To_Dec@bcd,w
  4870  0303  00F4               	movwf	??_BCD_To_Dec
  4871  0304  3004               	movlw	4
  4872  0305                     u1065:
  4873  0305  1003               	clrc
  4874  0306  0CF4               	rrf	??_BCD_To_Dec,f
  4875  0307  3EFF               	addlw	-1
  4876  0308  1D03               	skipz
  4877  0309  2B05               	goto	u1065
  4878  030A  0874               	movf	??_BCD_To_Dec,w
  4879  030B  390F               	andlw	15
  4880  030C  00F5               	movwf	??_BCD_To_Dec+1
  4881  030D  0875               	movf	??_BCD_To_Dec+1,w
  4882  030E  00F6               	movwf	BCD_To_Dec@tens
  4883  030F                     l1727:
  4884                           
  4885                           ;I-Tank_Auto-Flush_RTC_40mins-30secs.c: 594:     ones = (uint8_t)(bcd & 0x0F);
  4886  030F  0878               	movf	BCD_To_Dec@bcd,w
  4887  0310  390F               	andlw	15
  4888  0311  00F4               	movwf	??_BCD_To_Dec
  4889  0312  0874               	movf	??_BCD_To_Dec,w
  4890  0313  00F7               	movwf	BCD_To_Dec@ones
  4891  0314                     l1729:
  4892                           
  4893                           ;I-Tank_Auto-Flush_RTC_40mins-30secs.c: 596:     return (uint8_t)((tens * 10) + ones);
  4894  0314  300A               	movlw	10
  4895  0315  00F4               	movwf	??_BCD_To_Dec
  4896  0316  0874               	movf	??_BCD_To_Dec,w
  4897  0317  00F0               	movwf	___bmul@multiplicand
  4898  0318  0876               	movf	BCD_To_Dec@tens,w
  4899  0319  22D3               	fcall	___bmul
  4900  031A  0777               	addwf	BCD_To_Dec@ones,w
  4901  031B                     l146:
  4902  031B  0008               	return
  4903  031C                     __end_of_BCD_To_Dec:
  4904                           
  4905                           	psect	text39
  4906  02D3                     __ptext39:	
  4907 ;; *************** function ___bmul *****************
  4908 ;; Defined at:
  4909 ;;		line 4 in file "C:\Program Files\Microchip\xc8\v2.31\pic\sources\c90\common\Umul8.c"
  4910 ;; Parameters:    Size  Location     Type
  4911 ;;  multiplier      1    wreg     unsigned char 
  4912 ;;  multiplicand    1    0[COMMON] unsigned char 
  4913 ;; Auto vars:     Size  Location     Type
  4914 ;;  multiplier      1    3[COMMON] unsigned char 
  4915 ;;  product         1    2[COMMON] unsigned char 
  4916 ;; Return value:  Size  Location     Type
  4917 ;;                  1    wreg      unsigned char 
  4918 ;; Registers used:
  4919 ;;		wreg, status,2, status,0
  4920 ;; Tracked objects:
  4921 ;;		On entry : 0/0
  4922 ;;		On exit  : 0/0
  4923 ;;		Unchanged: 0/0
  4924 ;; Data sizes:     COMMON   BANK0   BANK1
  4925 ;;      Params:         1       0       0
  4926 ;;      Locals:         2       0       0
  4927 ;;      Temps:          1       0       0
  4928 ;;      Totals:         4       0       0
  4929 ;;Total ram usage:        4 bytes
  4930 ;; Hardware stack levels used:    1
  4931 ;; This function calls:
  4932 ;;		Nothing
  4933 ;; This function is called by:
  4934 ;;		_BCD_To_Dec
  4935 ;; This function uses a non-reentrant model
  4936 ;;
  4937                           
  4938                           
  4939                           ;psect for function ___bmul
  4940  02D3                     ___bmul:
  4941                           
  4942                           ;incstack = 0
  4943                           ; Regs used in ___bmul: [wreg+status,2+status,0]
  4944                           ;___bmul@multiplier stored from wreg
  4945  02D3  00F3               	movwf	___bmul@multiplier
  4946  02D4                     l1593:
  4947  02D4  01F2               	clrf	___bmul@product
  4948  02D5                     l1595:
  4949  02D5  1C73               	btfss	___bmul@multiplier,0
  4950  02D6  2AD8               	goto	u961
  4951  02D7  2AD9               	goto	u960
  4952  02D8                     u961:
  4953  02D8  2ADD               	goto	l1599
  4954  02D9                     u960:
  4955  02D9                     l1597:
  4956  02D9  0870               	movf	___bmul@multiplicand,w
  4957  02DA  00F1               	movwf	??___bmul
  4958  02DB  0871               	movf	??___bmul,w
  4959  02DC  07F2               	addwf	___bmul@product,f
  4960  02DD                     l1599:
  4961  02DD  1003               	clrc
  4962  02DE  0DF0               	rlf	___bmul@multiplicand,f
  4963  02DF                     l1601:
  4964  02DF  1003               	clrc
  4965  02E0  0CF3               	rrf	___bmul@multiplier,f
  4966  02E1  0873               	movf	___bmul@multiplier,w
  4967  02E2  1D03               	btfss	3,2
  4968  02E3  2AE5               	goto	u971
  4969  02E4  2AE6               	goto	u970
  4970  02E5                     u971:
  4971  02E5  2AD5               	goto	l1595
  4972  02E6                     u970:
  4973  02E6                     l1603:
  4974  02E6  0872               	movf	___bmul@product,w
  4975  02E7                     l379:
  4976  02E7  0008               	return
  4977  02E8                     __end_of___bmul:
  4978                           
  4979                           	psect	text40
  4980  0457                     __ptext40:	
  4981 ;; *************** function _Already_Triggered_This_Minute *****************
  4982 ;; Defined at:
  4983 ;;		line 1065 in file "I-Tank_Auto-Flush_RTC_40mins-30secs.c"
  4984 ;; Parameters:    Size  Location     Type
  4985 ;;  now             1    wreg     PTR const struct .
  4986 ;;		 -> main@now(7), 
  4987 ;;  last_hour       1    0[COMMON] unsigned char 
  4988 ;;  last_minute     1    1[COMMON] unsigned char 
  4989 ;;  last_date       1    2[COMMON] unsigned char 
  4990 ;;  last_month      1    3[COMMON] unsigned char 
  4991 ;;  last_year       1    4[COMMON] unsigned char 
  4992 ;; Auto vars:     Size  Location     Type
  4993 ;;  now             1    5[COMMON] PTR const struct .
  4994 ;;		 -> main@now(7), 
  4995 ;; Return value:  Size  Location     Type
  4996 ;;                  1    wreg      _Bool 
  4997 ;; Registers used:
  4998 ;;		wreg, fsr0l, fsr0h, status,2, status,0
  4999 ;; Tracked objects:
  5000 ;;		On entry : 0/0
  5001 ;;		On exit  : 0/0
  5002 ;;		Unchanged: 0/0
  5003 ;; Data sizes:     COMMON   BANK0   BANK1
  5004 ;;      Params:         5       0       0
  5005 ;;      Locals:         1       0       0
  5006 ;;      Temps:          0       0       0
  5007 ;;      Totals:         6       0       0
  5008 ;;Total ram usage:        6 bytes
  5009 ;; Hardware stack levels used:    1
  5010 ;; This function calls:
  5011 ;;		Nothing
  5012 ;; This function is called by:
  5013 ;;		_main
  5014 ;; This function uses a non-reentrant model
  5015 ;;
  5016                           
  5017                           
  5018                           ;psect for function _Already_Triggered_This_Minute
  5019  0457                     _Already_Triggered_This_Minute:
  5020                           
  5021                           ;incstack = 0
  5022                           ; Regs used in _Already_Triggered_This_Minute: [wreg-fsr0h+status,2+status,0]
  5023                           ;Already_Triggered_This_Minute@now stored from wreg
  5024  0457  00F5               	movwf	Already_Triggered_This_Minute@now
  5025  0458                     l2157:
  5026                           
  5027                           ;I-Tank_Auto-Flush_RTC_40mins-30secs.c: 1065: static _Bool Already_Triggered_This_Minute
      +                          (const RTC_Time *now,;I-Tank_Auto-Flush_RTC_40mins-30secs.c: 1066:                      
      +                                               uint8_t last_hour,;I-Tank_Auto-Flush_RTC_40mins-30secs.c: 1067:    
      +                                                                 uint8_t last_minute,;I-Tank_Auto-Flush_RTC_40mins
      +                          -30secs.c: 1068:                                           uint8_t last_date,;I-Tank_Aut
      +                          o-Flush_RTC_40mins-30secs.c: 1069:                                           uint8_t las
      +                          t_month,
  5028  0458  0875               	movf	Already_Triggered_This_Minute@now,w
  5029  0459  3E02               	addlw	2
  5030  045A  0084               	movwf	4
  5031  045B  1383               	bcf	3,7	;select IRP bank0
  5032  045C  0800               	movf	0,w
  5033  045D  0670               	xorwf	Already_Triggered_This_Minute@last_hour,w
  5034  045E  1903               	skipnz
  5035  045F  2C61               	goto	u1771
  5036  0460  2C62               	goto	u1770
  5037  0461                     u1771:
  5038  0461  2C64               	goto	l2163
  5039  0462                     u1770:
  5040  0462                     l2159:
  5041                           
  5042                           ;I-Tank_Auto-Flush_RTC_40mins-30secs.c: 1073:     {;I-Tank_Auto-Flush_RTC_40mins-30secs.
      +                          c: 1074:         return 0;
  5043  0462  3000               	movlw	0
  5044  0463  2C8C               	goto	l244
  5045  0464                     l2163:
  5046                           
  5047                           ;I-Tank_Auto-Flush_RTC_40mins-30secs.c: 1077:     if (now->minute != last_minute)
  5048  0464  0A75               	incf	Already_Triggered_This_Minute@now,w
  5049  0465  0084               	movwf	4
  5050  0466  0800               	movf	0,w
  5051  0467  0671               	xorwf	Already_Triggered_This_Minute@last_minute,w
  5052  0468  1903               	skipnz
  5053  0469  2C6B               	goto	u1781
  5054  046A  2C6C               	goto	u1780
  5055  046B                     u1781:
  5056  046B  2C6D               	goto	l2169
  5057  046C                     u1780:
  5058  046C  2C62               	goto	l2159
  5059  046D                     l2169:
  5060                           
  5061                           ;I-Tank_Auto-Flush_RTC_40mins-30secs.c: 1082:     if (now->date != last_date)
  5062  046D  0875               	movf	Already_Triggered_This_Minute@now,w
  5063  046E  3E04               	addlw	4
  5064  046F  0084               	movwf	4
  5065  0470  0800               	movf	0,w
  5066  0471  0672               	xorwf	Already_Triggered_This_Minute@last_date,w
  5067  0472  1903               	skipnz
  5068  0473  2C75               	goto	u1791
  5069  0474  2C76               	goto	u1790
  5070  0475                     u1791:
  5071  0475  2C77               	goto	l2175
  5072  0476                     u1790:
  5073  0476  2C62               	goto	l2159
  5074  0477                     l2175:
  5075                           
  5076                           ;I-Tank_Auto-Flush_RTC_40mins-30secs.c: 1087:     if (now->month != last_month)
  5077  0477  0875               	movf	Already_Triggered_This_Minute@now,w
  5078  0478  3E05               	addlw	5
  5079  0479  0084               	movwf	4
  5080  047A  0800               	movf	0,w
  5081  047B  0673               	xorwf	Already_Triggered_This_Minute@last_month,w
  5082  047C  1903               	skipnz
  5083  047D  2C7F               	goto	u1801
  5084  047E  2C80               	goto	u1800
  5085  047F                     u1801:
  5086  047F  2C81               	goto	l2181
  5087  0480                     u1800:
  5088  0480  2C62               	goto	l2159
  5089  0481                     l2181:
  5090                           
  5091                           ;I-Tank_Auto-Flush_RTC_40mins-30secs.c: 1092:     if (now->year != last_year)
  5092  0481  0875               	movf	Already_Triggered_This_Minute@now,w
  5093  0482  3E06               	addlw	6
  5094  0483  0084               	movwf	4
  5095  0484  0800               	movf	0,w
  5096  0485  0674               	xorwf	Already_Triggered_This_Minute@last_year,w
  5097  0486  1903               	skipnz
  5098  0487  2C89               	goto	u1811
  5099  0488  2C8A               	goto	u1810
  5100  0489                     u1811:
  5101  0489  2C8B               	goto	l2187
  5102  048A                     u1810:
  5103  048A  2C62               	goto	l2159
  5104  048B                     l2187:
  5105                           
  5106                           ;I-Tank_Auto-Flush_RTC_40mins-30secs.c: 1097:     return 1;
  5107  048B  3001               	movlw	1
  5108  048C                     l244:
  5109  048C  0008               	return
  5110  048D                     __end_of_Already_Triggered_This_Minute:
  5111  007E                     btemp	set	126	;btemp
  5112  007E                     wtemp0	set	126
  5113                           
  5114                           	psect	config
  5115                           
  5116                           ;Config register CONFIG @ 0x2007
  5117                           ;	Oscillator Selection bits
  5118                           ;	FOSC = INTOSCIO, INTOSCIO oscillator: I/O function on RA4/OSC2/CLKOUT pin, I/O functio
      +                          n on RA5/OSC1/CLKIN
  5119                           ;	Watchdog Timer Enable bit
  5120                           ;	WDTE = OFF, WDT disabled
  5121                           ;	Power-up Timer Enable bit
  5122                           ;	PWRTE = ON, PWRT enabled
  5123                           ;	MCLR Pin Function Select bit
  5124                           ;	MCLRE = OFF, MCLR pin function is digital input, MCLR internally tied to VDD
  5125                           ;	Code Protection bit
  5126                           ;	CP = OFF, Program memory code protection is disabled
  5127                           ;	Data Code Protection bit
  5128                           ;	CPD = OFF, Data memory code protection is disabled
  5129                           ;	Brown Out Detect
  5130                           ;	BOREN = ON, BOR enabled
  5131                           ;	Internal External Switchover bit
  5132                           ;	IESO = 0x1, unprogrammed default
  5133                           ;	Fail-Safe Clock Monitor Enabled bit
  5134                           ;	FCMEN = 0x1, unprogrammed default
  5135  2007                     	org	8199
  5136  2007  3FC4               	dw	16324

Data Sizes:
    Strings     0
    Constant    0
    Data        0
    BSS         0
    Persistent  0
    Stack       0

Auto Spaces:
    Space          Size  Autos    Used
    COMMON           14     14      14
    BANK0            80     29      29
    BANK1            32      0       0

Pointer List with Targets:

    Already_Triggered_This_Minute@now	PTR const struct . size(1) Largest target is 7
		 -> main@now(BANK0[7]), 

    Is_Scheduled_Relay_Time@now	PTR const struct . size(1) Largest target is 7
		 -> main@now(BANK0[7]), 

    Is_Allowed_Day_And_Hour@now	PTR const struct . size(1) Largest target is 7
		 -> main@now(BANK0[7]), 

    DS3231_ReadTime_With_Retry@time	PTR struct . size(1) Largest target is 7
		 -> main@now(BANK0[7]), 

    RTC_Time_Is_Valid@time	PTR const struct . size(1) Largest target is 7
		 -> main@now(BANK0[7]), 

    DS3231_ReadTime@time	PTR struct . size(1) Largest target is 7
		 -> main@now(BANK0[7]), 

    EEPROM_Load_Last_Trigger@last_year	PTR unsigned char  size(1) Largest target is 1
		 -> main@last_trigger_year(BANK0[1]), 

    EEPROM_Load_Last_Trigger@last_month	PTR unsigned char  size(1) Largest target is 1
		 -> main@last_trigger_month(BANK0[1]), 

    EEPROM_Load_Last_Trigger@last_date	PTR unsigned char  size(1) Largest target is 1
		 -> main@last_trigger_date(BANK0[1]), 

    EEPROM_Load_Last_Trigger@last_minute	PTR unsigned char  size(1) Largest target is 1
		 -> main@last_trigger_minute(BANK0[1]), 

    EEPROM_Load_Last_Trigger@last_hour	PTR unsigned char  size(1) Largest target is 1
		 -> main@last_trigger_hour(BANK0[1]), 


Critical Paths under _main in COMMON

    _main->_EEPROM_Save_Last_Trigger
    _Relay_Test_Cycle->_Test_Delay_Seconds_Abortable
    _Relay_Reset_Pulse->_Delay_Seconds
    _Delay_Seconds->_Delay_Approx_1s
    _Is_Scheduled_Relay_Time->___lwmod
    _Is_Scheduled_Relay_Time->___wmul
    _Is_Allowed_Day_And_Hour->_Is_Hour_Window_Enabled
    _EEPROM_Save_Last_Trigger->_Trigger_Checksum
    _EEPROM_WriteByte->_EEPROM_ReadByte
    _EEPROM_Load_Last_Trigger->_Trigger_Checksum
    _DS3231_ReadTime_With_Retry->_DS3231_ReadTime
    _I2C_Init->_I2C_Delay
    _DS3231_ReadTime->_BCD_To_Dec
    _I2C_WriteByte->_I2C_Delay
    _I2C_Stop->_I2C_Delay
    _I2C_Start->_I2C_Delay
    _I2C_ReadByte->_I2C_Delay
    _BCD_To_Dec->___bmul

Critical Paths under _main in BANK0

    _DS3231_ReadTime_With_Retry->_DS3231_ReadTime

Critical Paths under _main in BANK1

    None.

Call Graph Tables:

 ---------------------------------------------------------------------------------
 (Depth) Function   	        Calls       Base Space   Used Autos Params    Refs
 ---------------------------------------------------------------------------------
 (0) _main                                                19    19      0    8086
                                             10 BANK0     19    19      0
      _Already_Triggered_This_Minute
         _DS3231_ReadTime_With_Retry
                    _Delay_Approx_1s
                 _Delay_Approx_250ms
                      _Delay_Seconds
           _EEPROM_Load_Last_Trigger
           _EEPROM_Save_Last_Trigger
                           _I2C_Init
                        _Init_Device
            _Is_Scheduled_Relay_Time
               _Is_Test_Mode_Enabled
                          _Relay_Off
                  _Relay_Reset_Pulse
                   _Relay_Test_Cycle
 ---------------------------------------------------------------------------------
 (1) _Relay_Test_Cycle                                     5     5      0     324
                                              4 COMMON     5     5      0
                 _Delay_Approx_250ms
               _Is_Test_Mode_Enabled
                          _Relay_Off
                           _Relay_On
       _Test_Delay_Seconds_Abortable
 ---------------------------------------------------------------------------------
 (2) _Test_Delay_Seconds_Abortable                         4     4      0      92
                                              0 COMMON     4     4      0
                  _Delay_Approx_65ms
               _Is_Test_Mode_Enabled
                          _Relay_Off
 ---------------------------------------------------------------------------------
 (3) _Is_Test_Mode_Enabled                                 0     0      0       0
 ---------------------------------------------------------------------------------
 (1) _Relay_Reset_Pulse                                    0     0      0      69
                      _Delay_Seconds
                          _Relay_Off
                           _Relay_On
 ---------------------------------------------------------------------------------
 (2) _Relay_On                                             0     0      0       0
 ---------------------------------------------------------------------------------
 (2) _Delay_Seconds                                        1     1      0      69
                                              2 COMMON     1     1      0
                    _Delay_Approx_1s
 ---------------------------------------------------------------------------------
 (3) _Delay_Approx_1s                                      2     2      0      46
                                              0 COMMON     2     2      0
                  _Delay_Approx_65ms
 ---------------------------------------------------------------------------------
 (1) _Is_Scheduled_Relay_Time                              5     5      0     963
                                              6 COMMON     5     5      0
            _Is_Allowed_Day_And_Hour
                            ___lwmod
                             ___wmul
 ---------------------------------------------------------------------------------
 (2) ___wmul                                               6     2      4     244
                                              0 COMMON     6     2      4
 ---------------------------------------------------------------------------------
 (2) ___lwmod                                              6     2      4     311
                                              0 COMMON     6     2      4
 ---------------------------------------------------------------------------------
 (2) _Is_Allowed_Day_And_Hour                              2     2      0     286
                                              3 COMMON     2     2      0
             _Is_Hour_Window_Enabled
                  _Is_Sunday_Enabled
 ---------------------------------------------------------------------------------
 (3) _Is_Sunday_Enabled                                    0     0      0       0
 ---------------------------------------------------------------------------------
 (3) _Is_Hour_Window_Enabled                               3     2      1     187
                                              0 COMMON     3     2      1
 ---------------------------------------------------------------------------------
 (1) _Init_Device                                          0     0      0       0
                          _Relay_Off
                        _SCL_Release
                        _SDA_Release
              _Timer0_Init_For_Delay
 ---------------------------------------------------------------------------------
 (2) _Timer0_Init_For_Delay                                0     0      0       0
 ---------------------------------------------------------------------------------
 (1) _EEPROM_Save_Last_Trigger                            11     7      4    2006
                                              5 COMMON     9     5      4
                                              0 BANK0      2     2      0
                   _EEPROM_WriteByte
                   _Trigger_Checksum
 ---------------------------------------------------------------------------------
 (2) _EEPROM_WriteByte                                     3     2      1     741
                                              1 COMMON     3     2      1
                    _EEPROM_ReadByte
 ---------------------------------------------------------------------------------
 (1) _EEPROM_Load_Last_Trigger                            15    11      4    1589
                                              5 COMMON     8     4      4
                                              0 BANK0      7     7      0
                    _EEPROM_ReadByte
                   _Trigger_Checksum
 ---------------------------------------------------------------------------------
 (2) _Trigger_Checksum                                     5     1      4     718
                                              0 COMMON     5     1      4
 ---------------------------------------------------------------------------------
 (3) _EEPROM_ReadByte                                      1     1      0      22
                                              0 COMMON     1     1      0
 ---------------------------------------------------------------------------------
 (1) _DS3231_ReadTime_With_Retry                           3     3      0    1678
                                             10 COMMON     3     3      0
                    _DS3231_ReadTime
                 _Delay_Approx_250ms
                           _I2C_Init
                  _RTC_Time_Is_Valid
                          _Relay_Off
 ---------------------------------------------------------------------------------
 (3) _Relay_Off                                            0     0      0       0
 ---------------------------------------------------------------------------------
 (2) _RTC_Time_Is_Valid                                    1     1      0     253
                                              0 COMMON     1     1      0
 ---------------------------------------------------------------------------------
 (1) _I2C_Init                                             0     0      0      46
                          _I2C_Delay
                        _SCL_Release
                        _SDA_Release
 ---------------------------------------------------------------------------------
 (2) _Delay_Approx_250ms                                   2     2      0      46
                                              0 COMMON     2     2      0
                  _Delay_Approx_65ms
 ---------------------------------------------------------------------------------
 (3) _Delay_Approx_65ms                                    0     0      0       0
 ---------------------------------------------------------------------------------
 (2) _DS3231_ReadTime                                     11    11      0    1177
                                              9 COMMON     1     1      0
                                              0 BANK0     10    10      0
                         _BCD_To_Dec
                       _I2C_ReadByte
                          _I2C_Start
                           _I2C_Stop
                      _I2C_WriteByte
 ---------------------------------------------------------------------------------
 (3) _I2C_WriteByte                                        4     4      0     138
                                              2 COMMON     4     4      0
                          _I2C_Delay
                            _SCL_Low
                        _SCL_Release
                            _SDA_Low
                           _SDA_Read
                        _SDA_Release
 ---------------------------------------------------------------------------------
 (3) _I2C_Stop                                             0     0      0      46
                          _I2C_Delay
                        _SCL_Release
                            _SDA_Low
                        _SDA_Release
 ---------------------------------------------------------------------------------
 (3) _I2C_Start                                            0     0      0      46
                          _I2C_Delay
                            _SCL_Low
                        _SCL_Release
                            _SDA_Low
                        _SDA_Release
 ---------------------------------------------------------------------------------
 (3) _I2C_ReadByte                                         4     4      0     139
                                              2 COMMON     4     4      0
                          _I2C_Delay
                            _SCL_Low
                        _SCL_Release
                            _SDA_Low
                           _SDA_Read
                        _SDA_Release
 ---------------------------------------------------------------------------------
 (2) _SDA_Release                                          0     0      0       0
 ---------------------------------------------------------------------------------
 (4) _SDA_Read                                             0     0      0       0
 ---------------------------------------------------------------------------------
 (4) _SDA_Low                                              0     0      0       0
 ---------------------------------------------------------------------------------
 (2) _SCL_Release                                          0     0      0       0
 ---------------------------------------------------------------------------------
 (4) _SCL_Low                                              0     0      0       0
 ---------------------------------------------------------------------------------
 (2) _I2C_Delay                                            2     2      0      46
                                              0 COMMON     2     2      0
 ---------------------------------------------------------------------------------
 (3) _BCD_To_Dec                                           5     5      0     258
                                              4 COMMON     5     5      0
                             ___bmul
 ---------------------------------------------------------------------------------
 (4) ___bmul                                               4     3      1     168
                                              0 COMMON     4     3      1
 ---------------------------------------------------------------------------------
 (1) _Already_Triggered_This_Minute                        6     1      5     633
                                              0 COMMON     6     1      5
 ---------------------------------------------------------------------------------
 Estimated maximum stack depth 4
 ---------------------------------------------------------------------------------

 Call Graph Graphs:

 _main (ROOT)
   _Already_Triggered_This_Minute
   _DS3231_ReadTime_With_Retry
     _DS3231_ReadTime
       _BCD_To_Dec
         ___bmul
       _I2C_ReadByte
         _I2C_Delay
         _SCL_Low
         _SCL_Release
         _SDA_Low
         _SDA_Read
         _SDA_Release
       _I2C_Start
         _I2C_Delay
         _SCL_Low
         _SCL_Release
         _SDA_Low
         _SDA_Release
       _I2C_Stop
         _I2C_Delay
         _SCL_Release
         _SDA_Low
         _SDA_Release
       _I2C_WriteByte
         _I2C_Delay
         _SCL_Low
         _SCL_Release
         _SDA_Low
         _SDA_Read
         _SDA_Release
     _Delay_Approx_250ms
       _Delay_Approx_65ms
     _I2C_Init
       _I2C_Delay
       _SCL_Release
       _SDA_Release
     _RTC_Time_Is_Valid
     _Relay_Off
   _Delay_Approx_1s
     _Delay_Approx_65ms
   _Delay_Approx_250ms
     _Delay_Approx_65ms
   _Delay_Seconds
     _Delay_Approx_1s
       _Delay_Approx_65ms
   _EEPROM_Load_Last_Trigger
     _EEPROM_ReadByte
     _Trigger_Checksum
   _EEPROM_Save_Last_Trigger
     _EEPROM_WriteByte
       _EEPROM_ReadByte
     _Trigger_Checksum
   _I2C_Init
     _I2C_Delay
     _SCL_Release
     _SDA_Release
   _Init_Device
     _Relay_Off
     _SCL_Release
     _SDA_Release
     _Timer0_Init_For_Delay
   _Is_Scheduled_Relay_Time
     _Is_Allowed_Day_And_Hour
       _Is_Hour_Window_Enabled
       _Is_Sunday_Enabled
     ___lwmod
     ___wmul
   _Is_Test_Mode_Enabled
   _Relay_Off
   _Relay_Reset_Pulse
     _Delay_Seconds
       _Delay_Approx_1s
         _Delay_Approx_65ms
     _Relay_Off
     _Relay_On
   _Relay_Test_Cycle
     _Delay_Approx_250ms
       _Delay_Approx_65ms
     _Is_Test_Mode_Enabled
     _Relay_Off
     _Relay_On
     _Test_Delay_Seconds_Abortable
       _Delay_Approx_65ms
       _Is_Test_Mode_Enabled
       _Relay_Off

 Address spaces:
Name               Size   Autos  Total    Cost      Usage
BITCOMMON            E      0       0       0        0.0%
EEDATA             100      0       0       0        0.0%
NULL                 0      0       0       0        0.0%
CODE                 0      0       0       0        0.0%
COMMON               E      E       E       1      100.0%
BITSFR0              0      0       0       1        0.0%
SFR0                 0      0       0       1        0.0%
BITSFR1              0      0       0       2        0.0%
SFR1                 0      0       0       2        0.0%
STACK                0      0       0       2        0.0%
BITBANK0            50      0       0       3        0.0%
BANK0               50     1D      1D       4       36.2%
BANK1               20      0       0       5        0.0%
ABS                  0      0       0       6        0.0%
BITBANK1            20      0       0       7        0.0%
DATA                 0      0       0       8        0.0%


Microchip Technology PIC Macro Assembler V2.31 build 20201012212115 
Symbol Table                                                                                   Thu Sep 10 10:34:59 2026

                    ??_Is_Hour_Window_Enabled 0071                              ?_Delay_Approx_1s 0070  
                          __size_of_I2C_Delay 000E                                ___bmul@product 0072  
                          ?_Delay_Approx_65ms 0070                            __size_of_I2C_Start 0008  
                                          l41 0249                                            l44 0246  
                                          l60 05A0                                            l71 0294  
                                          l47 0264                                            l55 0361  
                                          l74 0277                                            l82 02B7  
                                          l77 027B                                            l93 02AA  
                                          l87 02C4                           ?_Delay_Approx_250ms 0070  
                         ___wmul@multiplicand 0072                                           l110 0243  
                                         l104 02D2                                           l113 025A  
                                         l122 0251                                           l107 025F  
                                         l131 042C                                           l116 0240  
                                         l125 0273                                           l221 0255  
                                         l119 024D                                           l143 0429  
                                         l135 0456                                           l231 028B  
                                         l128 026B                                           l152 029F  
                                         l160 03CA                                           l240 04C3  
                                         l225 03FE                                           l146 031B  
                                         l218 033D                                           l170 0695  
                                         l162 03CE                                           l251 0300  
                                         l235 03AC                                           l244 048C  
                                         l156 03D5                                           l149 0296  
                                         l157 03B6                                           l166 0283  
                                         l183 0545                                           l353 036E  
                                         l195 07D1                                           l187 07FD  
                                         l355 0386                                           l199 0601  
                                         l379 02E7                                           l635 04FD  
                                         u940 027B                                           u941 027A  
                                         u950 02CC                                           u951 02CB  
                                         u960 02D9                                           u961 02D8  
                                         u970 02E6                                           u971 02E5  
                                         u980 02C4                                           u981 02C3  
                                         u990 0430                                           u991 042F  
                         ??_Delay_Approx_65ms 0070                                           fsr0 0004  
                                         indf 0000                           __size_of_BCD_To_Dec 001B  
           DS3231_ReadTime_With_Retry@attempt 007B        Already_Triggered_This_Minute@last_date 0072  
      Already_Triggered_This_Minute@last_hour 0070        Already_Triggered_This_Minute@last_year 0074  
                                        l2001 04CA                                          l2011 04E6  
                                        l2003 04CD                                          l2101 0663  
                                        l2013 04EC                                          l2005 04D4  
                                        l2021 0260                                          l2103 0668  
                                        l2015 04F3                                          l2007 04D8  
                                        l2023 0261                                          l2121 031E  
                                        l2105 066F                                          l2113 0500  
                                        l2201 02F6                                          l2009 04DC  
                                        l2017 04F9                                          l2025 0263  
                                        l2041 055C                                          l2033 054E  
                                        l2131 032F                                          l2123 031F  
                                        l2115 031D                                          l2211 02FD  
                                        l2203 02F8                                          l2051 057D  
                                        l2043 0561                                          l2035 0557  
                                        l2027 0546                                          l2141 033C  
                                        l2133 0330                                          l2125 0326  
                                        l2109 0676                                          l2213 02FE  
                                        l2205 02F9                                          l2053 0582  
                                        l2045 056A                                          l2037 0557  
                                        l2029 054C                                          l2135 0331  
                                        l2127 032D                                          l2215 02FF  
                                        l2207 02FA                                          l2151 0497  
                                        l2071 059D                                          l2055 0587  
                                        l2047 056F                                          l2063 0593  
                                        l2039 0557                                          l2231 06C0  
                                        l2223 0696                                          l1601 02DF  
                                        l2137 0332                                          l2209 02FB  
                                        l2153 04B2                                          l2145 048E  
                                        l2065 0594                                          l2057 0590  
                                        l2049 0574                                          l2241 06CE  
                                        l2233 06C3                                          l2225 06AB  
                                        l2163 0464                                          l1603 02E6  
                                        l2139 0336                                          l2083 060C  
                                        l2147 0495                                          l2059 0591  
                                        l2251 06FF                                          l2243 06D4  
                                        l2235 06C4                                          l2227 06AC  
                                        l2181 0481                                          l2157 0458  
                                        l1701 040F                                          l2093 0650  
                                        l2085 0630                                          l1621 02BA  
                                        l1613 02B8                                          l2069 059C  
                                        l2261 0723                                          l2253 0704  
                                        l2245 06D6                                          l2237 06C5  
                                        l2229 06AD                                          l2175 0477  
                                        l2159 0462                                          l1711 0421  
                                        l1703 0410                                          l1631 0271  
                                        l1607 0244                                          l2079 0604  
                                        l2191 02E8                                          l1623 02BE  
                                        l2271 072F                                          l2263 0727  
                                        l2255 0716                                          l2247 06DD  
                                        l2239 06C7                                          l2169 046D  
                                        l1721 0428                                          l1713 0422  
                                        l1705 0414                                          l1633 0272  
                                        l1625 026C                                          l1641 0269  
                                        l2097 0657                                          l2089 0649  
                                        l2193 02EC                                          l1609 0284  
                                        l2265 072B                                          l2257 071B  
                                        l2249 06E4                                          l2273 0730  
                                        l2187 048B                                          l1571 02C5  
                                        l1715 0423                                          l1707 041A  
                                        l1627 026E                                          l1643 026A  
                                        l1635 0265                                          l1651 0430  
                                        l2099 065C                                          l2195 02EE  
                                        l1619 02B9                                          l1803 034B  
                                        l1811 035A                                          l2259 071F  
                                        l2267 072D                                          l1725 0302  
                                        l1573 02C6                                          l1581 025B  
                                        l1717 0425                                          l1709 041F  
                                        l1629 026F                                          l1637 0266  
                                        l1661 0437                                          l1653 0432  
                                        l1645 042B                                          l1901 07B0  
                                        l1733 0296                                          l2197 02F3  
                                        l1741 0252                                          l1813 0360  
                                        l1805 034C                                          l2269 072E  
                                        l1727 030F                                          l1583 0241  
                                        l1719 0426                                          l1639 0267  
                                        l1671 0445                                          l1663 0438  
                                        l1655 0433                                          l1911 07FC  
                                        l1903 07B6                                          l1567 0274  
                                        l1823 02AC                                          l1831 024E  
                                        l1735 029B                                          l2199 02F4  
                                        l1807 0350                                          l1593 02D4  
                                        l1729 0314                                          l1577 02CD  
                                        l1585 0256                                          l1673 0446  
                                        l1665 043A                                          l1657 0434  
                                        l1905 07BC                                          l1569 0276  
                                        l1825 02AD                                          l1817 02AB  
                                        l1833 0250                                          l1921 05AD  
                                        l1737 029D                                          l1841 03BF  
                                        l1753 03E3                                          l1745 03D7  
                                        l1809 0356                                          l1595 02D5  
                                        l1587 023E                                          l1683 0400  
                                        l1675 0453                                          l1667 043E  
                                        l1659 0436                                          l1907 07BD  
                                        l1827 02B1                                          l1915 05A2  
                                        l1851 03C9                                          l1843 03C0  
                                        l1835 03AE                                          l1755 03E9  
                                        l1747 03DC                                          l1597 02D9  
                                        l1589 024A                                          l1693 0403  
                                        l1685 0401                                          l1677 0454  
                                        l1669 0444                                          l1909 07C6  
                                        l1861 0735                                          l1941 05D2  
                                        l1933 05C0                                          l1917 05AB  
                                        l1853 03CF                                          l1845 03C4  
                                        l1829 028C                                          l1765 03F2  
                                        l1749 03E1                                          l1781 02A2  
                                        l1599 02DD                                          l1695 0405  
                                        l1687 0402                                          l1679 0455  
                                        l1863 073D                                          l1951 05EC  
                                        l1943 05DA                                          l1935 05C8  
                                        l1927 05B6                                          l1855 03D4  
                                        l1847 03C5                                          l1839 03BB  
                                        l1767 03F8                                          l1759 03EB  
                                        l1783 02A3                                          l1697 040D  
                                        l1865 073E                                          l1857 027D  
                                        l1849 03C7                                          l1785 02A5  
                                        l1777 0247                                          l1699 040E  
                                        l1891 0791                                          l1963 0600  
                                        l1971 0397                                          l1779 02A1  
                                        l1795 0342                                          l1787 033F  
                                        l1893 0795                                          l1885 0751  
                                        l1877 0748                                          l1869 0740  
                                        l1957 05F6                                          l1949 05E4  
                                        l1981 03AB                                          l1797 0348  
                                        l1789 0341                                          l1895 079C  
                                        l1887 077C                                          l1975 0399  
                                        l1967 0388                                          l1991 0375  
                                        l1799 0349                                          l1897 07A5  
                                        l1889 0787                                          l1969 0391  
                                        l1993 037C                                          l1985 0362  
                                        l1899 07AA                                          l1995 0382  
                                        l1987 0364                                          l1989 0368  
                                        l1999 04C4                                          u1000 0444  
                                        u1001 0443                                          u1010 044F  
                                        u1011 044D                                          u1020 0450  
                                        u1100 03F1                                          u1101 03F0  
                                        u1030 040D                                          u1110 03F8  
                                        u1031 040C                                          u1111 03F7  
                                        u1040 041A                                          u1200 03CE  
                                        u1120 03FD                                          u1041 0419  
                                        u1201 03CD                                          u1121 03FC  
                                        u1050 041F                                          u1210 03D4  
                                        u1130 02AA                                          u1051 041E  
                                        u1211 03D3                                          u1131 02A9  
                                        u1300 07BC                                          u1220 073D  
                                        u1140 0348                                          u1301 07BB  
                                        u1221 073C                                          u1141 0347  
                                        u1230 0747                                          u1310 05AB  
                                        u1070 029B                                          u1150 0356  
                                        u1231 0746                                          u1311 05AA  
                                        u1071 029A                                          u1151 0355  
                                        u1240 0750                                          u1400 05FF  
                                        u1320 05B5                                          u1080 03E1  
                                        u1160 0360                                          u1065 0305  
                                        u1241 074F                                          u1401 05FE  
                                        u1321 05B4                                          u1081 03E0  
                                        u1161 035F                                          u1250 0795  
                                        u1170 02B7                                          u1330 05BF  
                                        u1090 03E9                                          u1410 0391  
                                        u1251 0794                                          u1171 02B6  
                                        u1331 05BE                                          u1091 03E8  
                                        u1411 0390                                          u1260 07A1  
                                        u1340 05C8                                          u1180 03B5  
                                        u1420 0397                                          u1500 04DC  
                                        u1261 079F                                          u1341 05C7  
                                        u1181 03B4                                          u1421 0396  
                                        u1501 04DB                                          u1270 07A2  
                                        u1350 05D1                                          u1190 03BB  
                                        u1430 03AA                                          u1510 04E6  
                                        u1351 05D0                                          u1191 03BA  
                                        u1431 03A9                                          u1511 04E5  
                                        u1280 07AA                                          u1360 05DA  
                                        u1440 0368                                          u1600 0587  
                                        u1281 07A9                                          u1361 05D9  
                                        u1441 0367                                          u1601 0586  
                                        u1290 07B0                                          u1370 05E3  
                                        u1530 04F9                                          u1610 059B  
                                        u1291 07AF                                          u1371 05E2  
                                        u1531 04F8                                          u1515 04E2  
                                        u1611 059A                                          u1380 05EC  
                                        u1700 0675                                          u1620 060B  
                                        u1540 054C                                          u1381 05EB  
                                        u1701 0674                                          u1621 060A  
                                        u1525 04ED                                          u1541 054B  
                                        u1390 05F5                                          u1710 0326  
                                        u1630 0648                                          u1470 0382  
                                        u1550 055C                                          u1391 05F4  
                                        u1711 0325                                          u1631 0647  
                                        u1471 0381                                          u1455 036F  
                                        u1551 055B                                          u1800 0480  
                                        u1720 032D                                          u1640 064F  
                                        u1480 04CA                                          u1560 0561  
                                        u1801 047F                                          u1721 032C  
                                        u1641 064E                                          u1481 04C9  
                                        u1465 0376                                          u1561 0560  
                                        _GPIO 0005                                          u1810 048A  
                                        u1730 033C                                          u1650 0656  
                                        u1570 056F                                          u1811 0489  
                                        u1731 033B                                          u1651 0655  
                                        u1571 056E                                          u1660 065C  
                                        u1740 0495                                          u1580 0574  
                                        u1820 06CE                                          u1661 065B  
                                        u1741 0494                                          u1581 0573  
                                        u1821 06CD                                          u1670 0662  
                                        u1750 04C2                                          u1590 0582  
                                        u1830 06D4                                          u1671 0661  
                                        u1495 04CE                                          u1751 04C0  
                                        u1591 0581                                          u1831 06D3  
                                        u1680 0668                                          u1760 04C3  
                                        u1840 06DD                                          u1681 0667  
                                        u1841 06DC                          ??_Delay_Approx_250ms 0070  
                                        u1770 0462                                          u1690 066E  
                                        u1850 06E4                                          u1771 0461  
                                        u1691 066D                                          u1851 06E3  
                                        u1780 046C                                          u1860 0704  
                                        u1781 046B                                          u1861 0703  
                                        u1790 0476                                          u1791 0475  
                                        _TMR0 0001                               __end_of_SDA_Low 0260  
                             __end_of_SCL_Low 025B                         __size_of_I2C_ReadByte 002B  
            EEPROM_Load_Last_Trigger@checksum 0020                                          _main 0696  
                            __end_of_I2C_Init 0252             Test_Delay_Seconds_Abortable@slice 0073  
                                        btemp 007E                              __end_of_I2C_Stop 026C  
                                        start 0000                     __end_of_Delay_Approx_65ms 027C  
                               ??_Init_Device 0070              EEPROM_Save_Last_Trigger@checksum 0020  
                    __size_of_EEPROM_ReadByte 000B            EEPROM_Load_Last_Trigger@last_month 0077  
                           ___bmul@multiplier 0073             __size_of_EEPROM_Save_Last_Trigger 0048  
                   ?_EEPROM_Save_Last_Trigger 0075                             ??_DS3231_ReadTime 0079  
                                       ?_main 0070                                         _EEADR 009B  
                                       _EEDAT 009A                                         _ANSEL 009F  
                  Is_Allowed_Day_And_Hour@now 0074                               __end_of___lwmod 04FE  
             ??_Already_Triggered_This_Minute 0075                              __end_of_SDA_Read 024E  
                  __size_of_RTC_Time_Is_Valid 0061                                  _I2C_ReadByte 03FF  
                           __end_of_I2C_Delay 02D3                             __end_of_I2C_Start 0274  
             EEPROM_WriteByte@gie_was_enabled 0072                         EEPROM_WriteByte@value 0071  
                                       status 0003                 EEPROM_Load_Last_Trigger@month 0026  
                                       wtemp0 007E                DS3231_ReadTime_With_Retry@time 007C  
                             __initialization 07FE                                  ?_SDA_Release 0070  
                                __end_of_main 0733               __size_of_Is_Hour_Window_Enabled 0029  
                         __end_of_Init_Device 0301                                        ??_main 002A  
                            __end_of_Relay_On 024A                              Delay_Approx_1s@i 0071  
                                   ??_SDA_Low 0070                   ?_DS3231_ReadTime_With_Retry 0070  
                                   ??_SCL_Low 0070                                        _ADCON0 001F  
                                ?_SCL_Release 0070                        __size_of_I2C_WriteByte 002D  
                                      _EECON2 009D                                        _CMCON0 0019  
                                ??_BCD_To_Dec 0074                  EEPROM_Save_Last_Trigger@date 0076  
                            _Relay_Test_Cycle 0546                    __size_of_Delay_Approx_65ms 0008  
                EEPROM_Save_Last_Trigger@hour 0021                  EEPROM_Save_Last_Trigger@year 0078  
                       RTC_Time_Is_Valid@time 0070                                        ___bmul 02D3  
                          __size_of_Relay_Off 0003                                        ___wmul 0362  
                                   ??___lwmod 0074                             ??_EEPROM_ReadByte 0070  
                   __size_of_Trigger_Checksum 0008           Test_Delay_Seconds_Abortable@seconds 0071  
                    ?_Is_Scheduled_Relay_Time 0070                      __end_of_EEPROM_WriteByte 03D6  
                  Relay_Test_Cycle@on_seconds 0076                                     ?_I2C_Init 0070  
                                   ?_I2C_Stop 0070                            __end_of_BCD_To_Dec 031C  
                      _Is_Hour_Window_Enabled 03D6                    Is_Hour_Window_Enabled@hour 0072  
       __end_of_Already_Triggered_This_Minute 048D        __size_of_Already_Triggered_This_Minute 0036  
               _Already_Triggered_This_Minute 0457                     DS3231_ReadTime@raw_minute 0021  
                   DS3231_ReadTime@raw_second 0020                             _Is_Sunday_Enabled 0252  
                     __end_of__initialization 07FE             __size_of_EEPROM_Load_Last_Trigger 0094  
                          ?_Is_Sunday_Enabled 0070                     ?_EEPROM_Load_Last_Trigger 0075  
                EEPROM_Load_Last_Trigger@date 0025                           ___bmul@multiplicand 0070  
                EEPROM_Load_Last_Trigger@hour 0022                 __size_of_Is_Test_Mode_Enabled 0008  
                EEPROM_Load_Last_Trigger@year 0024                                   _Init_Device 02E8  
                                   ?_SDA_Read 0070                           ??_Is_Sunday_Enabled 0070  
                              __pcstackCOMMON 0070                                 _I2C_WriteByte 042A  
                         Delay_Approx_250ms@i 0071                                    ??_I2C_Init 0072  
                              _OPTION_REGbits 0081                        Trigger_Checksum@minute 0070  
                                  ??_I2C_Stop 0072                     __end_of_Is_Sunday_Enabled 0256  
                           __end_of_Relay_Off 0247              __end_of_EEPROM_Save_Last_Trigger 0546  
                       _Timer0_Init_For_Delay 028C                                    I2C_Delay@i 0071  
                             _DS3231_ReadTime 0733                                     ?_Relay_On 0070  
                                  ??_SDA_Read 0070                                    __pmaintext 0696  
                              ?_I2C_WriteByte 0070                                       ?___bmul 0070  
             __end_of_Is_Scheduled_Relay_Time 04C4                                       ?___wmul 0070  
                        __size_of_SDA_Release 0003                             _Relay_Reset_Pulse 0260  
                      __size_of_Delay_Seconds 000B                      ?_Is_Allowed_Day_And_Hour 0070  
                          ?_Relay_Reset_Pulse 0070                      __size_of_Delay_Approx_1s 000D  
                                     _SDA_Low 025B                                       _SCL_Low 0256  
                         ??_Relay_Reset_Pulse 0073                          I2C_ReadByte@send_ack 0073  
                 __size_of_Delay_Approx_250ms 000D                          __size_of_SCL_Release 0003  
                                   _I2C_Delay 02C5                 EEPROM_Save_Last_Trigger@month 0077  
              ?_Already_Triggered_This_Minute 0070                                     _I2C_Start 026C  
                                  ??_Relay_On 0070                              I2C_ReadByte@data 0074  
                             __size_of___bmul 0015                     __end_of_Relay_Reset_Pulse 0265  
                             __size_of___wmul 0025                                       ___lwmod 04C4  
                     DS3231_ReadTime@raw_date 0023                       DS3231_ReadTime@raw_hour 0027  
                     DS3231_ReadTime@raw_year 0025                              _Trigger_Checksum 027C  
                                     __ptext1 0546                                       __ptext2 033E  
                                     __ptext3 0284                                       __ptext4 0260  
                                     __ptext5 0247                                       __ptext6 02A0  
                                     __ptext7 02B8                                       __ptext8 048D  
                                     __ptext9 0362                        EEPROM_ReadByte@address 0070  
                        DS3231_ReadTime@is_pm 0026                      __end_of_Relay_Test_Cycle 05A1  
                  __size_of_Is_Sunday_Enabled 0004                         main@already_triggered 0030  
                     EEPROM_WriteByte@address 0073                                       main@now 0036  
                     __end_of_DS3231_ReadTime 07FE                          end_of_initialization 07FE  
                               _Delay_Seconds 02A0                        ?_Timer0_Init_For_Delay 0070  
                                  ?_I2C_Delay 0070                                    ?_I2C_Start 0070  
                             _EEPROM_ReadByte 0295                               ??_I2C_WriteByte 0072  
                    _EEPROM_Save_Last_Trigger 04FE               __end_of_Is_Allowed_Day_And_Hour 03AD  
                           ?_EEPROM_WriteByte 0071                       ?_Is_Hour_Window_Enabled 0070  
            __end_of_EEPROM_Load_Last_Trigger 0696                              I2C_WriteByte@ack 0074  
                          ??_EEPROM_WriteByte 0072                             __size_of_I2C_Init 0004  
                           __size_of_I2C_Stop 0007                             ??_Delay_Approx_1s 0070  
                              ?_Delay_Seconds 0070              __size_of_Is_Scheduled_Relay_Time 0037  
                                ?_Init_Device 0070                    __size_of_Relay_Reset_Pulse 0005  
                           __size_of_SDA_Read 0004                                __end_of___bmul 02E8  
                              __end_of___wmul 0387                __end_of_Is_Hour_Window_Enabled 03FF  
                __end_of_Is_Test_Mode_Enabled 028C                           start_initialization 07FE  
                     __end_of_EEPROM_ReadByte 02A0                              ?_DS3231_ReadTime 0070  
                                 ??_I2C_Delay 0070                                     _Relay_Off 0244  
                                 ??_I2C_Start 0072                             __size_of_Relay_On 0003  
                                    ??___bmul 0071                                      ??___wmul 0074  
                              I2C_WriteByte@i 0075                                     ___latbits 0000  
                               __pcstackBANK0 0020                                 ?_I2C_ReadByte 0070  
                                    ?_SDA_Low 0070                                      ?_SCL_Low 0070  
                             ??_Delay_Seconds 0072                      _EEPROM_Load_Last_Trigger 0602  
            __size_of_Is_Allowed_Day_And_Hour 0026                         Trigger_Checksum@month 0072  
                    __end_of_Trigger_Checksum 0284                                    ?_Relay_Off 0070  
                               ??_SDA_Release 0070       Already_Triggered_This_Minute@last_month 0073  
                               I2C_ReadByte@i 0075                                      ?___lwmod 0070  
        __end_of_Test_Delay_Seconds_Abortable 0362         __size_of_Test_Delay_Seconds_Abortable 0024  
                _Test_Delay_Seconds_Abortable 033E                                      _I2C_Init 024E  
                                    _I2C_Stop 0265                                ??_I2C_ReadByte 0072  
                           ?_Relay_Test_Cycle 0070                        DS3231_ReadTime@hour_12 0028  
                               ??_SCL_Release 0070                            ??_Relay_Test_Cycle 0074  
                  __end_of_Delay_Approx_250ms 02B8                  ??_DS3231_ReadTime_With_Retry 007A  
                      DS3231_ReadTime@raw_day 0022                       _Is_Scheduled_Relay_Time 048D  
                     ??_Timer0_Init_For_Delay 0070                              ?_EEPROM_ReadByte 0070  
                  ??_EEPROM_Save_Last_Trigger 0079                           DS3231_ReadTime@time 0029  
             Test_Delay_Seconds_Abortable@sec 0072                  Is_Hour_Window_Enabled@minute 0070  
                              ___wmul@product 0074           EEPROM_Load_Last_Trigger@last_minute 0075  
                                    _GPIObits 0005                          _Is_Test_Mode_Enabled 0284  
                                    _SDA_Read 024A             EEPROM_Load_Last_Trigger@last_date 0076  
                     Relay_Test_Cycle@dip1_on 0077                       Relay_Test_Cycle@dip2_on 0078  
           EEPROM_Load_Last_Trigger@last_hour 0021             EEPROM_Load_Last_Trigger@last_year 0078  
                        __size_of_Init_Device 0019                           __end_of_SDA_Release 0244  
                             _Delay_Approx_1s 02B8              Already_Triggered_This_Minute@now 0075  
         __size_of_DS3231_ReadTime_With_Retry 0022                             ___wmul@multiplier 0070  
Is_Scheduled_Relay_Time@minutes_from_midnight 0078                 ?_Test_Delay_Seconds_Abortable 0070  
                            __size_of_SDA_Low 0005                EEPROM_Save_Last_Trigger@minute 0075  
                            __size_of_SCL_Low 0005                     __size_of_EEPROM_WriteByte 0029  
                                 ??_Relay_Off 0070                           __end_of_SCL_Release 0241  
                                  _EECON1bits 009C                                    _BCD_To_Dec 0301  
                                    _Relay_On 0247                         ?_Is_Test_Mode_Enabled 0070  
                       __end_of_I2C_WriteByte 0457            Is_Hour_Window_Enabled@dip2_enabled 0071  
                            __size_of___lwmod 003A                          Trigger_Checksum@date 0071  
                        Trigger_Checksum@hour 0074                          Trigger_Checksum@year 0073  
                    DS3231_ReadTime@raw_month 0024                EEPROM_Load_Last_Trigger@minute 0023  
                   ??_Is_Scheduled_Relay_Time 0076                                      __ptext10 04C4  
                                    __ptext11 0387                                      __ptext20 0295  
                                    __ptext12 0252                                      __ptext21 031C  
                                    __ptext13 03D6                                      __ptext30 026C  
                                    __ptext22 0244                                      __ptext14 02E8  
                                    __ptext31 03FF                                      __ptext23 05A1  
                                    __ptext15 028C                                      __ptext40 0457  
                                    __ptext32 0241                                      __ptext24 024E  
                                    __ptext16 04FE                                      __ptext33 024A  
                                    __ptext25 02AB                                      __ptext17 03AD  
                                    __ptext34 025B                                      __ptext26 0274  
                                    __ptext18 0602                                      __ptext35 023E  
                                    __ptext27 0733                                      __ptext19 027C  
                                    __ptext36 0256                                      __ptext28 042A  
                                    __ptext37 02C5                                      __ptext29 0265  
                                    __ptext38 0301                                      __ptext39 02D3  
                     _Is_Allowed_Day_And_Hour 0387                                 __size_of_main 009D  
                        __end_of_I2C_ReadByte 042A                       __end_of_Delay_Approx_1s 02C5  
                                 _SDA_Release 0241                                BCD_To_Dec@ones 0077  
                              BCD_To_Dec@tens 0076                    ??_EEPROM_Load_Last_Trigger 0079  
                                  _INTCONbits 000B            __end_of_DS3231_ReadTime_With_Retry 033E  
                  _DS3231_ReadTime_With_Retry 031C                                   _SCL_Release 023E  
                           _RTC_Time_Is_Valid 05A1                ??_Test_Delay_Seconds_Abortable 0070  
                          ?_RTC_Time_Is_Valid 0070                             ?_Trigger_Checksum 0070  
                            ___lwmod@dividend 0072                        ??_Is_Test_Mode_Enabled 0070  
                                 ?_BCD_To_Dec 0070                            ??_Trigger_Checksum 0074  
                                  _OSCCONbits 008F                      __size_of_DS3231_ReadTime 00CB  
                         ??_RTC_Time_Is_Valid 0070      Already_Triggered_This_Minute@last_minute 0071  
                               BCD_To_Dec@bcd 0078                               ___lwmod@divisor 0070  
                   ??_Is_Allowed_Day_And_Hour 0073                               ___lwmod@counter 0075  
                   __end_of_RTC_Time_Is_Valid 0602                   Relay_Test_Cycle@off_seconds 0075  
                     main@last_trigger_minute 0032                          Delay_Seconds@seconds 0072  
                  Is_Scheduled_Relay_Time@now 007A                         __end_of_Delay_Seconds 02AB  
              __size_of_Timer0_Init_For_Delay 0009                 __end_of_Timer0_Init_For_Delay 0295  
                            _EEPROM_WriteByte 03AD                        main@last_trigger_month 0034  
                       main@last_trigger_date 0033                             I2C_WriteByte@data 0073  
                       main@last_trigger_hour 0031                     __size_of_Relay_Test_Cycle 005B  
                       main@last_trigger_year 0035                                    _TRISIObits 0085  
                          _Delay_Approx_250ms 02AB                             _Delay_Approx_65ms 0274  
