

Microchip MPLAB XC8 Assembler V2.31 build 20201012212115 
                                                                                               Wed Aug 19 19:46:22 2026

Microchip MPLAB XC8 C Compiler v2.31 (Free license) build 20201012212115 Og1 
     1                           	processor	12F683
     2                           	pagewidth 120
     3                           	opt	flic
     4                           	psect	cinit,global,class=CODE,merge=1,delta=2
     5                           	psect	cstackCOMMON,global,class=COMMON,space=1,delta=1,noexec
     6                           	psect	cstackBANK0,global,class=BANK0,space=1,delta=1,noexec
     7                           	psect	maintext,global,class=CODE,split=1,delta=2
     8                           	psect	text1,local,class=CODE,merge=1,delta=2
     9                           	psect	text2,local,class=CODE,merge=1,delta=2
    10                           	psect	text3,local,class=CODE,merge=1,delta=2
    11                           	psect	text4,local,class=CODE,merge=1,delta=2
    12                           	psect	text5,local,class=CODE,merge=1,delta=2
    13                           	psect	text6,local,class=CODE,merge=1,delta=2
    14                           	psect	text7,local,class=CODE,merge=1,delta=2
    15                           	psect	text8,local,class=CODE,merge=1,delta=2
    16                           	psect	text9,local,class=CODE,merge=1,delta=2,group=1
    17                           	psect	text10,local,class=CODE,merge=1,delta=2,group=1
    18                           	psect	text11,local,class=CODE,merge=1,delta=2
    19                           	psect	text12,local,class=CODE,merge=1,delta=2
    20                           	psect	text13,local,class=CODE,merge=1,delta=2
    21                           	psect	text14,local,class=CODE,merge=1,delta=2
    22                           	psect	text15,local,class=CODE,merge=1,delta=2
    23                           	psect	text16,local,class=CODE,merge=1,delta=2
    24                           	psect	text17,local,class=CODE,merge=1,delta=2
    25                           	psect	text18,local,class=CODE,merge=1,delta=2
    26                           	psect	text19,local,class=CODE,merge=1,delta=2
    27                           	psect	text20,local,class=CODE,merge=1,delta=2
    28                           	psect	text21,local,class=CODE,merge=1,delta=2
    29                           	psect	text22,local,class=CODE,merge=1,delta=2
    30                           	psect	text23,local,class=CODE,merge=1,delta=2
    31                           	psect	text24,local,class=CODE,merge=1,delta=2
    32                           	psect	text25,local,class=CODE,merge=1,delta=2
    33                           	psect	text26,local,class=CODE,merge=1,delta=2
    34                           	psect	text27,local,class=CODE,merge=1,delta=2
    35                           	psect	text28,local,class=CODE,merge=1,delta=2
    36                           	psect	text29,local,class=CODE,merge=1,delta=2
    37                           	psect	text30,local,class=CODE,merge=1,delta=2
    38                           	psect	text31,local,class=CODE,merge=1,delta=2
    39                           	psect	text32,local,class=CODE,merge=1,delta=2
    40                           	psect	text33,local,class=CODE,merge=1,delta=2
    41                           	psect	text34,local,class=CODE,merge=1,delta=2
    42                           	psect	text35,local,class=CODE,merge=1,delta=2
    43                           	psect	text36,local,class=CODE,merge=1,delta=2
    44                           	psect	text37,local,class=CODE,merge=1,delta=2
    45                           	psect	text38,local,class=CODE,merge=1,delta=2
    46                           	psect	text39,local,class=CODE,merge=1,delta=2,group=1
    47                           	psect	text40,local,class=CODE,merge=1,delta=2
    48                           	psect	config,global,abs,ovrld,class=CONFIG,space=4,delta=2,noexec
    49                           	dabs	1,0x7E,2
    50  0000                     
    51                           ; Generated 17/08/2023 GMT
    52                           ; 
    53                           ; Copyright © 2023, Microchip Technology Inc. and its subsidiaries ("Microchip")
    54                           ; All rights reserved.
    55                           ; 
    56                           ; This software is developed by Microchip Technology Inc. and its subsidiaries ("Microch
      +                          ip").
    57                           ; 
    58                           ; Redistribution and use in source and binary forms, with or without modification, are
    59                           ; permitted provided that the following conditions are met:
    60                           ; 
    61                           ;     1. Redistributions of source code must retain the above copyright notice, this lis
      +                          t of
    62                           ;        conditions and the following disclaimer.
    63                           ; 
    64                           ;     2. Redistributions in binary form must reproduce the above copyright notice, this 
      +                          list
    65                           ;        of conditions and the following disclaimer in the documentation and/or other
    66                           ;        materials provided with the distribution. Publication is not required when
    67                           ;        this file is used in an embedded application.
    68                           ; 
    69                           ;     3. Microchip's name may not be used to endorse or promote products derived from th
      +                          is
    70                           ;        software without specific prior written permission.
    71                           ; 
    72                           ; THIS SOFTWARE IS PROVIDED BY MICROCHIP "AS IS" AND ANY EXPRESS OR IMPLIED WARRANTIES,
    73                           ; INCLUDING, BUT NOT LIMITED TO, THE IMPLIED WARRANTIES OF MERCHANTABILITY AND FITNESS F
      +                          OR
    74                           ; PURPOSE ARE DISCLAIMED.  IN NO EVENT SHALL MICROCHIP BE LIABLE FOR ANY DIRECT, INDIREC
      +                          T,
    75                           ; INCIDENTAL, SPECIAL, EXEMPLARY, OR CONSEQUENTIAL DAMAGES (INCLUDING BUT NOT LIMITED TO
    76                           ; PROCUREMENT OF SUBSTITUTE GOODS OR SERVICES; LOSS OF USE, DATA OR PROFITS; OR BUSINESS
    77                           ; INTERRUPTION) HOWSOEVER CAUSED AND ON ANY THEORY OF LIABILITY, WHETHER IN CONTRACT, ST
      +                          RICT
    78                           ; LIABILITY, OR TORT (INCLUDING NEGLIGENCE OR OTHERWISE) ARISING IN ANY WAY OUT OF THE U
      +                          SE OF
    79                           ; THIS SOFTWARE, EVEN IF ADVISED OF THE POSSIBILITY OF SUCH DAMAGE.
    80                           ; 
    81                           ; 
    82                           ; Code-generator required, PIC12F683 Definitions
    83                           ; 
    84                           ; SFR Addresses
    85  0000                     	;# 
    86  0001                     	;# 
    87  0002                     	;# 
    88  0003                     	;# 
    89  0004                     	;# 
    90  0005                     	;# 
    91  000A                     	;# 
    92  000B                     	;# 
    93  000C                     	;# 
    94  000E                     	;# 
    95  000E                     	;# 
    96  000F                     	;# 
    97  0010                     	;# 
    98  0011                     	;# 
    99  0012                     	;# 
   100  0013                     	;# 
   101  0013                     	;# 
   102  0014                     	;# 
   103  0015                     	;# 
   104  0018                     	;# 
   105  0019                     	;# 
   106  001A                     	;# 
   107  001E                     	;# 
   108  001F                     	;# 
   109  0081                     	;# 
   110  0085                     	;# 
   111  008C                     	;# 
   112  008E                     	;# 
   113  008F                     	;# 
   114  0090                     	;# 
   115  0092                     	;# 
   116  0095                     	;# 
   117  0095                     	;# 
   118  0096                     	;# 
   119  0096                     	;# 
   120  0099                     	;# 
   121  009A                     	;# 
   122  009A                     	;# 
   123  009B                     	;# 
   124  009C                     	;# 
   125  009D                     	;# 
   126  009E                     	;# 
   127  009F                     	;# 
   128  0000                     	;# 
   129  0001                     	;# 
   130  0002                     	;# 
   131  0003                     	;# 
   132  0004                     	;# 
   133  0005                     	;# 
   134  000A                     	;# 
   135  000B                     	;# 
   136  000C                     	;# 
   137  000E                     	;# 
   138  000E                     	;# 
   139  000F                     	;# 
   140  0010                     	;# 
   141  0011                     	;# 
   142  0012                     	;# 
   143  0013                     	;# 
   144  0013                     	;# 
   145  0014                     	;# 
   146  0015                     	;# 
   147  0018                     	;# 
   148  0019                     	;# 
   149  001A                     	;# 
   150  001E                     	;# 
   151  001F                     	;# 
   152  0081                     	;# 
   153  0085                     	;# 
   154  008C                     	;# 
   155  008E                     	;# 
   156  008F                     	;# 
   157  0090                     	;# 
   158  0092                     	;# 
   159  0095                     	;# 
   160  0095                     	;# 
   161  0096                     	;# 
   162  0096                     	;# 
   163  0099                     	;# 
   164  009A                     	;# 
   165  009A                     	;# 
   166  009B                     	;# 
   167  009C                     	;# 
   168  009D                     	;# 
   169  009E                     	;# 
   170  009F                     	;# 
   171  0005                     _GPIO	set	5
   172  0019                     _CMCON0	set	25
   173  001F                     _ADCON0	set	31
   174  0001                     _TMR0	set	1
   175  000B                     _INTCONbits	set	11
   176  0005                     _GPIObits	set	5
   177  008F                     _OSCCONbits	set	143
   178  009F                     _ANSEL	set	159
   179  009D                     _EECON2	set	157
   180  009A                     _EEDAT	set	154
   181  009B                     _EEADR	set	155
   182  009C                     _EECON1bits	set	156
   183  0085                     _TRISIObits	set	133
   184  0081                     _OPTION_REGbits	set	129
   185                           
   186                           	psect	cinit
   187  0005                     start_initialization:	
   188                           ; #config settings
   189                           
   190  0005                     __initialization:
   191  0005                     end_of_initialization:	
   192                           ;End of C runtime variable initialization code
   193                           
   194  0005                     __end_of__initialization:
   195  0005  0183               	clrf	3
   196  0006  28D2               	ljmp	_main	;jump to C main() function
   197                           
   198                           	psect	cstackCOMMON
   199  0070                     __pcstackCOMMON:
   200  0070                     ?_Delay_Seconds:
   201  0070                     ?_Is_Test_Mode_Enabled:	
   202                           ; 1 bytes @ 0x0
   203                           
   204  0070                     ??_Is_Test_Mode_Enabled:	
   205                           ; 1 bytes @ 0x0
   206                           
   207  0070                     ?_Delay_Approx_65ms:	
   208                           ; 1 bytes @ 0x0
   209                           
   210  0070                     ??_Delay_Approx_65ms:	
   211                           ; 1 bytes @ 0x0
   212                           
   213  0070                     ?_Delay_Approx_250ms:	
   214                           ; 1 bytes @ 0x0
   215                           
   216  0070                     ??_Delay_Approx_250ms:	
   217                           ; 1 bytes @ 0x0
   218                           
   219  0070                     ?_I2C_Init:	
   220                           ; 1 bytes @ 0x0
   221                           
   222  0070                     ?_Relay_On:	
   223                           ; 1 bytes @ 0x0
   224                           
   225  0070                     ??_Relay_On:	
   226                           ; 1 bytes @ 0x0
   227                           
   228  0070                     ?_Relay_Off:	
   229                           ; 1 bytes @ 0x0
   230                           
   231  0070                     ??_Relay_Off:	
   232                           ; 1 bytes @ 0x0
   233                           
   234  0070                     ?_Relay_Reset_Pulse:	
   235                           ; 1 bytes @ 0x0
   236                           
   237  0070                     ?_Test_Delay_Seconds_Abortable:	
   238                           ; 1 bytes @ 0x0
   239                           
   240  0070                     ??_Test_Delay_Seconds_Abortable:	
   241                           ; 1 bytes @ 0x0
   242                           
   243  0070                     ?_Relay_Test_Cycle:	
   244                           ; 1 bytes @ 0x0
   245                           
   246  0070                     ?_Timer0_Init_For_Delay:	
   247                           ; 1 bytes @ 0x0
   248                           
   249  0070                     ??_Timer0_Init_For_Delay:	
   250                           ; 1 bytes @ 0x0
   251                           
   252  0070                     ?_Delay_Approx_1s:	
   253                           ; 1 bytes @ 0x0
   254                           
   255  0070                     ??_Delay_Approx_1s:	
   256                           ; 1 bytes @ 0x0
   257                           
   258  0070                     ?_I2C_Delay:	
   259                           ; 1 bytes @ 0x0
   260                           
   261  0070                     ??_I2C_Delay:	
   262                           ; 1 bytes @ 0x0
   263                           
   264  0070                     ?_SDA_Low:	
   265                           ; 1 bytes @ 0x0
   266                           
   267  0070                     ??_SDA_Low:	
   268                           ; 1 bytes @ 0x0
   269                           
   270  0070                     ?_SDA_Release:	
   271                           ; 1 bytes @ 0x0
   272                           
   273  0070                     ??_SDA_Release:	
   274                           ; 1 bytes @ 0x0
   275                           
   276  0070                     ?_SCL_Low:	
   277                           ; 1 bytes @ 0x0
   278                           
   279  0070                     ??_SCL_Low:	
   280                           ; 1 bytes @ 0x0
   281                           
   282  0070                     ?_SCL_Release:	
   283                           ; 1 bytes @ 0x0
   284                           
   285  0070                     ??_SCL_Release:	
   286                           ; 1 bytes @ 0x0
   287                           
   288  0070                     ?_SDA_Read:	
   289                           ; 1 bytes @ 0x0
   290                           
   291  0070                     ??_SDA_Read:	
   292                           ; 1 bytes @ 0x0
   293                           
   294  0070                     ?_I2C_Start:	
   295                           ; 1 bytes @ 0x0
   296                           
   297  0070                     ?_I2C_Stop:	
   298                           ; 1 bytes @ 0x0
   299                           
   300  0070                     ?_I2C_WriteByte:	
   301                           ; 1 bytes @ 0x0
   302                           
   303  0070                     ?_I2C_ReadByte:	
   304                           ; 1 bytes @ 0x0
   305                           
   306  0070                     ?_BCD_To_Dec:	
   307                           ; 1 bytes @ 0x0
   308                           
   309  0070                     ?_EEPROM_ReadByte:	
   310                           ; 1 bytes @ 0x0
   311                           
   312  0070                     ??_EEPROM_ReadByte:	
   313                           ; 1 bytes @ 0x0
   314                           
   315  0070                     ?_Trigger_Checksum:	
   316                           ; 1 bytes @ 0x0
   317                           
   318  0070                     ?_DS3231_ReadTime:	
   319                           ; 1 bytes @ 0x0
   320                           
   321  0070                     ?_RTC_Time_Is_Valid:	
   322                           ; 1 bytes @ 0x0
   323                           
   324  0070                     ??_RTC_Time_Is_Valid:	
   325                           ; 1 bytes @ 0x0
   326                           
   327  0070                     ?_DS3231_ReadTime_With_Retry:	
   328                           ; 1 bytes @ 0x0
   329                           
   330  0070                     ?_Is_Sunday_Enabled:	
   331                           ; 1 bytes @ 0x0
   332                           
   333  0070                     ??_Is_Sunday_Enabled:	
   334                           ; 1 bytes @ 0x0
   335                           
   336  0070                     ?_Is_Hour_Window_Enabled:	
   337                           ; 1 bytes @ 0x0
   338                           
   339  0070                     ?_Is_Allowed_Day_And_Hour:	
   340                           ; 1 bytes @ 0x0
   341                           
   342  0070                     ?_Is_Scheduled_Relay_Time:	
   343                           ; 1 bytes @ 0x0
   344                           
   345  0070                     ?_Already_Triggered_This_Minute:	
   346                           ; 1 bytes @ 0x0
   347                           
   348  0070                     ?_Init_Device:	
   349                           ; 1 bytes @ 0x0
   350                           
   351  0070                     ??_Init_Device:	
   352                           ; 1 bytes @ 0x0
   353                           
   354  0070                     ?_main:	
   355                           ; 1 bytes @ 0x0
   356                           
   357  0070                     ?___bmul:	
   358                           ; 1 bytes @ 0x0
   359                           
   360  0070                     ?___wmul:	
   361                           ; 1 bytes @ 0x0
   362                           
   363  0070                     ?___lwmod:	
   364                           ; 2 bytes @ 0x0
   365                           
   366  0070                     EEPROM_ReadByte@address:	
   367                           ; 2 bytes @ 0x0
   368                           
   369  0070                     Trigger_Checksum@minute:	
   370                           ; 1 bytes @ 0x0
   371                           
   372  0070                     RTC_Time_Is_Valid@time:	
   373                           ; 1 bytes @ 0x0
   374                           
   375  0070                     Is_Hour_Window_Enabled@minute:	
   376                           ; 1 bytes @ 0x0
   377                           
   378  0070                     Already_Triggered_This_Minute@last_hour:	
   379                           ; 1 bytes @ 0x0
   380                           
   381  0070                     ___bmul@multiplicand:	
   382                           ; 1 bytes @ 0x0
   383                           
   384  0070                     ___wmul@multiplier:	
   385                           ; 1 bytes @ 0x0
   386                           
   387  0070                     ___lwmod@divisor:	
   388                           ; 2 bytes @ 0x0
   389                           
   390                           
   391                           ; 2 bytes @ 0x0
   392  0070                     	ds	1
   393  0071                     ?_EEPROM_WriteByte:
   394  0071                     ??_Is_Hour_Window_Enabled:	
   395                           ; 1 bytes @ 0x1
   396                           
   397  0071                     ??___bmul:	
   398                           ; 1 bytes @ 0x1
   399                           
   400  0071                     Test_Delay_Seconds_Abortable@seconds:	
   401                           ; 1 bytes @ 0x1
   402                           
   403  0071                     Delay_Approx_250ms@i:	
   404                           ; 1 bytes @ 0x1
   405                           
   406  0071                     Delay_Approx_1s@i:	
   407                           ; 1 bytes @ 0x1
   408                           
   409  0071                     I2C_Delay@i:	
   410                           ; 1 bytes @ 0x1
   411                           
   412  0071                     EEPROM_WriteByte@value:	
   413                           ; 1 bytes @ 0x1
   414                           
   415  0071                     Trigger_Checksum@date:	
   416                           ; 1 bytes @ 0x1
   417                           
   418  0071                     Is_Hour_Window_Enabled@dip2_enabled:	
   419                           ; 1 bytes @ 0x1
   420                           
   421  0071                     Already_Triggered_This_Minute@last_minute:	
   422                           ; 1 bytes @ 0x1
   423                           
   424                           
   425                           ; 1 bytes @ 0x1
   426  0071                     	ds	1
   427  0072                     ??_Delay_Seconds:
   428  0072                     ??_I2C_Init:	
   429                           ; 1 bytes @ 0x2
   430                           
   431  0072                     ??_I2C_Start:	
   432                           ; 1 bytes @ 0x2
   433                           
   434  0072                     ??_I2C_Stop:	
   435                           ; 1 bytes @ 0x2
   436                           
   437  0072                     ??_I2C_WriteByte:	
   438                           ; 1 bytes @ 0x2
   439                           
   440  0072                     ??_I2C_ReadByte:	
   441                           ; 1 bytes @ 0x2
   442                           
   443  0072                     ??_EEPROM_WriteByte:	
   444                           ; 1 bytes @ 0x2
   445                           
   446  0072                     Test_Delay_Seconds_Abortable@sec:	
   447                           ; 1 bytes @ 0x2
   448                           
   449  0072                     Delay_Seconds@seconds:	
   450                           ; 1 bytes @ 0x2
   451                           
   452  0072                     EEPROM_WriteByte@gie_was_enabled:	
   453                           ; 1 bytes @ 0x2
   454                           
   455  0072                     Trigger_Checksum@month:	
   456                           ; 1 bytes @ 0x2
   457                           
   458  0072                     Is_Hour_Window_Enabled@hour:	
   459                           ; 1 bytes @ 0x2
   460                           
   461  0072                     Already_Triggered_This_Minute@last_date:	
   462                           ; 1 bytes @ 0x2
   463                           
   464  0072                     ___bmul@product:	
   465                           ; 1 bytes @ 0x2
   466                           
   467  0072                     ___wmul@multiplicand:	
   468                           ; 1 bytes @ 0x2
   469                           
   470  0072                     ___lwmod@dividend:	
   471                           ; 2 bytes @ 0x2
   472                           
   473                           
   474                           ; 2 bytes @ 0x2
   475  0072                     	ds	1
   476  0073                     ??_Relay_Reset_Pulse:
   477  0073                     ??_Is_Allowed_Day_And_Hour:	
   478                           ; 1 bytes @ 0x3
   479                           
   480  0073                     Test_Delay_Seconds_Abortable@slice:	
   481                           ; 1 bytes @ 0x3
   482                           
   483  0073                     I2C_WriteByte@data:	
   484                           ; 1 bytes @ 0x3
   485                           
   486  0073                     I2C_ReadByte@send_ack:	
   487                           ; 1 bytes @ 0x3
   488                           
   489  0073                     EEPROM_WriteByte@address:	
   490                           ; 1 bytes @ 0x3
   491                           
   492  0073                     Trigger_Checksum@year:	
   493                           ; 1 bytes @ 0x3
   494                           
   495  0073                     Already_Triggered_This_Minute@last_month:	
   496                           ; 1 bytes @ 0x3
   497                           
   498  0073                     ___bmul@multiplier:	
   499                           ; 1 bytes @ 0x3
   500                           
   501                           
   502                           ; 1 bytes @ 0x3
   503  0073                     	ds	1
   504  0074                     ??_Relay_Test_Cycle:
   505  0074                     ??_BCD_To_Dec:	
   506                           ; 1 bytes @ 0x4
   507                           
   508  0074                     ??_Trigger_Checksum:	
   509                           ; 1 bytes @ 0x4
   510                           
   511  0074                     ??___wmul:	
   512                           ; 1 bytes @ 0x4
   513                           
   514  0074                     ??___lwmod:	
   515                           ; 1 bytes @ 0x4
   516                           
   517  0074                     I2C_WriteByte@ack:	
   518                           ; 1 bytes @ 0x4
   519                           
   520  0074                     I2C_ReadByte@data:	
   521                           ; 1 bytes @ 0x4
   522                           
   523  0074                     Trigger_Checksum@hour:	
   524                           ; 1 bytes @ 0x4
   525                           
   526  0074                     Is_Allowed_Day_And_Hour@now:	
   527                           ; 1 bytes @ 0x4
   528                           
   529  0074                     Already_Triggered_This_Minute@last_year:	
   530                           ; 1 bytes @ 0x4
   531                           
   532  0074                     ___wmul@product:	
   533                           ; 1 bytes @ 0x4
   534                           
   535                           
   536                           ; 2 bytes @ 0x4
   537  0074                     	ds	1
   538  0075                     ?_EEPROM_Load_Last_Trigger:
   539  0075                     ?_EEPROM_Save_Last_Trigger:	
   540                           ; 1 bytes @ 0x5
   541                           
   542  0075                     ??_Already_Triggered_This_Minute:	
   543                           ; 1 bytes @ 0x5
   544                           
   545  0075                     Relay_Test_Cycle@off_seconds:	
   546                           ; 1 bytes @ 0x5
   547                           
   548  0075                     I2C_WriteByte@i:	
   549                           ; 1 bytes @ 0x5
   550                           
   551  0075                     I2C_ReadByte@i:	
   552                           ; 1 bytes @ 0x5
   553                           
   554  0075                     EEPROM_Load_Last_Trigger@last_minute:	
   555                           ; 1 bytes @ 0x5
   556                           
   557  0075                     EEPROM_Save_Last_Trigger@minute:	
   558                           ; 1 bytes @ 0x5
   559                           
   560  0075                     Already_Triggered_This_Minute@now:	
   561                           ; 1 bytes @ 0x5
   562                           
   563  0075                     ___lwmod@counter:	
   564                           ; 1 bytes @ 0x5
   565                           
   566                           
   567                           ; 1 bytes @ 0x5
   568  0075                     	ds	1
   569  0076                     ??_Is_Scheduled_Relay_Time:
   570  0076                     Relay_Test_Cycle@on_seconds:	
   571                           ; 1 bytes @ 0x6
   572                           
   573  0076                     BCD_To_Dec@tens:	
   574                           ; 1 bytes @ 0x6
   575                           
   576  0076                     EEPROM_Load_Last_Trigger@last_date:	
   577                           ; 1 bytes @ 0x6
   578                           
   579  0076                     EEPROM_Save_Last_Trigger@date:	
   580                           ; 1 bytes @ 0x6
   581                           
   582                           
   583                           ; 1 bytes @ 0x6
   584  0076                     	ds	1
   585  0077                     Relay_Test_Cycle@dip1_on:
   586  0077                     BCD_To_Dec@ones:	
   587                           ; 1 bytes @ 0x7
   588                           
   589  0077                     EEPROM_Load_Last_Trigger@last_month:	
   590                           ; 1 bytes @ 0x7
   591                           
   592  0077                     EEPROM_Save_Last_Trigger@month:	
   593                           ; 1 bytes @ 0x7
   594                           
   595                           
   596                           ; 1 bytes @ 0x7
   597  0077                     	ds	1
   598  0078                     Relay_Test_Cycle@dip2_on:
   599  0078                     BCD_To_Dec@bcd:	
   600                           ; 1 bytes @ 0x8
   601                           
   602  0078                     EEPROM_Load_Last_Trigger@last_year:	
   603                           ; 1 bytes @ 0x8
   604                           
   605  0078                     EEPROM_Save_Last_Trigger@year:	
   606                           ; 1 bytes @ 0x8
   607                           
   608  0078                     Is_Scheduled_Relay_Time@minutes_from_midnight:	
   609                           ; 1 bytes @ 0x8
   610                           
   611                           
   612                           ; 2 bytes @ 0x8
   613  0078                     	ds	1
   614  0079                     ??_EEPROM_Load_Last_Trigger:
   615  0079                     ??_EEPROM_Save_Last_Trigger:	
   616                           ; 1 bytes @ 0x9
   617                           
   618  0079                     ??_DS3231_ReadTime:	
   619                           ; 1 bytes @ 0x9
   620                           
   621                           
   622                           ; 1 bytes @ 0x9
   623  0079                     	ds	1
   624  007A                     ??_DS3231_ReadTime_With_Retry:
   625  007A                     Is_Scheduled_Relay_Time@now:	
   626                           ; 1 bytes @ 0xA
   627                           
   628                           
   629                           ; 1 bytes @ 0xA
   630  007A                     	ds	1
   631  007B                     DS3231_ReadTime_With_Retry@attempt:
   632                           
   633                           ; 1 bytes @ 0xB
   634  007B                     	ds	1
   635  007C                     DS3231_ReadTime_With_Retry@time:
   636                           
   637                           ; 1 bytes @ 0xC
   638  007C                     	ds	2
   639                           
   640                           	psect	cstackBANK0
   641  0020                     __pcstackBANK0:
   642  0020                     EEPROM_Load_Last_Trigger@checksum:
   643  0020                     EEPROM_Save_Last_Trigger@checksum:	
   644                           ; 1 bytes @ 0x0
   645                           
   646  0020                     DS3231_ReadTime@raw_second:	
   647                           ; 1 bytes @ 0x0
   648                           
   649                           
   650                           ; 1 bytes @ 0x0
   651  0020                     	ds	1
   652  0021                     EEPROM_Load_Last_Trigger@last_hour:
   653  0021                     EEPROM_Save_Last_Trigger@hour:	
   654                           ; 1 bytes @ 0x1
   655                           
   656  0021                     DS3231_ReadTime@raw_minute:	
   657                           ; 1 bytes @ 0x1
   658                           
   659                           
   660                           ; 1 bytes @ 0x1
   661  0021                     	ds	1
   662  0022                     EEPROM_Load_Last_Trigger@hour:
   663  0022                     DS3231_ReadTime@raw_day:	
   664                           ; 1 bytes @ 0x2
   665                           
   666                           
   667                           ; 1 bytes @ 0x2
   668  0022                     	ds	1
   669  0023                     EEPROM_Load_Last_Trigger@minute:
   670  0023                     DS3231_ReadTime@raw_date:	
   671                           ; 1 bytes @ 0x3
   672                           
   673                           
   674                           ; 1 bytes @ 0x3
   675  0023                     	ds	1
   676  0024                     EEPROM_Load_Last_Trigger@year:
   677  0024                     DS3231_ReadTime@raw_month:	
   678                           ; 1 bytes @ 0x4
   679                           
   680                           
   681                           ; 1 bytes @ 0x4
   682  0024                     	ds	1
   683  0025                     EEPROM_Load_Last_Trigger@date:
   684  0025                     DS3231_ReadTime@raw_year:	
   685                           ; 1 bytes @ 0x5
   686                           
   687                           
   688                           ; 1 bytes @ 0x5
   689  0025                     	ds	1
   690  0026                     EEPROM_Load_Last_Trigger@month:
   691  0026                     DS3231_ReadTime@is_pm:	
   692                           ; 1 bytes @ 0x6
   693                           
   694                           
   695                           ; 1 bytes @ 0x6
   696  0026                     	ds	1
   697  0027                     DS3231_ReadTime@raw_hour:
   698                           
   699                           ; 1 bytes @ 0x7
   700  0027                     	ds	1
   701  0028                     DS3231_ReadTime@hour_12:
   702                           
   703                           ; 1 bytes @ 0x8
   704  0028                     	ds	1
   705  0029                     DS3231_ReadTime@time:
   706                           
   707                           ; 1 bytes @ 0x9
   708  0029                     	ds	1
   709  002A                     ??_main:
   710                           
   711                           ; 1 bytes @ 0xA
   712  002A                     	ds	6
   713  0030                     main@already_triggered:
   714                           
   715                           ; 1 bytes @ 0x10
   716  0030                     	ds	1
   717  0031                     main@last_trigger_hour:
   718                           
   719                           ; 1 bytes @ 0x11
   720  0031                     	ds	1
   721  0032                     main@last_trigger_minute:
   722                           
   723                           ; 1 bytes @ 0x12
   724  0032                     	ds	1
   725  0033                     main@last_trigger_date:
   726                           
   727                           ; 1 bytes @ 0x13
   728  0033                     	ds	1
   729  0034                     main@last_trigger_month:
   730                           
   731                           ; 1 bytes @ 0x14
   732  0034                     	ds	1
   733  0035                     main@last_trigger_year:
   734                           
   735                           ; 1 bytes @ 0x15
   736  0035                     	ds	1
   737  0036                     main@now:
   738                           
   739                           ; 7 bytes @ 0x16
   740  0036                     	ds	7
   741                           
   742                           	psect	maintext
   743  00D2                     __pmaintext:	
   744 ;;
   745 ;;Main: autosize = 0, tempsize = 6, incstack = 0, save=0
   746 ;;
   747 ;; *************** function _main *****************
   748 ;; Defined at:
   749 ;;		line 1127 in file "EAS_ITank_RTC_Interface_40min_Updated.c"
   750 ;; Parameters:    Size  Location     Type
   751 ;;		None
   752 ;; Auto vars:     Size  Location     Type
   753 ;;  already_trig    1   16[BANK0 ] _Bool 
   754 ;;  now             7   22[BANK0 ] struct .
   755 ;;  last_trigger    1   21[BANK0 ] unsigned char 
   756 ;;  last_trigger    1   20[BANK0 ] unsigned char 
   757 ;;  last_trigger    1   19[BANK0 ] unsigned char 
   758 ;;  last_trigger    1   18[BANK0 ] unsigned char 
   759 ;;  last_trigger    1   17[BANK0 ] unsigned char 
   760 ;; Return value:  Size  Location     Type
   761 ;;                  1    wreg      void 
   762 ;; Registers used:
   763 ;;		wreg, fsr0l, fsr0h, status,2, status,0, pclath, cstack
   764 ;; Tracked objects:
   765 ;;		On entry : B00/0
   766 ;;		On exit  : 0/0
   767 ;;		Unchanged: 0/0
   768 ;; Data sizes:     COMMON   BANK0   BANK1
   769 ;;      Params:         0       0       0
   770 ;;      Locals:         0      13       0
   771 ;;      Temps:          0       6       0
   772 ;;      Totals:         0      19       0
   773 ;;Total ram usage:       19 bytes
   774 ;; Hardware stack levels required when called:    4
   775 ;; This function calls:
   776 ;;		_Already_Triggered_This_Minute
   777 ;;		_DS3231_ReadTime_With_Retry
   778 ;;		_Delay_Approx_1s
   779 ;;		_Delay_Approx_250ms
   780 ;;		_Delay_Seconds
   781 ;;		_EEPROM_Load_Last_Trigger
   782 ;;		_EEPROM_Save_Last_Trigger
   783 ;;		_I2C_Init
   784 ;;		_Init_Device
   785 ;;		_Is_Scheduled_Relay_Time
   786 ;;		_Is_Test_Mode_Enabled
   787 ;;		_Relay_Off
   788 ;;		_Relay_Reset_Pulse
   789 ;;		_Relay_Test_Cycle
   790 ;; This function is called by:
   791 ;;		Startup code after reset
   792 ;; This function uses a non-reentrant model
   793 ;;
   794                           
   795                           
   796                           ;psect for function _main
   797  00D2                     _main:
   798  00D2                     l2223:	
   799                           ;incstack = 0
   800                           ; Regs used in _main: [wreg-fsr0h+status,2+status,0+pclath+cstack]
   801                           
   802                           
   803                           ;EAS_ITank_RTC_Interface_40min_Updated.c: 1129:     RTC_Time now;;EAS_ITank_RTC_Interfac
      +                          e_40min_Updated.c: 1131:     uint8_t last_trigger_hour = 0xFF;
   804  00D2  30FF               	movlw	255
   805  00D3  1283               	bcf	3,5	;RP0=0, select bank0
   806  00D4  00AA               	movwf	??_main
   807  00D5  082A               	movf	??_main,w
   808  00D6  00B1               	movwf	main@last_trigger_hour
   809                           
   810                           ;EAS_ITank_RTC_Interface_40min_Updated.c: 1132:     uint8_t last_trigger_minute = 0xFF;
   811  00D7  30FF               	movlw	255
   812  00D8  00AA               	movwf	??_main
   813  00D9  082A               	movf	??_main,w
   814  00DA  00B2               	movwf	main@last_trigger_minute
   815                           
   816                           ;EAS_ITank_RTC_Interface_40min_Updated.c: 1133:     uint8_t last_trigger_date = 0xFF;
   817  00DB  30FF               	movlw	255
   818  00DC  00AA               	movwf	??_main
   819  00DD  082A               	movf	??_main,w
   820  00DE  00B3               	movwf	main@last_trigger_date
   821                           
   822                           ;EAS_ITank_RTC_Interface_40min_Updated.c: 1134:     uint8_t last_trigger_month = 0xFF;
   823  00DF  30FF               	movlw	255
   824  00E0  00AA               	movwf	??_main
   825  00E1  082A               	movf	??_main,w
   826  00E2  00B4               	movwf	main@last_trigger_month
   827                           
   828                           ;EAS_ITank_RTC_Interface_40min_Updated.c: 1135:     uint8_t last_trigger_year = 0xFF;
   829  00E3  30FF               	movlw	255
   830  00E4  00AA               	movwf	??_main
   831  00E5  082A               	movf	??_main,w
   832  00E6  00B5               	movwf	main@last_trigger_year
   833  00E7                     l2225:
   834                           
   835                           ;EAS_ITank_RTC_Interface_40min_Updated.c: 1137:     Init_Device();
   836  00E7  2504               	fcall	_Init_Device
   837  00E8                     l2227:
   838                           
   839                           ;EAS_ITank_RTC_Interface_40min_Updated.c: 1138:     I2C_Init();
   840  00E8  25B3               	fcall	_I2C_Init
   841  00E9                     l2229:
   842                           
   843                           ;EAS_ITank_RTC_Interface_40min_Updated.c: 1141:     (void)EEPROM_Load_Last_Trigger(&last
      +                          _trigger_hour,
   844  00E9  3032               	movlw	(low (main@last_trigger_minute| 0))& (0+255)
   845  00EA  1283               	bcf	3,5	;RP0=0, select bank0
   846  00EB  00AA               	movwf	??_main
   847  00EC  082A               	movf	??_main,w
   848  00ED  00F5               	movwf	EEPROM_Load_Last_Trigger@last_minute
   849  00EE  3033               	movlw	(low (main@last_trigger_date| 0))& (0+255)
   850  00EF  00AB               	movwf	??_main+1
   851  00F0  082B               	movf	??_main+1,w
   852  00F1  00F6               	movwf	EEPROM_Load_Last_Trigger@last_date
   853  00F2  3034               	movlw	(low (main@last_trigger_month| 0))& (0+255)
   854  00F3  00AC               	movwf	??_main+2
   855  00F4  082C               	movf	??_main+2,w
   856  00F5  00F7               	movwf	EEPROM_Load_Last_Trigger@last_month
   857  00F6  3035               	movlw	(low (main@last_trigger_year| 0))& (0+255)
   858  00F7  00AD               	movwf	??_main+3
   859  00F8  082D               	movf	??_main+3,w
   860  00F9  00F8               	movwf	EEPROM_Load_Last_Trigger@last_year
   861  00FA  3031               	movlw	(low (main@last_trigger_hour| 0))& (0+255)
   862  00FB  216F               	fcall	_EEPROM_Load_Last_Trigger
   863  00FC                     l2231:
   864                           
   865                           ;EAS_ITank_RTC_Interface_40min_Updated.c: 1169:     Delay_Seconds(1);
   866  00FC  3001               	movlw	1
   867  00FD  255A               	fcall	_Delay_Seconds
   868                           
   869                           ;EAS_ITank_RTC_Interface_40min_Updated.c: 1171:     while (!DS3231_ReadTime_With_Retry(&
      +                          now))
   870  00FE  2903               	goto	l2239
   871  00FF                     l2233:
   872                           
   873                           ;EAS_ITank_RTC_Interface_40min_Updated.c: 1172:     {;EAS_ITank_RTC_Interface_40min_Upda
      +                          ted.c: 1173:         Relay_Off();
   874  00FF  25BE               	fcall	_Relay_Off
   875  0100                     l2235:
   876                           
   877                           ;EAS_ITank_RTC_Interface_40min_Updated.c: 1174:         I2C_Init();
   878  0100  25B3               	fcall	_I2C_Init
   879  0101                     l2237:
   880                           
   881                           ;EAS_ITank_RTC_Interface_40min_Updated.c: 1175:         Delay_Seconds(1);
   882  0101  3001               	movlw	1
   883  0102  255A               	fcall	_Delay_Seconds
   884  0103                     l2239:
   885                           
   886                           ;EAS_ITank_RTC_Interface_40min_Updated.c: 1171:     while (!DS3231_ReadTime_With_Retry(&
      +                          now))
   887  0103  3036               	movlw	(low (main@now| 0))& (0+255)
   888  0104  24C7               	fcall	_DS3231_ReadTime_With_Retry
   889  0105  3A00               	xorlw	0
   890  0106  1903               	skipnz
   891  0107  2909               	goto	u1821
   892  0108  290A               	goto	u1820
   893  0109                     u1821:
   894  0109  28FF               	goto	l2233
   895  010A                     u1820:
   896  010A                     l2241:
   897                           
   898                           ;EAS_ITank_RTC_Interface_40min_Updated.c: 1179:     {;EAS_ITank_RTC_Interface_40min_Upda
      +                          ted.c: 1183:         if (Is_Test_Mode_Enabled())
   899  010A  2579               	fcall	_Is_Test_Mode_Enabled
   900  010B  3A00               	xorlw	0
   901  010C  1903               	skipnz
   902  010D  290F               	goto	u1831
   903  010E  2910               	goto	u1830
   904  010F                     u1831:
   905  010F  2912               	goto	l2245
   906  0110                     u1830:
   907  0110                     l2243:
   908                           
   909                           ;EAS_ITank_RTC_Interface_40min_Updated.c: 1184:         {;EAS_ITank_RTC_Interface_40min_
      +                          Updated.c: 1185:             Relay_Test_Cycle();
   910  0110  2264               	fcall	_Relay_Test_Cycle
   911                           
   912                           ;EAS_ITank_RTC_Interface_40min_Updated.c: 1186:             continue;
   913  0111  290A               	goto	l2241
   914  0112                     l2245:
   915                           
   916                           ;EAS_ITank_RTC_Interface_40min_Updated.c: 1190:         if (DS3231_ReadTime_With_Retry(&
      +                          now))
   917  0112  3036               	movlw	(low (main@now| 0))& (0+255)
   918  0113  24C7               	fcall	_DS3231_ReadTime_With_Retry
   919  0114  3A00               	xorlw	0
   920  0115  1903               	skipnz
   921  0116  2918               	goto	u1841
   922  0117  2919               	goto	u1840
   923  0118                     u1841:
   924  0118  2969               	goto	l2267
   925  0119                     u1840:
   926  0119                     l2247:
   927                           
   928                           ;EAS_ITank_RTC_Interface_40min_Updated.c: 1191:         {;EAS_ITank_RTC_Interface_40min_
      +                          Updated.c: 1192:             if (Is_Scheduled_Relay_Time(&now))
   929  0119  3036               	movlw	(low (main@now| 0))& (0+255)
   930  011A  2341               	fcall	_Is_Scheduled_Relay_Time
   931  011B  3A00               	xorlw	0
   932  011C  1903               	skipnz
   933  011D  291F               	goto	u1851
   934  011E  2920               	goto	u1850
   935  011F                     u1851:
   936  011F  296C               	goto	l2273
   937  0120                     u1850:
   938  0120                     l2249:
   939                           
   940                           ;EAS_ITank_RTC_Interface_40min_Updated.c: 1193:             {;EAS_ITank_RTC_Interface_40
      +                          min_Updated.c: 1194:                 _Bool already_triggered;;EAS_ITank_RTC_Interface_40
      +                          min_Updated.c: 1196:                 already_triggered = Already_Triggered_This_Minute(&
      +                          now,
   941  0120  1283               	bcf	3,5	;RP0=0, select bank0
   942  0121  0831               	movf	main@last_trigger_hour,w
   943  0122  00AA               	movwf	??_main
   944  0123  082A               	movf	??_main,w
   945  0124  00F0               	movwf	Already_Triggered_This_Minute@last_hour
   946  0125  0832               	movf	main@last_trigger_minute,w
   947  0126  00AB               	movwf	??_main+1
   948  0127  082B               	movf	??_main+1,w
   949  0128  00F1               	movwf	Already_Triggered_This_Minute@last_minute
   950  0129  0833               	movf	main@last_trigger_date,w
   951  012A  00AC               	movwf	??_main+2
   952  012B  082C               	movf	??_main+2,w
   953  012C  00F2               	movwf	Already_Triggered_This_Minute@last_date
   954  012D  0834               	movf	main@last_trigger_month,w
   955  012E  00AD               	movwf	??_main+3
   956  012F  082D               	movf	??_main+3,w
   957  0130  00F3               	movwf	Already_Triggered_This_Minute@last_month
   958  0131  0835               	movf	main@last_trigger_year,w
   959  0132  00AE               	movwf	??_main+4
   960  0133  082E               	movf	??_main+4,w
   961  0134  00F4               	movwf	Already_Triggered_This_Minute@last_year
   962  0135  3036               	movlw	(low (main@now| 0))& (0+255)
   963  0136  2378               	fcall	_Already_Triggered_This_Minute
   964  0137  1283               	bcf	3,5	;RP0=0, select bank0
   965  0138  00AF               	movwf	??_main+5
   966  0139  082F               	movf	??_main+5,w
   967  013A  00B0               	movwf	main@already_triggered
   968  013B                     l2251:
   969                           
   970                           ;EAS_ITank_RTC_Interface_40min_Updated.c: 1203:                 if (!already_triggered)
   971  013B  0830               	movf	main@already_triggered,w
   972  013C  1D03               	btfss	3,2
   973  013D  293F               	goto	u1861
   974  013E  2940               	goto	u1860
   975  013F                     u1861:
   976  013F  296C               	goto	l2273
   977  0140                     u1860:
   978  0140                     l2253:
   979                           
   980                           ;EAS_ITank_RTC_Interface_40min_Updated.c: 1204:                 {;EAS_ITank_RTC_Interfac
      +                          e_40min_Updated.c: 1207:                     EEPROM_Save_Last_Trigger(now.hour,
   981  0140  0837               	movf	main@now+1,w
   982  0141  00AA               	movwf	??_main
   983  0142  082A               	movf	??_main,w
   984  0143  00F5               	movwf	EEPROM_Save_Last_Trigger@minute
   985  0144  083A               	movf	main@now+4,w
   986  0145  00AB               	movwf	??_main+1
   987  0146  082B               	movf	??_main+1,w
   988  0147  00F6               	movwf	EEPROM_Save_Last_Trigger@date
   989  0148  083B               	movf	main@now+5,w
   990  0149  00AC               	movwf	??_main+2
   991  014A  082C               	movf	??_main+2,w
   992  014B  00F7               	movwf	EEPROM_Save_Last_Trigger@month
   993  014C  083C               	movf	main@now+6,w
   994  014D  00AD               	movwf	??_main+3
   995  014E  082D               	movf	??_main+3,w
   996  014F  00F8               	movwf	EEPROM_Save_Last_Trigger@year
   997  0150  0838               	movf	main@now+2,w
   998  0151  22BF               	fcall	_EEPROM_Save_Last_Trigger
   999  0152                     l2255:
  1000                           
  1001                           ;EAS_ITank_RTC_Interface_40min_Updated.c: 1213:                     last_trigger_hour = 
      +                          now.hour;
  1002  0152  1283               	bcf	3,5	;RP0=0, select bank0
  1003  0153  0838               	movf	main@now+2,w
  1004  0154  00AA               	movwf	??_main
  1005  0155  082A               	movf	??_main,w
  1006  0156  00B1               	movwf	main@last_trigger_hour
  1007  0157                     l2257:
  1008                           
  1009                           ;EAS_ITank_RTC_Interface_40min_Updated.c: 1214:                     last_trigger_minute 
      +                          = now.minute;
  1010  0157  0837               	movf	main@now+1,w
  1011  0158  00AA               	movwf	??_main
  1012  0159  082A               	movf	??_main,w
  1013  015A  00B2               	movwf	main@last_trigger_minute
  1014  015B                     l2259:
  1015                           
  1016                           ;EAS_ITank_RTC_Interface_40min_Updated.c: 1215:                     last_trigger_date = 
      +                          now.date;
  1017  015B  083A               	movf	main@now+4,w
  1018  015C  00AA               	movwf	??_main
  1019  015D  082A               	movf	??_main,w
  1020  015E  00B3               	movwf	main@last_trigger_date
  1021  015F                     l2261:
  1022                           
  1023                           ;EAS_ITank_RTC_Interface_40min_Updated.c: 1216:                     last_trigger_month =
      +                           now.month;
  1024  015F  083B               	movf	main@now+5,w
  1025  0160  00AA               	movwf	??_main
  1026  0161  082A               	movf	??_main,w
  1027  0162  00B4               	movwf	main@last_trigger_month
  1028  0163                     l2263:
  1029                           
  1030                           ;EAS_ITank_RTC_Interface_40min_Updated.c: 1217:                     last_trigger_year = 
      +                          now.year;
  1031  0163  083C               	movf	main@now+6,w
  1032  0164  00AA               	movwf	??_main
  1033  0165  082A               	movf	??_main,w
  1034  0166  00B5               	movwf	main@last_trigger_year
  1035  0167                     l2265:
  1036                           
  1037                           ;EAS_ITank_RTC_Interface_40min_Updated.c: 1219:                     Relay_Reset_Pulse();
  1038  0167  25A0               	fcall	_Relay_Reset_Pulse
  1039  0168  296C               	goto	l2273
  1040  0169                     l2267:
  1041                           
  1042                           ;EAS_ITank_RTC_Interface_40min_Updated.c: 1224:         {;EAS_ITank_RTC_Interface_40min_
      +                          Updated.c: 1225:             Relay_Off();
  1043  0169  25BE               	fcall	_Relay_Off
  1044  016A                     l2269:
  1045                           
  1046                           ;EAS_ITank_RTC_Interface_40min_Updated.c: 1226:             I2C_Init();
  1047  016A  25B3               	fcall	_I2C_Init
  1048  016B                     l2271:
  1049                           
  1050                           ;EAS_ITank_RTC_Interface_40min_Updated.c: 1227:             Delay_Approx_1s();
  1051  016B  2540               	fcall	_Delay_Approx_1s
  1052  016C                     l2273:
  1053                           
  1054                           ;EAS_ITank_RTC_Interface_40min_Updated.c: 1230:         Delay_Approx_250ms();
  1055  016C  254D               	fcall	_Delay_Approx_250ms
  1056  016D  290A               	goto	l2241
  1057  016E  2804               	ljmp	start
  1058  016F                     __end_of_main:
  1059                           
  1060                           	psect	text1
  1061  0264                     __ptext1:	
  1062 ;; *************** function _Relay_Test_Cycle *****************
  1063 ;; Defined at:
  1064 ;;		line 275 in file "EAS_ITank_RTC_Interface_40min_Updated.c"
  1065 ;; Parameters:    Size  Location     Type
  1066 ;;		None
  1067 ;; Auto vars:     Size  Location     Type
  1068 ;;  dip2_on         1    8[COMMON] _Bool 
  1069 ;;  dip1_on         1    7[COMMON] _Bool 
  1070 ;;  on_seconds      1    6[COMMON] unsigned char 
  1071 ;;  off_seconds     1    5[COMMON] unsigned char 
  1072 ;; Return value:  Size  Location     Type
  1073 ;;                  1    wreg      void 
  1074 ;; Registers used:
  1075 ;;		wreg, status,2, status,0, pclath, cstack
  1076 ;; Tracked objects:
  1077 ;;		On entry : 0/0
  1078 ;;		On exit  : 0/0
  1079 ;;		Unchanged: 0/0
  1080 ;; Data sizes:     COMMON   BANK0   BANK1
  1081 ;;      Params:         0       0       0
  1082 ;;      Locals:         4       0       0
  1083 ;;      Temps:          1       0       0
  1084 ;;      Totals:         5       0       0
  1085 ;;Total ram usage:        5 bytes
  1086 ;; Hardware stack levels used:    1
  1087 ;; Hardware stack levels required when called:    2
  1088 ;; This function calls:
  1089 ;;		_Delay_Approx_250ms
  1090 ;;		_Is_Test_Mode_Enabled
  1091 ;;		_Relay_Off
  1092 ;;		_Relay_On
  1093 ;;		_Test_Delay_Seconds_Abortable
  1094 ;; This function is called by:
  1095 ;;		_main
  1096 ;; This function uses a non-reentrant model
  1097 ;;
  1098                           
  1099                           
  1100                           ;psect for function _Relay_Test_Cycle
  1101  0264                     _Relay_Test_Cycle:
  1102  0264                     l2027:	
  1103                           ;incstack = 0
  1104                           ; Regs used in _Relay_Test_Cycle: [wreg+status,2+status,0+pclath+cstack]
  1105                           
  1106                           
  1107                           ;EAS_ITank_RTC_Interface_40min_Updated.c: 277:     _Bool dip1_on;;EAS_ITank_RTC_Interfac
      +                          e_40min_Updated.c: 278:     _Bool dip2_on;;EAS_ITank_RTC_Interface_40min_Updated.c: 279:
      +                               uint8_t off_seconds;;EAS_ITank_RTC_Interface_40min_Updated.c: 280:     uint8_t on_s
      +                          econds;;EAS_ITank_RTC_Interface_40min_Updated.c: 283:     if (!Is_Test_Mode_Enabled())
  1108  0264  2579               	fcall	_Is_Test_Mode_Enabled
  1109  0265  3A00               	xorlw	0
  1110  0266  1D03               	skipz
  1111  0267  2A69               	goto	u1541
  1112  0268  2A6A               	goto	u1540
  1113  0269                     u1541:
  1114  0269  2A6C               	goto	l2033
  1115  026A                     u1540:
  1116  026A                     l2029:
  1117                           
  1118                           ;EAS_ITank_RTC_Interface_40min_Updated.c: 284:     {;EAS_ITank_RTC_Interface_40min_Updat
      +                          ed.c: 285:         Relay_Off();
  1119  026A  25BE               	fcall	_Relay_Off
  1120  026B  2ABE               	goto	l60
  1121  026C                     l2033:
  1122                           
  1123                           ;EAS_ITank_RTC_Interface_40min_Updated.c: 289:     dip1_on = (GPIObits.GP4 == 1);
  1124  026C  3000               	movlw	0
  1125  026D  1283               	bcf	3,5	;RP0=0, select bank0
  1126  026E  1A05               	btfsc	5,4	;volatile
  1127  026F  3001               	movlw	1
  1128  0270  00F7               	movwf	Relay_Test_Cycle@dip1_on
  1129                           
  1130                           ;EAS_ITank_RTC_Interface_40min_Updated.c: 290:     dip2_on = (GPIObits.GP5 == 1);
  1131  0271  3000               	movlw	0
  1132  0272  1A85               	btfsc	5,5	;volatile
  1133  0273  3001               	movlw	1
  1134  0274  00F8               	movwf	Relay_Test_Cycle@dip2_on
  1135  0275                     l2035:
  1136  0275                     l2037:
  1137  0275                     l2039:
  1138                           
  1139                           ;EAS_ITank_RTC_Interface_40min_Updated.c: 296:     if ((!dip1_on) && (!dip2_on))
  1140  0275  0877               	movf	Relay_Test_Cycle@dip1_on,w
  1141  0276  1D03               	btfss	3,2
  1142  0277  2A79               	goto	u1551
  1143  0278  2A7A               	goto	u1550
  1144  0279                     u1551:
  1145  0279  2A88               	goto	l2045
  1146  027A                     u1550:
  1147  027A                     l2041:
  1148  027A  0878               	movf	Relay_Test_Cycle@dip2_on,w
  1149  027B  1D03               	btfss	3,2
  1150  027C  2A7E               	goto	u1561
  1151  027D  2A7F               	goto	u1560
  1152  027E                     u1561:
  1153  027E  2A88               	goto	l2045
  1154  027F                     u1560:
  1155  027F                     l2043:
  1156                           
  1157                           ;EAS_ITank_RTC_Interface_40min_Updated.c: 297:     {;EAS_ITank_RTC_Interface_40min_Updat
      +                          ed.c: 298:         off_seconds = 30;
  1158  027F  301E               	movlw	30
  1159  0280  00F4               	movwf	??_Relay_Test_Cycle
  1160  0281  0874               	movf	??_Relay_Test_Cycle,w
  1161  0282  00F5               	movwf	Relay_Test_Cycle@off_seconds
  1162                           
  1163                           ;EAS_ITank_RTC_Interface_40min_Updated.c: 299:         on_seconds = 10;
  1164  0283  300A               	movlw	10
  1165  0284  00F4               	movwf	??_Relay_Test_Cycle
  1166  0285  0874               	movf	??_Relay_Test_Cycle,w
  1167  0286  00F6               	movwf	Relay_Test_Cycle@on_seconds
  1168                           
  1169                           ;EAS_ITank_RTC_Interface_40min_Updated.c: 300:     }
  1170  0287  2AB1               	goto	l2063
  1171  0288                     l2045:
  1172  0288  0877               	movf	Relay_Test_Cycle@dip1_on,w
  1173  0289  1D03               	btfss	3,2
  1174  028A  2A8C               	goto	u1571
  1175  028B  2A8D               	goto	u1570
  1176  028C                     u1571:
  1177  028C  2A9B               	goto	l2051
  1178  028D                     u1570:
  1179  028D                     l2047:
  1180  028D  0878               	movf	Relay_Test_Cycle@dip2_on,w
  1181  028E  1903               	btfsc	3,2
  1182  028F  2A91               	goto	u1581
  1183  0290  2A92               	goto	u1580
  1184  0291                     u1581:
  1185  0291  2A9B               	goto	l2051
  1186  0292                     u1580:
  1187  0292                     l2049:
  1188                           
  1189                           ;EAS_ITank_RTC_Interface_40min_Updated.c: 302:     {;EAS_ITank_RTC_Interface_40min_Updat
      +                          ed.c: 303:         off_seconds = 10;
  1190  0292  300A               	movlw	10
  1191  0293  00F4               	movwf	??_Relay_Test_Cycle
  1192  0294  0874               	movf	??_Relay_Test_Cycle,w
  1193  0295  00F5               	movwf	Relay_Test_Cycle@off_seconds
  1194                           
  1195                           ;EAS_ITank_RTC_Interface_40min_Updated.c: 304:         on_seconds = 5;
  1196  0296  3005               	movlw	5
  1197  0297  00F4               	movwf	??_Relay_Test_Cycle
  1198  0298  0874               	movf	??_Relay_Test_Cycle,w
  1199  0299  00F6               	movwf	Relay_Test_Cycle@on_seconds
  1200                           
  1201                           ;EAS_ITank_RTC_Interface_40min_Updated.c: 305:     }
  1202  029A  2AB1               	goto	l2063
  1203  029B                     l2051:
  1204  029B  0877               	movf	Relay_Test_Cycle@dip1_on,w
  1205  029C  1903               	btfsc	3,2
  1206  029D  2A9F               	goto	u1591
  1207  029E  2AA0               	goto	u1590
  1208  029F                     u1591:
  1209  029F  2AAE               	goto	l2057
  1210  02A0                     u1590:
  1211  02A0                     l2053:
  1212  02A0  0878               	movf	Relay_Test_Cycle@dip2_on,w
  1213  02A1  1D03               	btfss	3,2
  1214  02A2  2AA4               	goto	u1601
  1215  02A3  2AA5               	goto	u1600
  1216  02A4                     u1601:
  1217  02A4  2AAE               	goto	l2057
  1218  02A5                     u1600:
  1219  02A5                     l2055:
  1220                           
  1221                           ;EAS_ITank_RTC_Interface_40min_Updated.c: 307:     {;EAS_ITank_RTC_Interface_40min_Updat
      +                          ed.c: 308:         off_seconds = 60;
  1222  02A5  303C               	movlw	60
  1223  02A6  00F4               	movwf	??_Relay_Test_Cycle
  1224  02A7  0874               	movf	??_Relay_Test_Cycle,w
  1225  02A8  00F5               	movwf	Relay_Test_Cycle@off_seconds
  1226                           
  1227                           ;EAS_ITank_RTC_Interface_40min_Updated.c: 309:         on_seconds = 15;
  1228  02A9  300F               	movlw	15
  1229  02AA  00F4               	movwf	??_Relay_Test_Cycle
  1230  02AB  0874               	movf	??_Relay_Test_Cycle,w
  1231  02AC  00F6               	movwf	Relay_Test_Cycle@on_seconds
  1232                           
  1233                           ;EAS_ITank_RTC_Interface_40min_Updated.c: 310:     }
  1234  02AD  2AB1               	goto	l2063
  1235  02AE                     l2057:
  1236                           
  1237                           ;EAS_ITank_RTC_Interface_40min_Updated.c: 312:     {;EAS_ITank_RTC_Interface_40min_Updat
      +                          ed.c: 314:         Relay_Off();
  1238  02AE  25BE               	fcall	_Relay_Off
  1239  02AF                     l2059:
  1240                           
  1241                           ;EAS_ITank_RTC_Interface_40min_Updated.c: 315:         Delay_Approx_250ms();
  1242  02AF  254D               	fcall	_Delay_Approx_250ms
  1243  02B0  2ABE               	goto	l60
  1244  02B1                     l2063:
  1245                           
  1246                           ;EAS_ITank_RTC_Interface_40min_Updated.c: 320:     Relay_Off();
  1247  02B1  25BE               	fcall	_Relay_Off
  1248  02B2                     l2065:
  1249                           
  1250                           ;EAS_ITank_RTC_Interface_40min_Updated.c: 321:     if (!Test_Delay_Seconds_Abortable(off
      +                          _seconds))
  1251  02B2  0875               	movf	Relay_Test_Cycle@off_seconds,w
  1252  02B3  24A3               	fcall	_Test_Delay_Seconds_Abortable
  1253  02B4  3A00               	xorlw	0
  1254  02B5  1D03               	skipz
  1255  02B6  2AB8               	goto	u1611
  1256  02B7  2AB9               	goto	u1610
  1257  02B8                     u1611:
  1258  02B8  2ABA               	goto	l2069
  1259  02B9                     u1610:
  1260  02B9  2ABE               	goto	l60
  1261  02BA                     l2069:
  1262                           
  1263                           ;EAS_ITank_RTC_Interface_40min_Updated.c: 327:     Relay_On();
  1264  02BA  25BB               	fcall	_Relay_On
  1265  02BB                     l2071:
  1266                           
  1267                           ;EAS_ITank_RTC_Interface_40min_Updated.c: 328:     if (!Test_Delay_Seconds_Abortable(on_
      +                          seconds))
  1268  02BB  0876               	movf	Relay_Test_Cycle@on_seconds,w
  1269  02BC  24A3               	fcall	_Test_Delay_Seconds_Abortable
  1270  02BD  2A6A               	goto	l2029
  1271  02BE                     l60:
  1272  02BE  0008               	return
  1273  02BF                     __end_of_Relay_Test_Cycle:
  1274                           
  1275                           	psect	text2
  1276  04A3                     __ptext2:	
  1277 ;; *************** function _Test_Delay_Seconds_Abortable *****************
  1278 ;; Defined at:
  1279 ;;		line 251 in file "EAS_ITank_RTC_Interface_40min_Updated.c"
  1280 ;; Parameters:    Size  Location     Type
  1281 ;;  seconds         1    wreg     unsigned char 
  1282 ;; Auto vars:     Size  Location     Type
  1283 ;;  seconds         1    1[COMMON] unsigned char 
  1284 ;;  slice           1    3[COMMON] unsigned char 
  1285 ;;  sec             1    2[COMMON] unsigned char 
  1286 ;; Return value:  Size  Location     Type
  1287 ;;                  1    wreg      _Bool 
  1288 ;; Registers used:
  1289 ;;		wreg, status,2, status,0, pclath, cstack
  1290 ;; Tracked objects:
  1291 ;;		On entry : 0/0
  1292 ;;		On exit  : 0/0
  1293 ;;		Unchanged: 0/0
  1294 ;; Data sizes:     COMMON   BANK0   BANK1
  1295 ;;      Params:         0       0       0
  1296 ;;      Locals:         3       0       0
  1297 ;;      Temps:          1       0       0
  1298 ;;      Totals:         4       0       0
  1299 ;;Total ram usage:        4 bytes
  1300 ;; Hardware stack levels used:    1
  1301 ;; Hardware stack levels required when called:    1
  1302 ;; This function calls:
  1303 ;;		_Delay_Approx_65ms
  1304 ;;		_Is_Test_Mode_Enabled
  1305 ;;		_Relay_Off
  1306 ;; This function is called by:
  1307 ;;		_Relay_Test_Cycle
  1308 ;; This function uses a non-reentrant model
  1309 ;;
  1310                           
  1311                           
  1312                           ;psect for function _Test_Delay_Seconds_Abortable
  1313  04A3                     _Test_Delay_Seconds_Abortable:
  1314                           
  1315                           ;incstack = 0
  1316                           ; Regs used in _Test_Delay_Seconds_Abortable: [wreg+status,2+status,0+pclath+cstack]
  1317                           ;Test_Delay_Seconds_Abortable@seconds stored from wreg
  1318  04A3  00F1               	movwf	Test_Delay_Seconds_Abortable@seconds
  1319  04A4                     l1787:
  1320                           
  1321                           ;EAS_ITank_RTC_Interface_40min_Updated.c: 251: static _Bool Test_Delay_Seconds_Abortable
      +                          (uint8_t seconds);EAS_ITank_RTC_Interface_40min_Updated.c: 252: {;EAS_ITank_RTC_Interfac
      +                          e_40min_Updated.c: 253:     uint8_t sec;;EAS_ITank_RTC_Interface_40min_Updated.c: 254:  
      +                             uint8_t slice;;EAS_ITank_RTC_Interface_40min_Updated.c: 256:     for (sec = 0; sec < 
      +                          seconds; sec++)
  1322  04A4  01F2               	clrf	Test_Delay_Seconds_Abortable@sec
  1323  04A5  2CBF               	goto	l1811
  1324  04A6                     l1789:
  1325                           
  1326                           ;EAS_ITank_RTC_Interface_40min_Updated.c: 257:     {;EAS_ITank_RTC_Interface_40min_Updat
      +                          ed.c: 260:         for (slice = 0; slice < 16; slice++)
  1327  04A6  01F3               	clrf	Test_Delay_Seconds_Abortable@slice
  1328  04A7                     l1795:
  1329                           
  1330                           ;EAS_ITank_RTC_Interface_40min_Updated.c: 261:         {;EAS_ITank_RTC_Interface_40min_U
      +                          pdated.c: 262:             if (!Is_Test_Mode_Enabled())
  1331  04A7  2579               	fcall	_Is_Test_Mode_Enabled
  1332  04A8  3A00               	xorlw	0
  1333  04A9  1D03               	skipz
  1334  04AA  2CAC               	goto	u1141
  1335  04AB  2CAD               	goto	u1140
  1336  04AC                     u1141:
  1337  04AC  2CB0               	goto	l1803
  1338  04AD                     u1140:
  1339  04AD                     l1797:
  1340                           
  1341                           ;EAS_ITank_RTC_Interface_40min_Updated.c: 263:             {;EAS_ITank_RTC_Interface_40m
      +                          in_Updated.c: 264:                 Relay_Off();
  1342  04AD  25BE               	fcall	_Relay_Off
  1343  04AE                     l1799:
  1344                           
  1345                           ;EAS_ITank_RTC_Interface_40min_Updated.c: 265:                 return 0;
  1346  04AE  3000               	movlw	0
  1347  04AF  2CC6               	goto	l55
  1348  04B0                     l1803:
  1349                           
  1350                           ;EAS_ITank_RTC_Interface_40min_Updated.c: 268:             Delay_Approx_65ms();
  1351  04B0  2589               	fcall	_Delay_Approx_65ms
  1352  04B1                     l1805:
  1353                           
  1354                           ;EAS_ITank_RTC_Interface_40min_Updated.c: 269:         }
  1355  04B1  3001               	movlw	1
  1356  04B2  00F0               	movwf	??_Test_Delay_Seconds_Abortable
  1357  04B3  0870               	movf	??_Test_Delay_Seconds_Abortable,w
  1358  04B4  07F3               	addwf	Test_Delay_Seconds_Abortable@slice,f
  1359  04B5                     l1807:
  1360  04B5  3010               	movlw	16
  1361  04B6  0273               	subwf	Test_Delay_Seconds_Abortable@slice,w
  1362  04B7  1C03               	skipc
  1363  04B8  2CBA               	goto	u1151
  1364  04B9  2CBB               	goto	u1150
  1365  04BA                     u1151:
  1366  04BA  2CA7               	goto	l1795
  1367  04BB                     u1150:
  1368  04BB                     l1809:
  1369                           
  1370                           ;EAS_ITank_RTC_Interface_40min_Updated.c: 270:     }
  1371  04BB  3001               	movlw	1
  1372  04BC  00F0               	movwf	??_Test_Delay_Seconds_Abortable
  1373  04BD  0870               	movf	??_Test_Delay_Seconds_Abortable,w
  1374  04BE  07F2               	addwf	Test_Delay_Seconds_Abortable@sec,f
  1375  04BF                     l1811:
  1376  04BF  0871               	movf	Test_Delay_Seconds_Abortable@seconds,w
  1377  04C0  0272               	subwf	Test_Delay_Seconds_Abortable@sec,w
  1378  04C1  1C03               	skipc
  1379  04C2  2CC4               	goto	u1161
  1380  04C3  2CC5               	goto	u1160
  1381  04C4                     u1161:
  1382  04C4  2CA6               	goto	l1789
  1383  04C5                     u1160:
  1384  04C5                     l1813:
  1385                           
  1386                           ;EAS_ITank_RTC_Interface_40min_Updated.c: 272:     return 1;
  1387  04C5  3001               	movlw	1
  1388  04C6                     l55:
  1389  04C6  0008               	return
  1390  04C7                     __end_of_Test_Delay_Seconds_Abortable:
  1391                           
  1392                           	psect	text3
  1393  0579                     __ptext3:	
  1394 ;; *************** function _Is_Test_Mode_Enabled *****************
  1395 ;; Defined at:
  1396 ;;		line 1012 in file "EAS_ITank_RTC_Interface_40min_Updated.c"
  1397 ;; Parameters:    Size  Location     Type
  1398 ;;		None
  1399 ;; Auto vars:     Size  Location     Type
  1400 ;;		None
  1401 ;; Return value:  Size  Location     Type
  1402 ;;                  1    wreg      _Bool 
  1403 ;; Registers used:
  1404 ;;		wreg, status,0
  1405 ;; Tracked objects:
  1406 ;;		On entry : 0/0
  1407 ;;		On exit  : 0/0
  1408 ;;		Unchanged: 0/0
  1409 ;; Data sizes:     COMMON   BANK0   BANK1
  1410 ;;      Params:         0       0       0
  1411 ;;      Locals:         0       0       0
  1412 ;;      Temps:          0       0       0
  1413 ;;      Totals:         0       0       0
  1414 ;;Total ram usage:        0 bytes
  1415 ;; Hardware stack levels used:    1
  1416 ;; This function calls:
  1417 ;;		Nothing
  1418 ;; This function is called by:
  1419 ;;		_Test_Delay_Seconds_Abortable
  1420 ;;		_Relay_Test_Cycle
  1421 ;;		_main
  1422 ;; This function uses a non-reentrant model
  1423 ;;
  1424                           
  1425                           
  1426                           ;psect for function _Is_Test_Mode_Enabled
  1427  0579                     _Is_Test_Mode_Enabled:
  1428  0579                     l1609:	
  1429                           ;incstack = 0
  1430                           ; Regs used in _Is_Test_Mode_Enabled: [wreg+status,0]
  1431                           
  1432                           
  1433                           ;EAS_ITank_RTC_Interface_40min_Updated.c: 1014:     return (GPIObits.GP3 == 0);
  1434  0579  1003               	clrc
  1435  057A  1283               	bcf	3,5	;RP0=0, select bank0
  1436  057B  1D85               	btfss	5,3	;volatile
  1437  057C  1403               	setc
  1438  057D  3000               	movlw	0
  1439  057E  1803               	skipnc
  1440  057F  3001               	movlw	1
  1441  0580                     l231:
  1442  0580  0008               	return
  1443  0581                     __end_of_Is_Test_Mode_Enabled:
  1444                           
  1445                           	psect	text4
  1446  05A0                     __ptext4:	
  1447 ;; *************** function _Relay_Reset_Pulse *****************
  1448 ;; Defined at:
  1449 ;;		line 238 in file "EAS_ITank_RTC_Interface_40min_Updated.c"
  1450 ;; Parameters:    Size  Location     Type
  1451 ;;		None
  1452 ;; Auto vars:     Size  Location     Type
  1453 ;;		None
  1454 ;; Return value:  Size  Location     Type
  1455 ;;                  1    wreg      void 
  1456 ;; Registers used:
  1457 ;;		wreg, status,2, status,0, pclath, cstack
  1458 ;; Tracked objects:
  1459 ;;		On entry : 0/0
  1460 ;;		On exit  : 0/0
  1461 ;;		Unchanged: 0/0
  1462 ;; Data sizes:     COMMON   BANK0   BANK1
  1463 ;;      Params:         0       0       0
  1464 ;;      Locals:         0       0       0
  1465 ;;      Temps:          0       0       0
  1466 ;;      Totals:         0       0       0
  1467 ;;Total ram usage:        0 bytes
  1468 ;; Hardware stack levels used:    1
  1469 ;; Hardware stack levels required when called:    3
  1470 ;; This function calls:
  1471 ;;		_Delay_Seconds
  1472 ;;		_Relay_Off
  1473 ;;		_Relay_On
  1474 ;; This function is called by:
  1475 ;;		_main
  1476 ;; This function uses a non-reentrant model
  1477 ;;
  1478                           
  1479                           
  1480                           ;psect for function _Relay_Reset_Pulse
  1481  05A0                     _Relay_Reset_Pulse:
  1482  05A0                     l2021:	
  1483                           ;incstack = 0
  1484                           ; Regs used in _Relay_Reset_Pulse: [wreg+status,2+status,0+pclath+cstack]
  1485                           
  1486                           
  1487                           ;EAS_ITank_RTC_Interface_40min_Updated.c: 240:     Relay_On();
  1488  05A0  25BB               	fcall	_Relay_On
  1489  05A1                     l2023:
  1490                           
  1491                           ;EAS_ITank_RTC_Interface_40min_Updated.c: 241:     Delay_Seconds(10);
  1492  05A1  300A               	movlw	10
  1493  05A2  255A               	fcall	_Delay_Seconds
  1494  05A3                     l2025:
  1495                           
  1496                           ;EAS_ITank_RTC_Interface_40min_Updated.c: 242:     Relay_Off();
  1497  05A3  25BE               	fcall	_Relay_Off
  1498  05A4                     l47:
  1499  05A4  0008               	return
  1500  05A5                     __end_of_Relay_Reset_Pulse:
  1501                           
  1502                           	psect	text5
  1503  05BB                     __ptext5:	
  1504 ;; *************** function _Relay_On *****************
  1505 ;; Defined at:
  1506 ;;		line 228 in file "EAS_ITank_RTC_Interface_40min_Updated.c"
  1507 ;; Parameters:    Size  Location     Type
  1508 ;;		None
  1509 ;; Auto vars:     Size  Location     Type
  1510 ;;		None
  1511 ;; Return value:  Size  Location     Type
  1512 ;;                  1    wreg      void 
  1513 ;; Registers used:
  1514 ;;		None
  1515 ;; Tracked objects:
  1516 ;;		On entry : 0/0
  1517 ;;		On exit  : 0/0
  1518 ;;		Unchanged: 0/0
  1519 ;; Data sizes:     COMMON   BANK0   BANK1
  1520 ;;      Params:         0       0       0
  1521 ;;      Locals:         0       0       0
  1522 ;;      Temps:          0       0       0
  1523 ;;      Totals:         0       0       0
  1524 ;;Total ram usage:        0 bytes
  1525 ;; Hardware stack levels used:    1
  1526 ;; This function calls:
  1527 ;;		Nothing
  1528 ;; This function is called by:
  1529 ;;		_Relay_Reset_Pulse
  1530 ;;		_Relay_Test_Cycle
  1531 ;; This function uses a non-reentrant model
  1532 ;;
  1533                           
  1534                           
  1535                           ;psect for function _Relay_On
  1536  05BB                     _Relay_On:
  1537  05BB                     l1777:	
  1538                           ;incstack = 0
  1539                           ; Regs used in _Relay_On: []
  1540                           
  1541                           
  1542                           ;EAS_ITank_RTC_Interface_40min_Updated.c: 230:     GPIObits.GP0 = 1;
  1543  05BB  1283               	bcf	3,5	;RP0=0, select bank0
  1544  05BC  1405               	bsf	5,0	;volatile
  1545  05BD                     l41:
  1546  05BD  0008               	return
  1547  05BE                     __end_of_Relay_On:
  1548                           
  1549                           	psect	text6
  1550  055A                     __ptext6:	
  1551 ;; *************** function _Delay_Seconds *****************
  1552 ;; Defined at:
  1553 ;;		line 384 in file "EAS_ITank_RTC_Interface_40min_Updated.c"
  1554 ;; Parameters:    Size  Location     Type
  1555 ;;  seconds         1    wreg     unsigned char 
  1556 ;; Auto vars:     Size  Location     Type
  1557 ;;  seconds         1    2[COMMON] unsigned char 
  1558 ;; Return value:  Size  Location     Type
  1559 ;;                  1    wreg      void 
  1560 ;; Registers used:
  1561 ;;		wreg, status,2, status,0, pclath, cstack
  1562 ;; Tracked objects:
  1563 ;;		On entry : 0/0
  1564 ;;		On exit  : 0/0
  1565 ;;		Unchanged: 0/0
  1566 ;; Data sizes:     COMMON   BANK0   BANK1
  1567 ;;      Params:         0       0       0
  1568 ;;      Locals:         1       0       0
  1569 ;;      Temps:          0       0       0
  1570 ;;      Totals:         1       0       0
  1571 ;;Total ram usage:        1 bytes
  1572 ;; Hardware stack levels used:    1
  1573 ;; Hardware stack levels required when called:    2
  1574 ;; This function calls:
  1575 ;;		_Delay_Approx_1s
  1576 ;; This function is called by:
  1577 ;;		_Relay_Reset_Pulse
  1578 ;;		_main
  1579 ;;		_Safe_Fault_Idle_Forever
  1580 ;; This function uses a non-reentrant model
  1581 ;;
  1582                           
  1583                           
  1584                           ;psect for function _Delay_Seconds
  1585  055A                     _Delay_Seconds:
  1586                           
  1587                           ;incstack = 0
  1588                           ; Regs used in _Delay_Seconds: [wreg+status,2+status,0+pclath+cstack]
  1589                           ;Delay_Seconds@seconds stored from wreg
  1590  055A  00F2               	movwf	Delay_Seconds@seconds
  1591  055B                     l1779:
  1592                           
  1593                           ;EAS_ITank_RTC_Interface_40min_Updated.c: 384: static void Delay_Seconds(uint8_t seconds
      +                          );EAS_ITank_RTC_Interface_40min_Updated.c: 385: {;EAS_ITank_RTC_Interface_40min_Updated.
      +                          c: 386:     while (seconds > 0)
  1594  055B  2D5F               	goto	l1785
  1595  055C                     l1781:
  1596                           
  1597                           ;EAS_ITank_RTC_Interface_40min_Updated.c: 387:     {;EAS_ITank_RTC_Interface_40min_Updat
      +                          ed.c: 388:         Delay_Approx_1s();
  1598  055C  2540               	fcall	_Delay_Approx_1s
  1599  055D                     l1783:
  1600                           
  1601                           ;EAS_ITank_RTC_Interface_40min_Updated.c: 389:         seconds--;
  1602  055D  3001               	movlw	1
  1603  055E  02F2               	subwf	Delay_Seconds@seconds,f
  1604  055F                     l1785:
  1605                           
  1606                           ;EAS_ITank_RTC_Interface_40min_Updated.c: 386:     while (seconds > 0)
  1607  055F  0872               	movf	Delay_Seconds@seconds,w
  1608  0560  1D03               	btfss	3,2
  1609  0561  2D63               	goto	u1131
  1610  0562  2D64               	goto	u1130
  1611  0563                     u1131:
  1612  0563  2D5C               	goto	l1781
  1613  0564                     u1130:
  1614  0564                     l93:
  1615  0564  0008               	return
  1616  0565                     __end_of_Delay_Seconds:
  1617                           
  1618                           	psect	text7
  1619  0540                     __ptext7:	
  1620 ;; *************** function _Delay_Approx_1s *****************
  1621 ;; Defined at:
  1622 ;;		line 374 in file "EAS_ITank_RTC_Interface_40min_Updated.c"
  1623 ;; Parameters:    Size  Location     Type
  1624 ;;		None
  1625 ;; Auto vars:     Size  Location     Type
  1626 ;;  i               1    1[COMMON] unsigned char 
  1627 ;; Return value:  Size  Location     Type
  1628 ;;                  1    wreg      void 
  1629 ;; Registers used:
  1630 ;;		wreg, status,2, status,0, pclath, cstack
  1631 ;; Tracked objects:
  1632 ;;		On entry : 0/0
  1633 ;;		On exit  : 0/0
  1634 ;;		Unchanged: 0/0
  1635 ;; Data sizes:     COMMON   BANK0   BANK1
  1636 ;;      Params:         0       0       0
  1637 ;;      Locals:         1       0       0
  1638 ;;      Temps:          1       0       0
  1639 ;;      Totals:         2       0       0
  1640 ;;Total ram usage:        2 bytes
  1641 ;; Hardware stack levels used:    1
  1642 ;; Hardware stack levels required when called:    1
  1643 ;; This function calls:
  1644 ;;		_Delay_Approx_65ms
  1645 ;; This function is called by:
  1646 ;;		_Delay_Seconds
  1647 ;;		_main
  1648 ;; This function uses a non-reentrant model
  1649 ;;
  1650                           
  1651                           
  1652                           ;psect for function _Delay_Approx_1s
  1653  0540                     _Delay_Approx_1s:
  1654  0540                     l1613:	
  1655                           ;incstack = 0
  1656                           ; Regs used in _Delay_Approx_1s: [wreg+status,2+status,0+pclath+cstack]
  1657                           
  1658                           
  1659                           ;EAS_ITank_RTC_Interface_40min_Updated.c: 376:     uint8_t i;;EAS_ITank_RTC_Interface_40
      +                          min_Updated.c: 378:     for (i = 0; i < 16; i++)
  1660  0540  01F1               	clrf	Delay_Approx_1s@i
  1661  0541                     l1619:
  1662                           
  1663                           ;EAS_ITank_RTC_Interface_40min_Updated.c: 379:     {;EAS_ITank_RTC_Interface_40min_Updat
      +                          ed.c: 380:         Delay_Approx_65ms();
  1664  0541  2589               	fcall	_Delay_Approx_65ms
  1665  0542                     l1621:
  1666                           
  1667                           ;EAS_ITank_RTC_Interface_40min_Updated.c: 381:     }
  1668  0542  3001               	movlw	1
  1669  0543  00F0               	movwf	??_Delay_Approx_1s
  1670  0544  0870               	movf	??_Delay_Approx_1s,w
  1671  0545  07F1               	addwf	Delay_Approx_1s@i,f
  1672  0546                     l1623:
  1673  0546  3010               	movlw	16
  1674  0547  0271               	subwf	Delay_Approx_1s@i,w
  1675  0548  1C03               	skipc
  1676  0549  2D4B               	goto	u981
  1677  054A  2D4C               	goto	u980
  1678  054B                     u981:
  1679  054B  2D41               	goto	l1619
  1680  054C                     u980:
  1681  054C                     l87:
  1682  054C  0008               	return
  1683  054D                     __end_of_Delay_Approx_1s:
  1684                           
  1685                           	psect	text8
  1686  0341                     __ptext8:	
  1687 ;; *************** function _Is_Scheduled_Relay_Time *****************
  1688 ;; Defined at:
  1689 ;;		line 1034 in file "EAS_ITank_RTC_Interface_40min_Updated.c"
  1690 ;; Parameters:    Size  Location     Type
  1691 ;;  now             1    wreg     PTR const struct .
  1692 ;;		 -> main@now(7), 
  1693 ;; Auto vars:     Size  Location     Type
  1694 ;;  now             1   10[COMMON] PTR const struct .
  1695 ;;		 -> main@now(7), 
  1696 ;;  minutes_from    2    8[COMMON] unsigned int 
  1697 ;; Return value:  Size  Location     Type
  1698 ;;                  1    wreg      _Bool 
  1699 ;; Registers used:
  1700 ;;		wreg, fsr0l, fsr0h, status,2, status,0, pclath, cstack
  1701 ;; Tracked objects:
  1702 ;;		On entry : 0/0
  1703 ;;		On exit  : 0/0
  1704 ;;		Unchanged: 0/0
  1705 ;; Data sizes:     COMMON   BANK0   BANK1
  1706 ;;      Params:         0       0       0
  1707 ;;      Locals:         3       0       0
  1708 ;;      Temps:          2       0       0
  1709 ;;      Totals:         5       0       0
  1710 ;;Total ram usage:        5 bytes
  1711 ;; Hardware stack levels used:    1
  1712 ;; Hardware stack levels required when called:    2
  1713 ;; This function calls:
  1714 ;;		_Is_Allowed_Day_And_Hour
  1715 ;;		___lwmod
  1716 ;;		___wmul
  1717 ;; This function is called by:
  1718 ;;		_main
  1719 ;; This function uses a non-reentrant model
  1720 ;;
  1721                           
  1722                           
  1723                           ;psect for function _Is_Scheduled_Relay_Time
  1724  0341                     _Is_Scheduled_Relay_Time:
  1725                           
  1726                           ;incstack = 0
  1727                           ; Regs used in _Is_Scheduled_Relay_Time: [wreg-fsr0h+status,2+status,0+pclath+cstack]
  1728                           ;Is_Scheduled_Relay_Time@now stored from wreg
  1729  0341  00FA               	movwf	Is_Scheduled_Relay_Time@now
  1730  0342                     l2145:
  1731                           
  1732                           ;EAS_ITank_RTC_Interface_40min_Updated.c: 1034: static _Bool Is_Scheduled_Relay_Time(con
      +                          st RTC_Time *now);EAS_ITank_RTC_Interface_40min_Updated.c: 1035: {;EAS_ITank_RTC_Interfa
      +                          ce_40min_Updated.c: 1036:     uint16_t minutes_from_midnight;;EAS_ITank_RTC_Interface_40
      +                          min_Updated.c: 1038:     if (!Is_Allowed_Day_And_Hour(now))
  1733  0342  087A               	movf	Is_Scheduled_Relay_Time@now,w
  1734  0343  2458               	fcall	_Is_Allowed_Day_And_Hour
  1735  0344  3A00               	xorlw	0
  1736  0345  1D03               	skipz
  1737  0346  2B48               	goto	u1741
  1738  0347  2B49               	goto	u1740
  1739  0348                     u1741:
  1740  0348  2B4B               	goto	l2151
  1741  0349                     u1740:
  1742  0349                     l2147:
  1743                           
  1744                           ;EAS_ITank_RTC_Interface_40min_Updated.c: 1039:     {;EAS_ITank_RTC_Interface_40min_Upda
      +                          ted.c: 1040:         return 0;
  1745  0349  3000               	movlw	0
  1746  034A  2B77               	goto	l240
  1747  034B                     l2151:
  1748                           
  1749                           ;EAS_ITank_RTC_Interface_40min_Updated.c: 1046:     minutes_from_midnight =
  1750  034B  087A               	movf	Is_Scheduled_Relay_Time@now,w
  1751  034C  3E02               	addlw	2
  1752  034D  0084               	movwf	4
  1753  034E  1383               	bcf	3,7	;select IRP bank0
  1754  034F  0800               	movf	0,w
  1755  0350  00F6               	movwf	??_Is_Scheduled_Relay_Time
  1756  0351  01F7               	clrf	??_Is_Scheduled_Relay_Time+1
  1757  0352  0876               	movf	??_Is_Scheduled_Relay_Time,w
  1758  0353  00F0               	movwf	___wmul@multiplier
  1759  0354  0877               	movf	??_Is_Scheduled_Relay_Time+1,w
  1760  0355  00F1               	movwf	___wmul@multiplier+1
  1761  0356  303C               	movlw	60
  1762  0357  00F2               	movwf	___wmul@multiplicand
  1763  0358  3000               	movlw	0
  1764  0359  00F3               	movwf	___wmul@multiplicand+1
  1765  035A  247E               	fcall	___wmul
  1766  035B  0A7A               	incf	Is_Scheduled_Relay_Time@now,w
  1767  035C  0084               	movwf	4
  1768  035D  1383               	bcf	3,7	;select IRP bank0
  1769  035E  0800               	movf	0,w
  1770  035F  0770               	addwf	?___wmul,w
  1771  0360  00F8               	movwf	Is_Scheduled_Relay_Time@minutes_from_midnight
  1772  0361  3000               	movlw	0
  1773  0362  1803               	skipnc
  1774  0363  3001               	movlw	1
  1775  0364  0771               	addwf	?___wmul+1,w
  1776  0365  00F9               	movwf	Is_Scheduled_Relay_Time@minutes_from_midnight+1
  1777  0366                     l2153:
  1778                           
  1779                           ;EAS_ITank_RTC_Interface_40min_Updated.c: 1050:     return ((minutes_from_midnight % 40)
      +                           == 0U);
  1780  0366  3028               	movlw	40
  1781  0367  00F0               	movwf	___lwmod@divisor
  1782  0368  3000               	movlw	0
  1783  0369  00F1               	movwf	___lwmod@divisor+1
  1784  036A  0879               	movf	Is_Scheduled_Relay_Time@minutes_from_midnight+1,w
  1785  036B  00F3               	movwf	___lwmod@dividend+1
  1786  036C  0878               	movf	Is_Scheduled_Relay_Time@minutes_from_midnight,w
  1787  036D  00F2               	movwf	___lwmod@dividend
  1788  036E  2307               	fcall	___lwmod
  1789  036F  0870               	movf	?___lwmod,w
  1790  0370  0471               	iorwf	?___lwmod+1,w
  1791  0371  1903               	btfsc	3,2
  1792  0372  2B74               	goto	u1751
  1793  0373  2B76               	goto	u1750
  1794  0374                     u1751:
  1795  0374  3001               	movlw	1
  1796  0375  2B77               	goto	u1760
  1797  0376                     u1750:
  1798  0376  3000               	movlw	0
  1799  0377                     u1760:
  1800  0377                     l240:
  1801  0377  0008               	return
  1802  0378                     __end_of_Is_Scheduled_Relay_Time:
  1803                           
  1804                           	psect	text9
  1805  047E                     __ptext9:	
  1806 ;; *************** function ___wmul *****************
  1807 ;; Defined at:
  1808 ;;		line 15 in file "C:\Program Files\Microchip\xc8\v2.31\pic\sources\c90\common\Umul16.c"
  1809 ;; Parameters:    Size  Location     Type
  1810 ;;  multiplier      2    0[COMMON] unsigned int 
  1811 ;;  multiplicand    2    2[COMMON] unsigned int 
  1812 ;; Auto vars:     Size  Location     Type
  1813 ;;  product         2    4[COMMON] unsigned int 
  1814 ;; Return value:  Size  Location     Type
  1815 ;;                  2    0[COMMON] unsigned int 
  1816 ;; Registers used:
  1817 ;;		wreg, status,2, status,0
  1818 ;; Tracked objects:
  1819 ;;		On entry : 0/0
  1820 ;;		On exit  : 0/0
  1821 ;;		Unchanged: 0/0
  1822 ;; Data sizes:     COMMON   BANK0   BANK1
  1823 ;;      Params:         4       0       0
  1824 ;;      Locals:         2       0       0
  1825 ;;      Temps:          0       0       0
  1826 ;;      Totals:         6       0       0
  1827 ;;Total ram usage:        6 bytes
  1828 ;; Hardware stack levels used:    1
  1829 ;; This function calls:
  1830 ;;		Nothing
  1831 ;; This function is called by:
  1832 ;;		_Is_Scheduled_Relay_Time
  1833 ;; This function uses a non-reentrant model
  1834 ;;
  1835                           
  1836                           
  1837                           ;psect for function ___wmul
  1838  047E                     ___wmul:
  1839  047E                     l1985:	
  1840                           ;incstack = 0
  1841                           ; Regs used in ___wmul: [wreg+status,2+status,0]
  1842                           
  1843  047E  01F4               	clrf	___wmul@product
  1844  047F  01F5               	clrf	___wmul@product+1
  1845  0480                     l1987:
  1846  0480  1C70               	btfss	___wmul@multiplier,0
  1847  0481  2C83               	goto	u1441
  1848  0482  2C84               	goto	u1440
  1849  0483                     u1441:
  1850  0483  2C8A               	goto	l353
  1851  0484                     u1440:
  1852  0484                     l1989:
  1853  0484  0872               	movf	___wmul@multiplicand,w
  1854  0485  07F4               	addwf	___wmul@product,f
  1855  0486  1803               	skipnc
  1856  0487  0AF5               	incf	___wmul@product+1,f
  1857  0488  0873               	movf	___wmul@multiplicand+1,w
  1858  0489  07F5               	addwf	___wmul@product+1,f
  1859  048A                     l353:
  1860  048A  3001               	movlw	1
  1861  048B                     u1455:
  1862  048B  1003               	clrc
  1863  048C  0DF2               	rlf	___wmul@multiplicand,f
  1864  048D  0DF3               	rlf	___wmul@multiplicand+1,f
  1865  048E  3EFF               	addlw	-1
  1866  048F  1D03               	skipz
  1867  0490  2C8B               	goto	u1455
  1868  0491                     l1991:
  1869  0491  3001               	movlw	1
  1870  0492                     u1465:
  1871  0492  1003               	clrc
  1872  0493  0CF1               	rrf	___wmul@multiplier+1,f
  1873  0494  0CF0               	rrf	___wmul@multiplier,f
  1874  0495  3EFF               	addlw	-1
  1875  0496  1D03               	skipz
  1876  0497  2C92               	goto	u1465
  1877  0498                     l1993:
  1878  0498  0870               	movf	___wmul@multiplier,w
  1879  0499  0471               	iorwf	___wmul@multiplier+1,w
  1880  049A  1D03               	btfss	3,2
  1881  049B  2C9D               	goto	u1471
  1882  049C  2C9E               	goto	u1470
  1883  049D                     u1471:
  1884  049D  2C80               	goto	l1987
  1885  049E                     u1470:
  1886  049E                     l1995:
  1887  049E  0875               	movf	___wmul@product+1,w
  1888  049F  00F1               	movwf	?___wmul+1
  1889  04A0  0874               	movf	___wmul@product,w
  1890  04A1  00F0               	movwf	?___wmul
  1891  04A2                     l355:
  1892  04A2  0008               	return
  1893  04A3                     __end_of___wmul:
  1894                           
  1895                           	psect	text10
  1896  0307                     __ptext10:	
  1897 ;; *************** function ___lwmod *****************
  1898 ;; Defined at:
  1899 ;;		line 5 in file "C:\Program Files\Microchip\xc8\v2.31\pic\sources\c90\common\lwmod.c"
  1900 ;; Parameters:    Size  Location     Type
  1901 ;;  divisor         2    0[COMMON] unsigned int 
  1902 ;;  dividend        2    2[COMMON] unsigned int 
  1903 ;; Auto vars:     Size  Location     Type
  1904 ;;  counter         1    5[COMMON] unsigned char 
  1905 ;; Return value:  Size  Location     Type
  1906 ;;                  2    0[COMMON] unsigned int 
  1907 ;; Registers used:
  1908 ;;		wreg, status,2, status,0
  1909 ;; Tracked objects:
  1910 ;;		On entry : 0/0
  1911 ;;		On exit  : 0/0
  1912 ;;		Unchanged: 0/0
  1913 ;; Data sizes:     COMMON   BANK0   BANK1
  1914 ;;      Params:         4       0       0
  1915 ;;      Locals:         1       0       0
  1916 ;;      Temps:          1       0       0
  1917 ;;      Totals:         6       0       0
  1918 ;;Total ram usage:        6 bytes
  1919 ;; Hardware stack levels used:    1
  1920 ;; This function calls:
  1921 ;;		Nothing
  1922 ;; This function is called by:
  1923 ;;		_Is_Scheduled_Relay_Time
  1924 ;; This function uses a non-reentrant model
  1925 ;;
  1926                           
  1927                           
  1928                           ;psect for function ___lwmod
  1929  0307                     ___lwmod:
  1930  0307                     l1999:	
  1931                           ;incstack = 0
  1932                           ; Regs used in ___lwmod: [wreg+status,2+status,0]
  1933                           
  1934  0307  0870               	movf	___lwmod@divisor,w
  1935  0308  0471               	iorwf	___lwmod@divisor+1,w
  1936  0309  1903               	btfsc	3,2
  1937  030A  2B0C               	goto	u1481
  1938  030B  2B0D               	goto	u1480
  1939  030C                     u1481:
  1940  030C  2B3C               	goto	l2017
  1941  030D                     u1480:
  1942  030D                     l2001:
  1943  030D  01F5               	clrf	___lwmod@counter
  1944  030E  0AF5               	incf	___lwmod@counter,f
  1945  030F  2B1B               	goto	l2007
  1946  0310                     l2003:
  1947  0310  3001               	movlw	1
  1948  0311                     u1495:
  1949  0311  1003               	clrc
  1950  0312  0DF0               	rlf	___lwmod@divisor,f
  1951  0313  0DF1               	rlf	___lwmod@divisor+1,f
  1952  0314  3EFF               	addlw	-1
  1953  0315  1D03               	skipz
  1954  0316  2B11               	goto	u1495
  1955  0317                     l2005:
  1956  0317  3001               	movlw	1
  1957  0318  00F4               	movwf	??___lwmod
  1958  0319  0874               	movf	??___lwmod,w
  1959  031A  07F5               	addwf	___lwmod@counter,f
  1960  031B                     l2007:
  1961  031B  1FF1               	btfss	___lwmod@divisor+1,7
  1962  031C  2B1E               	goto	u1501
  1963  031D  2B1F               	goto	u1500
  1964  031E                     u1501:
  1965  031E  2B10               	goto	l2003
  1966  031F                     u1500:
  1967  031F                     l2009:
  1968  031F  0871               	movf	___lwmod@divisor+1,w
  1969  0320  0273               	subwf	___lwmod@dividend+1,w
  1970  0321  1D03               	skipz
  1971  0322  2B25               	goto	u1515
  1972  0323  0870               	movf	___lwmod@divisor,w
  1973  0324  0272               	subwf	___lwmod@dividend,w
  1974  0325                     u1515:
  1975  0325  1C03               	skipc
  1976  0326  2B28               	goto	u1511
  1977  0327  2B29               	goto	u1510
  1978  0328                     u1511:
  1979  0328  2B2F               	goto	l2013
  1980  0329                     u1510:
  1981  0329                     l2011:
  1982  0329  0870               	movf	___lwmod@divisor,w
  1983  032A  02F2               	subwf	___lwmod@dividend,f
  1984  032B  0871               	movf	___lwmod@divisor+1,w
  1985  032C  1C03               	skipc
  1986  032D  03F3               	decf	___lwmod@dividend+1,f
  1987  032E  02F3               	subwf	___lwmod@dividend+1,f
  1988  032F                     l2013:
  1989  032F  3001               	movlw	1
  1990  0330                     u1525:
  1991  0330  1003               	clrc
  1992  0331  0CF1               	rrf	___lwmod@divisor+1,f
  1993  0332  0CF0               	rrf	___lwmod@divisor,f
  1994  0333  3EFF               	addlw	-1
  1995  0334  1D03               	skipz
  1996  0335  2B30               	goto	u1525
  1997  0336                     l2015:
  1998  0336  3001               	movlw	1
  1999  0337  02F5               	subwf	___lwmod@counter,f
  2000  0338  1D03               	btfss	3,2
  2001  0339  2B3B               	goto	u1531
  2002  033A  2B3C               	goto	u1530
  2003  033B                     u1531:
  2004  033B  2B1F               	goto	l2009
  2005  033C                     u1530:
  2006  033C                     l2017:
  2007  033C  0873               	movf	___lwmod@dividend+1,w
  2008  033D  00F1               	movwf	?___lwmod+1
  2009  033E  0872               	movf	___lwmod@dividend,w
  2010  033F  00F0               	movwf	?___lwmod
  2011  0340                     l635:
  2012  0340  0008               	return
  2013  0341                     __end_of___lwmod:
  2014                           
  2015                           	psect	text11
  2016  0458                     __ptext11:	
  2017 ;; *************** function _Is_Allowed_Day_And_Hour *****************
  2018 ;; Defined at:
  2019 ;;		line 1017 in file "EAS_ITank_RTC_Interface_40min_Updated.c"
  2020 ;; Parameters:    Size  Location     Type
  2021 ;;  now             1    wreg     PTR const struct .
  2022 ;;		 -> main@now(7), 
  2023 ;; Auto vars:     Size  Location     Type
  2024 ;;  now             1    4[COMMON] PTR const struct .
  2025 ;;		 -> main@now(7), 
  2026 ;; Return value:  Size  Location     Type
  2027 ;;                  1    wreg      _Bool 
  2028 ;; Registers used:
  2029 ;;		wreg, fsr0l, fsr0h, status,2, status,0, pclath, cstack
  2030 ;; Tracked objects:
  2031 ;;		On entry : 0/0
  2032 ;;		On exit  : 0/0
  2033 ;;		Unchanged: 0/0
  2034 ;; Data sizes:     COMMON   BANK0   BANK1
  2035 ;;      Params:         0       0       0
  2036 ;;      Locals:         1       0       0
  2037 ;;      Temps:          1       0       0
  2038 ;;      Totals:         2       0       0
  2039 ;;Total ram usage:        2 bytes
  2040 ;; Hardware stack levels used:    1
  2041 ;; Hardware stack levels required when called:    1
  2042 ;; This function calls:
  2043 ;;		_Is_Hour_Window_Enabled
  2044 ;;		_Is_Sunday_Enabled
  2045 ;; This function is called by:
  2046 ;;		_Is_Scheduled_Relay_Time
  2047 ;; This function uses a non-reentrant model
  2048 ;;
  2049                           
  2050                           
  2051                           ;psect for function _Is_Allowed_Day_And_Hour
  2052  0458                     _Is_Allowed_Day_And_Hour:
  2053                           
  2054                           ;incstack = 0
  2055                           ; Regs used in _Is_Allowed_Day_And_Hour: [wreg-fsr0h+status,2+status,0+pclath+cstack]
  2056                           ;Is_Allowed_Day_And_Hour@now stored from wreg
  2057  0458  00F4               	movwf	Is_Allowed_Day_And_Hour@now
  2058  0459                     l1967:
  2059                           
  2060                           ;EAS_ITank_RTC_Interface_40min_Updated.c: 1017: static _Bool Is_Allowed_Day_And_Hour(con
      +                          st RTC_Time *now);EAS_ITank_RTC_Interface_40min_Updated.c: 1018: {;EAS_ITank_RTC_Interfa
      +                          ce_40min_Updated.c: 1020:     if ((now->day_of_week == 1) && !Is_Sunday_Enabled())
  2061  0459  0874               	movf	Is_Allowed_Day_And_Hour@now,w
  2062  045A  3E03               	addlw	3
  2063  045B  0084               	movwf	4
  2064  045C  1383               	bcf	3,7	;select IRP bank0
  2065  045D  0300               	decf	0,w
  2066  045E  1D03               	btfss	3,2
  2067  045F  2C61               	goto	u1411
  2068  0460  2C62               	goto	u1410
  2069  0461                     u1411:
  2070  0461  2C6A               	goto	l1975
  2071  0462                     u1410:
  2072  0462                     l1969:
  2073  0462  25AF               	fcall	_Is_Sunday_Enabled
  2074  0463  3A00               	xorlw	0
  2075  0464  1D03               	skipz
  2076  0465  2C67               	goto	u1421
  2077  0466  2C68               	goto	u1420
  2078  0467                     u1421:
  2079  0467  2C6A               	goto	l1975
  2080  0468                     u1420:
  2081  0468                     l1971:
  2082                           
  2083                           ;EAS_ITank_RTC_Interface_40min_Updated.c: 1021:     {;EAS_ITank_RTC_Interface_40min_Upda
      +                          ted.c: 1022:         return 0;
  2084  0468  3000               	movlw	0
  2085  0469  2C7D               	goto	l235
  2086  046A                     l1975:
  2087                           
  2088                           ;EAS_ITank_RTC_Interface_40min_Updated.c: 1026:     if (!Is_Hour_Window_Enabled(now->hou
      +                          r, now->minute))
  2089  046A  0A74               	incf	Is_Allowed_Day_And_Hour@now,w
  2090  046B  0084               	movwf	4
  2091  046C  1383               	bcf	3,7	;select IRP bank0
  2092  046D  0800               	movf	0,w
  2093  046E  00F3               	movwf	??_Is_Allowed_Day_And_Hour
  2094  046F  0873               	movf	??_Is_Allowed_Day_And_Hour,w
  2095  0470  00F0               	movwf	Is_Hour_Window_Enabled@minute
  2096  0471  0874               	movf	Is_Allowed_Day_And_Hour@now,w
  2097  0472  3E02               	addlw	2
  2098  0473  0084               	movwf	4
  2099  0474  0800               	movf	0,w
  2100  0475  2406               	fcall	_Is_Hour_Window_Enabled
  2101  0476  3A00               	xorlw	0
  2102  0477  1D03               	skipz
  2103  0478  2C7A               	goto	u1431
  2104  0479  2C7B               	goto	u1430
  2105  047A                     u1431:
  2106  047A  2C7C               	goto	l1981
  2107  047B                     u1430:
  2108  047B  2C68               	goto	l1971
  2109  047C                     l1981:
  2110                           
  2111                           ;EAS_ITank_RTC_Interface_40min_Updated.c: 1031:     return 1;
  2112  047C  3001               	movlw	1
  2113  047D                     l235:
  2114  047D  0008               	return
  2115  047E                     __end_of_Is_Allowed_Day_And_Hour:
  2116                           
  2117                           	psect	text12
  2118  05AF                     __ptext12:	
  2119 ;; *************** function _Is_Sunday_Enabled *****************
  2120 ;; Defined at:
  2121 ;;		line 974 in file "EAS_ITank_RTC_Interface_40min_Updated.c"
  2122 ;; Parameters:    Size  Location     Type
  2123 ;;		None
  2124 ;; Auto vars:     Size  Location     Type
  2125 ;;		None
  2126 ;; Return value:  Size  Location     Type
  2127 ;;                  1    wreg      _Bool 
  2128 ;; Registers used:
  2129 ;;		wreg, status,2, status,0
  2130 ;; Tracked objects:
  2131 ;;		On entry : 0/0
  2132 ;;		On exit  : 0/0
  2133 ;;		Unchanged: 0/0
  2134 ;; Data sizes:     COMMON   BANK0   BANK1
  2135 ;;      Params:         0       0       0
  2136 ;;      Locals:         0       0       0
  2137 ;;      Temps:          0       0       0
  2138 ;;      Totals:         0       0       0
  2139 ;;Total ram usage:        0 bytes
  2140 ;; Hardware stack levels used:    1
  2141 ;; This function calls:
  2142 ;;		Nothing
  2143 ;; This function is called by:
  2144 ;;		_Is_Allowed_Day_And_Hour
  2145 ;; This function uses a non-reentrant model
  2146 ;;
  2147                           
  2148                           
  2149                           ;psect for function _Is_Sunday_Enabled
  2150  05AF                     _Is_Sunday_Enabled:
  2151  05AF                     l1741:	
  2152                           ;incstack = 0
  2153                           ; Regs used in _Is_Sunday_Enabled: [wreg+status,2+status,0]
  2154                           
  2155                           
  2156                           ;EAS_ITank_RTC_Interface_40min_Updated.c: 976:     return (GPIObits.GP4 == 1);
  2157  05AF  1283               	bcf	3,5	;RP0=0, select bank0
  2158  05B0  0E05               	swapf	5,w	;volatile
  2159  05B1  3901               	andlw	1
  2160  05B2                     l221:
  2161  05B2  0008               	return
  2162  05B3                     __end_of_Is_Sunday_Enabled:
  2163                           
  2164                           	psect	text13
  2165  0406                     __ptext13:	
  2166 ;; *************** function _Is_Hour_Window_Enabled *****************
  2167 ;; Defined at:
  2168 ;;		line 979 in file "EAS_ITank_RTC_Interface_40min_Updated.c"
  2169 ;; Parameters:    Size  Location     Type
  2170 ;;  hour            1    wreg     unsigned char 
  2171 ;;  minute          1    0[COMMON] unsigned char 
  2172 ;; Auto vars:     Size  Location     Type
  2173 ;;  hour            1    2[COMMON] unsigned char 
  2174 ;;  dip2_enabled    1    1[COMMON] _Bool 
  2175 ;; Return value:  Size  Location     Type
  2176 ;;                  1    wreg      _Bool 
  2177 ;; Registers used:
  2178 ;;		wreg, status,2, status,0
  2179 ;; Tracked objects:
  2180 ;;		On entry : 0/0
  2181 ;;		On exit  : 0/0
  2182 ;;		Unchanged: 0/0
  2183 ;; Data sizes:     COMMON   BANK0   BANK1
  2184 ;;      Params:         1       0       0
  2185 ;;      Locals:         2       0       0
  2186 ;;      Temps:          0       0       0
  2187 ;;      Totals:         3       0       0
  2188 ;;Total ram usage:        3 bytes
  2189 ;; Hardware stack levels used:    1
  2190 ;; This function calls:
  2191 ;;		Nothing
  2192 ;; This function is called by:
  2193 ;;		_Is_Allowed_Day_And_Hour
  2194 ;; This function uses a non-reentrant model
  2195 ;;
  2196                           
  2197                           
  2198                           ;psect for function _Is_Hour_Window_Enabled
  2199  0406                     _Is_Hour_Window_Enabled:
  2200                           
  2201                           ;incstack = 0
  2202                           ; Regs used in _Is_Hour_Window_Enabled: [wreg+status,2+status,0]
  2203                           ;Is_Hour_Window_Enabled@hour stored from wreg
  2204  0406  00F2               	movwf	Is_Hour_Window_Enabled@hour
  2205  0407                     l1745:
  2206                           
  2207                           ;EAS_ITank_RTC_Interface_40min_Updated.c: 979: static _Bool Is_Hour_Window_Enabled(uint8
      +                          _t hour, uint8_t minute);EAS_ITank_RTC_Interface_40min_Updated.c: 980: {;EAS_ITank_RTC_I
      +                          nterface_40min_Updated.c: 981:     _Bool dip2_enabled;;EAS_ITank_RTC_Interface_40min_Upd
      +                          ated.c: 983:     dip2_enabled = (GPIObits.GP5 == 1);
  2208  0407  3000               	movlw	0
  2209  0408  1283               	bcf	3,5	;RP0=0, select bank0
  2210  0409  1A85               	btfsc	5,5	;volatile
  2211  040A  3001               	movlw	1
  2212  040B  00F1               	movwf	Is_Hour_Window_Enabled@dip2_enabled
  2213  040C                     l1747:
  2214                           
  2215                           ;EAS_ITank_RTC_Interface_40min_Updated.c: 986:     if (!dip2_enabled)
  2216  040C  0871               	movf	Is_Hour_Window_Enabled@dip2_enabled,w
  2217  040D  1D03               	btfss	3,2
  2218  040E  2C10               	goto	u1081
  2219  040F  2C11               	goto	u1080
  2220  0410                     u1081:
  2221  0410  2C13               	goto	l1753
  2222  0411                     u1080:
  2223  0411                     l1749:
  2224                           
  2225                           ;EAS_ITank_RTC_Interface_40min_Updated.c: 987:     {;EAS_ITank_RTC_Interface_40min_Updat
      +                          ed.c: 988:         return 1;
  2226  0411  3001               	movlw	1
  2227  0412  2C2E               	goto	l225
  2228  0413                     l1753:
  2229                           
  2230                           ;EAS_ITank_RTC_Interface_40min_Updated.c: 994:     if (hour < 8)
  2231  0413  3008               	movlw	8
  2232  0414  0272               	subwf	Is_Hour_Window_Enabled@hour,w
  2233  0415  1803               	skipnc
  2234  0416  2C18               	goto	u1091
  2235  0417  2C19               	goto	u1090
  2236  0418                     u1091:
  2237  0418  2C1B               	goto	l1759
  2238  0419                     u1090:
  2239  0419                     l1755:
  2240                           
  2241                           ;EAS_ITank_RTC_Interface_40min_Updated.c: 995:     {;EAS_ITank_RTC_Interface_40min_Updat
      +                          ed.c: 996:         return 0;
  2242  0419  3000               	movlw	0
  2243  041A  2C2E               	goto	l225
  2244  041B                     l1759:
  2245                           
  2246                           ;EAS_ITank_RTC_Interface_40min_Updated.c: 999:     if (hour < 18)
  2247  041B  3012               	movlw	18
  2248  041C  0272               	subwf	Is_Hour_Window_Enabled@hour,w
  2249  041D  1803               	skipnc
  2250  041E  2C20               	goto	u1101
  2251  041F  2C21               	goto	u1100
  2252  0420                     u1101:
  2253  0420  2C22               	goto	l1765
  2254  0421                     u1100:
  2255  0421  2C11               	goto	l1749
  2256  0422                     l1765:
  2257                           
  2258                           ;EAS_ITank_RTC_Interface_40min_Updated.c: 1004:     if ((hour == 18) && (minute == 0U))
  2259  0422  3012               	movlw	18
  2260  0423  0672               	xorwf	Is_Hour_Window_Enabled@hour,w
  2261  0424  1D03               	btfss	3,2
  2262  0425  2C27               	goto	u1111
  2263  0426  2C28               	goto	u1110
  2264  0427                     u1111:
  2265  0427  2C19               	goto	l1755
  2266  0428                     u1110:
  2267  0428                     l1767:
  2268  0428  0870               	movf	Is_Hour_Window_Enabled@minute,w
  2269  0429  1D03               	btfss	3,2
  2270  042A  2C2C               	goto	u1121
  2271  042B  2C2D               	goto	u1120
  2272  042C                     u1121:
  2273  042C  2C19               	goto	l1755
  2274  042D                     u1120:
  2275  042D  2C11               	goto	l1749
  2276  042E                     l225:
  2277  042E  0008               	return
  2278  042F                     __end_of_Is_Hour_Window_Enabled:
  2279                           
  2280                           	psect	text14
  2281  0504                     __ptext14:	
  2282 ;; *************** function _Init_Device *****************
  2283 ;; Defined at:
  2284 ;;		line 1091 in file "EAS_ITank_RTC_Interface_40min_Updated.c"
  2285 ;; Parameters:    Size  Location     Type
  2286 ;;		None
  2287 ;; Auto vars:     Size  Location     Type
  2288 ;;		None
  2289 ;; Return value:  Size  Location     Type
  2290 ;;                  1    wreg      void 
  2291 ;; Registers used:
  2292 ;;		wreg, status,2, status,0, pclath, cstack
  2293 ;; Tracked objects:
  2294 ;;		On entry : 0/0
  2295 ;;		On exit  : 0/0
  2296 ;;		Unchanged: 0/0
  2297 ;; Data sizes:     COMMON   BANK0   BANK1
  2298 ;;      Params:         0       0       0
  2299 ;;      Locals:         0       0       0
  2300 ;;      Temps:          0       0       0
  2301 ;;      Totals:         0       0       0
  2302 ;;Total ram usage:        0 bytes
  2303 ;; Hardware stack levels used:    1
  2304 ;; Hardware stack levels required when called:    1
  2305 ;; This function calls:
  2306 ;;		_Relay_Off
  2307 ;;		_SCL_Release
  2308 ;;		_SDA_Release
  2309 ;;		_Timer0_Init_For_Delay
  2310 ;; This function is called by:
  2311 ;;		_main
  2312 ;; This function uses a non-reentrant model
  2313 ;;
  2314                           
  2315                           
  2316                           ;psect for function _Init_Device
  2317  0504                     _Init_Device:
  2318  0504                     l2191:	
  2319                           ;incstack = 0
  2320                           ; Regs used in _Init_Device: [wreg+status,2+status,0+pclath+cstack]
  2321                           
  2322                           
  2323                           ;EAS_ITank_RTC_Interface_40min_Updated.c: 1093:     ANSEL = 0x00;
  2324  0504  1683               	bsf	3,5	;RP0=1, select bank1
  2325  0505  019F               	clrf	31	;volatile
  2326                           
  2327                           ;EAS_ITank_RTC_Interface_40min_Updated.c: 1094:     ADCON0 = 0x00;
  2328  0506  1283               	bcf	3,5	;RP0=0, select bank0
  2329  0507  019F               	clrf	31	;volatile
  2330  0508                     l2193:
  2331                           
  2332                           ;EAS_ITank_RTC_Interface_40min_Updated.c: 1095:     CMCON0 = 0x07;
  2333  0508  3007               	movlw	7
  2334  0509  0099               	movwf	25	;volatile
  2335  050A                     l2195:
  2336                           
  2337                           ;EAS_ITank_RTC_Interface_40min_Updated.c: 1097:     OSCCONbits.IRCF = 0b110;
  2338  050A  1683               	bsf	3,5	;RP0=1, select bank1
  2339  050B  080F               	movf	15,w	;volatile
  2340  050C  398F               	andlw	-113
  2341  050D  3860               	iorlw	96
  2342  050E  008F               	movwf	15	;volatile
  2343  050F                     l2197:
  2344                           
  2345                           ;EAS_ITank_RTC_Interface_40min_Updated.c: 1098:     OSCCONbits.SCS = 1;
  2346  050F  140F               	bsf	15,0	;volatile
  2347  0510                     l2199:
  2348                           
  2349                           ;EAS_ITank_RTC_Interface_40min_Updated.c: 1100:     GPIO = 0x00;
  2350  0510  1283               	bcf	3,5	;RP0=0, select bank0
  2351  0511  0185               	clrf	5	;volatile
  2352  0512                     l2201:
  2353                           
  2354                           ;EAS_ITank_RTC_Interface_40min_Updated.c: 1103:     TRISIObits.TRISIO0 = 0;
  2355  0512  1683               	bsf	3,5	;RP0=1, select bank1
  2356  0513  1005               	bcf	5,0	;volatile
  2357  0514                     l2203:
  2358                           
  2359                           ;EAS_ITank_RTC_Interface_40min_Updated.c: 1104:     Relay_Off();
  2360  0514  25BE               	fcall	_Relay_Off
  2361  0515                     l2205:
  2362                           
  2363                           ;EAS_ITank_RTC_Interface_40min_Updated.c: 1107:     SDA_Release();
  2364  0515  25C1               	fcall	_SDA_Release
  2365  0516                     l2207:
  2366                           
  2367                           ;EAS_ITank_RTC_Interface_40min_Updated.c: 1110:     SCL_Release();
  2368  0516  25C4               	fcall	_SCL_Release
  2369  0517                     l2209:
  2370                           
  2371                           ;EAS_ITank_RTC_Interface_40min_Updated.c: 1113:     TRISIObits.TRISIO3 = 1;
  2372  0517  1683               	bsf	3,5	;RP0=1, select bank1
  2373  0518  1585               	bsf	5,3	;volatile
  2374  0519                     l2211:
  2375                           
  2376                           ;EAS_ITank_RTC_Interface_40min_Updated.c: 1116:     TRISIObits.TRISIO4 = 1;
  2377  0519  1605               	bsf	5,4	;volatile
  2378  051A                     l2213:
  2379                           
  2380                           ;EAS_ITank_RTC_Interface_40min_Updated.c: 1119:     TRISIObits.TRISIO5 = 1;
  2381  051A  1685               	bsf	5,5	;volatile
  2382  051B                     l2215:
  2383                           
  2384                           ;EAS_ITank_RTC_Interface_40min_Updated.c: 1121:     Timer0_Init_For_Delay();
  2385  051B  2570               	fcall	_Timer0_Init_For_Delay
  2386  051C                     l251:
  2387  051C  0008               	return
  2388  051D                     __end_of_Init_Device:
  2389                           
  2390                           	psect	text15
  2391  0570                     __ptext15:	
  2392 ;; *************** function _Timer0_Init_For_Delay *****************
  2393 ;; Defined at:
  2394 ;;		line 340 in file "EAS_ITank_RTC_Interface_40min_Updated.c"
  2395 ;; Parameters:    Size  Location     Type
  2396 ;;		None
  2397 ;; Auto vars:     Size  Location     Type
  2398 ;;		None
  2399 ;; Return value:  Size  Location     Type
  2400 ;;                  1    wreg      void 
  2401 ;; Registers used:
  2402 ;;		None
  2403 ;; Tracked objects:
  2404 ;;		On entry : 0/0
  2405 ;;		On exit  : 0/0
  2406 ;;		Unchanged: 0/0
  2407 ;; Data sizes:     COMMON   BANK0   BANK1
  2408 ;;      Params:         0       0       0
  2409 ;;      Locals:         0       0       0
  2410 ;;      Temps:          0       0       0
  2411 ;;      Totals:         0       0       0
  2412 ;;Total ram usage:        0 bytes
  2413 ;; Hardware stack levels used:    1
  2414 ;; This function calls:
  2415 ;;		Nothing
  2416 ;; This function is called by:
  2417 ;;		_Init_Device
  2418 ;; This function uses a non-reentrant model
  2419 ;;
  2420                           
  2421                           
  2422                           ;psect for function _Timer0_Init_For_Delay
  2423  0570                     _Timer0_Init_For_Delay:
  2424  0570                     l1829:	
  2425                           ;incstack = 0
  2426                           ; Regs used in _Timer0_Init_For_Delay: []
  2427                           
  2428                           
  2429                           ;EAS_ITank_RTC_Interface_40min_Updated.c: 342:     OPTION_REGbits.T0CS = 0;
  2430  0570  1683               	bsf	3,5	;RP0=1, select bank1
  2431  0571  1281               	bcf	1,5	;volatile
  2432                           
  2433                           ;EAS_ITank_RTC_Interface_40min_Updated.c: 343:     OPTION_REGbits.PSA = 0;
  2434  0572  1181               	bcf	1,3	;volatile
  2435                           
  2436                           ;EAS_ITank_RTC_Interface_40min_Updated.c: 345:     OPTION_REGbits.PS2 = 1;
  2437  0573  1501               	bsf	1,2	;volatile
  2438                           
  2439                           ;EAS_ITank_RTC_Interface_40min_Updated.c: 346:     OPTION_REGbits.PS1 = 1;
  2440  0574  1481               	bsf	1,1	;volatile
  2441                           
  2442                           ;EAS_ITank_RTC_Interface_40min_Updated.c: 347:     OPTION_REGbits.PS0 = 1;
  2443  0575  1401               	bsf	1,0	;volatile
  2444                           
  2445                           ;EAS_ITank_RTC_Interface_40min_Updated.c: 349:     INTCONbits.T0IE = 0;
  2446  0576  128B               	bcf	11,5	;volatile
  2447                           
  2448                           ;EAS_ITank_RTC_Interface_40min_Updated.c: 350:     INTCONbits.T0IF = 0;
  2449  0577  110B               	bcf	11,2	;volatile
  2450  0578                     l71:
  2451  0578  0008               	return
  2452  0579                     __end_of_Timer0_Init_For_Delay:
  2453                           
  2454                           	psect	text16
  2455  02BF                     __ptext16:	
  2456 ;; *************** function _EEPROM_Save_Last_Trigger *****************
  2457 ;; Defined at:
  2458 ;;		line 728 in file "EAS_ITank_RTC_Interface_40min_Updated.c"
  2459 ;; Parameters:    Size  Location     Type
  2460 ;;  hour            1    wreg     unsigned char 
  2461 ;;  minute          1    5[COMMON] unsigned char 
  2462 ;;  date            1    6[COMMON] unsigned char 
  2463 ;;  month           1    7[COMMON] unsigned char 
  2464 ;;  year            1    8[COMMON] unsigned char 
  2465 ;; Auto vars:     Size  Location     Type
  2466 ;;  hour            1    1[BANK0 ] unsigned char 
  2467 ;;  checksum        1    0[BANK0 ] unsigned char 
  2468 ;; Return value:  Size  Location     Type
  2469 ;;                  1    wreg      void 
  2470 ;; Registers used:
  2471 ;;		wreg, status,2, status,0, pclath, cstack
  2472 ;; Tracked objects:
  2473 ;;		On entry : 0/0
  2474 ;;		On exit  : 0/0
  2475 ;;		Unchanged: 0/0
  2476 ;; Data sizes:     COMMON   BANK0   BANK1
  2477 ;;      Params:         4       0       0
  2478 ;;      Locals:         0       2       0
  2479 ;;      Temps:          5       0       0
  2480 ;;      Totals:         9       2       0
  2481 ;;Total ram usage:       11 bytes
  2482 ;; Hardware stack levels used:    1
  2483 ;; Hardware stack levels required when called:    2
  2484 ;; This function calls:
  2485 ;;		_EEPROM_WriteByte
  2486 ;;		_Trigger_Checksum
  2487 ;; This function is called by:
  2488 ;;		_main
  2489 ;; This function uses a non-reentrant model
  2490 ;;
  2491                           
  2492                           
  2493                           ;psect for function _EEPROM_Save_Last_Trigger
  2494  02BF                     _EEPROM_Save_Last_Trigger:
  2495                           
  2496                           ;incstack = 0
  2497                           ; Regs used in _EEPROM_Save_Last_Trigger: [wreg+status,2+status,0+pclath+cstack]
  2498                           ;EEPROM_Save_Last_Trigger@hour stored from wreg
  2499  02BF  1283               	bcf	3,5	;RP0=0, select bank0
  2500  02C0  00A1               	movwf	EEPROM_Save_Last_Trigger@hour
  2501  02C1                     l2113:
  2502                           
  2503                           ;EAS_ITank_RTC_Interface_40min_Updated.c: 728: static void EEPROM_Save_Last_Trigger(uint
      +                          8_t hour,;EAS_ITank_RTC_Interface_40min_Updated.c: 729:                                 
      +                                uint8_t minute,;EAS_ITank_RTC_Interface_40min_Updated.c: 730:                     
      +                                            uint8_t date,;EAS_ITank_RTC_Interface_40min_Updated.c: 731:           
      +                                                      uint8_t month,;EAS_ITank_RTC_Interface_40min_Updated.c: 732:
      +                                                                 uint8_t year);EAS_ITank_RTC_Interface_40min_Updat
      +                          ed.c: 733: {
  2504  02C1  0875               	movf	EEPROM_Save_Last_Trigger@minute,w
  2505  02C2  00F9               	movwf	??_EEPROM_Save_Last_Trigger
  2506  02C3  0879               	movf	??_EEPROM_Save_Last_Trigger,w
  2507  02C4  00F0               	movwf	Trigger_Checksum@minute
  2508  02C5  0876               	movf	EEPROM_Save_Last_Trigger@date,w
  2509  02C6  00FA               	movwf	??_EEPROM_Save_Last_Trigger+1
  2510  02C7  087A               	movf	??_EEPROM_Save_Last_Trigger+1,w
  2511  02C8  00F1               	movwf	Trigger_Checksum@date
  2512  02C9  0877               	movf	EEPROM_Save_Last_Trigger@month,w
  2513  02CA  00FB               	movwf	??_EEPROM_Save_Last_Trigger+2
  2514  02CB  087B               	movf	??_EEPROM_Save_Last_Trigger+2,w
  2515  02CC  00F2               	movwf	Trigger_Checksum@month
  2516  02CD  0878               	movf	EEPROM_Save_Last_Trigger@year,w
  2517  02CE  00FC               	movwf	??_EEPROM_Save_Last_Trigger+3
  2518  02CF  087C               	movf	??_EEPROM_Save_Last_Trigger+3,w
  2519  02D0  00F3               	movwf	Trigger_Checksum@year
  2520  02D1  0821               	movf	EEPROM_Save_Last_Trigger@hour,w
  2521  02D2  2581               	fcall	_Trigger_Checksum
  2522  02D3  00FD               	movwf	??_EEPROM_Save_Last_Trigger+4
  2523  02D4  087D               	movf	??_EEPROM_Save_Last_Trigger+4,w
  2524  02D5  1283               	bcf	3,5	;RP0=0, select bank0
  2525  02D6  00A0               	movwf	EEPROM_Save_Last_Trigger@checksum
  2526                           
  2527                           ;EAS_ITank_RTC_Interface_40min_Updated.c: 740:     EEPROM_WriteByte(0, 0x00);
  2528  02D7  01F1               	clrf	EEPROM_WriteByte@value
  2529  02D8  3000               	movlw	0
  2530  02D9  242F               	fcall	_EEPROM_WriteByte
  2531                           
  2532                           ;EAS_ITank_RTC_Interface_40min_Updated.c: 742:     EEPROM_WriteByte(1, hour);
  2533  02DA  1283               	bcf	3,5	;RP0=0, select bank0
  2534  02DB  0821               	movf	EEPROM_Save_Last_Trigger@hour,w
  2535  02DC  00F9               	movwf	??_EEPROM_Save_Last_Trigger
  2536  02DD  0879               	movf	??_EEPROM_Save_Last_Trigger,w
  2537  02DE  00F1               	movwf	EEPROM_WriteByte@value
  2538  02DF  3001               	movlw	1
  2539  02E0  242F               	fcall	_EEPROM_WriteByte
  2540                           
  2541                           ;EAS_ITank_RTC_Interface_40min_Updated.c: 743:     EEPROM_WriteByte(2, minute);
  2542  02E1  0875               	movf	EEPROM_Save_Last_Trigger@minute,w
  2543  02E2  00F9               	movwf	??_EEPROM_Save_Last_Trigger
  2544  02E3  0879               	movf	??_EEPROM_Save_Last_Trigger,w
  2545  02E4  00F1               	movwf	EEPROM_WriteByte@value
  2546  02E5  3002               	movlw	2
  2547  02E6  242F               	fcall	_EEPROM_WriteByte
  2548                           
  2549                           ;EAS_ITank_RTC_Interface_40min_Updated.c: 744:     EEPROM_WriteByte(3, date);
  2550  02E7  0876               	movf	EEPROM_Save_Last_Trigger@date,w
  2551  02E8  00F9               	movwf	??_EEPROM_Save_Last_Trigger
  2552  02E9  0879               	movf	??_EEPROM_Save_Last_Trigger,w
  2553  02EA  00F1               	movwf	EEPROM_WriteByte@value
  2554  02EB  3003               	movlw	3
  2555  02EC  242F               	fcall	_EEPROM_WriteByte
  2556                           
  2557                           ;EAS_ITank_RTC_Interface_40min_Updated.c: 745:     EEPROM_WriteByte(4, month);
  2558  02ED  0877               	movf	EEPROM_Save_Last_Trigger@month,w
  2559  02EE  00F9               	movwf	??_EEPROM_Save_Last_Trigger
  2560  02EF  0879               	movf	??_EEPROM_Save_Last_Trigger,w
  2561  02F0  00F1               	movwf	EEPROM_WriteByte@value
  2562  02F1  3004               	movlw	4
  2563  02F2  242F               	fcall	_EEPROM_WriteByte
  2564                           
  2565                           ;EAS_ITank_RTC_Interface_40min_Updated.c: 746:     EEPROM_WriteByte(5, year);
  2566  02F3  0878               	movf	EEPROM_Save_Last_Trigger@year,w
  2567  02F4  00F9               	movwf	??_EEPROM_Save_Last_Trigger
  2568  02F5  0879               	movf	??_EEPROM_Save_Last_Trigger,w
  2569  02F6  00F1               	movwf	EEPROM_WriteByte@value
  2570  02F7  3005               	movlw	5
  2571  02F8  242F               	fcall	_EEPROM_WriteByte
  2572                           
  2573                           ;EAS_ITank_RTC_Interface_40min_Updated.c: 747:     EEPROM_WriteByte(6, checksum);
  2574  02F9  1283               	bcf	3,5	;RP0=0, select bank0
  2575  02FA  0820               	movf	EEPROM_Save_Last_Trigger@checksum,w
  2576  02FB  00F9               	movwf	??_EEPROM_Save_Last_Trigger
  2577  02FC  0879               	movf	??_EEPROM_Save_Last_Trigger,w
  2578  02FD  00F1               	movwf	EEPROM_WriteByte@value
  2579  02FE  3006               	movlw	6
  2580  02FF  242F               	fcall	_EEPROM_WriteByte
  2581                           
  2582                           ;EAS_ITank_RTC_Interface_40min_Updated.c: 750:     EEPROM_WriteByte(0, 0xA5);
  2583  0300  30A5               	movlw	165
  2584  0301  00F9               	movwf	??_EEPROM_Save_Last_Trigger
  2585  0302  0879               	movf	??_EEPROM_Save_Last_Trigger,w
  2586  0303  00F1               	movwf	EEPROM_WriteByte@value
  2587  0304  3000               	movlw	0
  2588  0305  242F               	fcall	_EEPROM_WriteByte
  2589  0306                     l183:
  2590  0306  0008               	return
  2591  0307                     __end_of_EEPROM_Save_Last_Trigger:
  2592                           
  2593                           	psect	text17
  2594  042F                     __ptext17:	
  2595 ;; *************** function _EEPROM_WriteByte *****************
  2596 ;; Defined at:
  2597 ;;		line 616 in file "EAS_ITank_RTC_Interface_40min_Updated.c"
  2598 ;; Parameters:    Size  Location     Type
  2599 ;;  address         1    wreg     unsigned char 
  2600 ;;  value           1    1[COMMON] unsigned char 
  2601 ;; Auto vars:     Size  Location     Type
  2602 ;;  address         1    3[COMMON] unsigned char 
  2603 ;;  gie_was_enab    1    2[COMMON] _Bool 
  2604 ;; Return value:  Size  Location     Type
  2605 ;;                  1    wreg      void 
  2606 ;; Registers used:
  2607 ;;		wreg, status,2, status,0, pclath, cstack
  2608 ;; Tracked objects:
  2609 ;;		On entry : 0/0
  2610 ;;		On exit  : 0/0
  2611 ;;		Unchanged: 0/0
  2612 ;; Data sizes:     COMMON   BANK0   BANK1
  2613 ;;      Params:         1       0       0
  2614 ;;      Locals:         2       0       0
  2615 ;;      Temps:          0       0       0
  2616 ;;      Totals:         3       0       0
  2617 ;;Total ram usage:        3 bytes
  2618 ;; Hardware stack levels used:    1
  2619 ;; Hardware stack levels required when called:    1
  2620 ;; This function calls:
  2621 ;;		_EEPROM_ReadByte
  2622 ;; This function is called by:
  2623 ;;		_EEPROM_Save_Last_Trigger
  2624 ;; This function uses a non-reentrant model
  2625 ;;
  2626                           
  2627                           
  2628                           ;psect for function _EEPROM_WriteByte
  2629  042F                     _EEPROM_WriteByte:
  2630                           
  2631                           ;incstack = 0
  2632                           ; Regs used in _EEPROM_WriteByte: [wreg+status,2+status,0+pclath+cstack]
  2633                           ;EEPROM_WriteByte@address stored from wreg
  2634  042F  00F3               	movwf	EEPROM_WriteByte@address
  2635  0430                     l1835:
  2636                           
  2637                           ;EAS_ITank_RTC_Interface_40min_Updated.c: 616: static void EEPROM_WriteByte(uint8_t addr
      +                          ess, uint8_t value);EAS_ITank_RTC_Interface_40min_Updated.c: 617: {;EAS_ITank_RTC_Interf
      +                          ace_40min_Updated.c: 618:     _Bool gie_was_enabled;;EAS_ITank_RTC_Interface_40min_Updat
      +                          ed.c: 620:     if (EEPROM_ReadByte(address) == value)
  2638  0430  0873               	movf	EEPROM_WriteByte@address,w
  2639  0431  2565               	fcall	_EEPROM_ReadByte
  2640  0432  0671               	xorwf	EEPROM_WriteByte@value,w
  2641  0433  1D03               	skipz
  2642  0434  2C36               	goto	u1181
  2643  0435  2C37               	goto	u1180
  2644  0436                     u1181:
  2645  0436  2C38               	goto	l157
  2646  0437                     u1180:
  2647  0437  2C57               	goto	l156
  2648  0438                     l157:	
  2649                           ;EAS_ITank_RTC_Interface_40min_Updated.c: 626:     {;EAS_ITank_RTC_Interface_40min_Updat
      +                          ed.c: 628:     }
  2650                           
  2651                           
  2652                           ;EAS_ITank_RTC_Interface_40min_Updated.c: 625:     while (EECON1bits.WR != 0)
  2653  0438  1683               	bsf	3,5	;RP0=1, select bank1
  2654  0439  189C               	btfsc	28,1	;volsfr
  2655  043A  2C3C               	goto	u1191
  2656  043B  2C3D               	goto	u1190
  2657  043C                     u1191:
  2658  043C  2C38               	goto	l157
  2659  043D                     u1190:
  2660  043D                     l1839:
  2661                           
  2662                           ;EAS_ITank_RTC_Interface_40min_Updated.c: 630:     EEADR = address;
  2663  043D  0873               	movf	EEPROM_WriteByte@address,w
  2664  043E  009B               	movwf	27	;volatile
  2665                           
  2666                           ;EAS_ITank_RTC_Interface_40min_Updated.c: 631:     EEDAT = value;
  2667  043F  0871               	movf	EEPROM_WriteByte@value,w
  2668  0440  009A               	movwf	26	;volatile
  2669  0441                     l1841:
  2670                           
  2671                           ;EAS_ITank_RTC_Interface_40min_Updated.c: 633:     EECON1bits.WREN = 1;
  2672  0441  151C               	bsf	28,2	;volsfr
  2673  0442                     l1843:
  2674                           
  2675                           ;EAS_ITank_RTC_Interface_40min_Updated.c: 635:     gie_was_enabled = (INTCONbits.GIE != 
      +                          0);
  2676  0442  3000               	movlw	0
  2677  0443  1B8B               	btfsc	11,7	;volatile
  2678  0444  3001               	movlw	1
  2679  0445  00F2               	movwf	EEPROM_WriteByte@gie_was_enabled
  2680  0446                     l1845:
  2681                           
  2682                           ;EAS_ITank_RTC_Interface_40min_Updated.c: 636:     INTCONbits.GIE = 0;
  2683  0446  138B               	bcf	11,7	;volatile
  2684  0447                     l1847:
  2685                           
  2686                           ;EAS_ITank_RTC_Interface_40min_Updated.c: 638:     EECON2 = 0x55;
  2687  0447  3055               	movlw	85
  2688  0448  009D               	movwf	29	;volsfr
  2689  0449                     l1849:
  2690                           
  2691                           ;EAS_ITank_RTC_Interface_40min_Updated.c: 639:     EECON2 = 0xAA;
  2692  0449  30AA               	movlw	170
  2693  044A  009D               	movwf	29	;volsfr
  2694  044B                     l1851:
  2695                           
  2696                           ;EAS_ITank_RTC_Interface_40min_Updated.c: 640:     EECON1bits.WR = 1;
  2697  044B  149C               	bsf	28,1	;volsfr
  2698  044C                     l160:	
  2699                           ;EAS_ITank_RTC_Interface_40min_Updated.c: 643:     {;EAS_ITank_RTC_Interface_40min_Updat
      +                          ed.c: 645:     }
  2700                           
  2701                           
  2702                           ;EAS_ITank_RTC_Interface_40min_Updated.c: 642:     while (EECON1bits.WR != 0)
  2703  044C  189C               	btfsc	28,1	;volsfr
  2704  044D  2C4F               	goto	u1201
  2705  044E  2C50               	goto	u1200
  2706  044F                     u1201:
  2707  044F  2C4C               	goto	l160
  2708  0450                     u1200:
  2709  0450                     l162:
  2710                           
  2711                           ;EAS_ITank_RTC_Interface_40min_Updated.c: 647:     EECON1bits.WREN = 0;
  2712  0450  111C               	bcf	28,2	;volsfr
  2713  0451                     l1853:
  2714                           
  2715                           ;EAS_ITank_RTC_Interface_40min_Updated.c: 649:     if (gie_was_enabled)
  2716  0451  0872               	movf	EEPROM_WriteByte@gie_was_enabled,w
  2717  0452  1903               	btfsc	3,2
  2718  0453  2C55               	goto	u1211
  2719  0454  2C56               	goto	u1210
  2720  0455                     u1211:
  2721  0455  2C57               	goto	l156
  2722  0456                     u1210:
  2723  0456                     l1855:
  2724                           
  2725                           ;EAS_ITank_RTC_Interface_40min_Updated.c: 650:     {;EAS_ITank_RTC_Interface_40min_Updat
      +                          ed.c: 651:         INTCONbits.GIE = 1;
  2726  0456  178B               	bsf	11,7	;volatile
  2727  0457                     l156:
  2728  0457  0008               	return
  2729  0458                     __end_of_EEPROM_WriteByte:
  2730                           
  2731                           	psect	text18
  2732  016F                     __ptext18:	
  2733 ;; *************** function _EEPROM_Load_Last_Trigger *****************
  2734 ;; Defined at:
  2735 ;;		line 664 in file "EAS_ITank_RTC_Interface_40min_Updated.c"
  2736 ;; Parameters:    Size  Location     Type
  2737 ;;  last_hour       1    wreg     PTR unsigned char 
  2738 ;;		 -> main@last_trigger_hour(1), 
  2739 ;;  last_minute     1    5[COMMON] PTR unsigned char 
  2740 ;;		 -> main@last_trigger_minute(1), 
  2741 ;;  last_date       1    6[COMMON] PTR unsigned char 
  2742 ;;		 -> main@last_trigger_date(1), 
  2743 ;;  last_month      1    7[COMMON] PTR unsigned char 
  2744 ;;		 -> main@last_trigger_month(1), 
  2745 ;;  last_year       1    8[COMMON] PTR unsigned char 
  2746 ;;		 -> main@last_trigger_year(1), 
  2747 ;; Auto vars:     Size  Location     Type
  2748 ;;  last_hour       1    1[BANK0 ] PTR unsigned char 
  2749 ;;		 -> main@last_trigger_hour(1), 
  2750 ;;  month           1    6[BANK0 ] unsigned char 
  2751 ;;  date            1    5[BANK0 ] unsigned char 
  2752 ;;  year            1    4[BANK0 ] unsigned char 
  2753 ;;  minute          1    3[BANK0 ] unsigned char 
  2754 ;;  hour            1    2[BANK0 ] unsigned char 
  2755 ;;  checksum        1    0[BANK0 ] unsigned char 
  2756 ;; Return value:  Size  Location     Type
  2757 ;;                  1    wreg      _Bool 
  2758 ;; Registers used:
  2759 ;;		wreg, fsr0l, fsr0h, status,2, status,0, pclath, cstack
  2760 ;; Tracked objects:
  2761 ;;		On entry : 0/0
  2762 ;;		On exit  : 0/0
  2763 ;;		Unchanged: 0/0
  2764 ;; Data sizes:     COMMON   BANK0   BANK1
  2765 ;;      Params:         4       0       0
  2766 ;;      Locals:         0       7       0
  2767 ;;      Temps:          4       0       0
  2768 ;;      Totals:         8       7       0
  2769 ;;Total ram usage:       15 bytes
  2770 ;; Hardware stack levels used:    1
  2771 ;; Hardware stack levels required when called:    1
  2772 ;; This function calls:
  2773 ;;		_EEPROM_ReadByte
  2774 ;;		_Trigger_Checksum
  2775 ;; This function is called by:
  2776 ;;		_main
  2777 ;; This function uses a non-reentrant model
  2778 ;;
  2779                           
  2780                           
  2781                           ;psect for function _EEPROM_Load_Last_Trigger
  2782  016F                     _EEPROM_Load_Last_Trigger:
  2783                           
  2784                           ;incstack = 0
  2785                           ; Regs used in _EEPROM_Load_Last_Trigger: [wreg-fsr0h+status,2+status,0+pclath+cstack]
  2786                           ;EEPROM_Load_Last_Trigger@last_hour stored from wreg
  2787  016F  1283               	bcf	3,5	;RP0=0, select bank0
  2788  0170  00A1               	movwf	EEPROM_Load_Last_Trigger@last_hour
  2789  0171                     l2079:
  2790                           
  2791                           ;EAS_ITank_RTC_Interface_40min_Updated.c: 664: static _Bool EEPROM_Load_Last_Trigger(uin
      +                          t8_t *last_hour,;EAS_ITank_RTC_Interface_40min_Updated.c: 665:                          
      +                                       uint8_t *last_minute,;EAS_ITank_RTC_Interface_40min_Updated.c: 666:        
      +                                                         uint8_t *last_date,;EAS_ITank_RTC_Interface_40min_Updated
      +                          .c: 667:                                       uint8_t *last_month,;EAS_ITank_RTC_Interf
      +                          ace_40min_Updated.c: 668:                                       uint8_t *last_year)
  2792  0171  3000               	movlw	0
  2793  0172  2565               	fcall	_EEPROM_ReadByte
  2794  0173  3AA5               	xorlw	165
  2795  0174  1903               	skipnz
  2796  0175  2977               	goto	u1621
  2797  0176  2978               	goto	u1620
  2798  0177                     u1621:
  2799  0177  2979               	goto	l2083
  2800  0178                     u1620:
  2801  0178  2A02               	goto	l170
  2802  0179                     l2083:
  2803                           
  2804                           ;EAS_ITank_RTC_Interface_40min_Updated.c: 682:     hour = EEPROM_ReadByte(1);
  2805  0179  3001               	movlw	1
  2806  017A  2565               	fcall	_EEPROM_ReadByte
  2807  017B  00F9               	movwf	??_EEPROM_Load_Last_Trigger
  2808  017C  0879               	movf	??_EEPROM_Load_Last_Trigger,w
  2809  017D  1283               	bcf	3,5	;RP0=0, select bank0
  2810  017E  00A2               	movwf	EEPROM_Load_Last_Trigger@hour
  2811                           
  2812                           ;EAS_ITank_RTC_Interface_40min_Updated.c: 683:     minute = EEPROM_ReadByte(2);
  2813  017F  3002               	movlw	2
  2814  0180  2565               	fcall	_EEPROM_ReadByte
  2815  0181  00F9               	movwf	??_EEPROM_Load_Last_Trigger
  2816  0182  0879               	movf	??_EEPROM_Load_Last_Trigger,w
  2817  0183  1283               	bcf	3,5	;RP0=0, select bank0
  2818  0184  00A3               	movwf	EEPROM_Load_Last_Trigger@minute
  2819                           
  2820                           ;EAS_ITank_RTC_Interface_40min_Updated.c: 684:     date = EEPROM_ReadByte(3);
  2821  0185  3003               	movlw	3
  2822  0186  2565               	fcall	_EEPROM_ReadByte
  2823  0187  00F9               	movwf	??_EEPROM_Load_Last_Trigger
  2824  0188  0879               	movf	??_EEPROM_Load_Last_Trigger,w
  2825  0189  1283               	bcf	3,5	;RP0=0, select bank0
  2826  018A  00A5               	movwf	EEPROM_Load_Last_Trigger@date
  2827                           
  2828                           ;EAS_ITank_RTC_Interface_40min_Updated.c: 685:     month = EEPROM_ReadByte(4);
  2829  018B  3004               	movlw	4
  2830  018C  2565               	fcall	_EEPROM_ReadByte
  2831  018D  00F9               	movwf	??_EEPROM_Load_Last_Trigger
  2832  018E  0879               	movf	??_EEPROM_Load_Last_Trigger,w
  2833  018F  1283               	bcf	3,5	;RP0=0, select bank0
  2834  0190  00A6               	movwf	EEPROM_Load_Last_Trigger@month
  2835                           
  2836                           ;EAS_ITank_RTC_Interface_40min_Updated.c: 686:     year = EEPROM_ReadByte(5);
  2837  0191  3005               	movlw	5
  2838  0192  2565               	fcall	_EEPROM_ReadByte
  2839  0193  00F9               	movwf	??_EEPROM_Load_Last_Trigger
  2840  0194  0879               	movf	??_EEPROM_Load_Last_Trigger,w
  2841  0195  1283               	bcf	3,5	;RP0=0, select bank0
  2842  0196  00A4               	movwf	EEPROM_Load_Last_Trigger@year
  2843                           
  2844                           ;EAS_ITank_RTC_Interface_40min_Updated.c: 687:     checksum = EEPROM_ReadByte(6);
  2845  0197  3006               	movlw	6
  2846  0198  2565               	fcall	_EEPROM_ReadByte
  2847  0199  00F9               	movwf	??_EEPROM_Load_Last_Trigger
  2848  019A  0879               	movf	??_EEPROM_Load_Last_Trigger,w
  2849  019B  1283               	bcf	3,5	;RP0=0, select bank0
  2850  019C  00A0               	movwf	EEPROM_Load_Last_Trigger@checksum
  2851  019D                     l2085:
  2852                           
  2853                           ;EAS_ITank_RTC_Interface_40min_Updated.c: 689:     if (checksum != Trigger_Checksum(hour
      +                          , minute, date, month, year))
  2854  019D  0823               	movf	EEPROM_Load_Last_Trigger@minute,w
  2855  019E  00F9               	movwf	??_EEPROM_Load_Last_Trigger
  2856  019F  0879               	movf	??_EEPROM_Load_Last_Trigger,w
  2857  01A0  00F0               	movwf	Trigger_Checksum@minute
  2858  01A1  0825               	movf	EEPROM_Load_Last_Trigger@date,w
  2859  01A2  00FA               	movwf	??_EEPROM_Load_Last_Trigger+1
  2860  01A3  087A               	movf	??_EEPROM_Load_Last_Trigger+1,w
  2861  01A4  00F1               	movwf	Trigger_Checksum@date
  2862  01A5  0826               	movf	EEPROM_Load_Last_Trigger@month,w
  2863  01A6  00FB               	movwf	??_EEPROM_Load_Last_Trigger+2
  2864  01A7  087B               	movf	??_EEPROM_Load_Last_Trigger+2,w
  2865  01A8  00F2               	movwf	Trigger_Checksum@month
  2866  01A9  0824               	movf	EEPROM_Load_Last_Trigger@year,w
  2867  01AA  00FC               	movwf	??_EEPROM_Load_Last_Trigger+3
  2868  01AB  087C               	movf	??_EEPROM_Load_Last_Trigger+3,w
  2869  01AC  00F3               	movwf	Trigger_Checksum@year
  2870  01AD  0822               	movf	EEPROM_Load_Last_Trigger@hour,w
  2871  01AE  2581               	fcall	_Trigger_Checksum
  2872  01AF  1283               	bcf	3,5	;RP0=0, select bank0
  2873  01B0  0620               	xorwf	EEPROM_Load_Last_Trigger@checksum,w
  2874  01B1  1903               	skipnz
  2875  01B2  29B4               	goto	u1631
  2876  01B3  29B5               	goto	u1630
  2877  01B4                     u1631:
  2878  01B4  29B6               	goto	l2089
  2879  01B5                     u1630:
  2880  01B5  2A02               	goto	l170
  2881  01B6                     l2089:
  2882                           
  2883                           ;EAS_ITank_RTC_Interface_40min_Updated.c: 694:     if (hour > 23)
  2884  01B6  3018               	movlw	24
  2885  01B7  0222               	subwf	EEPROM_Load_Last_Trigger@hour,w
  2886  01B8  1C03               	skipc
  2887  01B9  29BB               	goto	u1641
  2888  01BA  29BC               	goto	u1640
  2889  01BB                     u1641:
  2890  01BB  29BD               	goto	l2093
  2891  01BC                     u1640:
  2892  01BC  2A02               	goto	l170
  2893  01BD                     l2093:
  2894                           
  2895                           ;EAS_ITank_RTC_Interface_40min_Updated.c: 699:     if (minute > 59)
  2896  01BD  303C               	movlw	60
  2897  01BE  0223               	subwf	EEPROM_Load_Last_Trigger@minute,w
  2898  01BF  1C03               	skipc
  2899  01C0  29C2               	goto	u1651
  2900  01C1  29C3               	goto	u1650
  2901  01C2                     u1651:
  2902  01C2  29C4               	goto	l2097
  2903  01C3                     u1650:
  2904  01C3  2A02               	goto	l170
  2905  01C4                     l2097:
  2906                           
  2907                           ;EAS_ITank_RTC_Interface_40min_Updated.c: 704:     if ((date < 1) || (date > 31))
  2908  01C4  0825               	movf	EEPROM_Load_Last_Trigger@date,w
  2909  01C5  1903               	btfsc	3,2
  2910  01C6  29C8               	goto	u1661
  2911  01C7  29C9               	goto	u1660
  2912  01C8                     u1661:
  2913  01C8  2A02               	goto	l170
  2914  01C9                     u1660:
  2915  01C9                     l2099:
  2916  01C9  3020               	movlw	32
  2917  01CA  0225               	subwf	EEPROM_Load_Last_Trigger@date,w
  2918  01CB  1C03               	skipc
  2919  01CC  29CE               	goto	u1671
  2920  01CD  29CF               	goto	u1670
  2921  01CE                     u1671:
  2922  01CE  29D0               	goto	l2101
  2923  01CF                     u1670:
  2924  01CF  2A02               	goto	l170
  2925  01D0                     l2101:
  2926                           
  2927                           ;EAS_ITank_RTC_Interface_40min_Updated.c: 709:     if ((month < 1) || (month > 12))
  2928  01D0  0826               	movf	EEPROM_Load_Last_Trigger@month,w
  2929  01D1  1903               	btfsc	3,2
  2930  01D2  29D4               	goto	u1681
  2931  01D3  29D5               	goto	u1680
  2932  01D4                     u1681:
  2933  01D4  2A02               	goto	l170
  2934  01D5                     u1680:
  2935  01D5                     l2103:
  2936  01D5  300D               	movlw	13
  2937  01D6  0226               	subwf	EEPROM_Load_Last_Trigger@month,w
  2938  01D7  1C03               	skipc
  2939  01D8  29DA               	goto	u1691
  2940  01D9  29DB               	goto	u1690
  2941  01DA                     u1691:
  2942  01DA  29DC               	goto	l2105
  2943  01DB                     u1690:
  2944  01DB  2A02               	goto	l170
  2945  01DC                     l2105:
  2946                           
  2947                           ;EAS_ITank_RTC_Interface_40min_Updated.c: 714:     if (year > 99)
  2948  01DC  3064               	movlw	100
  2949  01DD  0224               	subwf	EEPROM_Load_Last_Trigger@year,w
  2950  01DE  1C03               	skipc
  2951  01DF  29E1               	goto	u1701
  2952  01E0  29E2               	goto	u1700
  2953  01E1                     u1701:
  2954  01E1  29E3               	goto	l2109
  2955  01E2                     u1700:
  2956  01E2  2A02               	goto	l170
  2957  01E3                     l2109:
  2958                           
  2959                           ;EAS_ITank_RTC_Interface_40min_Updated.c: 719:     *last_hour = hour;
  2960  01E3  0822               	movf	EEPROM_Load_Last_Trigger@hour,w
  2961  01E4  00F9               	movwf	??_EEPROM_Load_Last_Trigger
  2962  01E5  0821               	movf	EEPROM_Load_Last_Trigger@last_hour,w
  2963  01E6  0084               	movwf	4
  2964  01E7  0879               	movf	??_EEPROM_Load_Last_Trigger,w
  2965  01E8  1383               	bcf	3,7	;select IRP bank0
  2966  01E9  0080               	movwf	0
  2967                           
  2968                           ;EAS_ITank_RTC_Interface_40min_Updated.c: 720:     *last_minute = minute;
  2969  01EA  0823               	movf	EEPROM_Load_Last_Trigger@minute,w
  2970  01EB  00F9               	movwf	??_EEPROM_Load_Last_Trigger
  2971  01EC  0875               	movf	EEPROM_Load_Last_Trigger@last_minute,w
  2972  01ED  0084               	movwf	4
  2973  01EE  0879               	movf	??_EEPROM_Load_Last_Trigger,w
  2974  01EF  0080               	movwf	0
  2975                           
  2976                           ;EAS_ITank_RTC_Interface_40min_Updated.c: 721:     *last_date = date;
  2977  01F0  0825               	movf	EEPROM_Load_Last_Trigger@date,w
  2978  01F1  00F9               	movwf	??_EEPROM_Load_Last_Trigger
  2979  01F2  0876               	movf	EEPROM_Load_Last_Trigger@last_date,w
  2980  01F3  0084               	movwf	4
  2981  01F4  0879               	movf	??_EEPROM_Load_Last_Trigger,w
  2982  01F5  0080               	movwf	0
  2983                           
  2984                           ;EAS_ITank_RTC_Interface_40min_Updated.c: 722:     *last_month = month;
  2985  01F6  0826               	movf	EEPROM_Load_Last_Trigger@month,w
  2986  01F7  00F9               	movwf	??_EEPROM_Load_Last_Trigger
  2987  01F8  0877               	movf	EEPROM_Load_Last_Trigger@last_month,w
  2988  01F9  0084               	movwf	4
  2989  01FA  0879               	movf	??_EEPROM_Load_Last_Trigger,w
  2990  01FB  0080               	movwf	0
  2991                           
  2992                           ;EAS_ITank_RTC_Interface_40min_Updated.c: 723:     *last_year = year;
  2993  01FC  0824               	movf	EEPROM_Load_Last_Trigger@year,w
  2994  01FD  00F9               	movwf	??_EEPROM_Load_Last_Trigger
  2995  01FE  0878               	movf	EEPROM_Load_Last_Trigger@last_year,w
  2996  01FF  0084               	movwf	4
  2997  0200  0879               	movf	??_EEPROM_Load_Last_Trigger,w
  2998  0201  0080               	movwf	0
  2999  0202                     l170:
  3000  0202  0008               	return
  3001  0203                     __end_of_EEPROM_Load_Last_Trigger:
  3002                           
  3003                           	psect	text19
  3004  0581                     __ptext19:	
  3005 ;; *************** function _Trigger_Checksum *****************
  3006 ;; Defined at:
  3007 ;;		line 655 in file "EAS_ITank_RTC_Interface_40min_Updated.c"
  3008 ;; Parameters:    Size  Location     Type
  3009 ;;  hour            1    wreg     unsigned char 
  3010 ;;  minute          1    0[COMMON] unsigned char 
  3011 ;;  date            1    1[COMMON] unsigned char 
  3012 ;;  month           1    2[COMMON] unsigned char 
  3013 ;;  year            1    3[COMMON] unsigned char 
  3014 ;; Auto vars:     Size  Location     Type
  3015 ;;  hour            1    4[COMMON] unsigned char 
  3016 ;; Return value:  Size  Location     Type
  3017 ;;                  1    wreg      unsigned char 
  3018 ;; Registers used:
  3019 ;;		wreg, status,2, status,0
  3020 ;; Tracked objects:
  3021 ;;		On entry : 0/0
  3022 ;;		On exit  : 0/0
  3023 ;;		Unchanged: 0/0
  3024 ;; Data sizes:     COMMON   BANK0   BANK1
  3025 ;;      Params:         4       0       0
  3026 ;;      Locals:         1       0       0
  3027 ;;      Temps:          0       0       0
  3028 ;;      Totals:         5       0       0
  3029 ;;Total ram usage:        5 bytes
  3030 ;; Hardware stack levels used:    1
  3031 ;; This function calls:
  3032 ;;		Nothing
  3033 ;; This function is called by:
  3034 ;;		_EEPROM_Load_Last_Trigger
  3035 ;;		_EEPROM_Save_Last_Trigger
  3036 ;; This function uses a non-reentrant model
  3037 ;;
  3038                           
  3039                           
  3040                           ;psect for function _Trigger_Checksum
  3041  0581                     _Trigger_Checksum:
  3042                           
  3043                           ;incstack = 0
  3044                           ; Regs used in _Trigger_Checksum: [wreg+status,2+status,0]
  3045                           ;Trigger_Checksum@hour stored from wreg
  3046  0581  00F4               	movwf	Trigger_Checksum@hour
  3047  0582                     l1857:
  3048                           
  3049                           ;EAS_ITank_RTC_Interface_40min_Updated.c: 655: static uint8_t Trigger_Checksum(uint8_t h
      +                          our,;EAS_ITank_RTC_Interface_40min_Updated.c: 656:                                 uint8
      +                          _t minute,;EAS_ITank_RTC_Interface_40min_Updated.c: 657:                                
      +                           uint8_t date,;EAS_ITank_RTC_Interface_40min_Updated.c: 658:                            
      +                               uint8_t month,;EAS_ITank_RTC_Interface_40min_Updated.c: 659:                       
      +                                    uint8_t year);EAS_ITank_RTC_Interface_40min_Updated.c: 660: {;EAS_ITank_RTC_In
      +                          terface_40min_Updated.c: 661:     return (uint8_t)(hour ^ minute ^ date ^ month ^ year ^
      +                           0x5A);
  3050  0582  0874               	movf	Trigger_Checksum@hour,w
  3051  0583  0670               	xorwf	Trigger_Checksum@minute,w
  3052  0584  0671               	xorwf	Trigger_Checksum@date,w
  3053  0585  0672               	xorwf	Trigger_Checksum@month,w
  3054  0586  0673               	xorwf	Trigger_Checksum@year,w
  3055  0587  3A5A               	xorlw	90
  3056  0588                     l166:
  3057  0588  0008               	return
  3058  0589                     __end_of_Trigger_Checksum:
  3059                           
  3060                           	psect	text20
  3061  0565                     __ptext20:	
  3062 ;; *************** function _EEPROM_ReadByte *****************
  3063 ;; Defined at:
  3064 ;;		line 603 in file "EAS_ITank_RTC_Interface_40min_Updated.c"
  3065 ;; Parameters:    Size  Location     Type
  3066 ;;  address         1    wreg     unsigned char 
  3067 ;; Auto vars:     Size  Location     Type
  3068 ;;  address         1    0[COMMON] unsigned char 
  3069 ;; Return value:  Size  Location     Type
  3070 ;;                  1    wreg      unsigned char 
  3071 ;; Registers used:
  3072 ;;		wreg
  3073 ;; Tracked objects:
  3074 ;;		On entry : 0/0
  3075 ;;		On exit  : 0/0
  3076 ;;		Unchanged: 0/0
  3077 ;; Data sizes:     COMMON   BANK0   BANK1
  3078 ;;      Params:         0       0       0
  3079 ;;      Locals:         1       0       0
  3080 ;;      Temps:          0       0       0
  3081 ;;      Totals:         1       0       0
  3082 ;;Total ram usage:        1 bytes
  3083 ;; Hardware stack levels used:    1
  3084 ;; This function calls:
  3085 ;;		Nothing
  3086 ;; This function is called by:
  3087 ;;		_EEPROM_WriteByte
  3088 ;;		_EEPROM_Load_Last_Trigger
  3089 ;; This function uses a non-reentrant model
  3090 ;;
  3091                           
  3092                           
  3093                           ;psect for function _EEPROM_ReadByte
  3094  0565                     _EEPROM_ReadByte:
  3095                           
  3096                           ;incstack = 0
  3097                           ; Regs used in _EEPROM_ReadByte: [wreg]
  3098                           ;EEPROM_ReadByte@address stored from wreg
  3099  0565  00F0               	movwf	EEPROM_ReadByte@address
  3100  0566                     l1733:
  3101  0566                     l149:	
  3102                           ;EAS_ITank_RTC_Interface_40min_Updated.c: 606:     {;EAS_ITank_RTC_Interface_40min_Updat
      +                          ed.c: 608:     }
  3103                           
  3104                           
  3105                           ;EAS_ITank_RTC_Interface_40min_Updated.c: 605:     while (EECON1bits.WR != 0)
  3106  0566  1683               	bsf	3,5	;RP0=1, select bank1
  3107  0567  189C               	btfsc	28,1	;volsfr
  3108  0568  2D6A               	goto	u1071
  3109  0569  2D6B               	goto	u1070
  3110  056A                     u1071:
  3111  056A  2D66               	goto	l149
  3112  056B                     u1070:
  3113  056B                     l1735:
  3114                           
  3115                           ;EAS_ITank_RTC_Interface_40min_Updated.c: 610:     EEADR = address;
  3116  056B  0870               	movf	EEPROM_ReadByte@address,w
  3117  056C  009B               	movwf	27	;volatile
  3118  056D                     l1737:
  3119                           
  3120                           ;EAS_ITank_RTC_Interface_40min_Updated.c: 611:     EECON1bits.RD = 1;
  3121  056D  141C               	bsf	28,0	;volsfr
  3122                           
  3123                           ;EAS_ITank_RTC_Interface_40min_Updated.c: 613:     return EEDAT;
  3124  056E  081A               	movf	26,w	;volatile
  3125  056F                     l152:
  3126  056F  0008               	return
  3127  0570                     __end_of_EEPROM_ReadByte:
  3128                           
  3129                           	psect	text21
  3130  04C7                     __ptext21:	
  3131 ;; *************** function _DS3231_ReadTime_With_Retry *****************
  3132 ;; Defined at:
  3133 ;;		line 879 in file "EAS_ITank_RTC_Interface_40min_Updated.c"
  3134 ;; Parameters:    Size  Location     Type
  3135 ;;  time            1    wreg     PTR struct .
  3136 ;;		 -> main@now(7), 
  3137 ;; Auto vars:     Size  Location     Type
  3138 ;;  time            1   12[COMMON] PTR struct .
  3139 ;;		 -> main@now(7), 
  3140 ;;  attempt         1   11[COMMON] unsigned char 
  3141 ;; Return value:  Size  Location     Type
  3142 ;;                  1    wreg      _Bool 
  3143 ;; Registers used:
  3144 ;;		wreg, fsr0l, fsr0h, status,2, status,0, pclath, cstack
  3145 ;; Tracked objects:
  3146 ;;		On entry : 0/0
  3147 ;;		On exit  : 0/0
  3148 ;;		Unchanged: 0/0
  3149 ;; Data sizes:     COMMON   BANK0   BANK1
  3150 ;;      Params:         0       0       0
  3151 ;;      Locals:         2       0       0
  3152 ;;      Temps:          1       0       0
  3153 ;;      Totals:         3       0       0
  3154 ;;Total ram usage:        3 bytes
  3155 ;; Hardware stack levels used:    1
  3156 ;; Hardware stack levels required when called:    3
  3157 ;; This function calls:
  3158 ;;		_DS3231_ReadTime
  3159 ;;		_Delay_Approx_250ms
  3160 ;;		_I2C_Init
  3161 ;;		_RTC_Time_Is_Valid
  3162 ;;		_Relay_Off
  3163 ;; This function is called by:
  3164 ;;		_main
  3165 ;; This function uses a non-reentrant model
  3166 ;;
  3167                           
  3168                           
  3169                           ;psect for function _DS3231_ReadTime_With_Retry
  3170  04C7                     _DS3231_ReadTime_With_Retry:
  3171                           
  3172                           ;incstack = 0
  3173                           ; Regs used in _DS3231_ReadTime_With_Retry: [wreg-fsr0h+status,2+status,0+pclath+cstack]
  3174                           ;DS3231_ReadTime_With_Retry@time stored from wreg
  3175  04C7  00FC               	movwf	DS3231_ReadTime_With_Retry@time
  3176  04C8                     l2115:
  3177                           
  3178                           ;EAS_ITank_RTC_Interface_40min_Updated.c: 879: static _Bool DS3231_ReadTime_With_Retry(R
      +                          TC_Time *time);EAS_ITank_RTC_Interface_40min_Updated.c: 880: {;EAS_ITank_RTC_Interface_4
      +                          0min_Updated.c: 881:     uint8_t attempt;;EAS_ITank_RTC_Interface_40min_Updated.c: 883: 
      +                              for (attempt = 0; attempt < 3; attempt++)
  3179  04C8  01FB               	clrf	DS3231_ReadTime_With_Retry@attempt
  3180  04C9                     l2121:
  3181                           
  3182                           ;EAS_ITank_RTC_Interface_40min_Updated.c: 884:     {;EAS_ITank_RTC_Interface_40min_Updat
      +                          ed.c: 885:         I2C_Init();
  3183  04C9  25B3               	fcall	_I2C_Init
  3184  04CA                     l2123:
  3185                           
  3186                           ;EAS_ITank_RTC_Interface_40min_Updated.c: 887:         if (DS3231_ReadTime(time))
  3187  04CA  087C               	movf	DS3231_ReadTime_With_Retry@time,w
  3188  04CB  2007               	fcall	_DS3231_ReadTime
  3189  04CC  3A00               	xorlw	0
  3190  04CD  1903               	skipnz
  3191  04CE  2CD0               	goto	u1711
  3192  04CF  2CD1               	goto	u1710
  3193  04D0                     u1711:
  3194  04D0  2CDA               	goto	l2131
  3195  04D1                     u1710:
  3196  04D1                     l2125:
  3197                           
  3198                           ;EAS_ITank_RTC_Interface_40min_Updated.c: 888:         {;EAS_ITank_RTC_Interface_40min_U
      +                          pdated.c: 889:             if (RTC_Time_Is_Valid(time))
  3199  04D1  087C               	movf	DS3231_ReadTime_With_Retry@time,w
  3200  04D2  2203               	fcall	_RTC_Time_Is_Valid
  3201  04D3  3A00               	xorlw	0
  3202  04D4  1903               	skipnz
  3203  04D5  2CD7               	goto	u1721
  3204  04D6  2CD8               	goto	u1720
  3205  04D7                     u1721:
  3206  04D7  2CDA               	goto	l2131
  3207  04D8                     u1720:
  3208  04D8                     l2127:
  3209                           
  3210                           ;EAS_ITank_RTC_Interface_40min_Updated.c: 890:             {;EAS_ITank_RTC_Interface_40m
      +                          in_Updated.c: 891:                 return 1;
  3211  04D8  3001               	movlw	1
  3212  04D9  2CE8               	goto	l218
  3213  04DA                     l2131:
  3214                           
  3215                           ;EAS_ITank_RTC_Interface_40min_Updated.c: 895:         Relay_Off();
  3216  04DA  25BE               	fcall	_Relay_Off
  3217  04DB                     l2133:
  3218                           
  3219                           ;EAS_ITank_RTC_Interface_40min_Updated.c: 896:         I2C_Init();
  3220  04DB  25B3               	fcall	_I2C_Init
  3221  04DC                     l2135:
  3222                           
  3223                           ;EAS_ITank_RTC_Interface_40min_Updated.c: 897:         Delay_Approx_250ms();
  3224  04DC  254D               	fcall	_Delay_Approx_250ms
  3225  04DD                     l2137:
  3226                           
  3227                           ;EAS_ITank_RTC_Interface_40min_Updated.c: 898:     }
  3228  04DD  3001               	movlw	1
  3229  04DE  00FA               	movwf	??_DS3231_ReadTime_With_Retry
  3230  04DF  087A               	movf	??_DS3231_ReadTime_With_Retry,w
  3231  04E0  07FB               	addwf	DS3231_ReadTime_With_Retry@attempt,f
  3232  04E1                     l2139:
  3233  04E1  3003               	movlw	3
  3234  04E2  027B               	subwf	DS3231_ReadTime_With_Retry@attempt,w
  3235  04E3  1C03               	skipc
  3236  04E4  2CE6               	goto	u1731
  3237  04E5  2CE7               	goto	u1730
  3238  04E6                     u1731:
  3239  04E6  2CC9               	goto	l2121
  3240  04E7                     u1730:
  3241  04E7                     l2141:
  3242                           
  3243                           ;EAS_ITank_RTC_Interface_40min_Updated.c: 900:     return 0;
  3244  04E7  3000               	movlw	0
  3245  04E8                     l218:
  3246  04E8  0008               	return
  3247  04E9                     __end_of_DS3231_ReadTime_With_Retry:
  3248                           
  3249                           	psect	text22
  3250  05BE                     __ptext22:	
  3251 ;; *************** function _Relay_Off *****************
  3252 ;; Defined at:
  3253 ;;		line 233 in file "EAS_ITank_RTC_Interface_40min_Updated.c"
  3254 ;; Parameters:    Size  Location     Type
  3255 ;;		None
  3256 ;; Auto vars:     Size  Location     Type
  3257 ;;		None
  3258 ;; Return value:  Size  Location     Type
  3259 ;;                  1    wreg      void 
  3260 ;; Registers used:
  3261 ;;		None
  3262 ;; Tracked objects:
  3263 ;;		On entry : 0/0
  3264 ;;		On exit  : 0/0
  3265 ;;		Unchanged: 0/0
  3266 ;; Data sizes:     COMMON   BANK0   BANK1
  3267 ;;      Params:         0       0       0
  3268 ;;      Locals:         0       0       0
  3269 ;;      Temps:          0       0       0
  3270 ;;      Totals:         0       0       0
  3271 ;;Total ram usage:        0 bytes
  3272 ;; Hardware stack levels used:    1
  3273 ;; This function calls:
  3274 ;;		Nothing
  3275 ;; This function is called by:
  3276 ;;		_Relay_Reset_Pulse
  3277 ;;		_Test_Delay_Seconds_Abortable
  3278 ;;		_Relay_Test_Cycle
  3279 ;;		_DS3231_ReadTime_With_Retry
  3280 ;;		_Init_Device
  3281 ;;		_main
  3282 ;;		_Safe_Fault_Idle_Forever
  3283 ;; This function uses a non-reentrant model
  3284 ;;
  3285                           
  3286                           
  3287                           ;psect for function _Relay_Off
  3288  05BE                     _Relay_Off:
  3289  05BE                     l1607:	
  3290                           ;incstack = 0
  3291                           ; Regs used in _Relay_Off: []
  3292                           
  3293                           
  3294                           ;EAS_ITank_RTC_Interface_40min_Updated.c: 235:     GPIObits.GP0 = 0;
  3295  05BE  1283               	bcf	3,5	;RP0=0, select bank0
  3296  05BF  1005               	bcf	5,0	;volatile
  3297  05C0                     l44:
  3298  05C0  0008               	return
  3299  05C1                     __end_of_Relay_Off:
  3300                           
  3301                           	psect	text23
  3302  0203                     __ptext23:	
  3303 ;; *************** function _RTC_Time_Is_Valid *****************
  3304 ;; Defined at:
  3305 ;;		line 839 in file "EAS_ITank_RTC_Interface_40min_Updated.c"
  3306 ;; Parameters:    Size  Location     Type
  3307 ;;  time            1    wreg     PTR const struct .
  3308 ;;		 -> main@now(7), 
  3309 ;; Auto vars:     Size  Location     Type
  3310 ;;  time            1    0[COMMON] PTR const struct .
  3311 ;;		 -> main@now(7), 
  3312 ;; Return value:  Size  Location     Type
  3313 ;;                  1    wreg      _Bool 
  3314 ;; Registers used:
  3315 ;;		wreg, fsr0l, fsr0h, status,2, status,0
  3316 ;; Tracked objects:
  3317 ;;		On entry : 0/0
  3318 ;;		On exit  : 0/0
  3319 ;;		Unchanged: 0/0
  3320 ;; Data sizes:     COMMON   BANK0   BANK1
  3321 ;;      Params:         0       0       0
  3322 ;;      Locals:         1       0       0
  3323 ;;      Temps:          0       0       0
  3324 ;;      Totals:         1       0       0
  3325 ;;Total ram usage:        1 bytes
  3326 ;; Hardware stack levels used:    1
  3327 ;; This function calls:
  3328 ;;		Nothing
  3329 ;; This function is called by:
  3330 ;;		_DS3231_ReadTime_With_Retry
  3331 ;; This function uses a non-reentrant model
  3332 ;;
  3333                           
  3334                           
  3335                           ;psect for function _RTC_Time_Is_Valid
  3336  0203                     _RTC_Time_Is_Valid:
  3337                           
  3338                           ;incstack = 0
  3339                           ; Regs used in _RTC_Time_Is_Valid: [wreg-fsr0h+status,2+status,0]
  3340                           ;RTC_Time_Is_Valid@time stored from wreg
  3341  0203  00F0               	movwf	RTC_Time_Is_Valid@time
  3342  0204                     l1915:
  3343                           
  3344                           ;EAS_ITank_RTC_Interface_40min_Updated.c: 839: static _Bool RTC_Time_Is_Valid(const RTC_
      +                          Time *time);EAS_ITank_RTC_Interface_40min_Updated.c: 840: {;EAS_ITank_RTC_Interface_40mi
      +                          n_Updated.c: 841:     if (time->second > 59)
  3345  0204  0870               	movf	RTC_Time_Is_Valid@time,w
  3346  0205  0084               	movwf	4
  3347  0206  303C               	movlw	60
  3348  0207  1383               	bcf	3,7	;select IRP bank0
  3349  0208  0200               	subwf	0,w
  3350  0209  1C03               	skipc
  3351  020A  2A0C               	goto	u1311
  3352  020B  2A0D               	goto	u1310
  3353  020C                     u1311:
  3354  020C  2A0F               	goto	l1921
  3355  020D                     u1310:
  3356  020D                     l1917:
  3357                           
  3358                           ;EAS_ITank_RTC_Interface_40min_Updated.c: 842:     {;EAS_ITank_RTC_Interface_40min_Updat
      +                          ed.c: 843:         return 0;
  3359  020D  3000               	movlw	0
  3360  020E  2A63               	goto	l199
  3361  020F                     l1921:
  3362                           
  3363                           ;EAS_ITank_RTC_Interface_40min_Updated.c: 846:     if (time->minute > 59)
  3364  020F  0A70               	incf	RTC_Time_Is_Valid@time,w
  3365  0210  0084               	movwf	4
  3366  0211  303C               	movlw	60
  3367  0212  0200               	subwf	0,w
  3368  0213  1C03               	skipc
  3369  0214  2A16               	goto	u1321
  3370  0215  2A17               	goto	u1320
  3371  0216                     u1321:
  3372  0216  2A18               	goto	l1927
  3373  0217                     u1320:
  3374  0217  2A0D               	goto	l1917
  3375  0218                     l1927:
  3376                           
  3377                           ;EAS_ITank_RTC_Interface_40min_Updated.c: 851:     if (time->hour > 23)
  3378  0218  0870               	movf	RTC_Time_Is_Valid@time,w
  3379  0219  3E02               	addlw	2
  3380  021A  0084               	movwf	4
  3381  021B  3018               	movlw	24
  3382  021C  0200               	subwf	0,w
  3383  021D  1C03               	skipc
  3384  021E  2A20               	goto	u1331
  3385  021F  2A21               	goto	u1330
  3386  0220                     u1331:
  3387  0220  2A22               	goto	l1933
  3388  0221                     u1330:
  3389  0221  2A0D               	goto	l1917
  3390  0222                     l1933:
  3391                           
  3392                           ;EAS_ITank_RTC_Interface_40min_Updated.c: 856:     if ((time->day_of_week < 1) || (time-
      +                          >day_of_week > 7))
  3393  0222  0870               	movf	RTC_Time_Is_Valid@time,w
  3394  0223  3E03               	addlw	3
  3395  0224  0084               	movwf	4
  3396  0225  0800               	movf	0,w
  3397  0226  1903               	btfsc	3,2
  3398  0227  2A29               	goto	u1341
  3399  0228  2A2A               	goto	u1340
  3400  0229                     u1341:
  3401  0229  2A0D               	goto	l1917
  3402  022A                     u1340:
  3403  022A                     l1935:
  3404  022A  0870               	movf	RTC_Time_Is_Valid@time,w
  3405  022B  3E03               	addlw	3
  3406  022C  0084               	movwf	4
  3407  022D  3008               	movlw	8
  3408  022E  0200               	subwf	0,w
  3409  022F  1C03               	skipc
  3410  0230  2A32               	goto	u1351
  3411  0231  2A33               	goto	u1350
  3412  0232                     u1351:
  3413  0232  2A34               	goto	l1941
  3414  0233                     u1350:
  3415  0233  2A0D               	goto	l1917
  3416  0234                     l1941:
  3417                           
  3418                           ;EAS_ITank_RTC_Interface_40min_Updated.c: 861:     if ((time->date < 1) || (time->date >
      +                           31))
  3419  0234  0870               	movf	RTC_Time_Is_Valid@time,w
  3420  0235  3E04               	addlw	4
  3421  0236  0084               	movwf	4
  3422  0237  0800               	movf	0,w
  3423  0238  1903               	btfsc	3,2
  3424  0239  2A3B               	goto	u1361
  3425  023A  2A3C               	goto	u1360
  3426  023B                     u1361:
  3427  023B  2A0D               	goto	l1917
  3428  023C                     u1360:
  3429  023C                     l1943:
  3430  023C  0870               	movf	RTC_Time_Is_Valid@time,w
  3431  023D  3E04               	addlw	4
  3432  023E  0084               	movwf	4
  3433  023F  3020               	movlw	32
  3434  0240  0200               	subwf	0,w
  3435  0241  1C03               	skipc
  3436  0242  2A44               	goto	u1371
  3437  0243  2A45               	goto	u1370
  3438  0244                     u1371:
  3439  0244  2A46               	goto	l1949
  3440  0245                     u1370:
  3441  0245  2A0D               	goto	l1917
  3442  0246                     l1949:
  3443                           
  3444                           ;EAS_ITank_RTC_Interface_40min_Updated.c: 866:     if ((time->month < 1) || (time->month
      +                           > 12))
  3445  0246  0870               	movf	RTC_Time_Is_Valid@time,w
  3446  0247  3E05               	addlw	5
  3447  0248  0084               	movwf	4
  3448  0249  0800               	movf	0,w
  3449  024A  1903               	btfsc	3,2
  3450  024B  2A4D               	goto	u1381
  3451  024C  2A4E               	goto	u1380
  3452  024D                     u1381:
  3453  024D  2A0D               	goto	l1917
  3454  024E                     u1380:
  3455  024E                     l1951:
  3456  024E  0870               	movf	RTC_Time_Is_Valid@time,w
  3457  024F  3E05               	addlw	5
  3458  0250  0084               	movwf	4
  3459  0251  300D               	movlw	13
  3460  0252  0200               	subwf	0,w
  3461  0253  1C03               	skipc
  3462  0254  2A56               	goto	u1391
  3463  0255  2A57               	goto	u1390
  3464  0256                     u1391:
  3465  0256  2A58               	goto	l1957
  3466  0257                     u1390:
  3467  0257  2A0D               	goto	l1917
  3468  0258                     l1957:
  3469                           
  3470                           ;EAS_ITank_RTC_Interface_40min_Updated.c: 871:     if (time->year > 99)
  3471  0258  0870               	movf	RTC_Time_Is_Valid@time,w
  3472  0259  3E06               	addlw	6
  3473  025A  0084               	movwf	4
  3474  025B  3064               	movlw	100
  3475  025C  0200               	subwf	0,w
  3476  025D  1C03               	skipc
  3477  025E  2A60               	goto	u1401
  3478  025F  2A61               	goto	u1400
  3479  0260                     u1401:
  3480  0260  2A62               	goto	l1963
  3481  0261                     u1400:
  3482  0261  2A0D               	goto	l1917
  3483  0262                     l1963:
  3484                           
  3485                           ;EAS_ITank_RTC_Interface_40min_Updated.c: 876:     return 1;
  3486  0262  3001               	movlw	1
  3487  0263                     l199:
  3488  0263  0008               	return
  3489  0264                     __end_of_RTC_Time_Is_Valid:
  3490                           
  3491                           	psect	text24
  3492  05B3                     __ptext24:	
  3493 ;; *************** function _I2C_Init *****************
  3494 ;; Defined at:
  3495 ;;		line 455 in file "EAS_ITank_RTC_Interface_40min_Updated.c"
  3496 ;; Parameters:    Size  Location     Type
  3497 ;;		None
  3498 ;; Auto vars:     Size  Location     Type
  3499 ;;		None
  3500 ;; Return value:  Size  Location     Type
  3501 ;;                  1    wreg      void 
  3502 ;; Registers used:
  3503 ;;		wreg, status,2, status,0, pclath, cstack
  3504 ;; Tracked objects:
  3505 ;;		On entry : 0/0
  3506 ;;		On exit  : 0/0
  3507 ;;		Unchanged: 0/0
  3508 ;; Data sizes:     COMMON   BANK0   BANK1
  3509 ;;      Params:         0       0       0
  3510 ;;      Locals:         0       0       0
  3511 ;;      Temps:          0       0       0
  3512 ;;      Totals:         0       0       0
  3513 ;;Total ram usage:        0 bytes
  3514 ;; Hardware stack levels used:    1
  3515 ;; Hardware stack levels required when called:    1
  3516 ;; This function calls:
  3517 ;;		_I2C_Delay
  3518 ;;		_SCL_Release
  3519 ;;		_SDA_Release
  3520 ;; This function is called by:
  3521 ;;		_DS3231_ReadTime_With_Retry
  3522 ;;		_main
  3523 ;;		_Safe_Fault_Idle_Forever
  3524 ;; This function uses a non-reentrant model
  3525 ;;
  3526                           
  3527                           
  3528                           ;psect for function _I2C_Init
  3529  05B3                     _I2C_Init:
  3530  05B3                     l1831:	
  3531                           ;incstack = 0
  3532                           ; Regs used in _I2C_Init: [wreg+status,2+status,0+pclath+cstack]
  3533                           
  3534                           
  3535                           ;EAS_ITank_RTC_Interface_40min_Updated.c: 457:     SDA_Release();
  3536  05B3  25C1               	fcall	_SDA_Release
  3537                           
  3538                           ;EAS_ITank_RTC_Interface_40min_Updated.c: 458:     SCL_Release();
  3539  05B4  25C4               	fcall	_SCL_Release
  3540  05B5                     l1833:
  3541                           
  3542                           ;EAS_ITank_RTC_Interface_40min_Updated.c: 459:     I2C_Delay();
  3543  05B5  2532               	fcall	_I2C_Delay
  3544  05B6                     l122:
  3545  05B6  0008               	return
  3546  05B7                     __end_of_I2C_Init:
  3547                           
  3548                           	psect	text25
  3549  054D                     __ptext25:	
  3550 ;; *************** function _Delay_Approx_250ms *****************
  3551 ;; Defined at:
  3552 ;;		line 364 in file "EAS_ITank_RTC_Interface_40min_Updated.c"
  3553 ;; Parameters:    Size  Location     Type
  3554 ;;		None
  3555 ;; Auto vars:     Size  Location     Type
  3556 ;;  i               1    1[COMMON] unsigned char 
  3557 ;; Return value:  Size  Location     Type
  3558 ;;                  1    wreg      void 
  3559 ;; Registers used:
  3560 ;;		wreg, status,2, status,0, pclath, cstack
  3561 ;; Tracked objects:
  3562 ;;		On entry : 0/0
  3563 ;;		On exit  : 0/0
  3564 ;;		Unchanged: 0/0
  3565 ;; Data sizes:     COMMON   BANK0   BANK1
  3566 ;;      Params:         0       0       0
  3567 ;;      Locals:         1       0       0
  3568 ;;      Temps:          1       0       0
  3569 ;;      Totals:         2       0       0
  3570 ;;Total ram usage:        2 bytes
  3571 ;; Hardware stack levels used:    1
  3572 ;; Hardware stack levels required when called:    1
  3573 ;; This function calls:
  3574 ;;		_Delay_Approx_65ms
  3575 ;; This function is called by:
  3576 ;;		_Relay_Test_Cycle
  3577 ;;		_DS3231_ReadTime_With_Retry
  3578 ;;		_main
  3579 ;; This function uses a non-reentrant model
  3580 ;;
  3581                           
  3582                           
  3583                           ;psect for function _Delay_Approx_250ms
  3584  054D                     _Delay_Approx_250ms:
  3585  054D                     l1817:	
  3586                           ;incstack = 0
  3587                           ; Regs used in _Delay_Approx_250ms: [wreg+status,2+status,0+pclath+cstack]
  3588                           
  3589                           
  3590                           ;EAS_ITank_RTC_Interface_40min_Updated.c: 366:     uint8_t i;;EAS_ITank_RTC_Interface_40
      +                          min_Updated.c: 368:     for (i = 0; i < 4; i++)
  3591  054D  01F1               	clrf	Delay_Approx_250ms@i
  3592  054E                     l1823:
  3593                           
  3594                           ;EAS_ITank_RTC_Interface_40min_Updated.c: 369:     {;EAS_ITank_RTC_Interface_40min_Updat
      +                          ed.c: 370:         Delay_Approx_65ms();
  3595  054E  2589               	fcall	_Delay_Approx_65ms
  3596  054F                     l1825:
  3597                           
  3598                           ;EAS_ITank_RTC_Interface_40min_Updated.c: 371:     }
  3599  054F  3001               	movlw	1
  3600  0550  00F0               	movwf	??_Delay_Approx_250ms
  3601  0551  0870               	movf	??_Delay_Approx_250ms,w
  3602  0552  07F1               	addwf	Delay_Approx_250ms@i,f
  3603  0553                     l1827:
  3604  0553  3004               	movlw	4
  3605  0554  0271               	subwf	Delay_Approx_250ms@i,w
  3606  0555  1C03               	skipc
  3607  0556  2D58               	goto	u1171
  3608  0557  2D59               	goto	u1170
  3609  0558                     u1171:
  3610  0558  2D4E               	goto	l1823
  3611  0559                     u1170:
  3612  0559                     l82:
  3613  0559  0008               	return
  3614  055A                     __end_of_Delay_Approx_250ms:
  3615                           
  3616                           	psect	text26
  3617  0589                     __ptext26:	
  3618 ;; *************** function _Delay_Approx_65ms *****************
  3619 ;; Defined at:
  3620 ;;		line 353 in file "EAS_ITank_RTC_Interface_40min_Updated.c"
  3621 ;; Parameters:    Size  Location     Type
  3622 ;;		None
  3623 ;; Auto vars:     Size  Location     Type
  3624 ;;		None
  3625 ;; Return value:  Size  Location     Type
  3626 ;;                  1    wreg      void 
  3627 ;; Registers used:
  3628 ;;		status,2
  3629 ;; Tracked objects:
  3630 ;;		On entry : 0/0
  3631 ;;		On exit  : 0/0
  3632 ;;		Unchanged: 0/0
  3633 ;; Data sizes:     COMMON   BANK0   BANK1
  3634 ;;      Params:         0       0       0
  3635 ;;      Locals:         0       0       0
  3636 ;;      Temps:          0       0       0
  3637 ;;      Totals:         0       0       0
  3638 ;;Total ram usage:        0 bytes
  3639 ;; Hardware stack levels used:    1
  3640 ;; This function calls:
  3641 ;;		Nothing
  3642 ;; This function is called by:
  3643 ;;		_Test_Delay_Seconds_Abortable
  3644 ;;		_Delay_Approx_250ms
  3645 ;;		_Delay_Approx_1s
  3646 ;; This function uses a non-reentrant model
  3647 ;;
  3648                           
  3649                           
  3650                           ;psect for function _Delay_Approx_65ms
  3651  0589                     _Delay_Approx_65ms:
  3652  0589                     l1567:	
  3653                           ;incstack = 0
  3654                           ; Regs used in _Delay_Approx_65ms: [status,2]
  3655                           
  3656                           
  3657                           ;EAS_ITank_RTC_Interface_40min_Updated.c: 355:     TMR0 = 0;
  3658  0589  1283               	bcf	3,5	;RP0=0, select bank0
  3659  058A  0181               	clrf	1	;volatile
  3660  058B                     l1569:
  3661                           
  3662                           ;EAS_ITank_RTC_Interface_40min_Updated.c: 356:     INTCONbits.T0IF = 0;
  3663  058B  110B               	bcf	11,2	;volatile
  3664  058C                     l74:	
  3665                           ;EAS_ITank_RTC_Interface_40min_Updated.c: 359:     {;EAS_ITank_RTC_Interface_40min_Updat
      +                          ed.c: 361:     }
  3666                           
  3667                           
  3668                           ;EAS_ITank_RTC_Interface_40min_Updated.c: 358:     while (INTCONbits.T0IF == 0)
  3669  058C  1D0B               	btfss	11,2	;volatile
  3670  058D  2D8F               	goto	u941
  3671  058E  2D90               	goto	u940
  3672  058F                     u941:
  3673  058F  2D8C               	goto	l74
  3674  0590                     u940:
  3675  0590                     l77:
  3676  0590  0008               	return
  3677  0591                     __end_of_Delay_Approx_65ms:
  3678                           
  3679                           	psect	text27
  3680  0007                     __ptext27:	
  3681 ;; *************** function _DS3231_ReadTime *****************
  3682 ;; Defined at:
  3683 ;;		line 756 in file "EAS_ITank_RTC_Interface_40min_Updated.c"
  3684 ;; Parameters:    Size  Location     Type
  3685 ;;  time            1    wreg     PTR struct .
  3686 ;;		 -> main@now(7), 
  3687 ;; Auto vars:     Size  Location     Type
  3688 ;;  time            1    9[BANK0 ] PTR struct .
  3689 ;;		 -> main@now(7), 
  3690 ;;  hour_12         1    8[BANK0 ] unsigned char 
  3691 ;;  is_pm           1    6[BANK0 ] _Bool 
  3692 ;;  raw_hour        1    7[BANK0 ] unsigned char 
  3693 ;;  raw_year        1    5[BANK0 ] unsigned char 
  3694 ;;  raw_month       1    4[BANK0 ] unsigned char 
  3695 ;;  raw_date        1    3[BANK0 ] unsigned char 
  3696 ;;  raw_day         1    2[BANK0 ] unsigned char 
  3697 ;;  raw_minute      1    1[BANK0 ] unsigned char 
  3698 ;;  raw_second      1    0[BANK0 ] unsigned char 
  3699 ;; Return value:  Size  Location     Type
  3700 ;;                  1    wreg      _Bool 
  3701 ;; Registers used:
  3702 ;;		wreg, fsr0l, fsr0h, status,2, status,0, pclath, cstack
  3703 ;; Tracked objects:
  3704 ;;		On entry : 0/0
  3705 ;;		On exit  : 0/0
  3706 ;;		Unchanged: 0/0
  3707 ;; Data sizes:     COMMON   BANK0   BANK1
  3708 ;;      Params:         0       0       0
  3709 ;;      Locals:         0      10       0
  3710 ;;      Temps:          1       0       0
  3711 ;;      Totals:         1      10       0
  3712 ;;Total ram usage:       11 bytes
  3713 ;; Hardware stack levels used:    1
  3714 ;; Hardware stack levels required when called:    2
  3715 ;; This function calls:
  3716 ;;		_BCD_To_Dec
  3717 ;;		_I2C_ReadByte
  3718 ;;		_I2C_Start
  3719 ;;		_I2C_Stop
  3720 ;;		_I2C_WriteByte
  3721 ;; This function is called by:
  3722 ;;		_DS3231_ReadTime_With_Retry
  3723 ;; This function uses a non-reentrant model
  3724 ;;
  3725                           
  3726                           
  3727                           ;psect for function _DS3231_ReadTime
  3728  0007                     _DS3231_ReadTime:
  3729                           
  3730                           ;incstack = 0
  3731                           ; Regs used in _DS3231_ReadTime: [wreg-fsr0h+status,2+status,0+pclath+cstack]
  3732                           ;DS3231_ReadTime@time stored from wreg
  3733  0007  1283               	bcf	3,5	;RP0=0, select bank0
  3734  0008  00A9               	movwf	DS3231_ReadTime@time
  3735  0009                     l1861:
  3736                           
  3737                           ;EAS_ITank_RTC_Interface_40min_Updated.c: 756: static _Bool DS3231_ReadTime(RTC_Time *ti
      +                          me);EAS_ITank_RTC_Interface_40min_Updated.c: 757: {;EAS_ITank_RTC_Interface_40min_Update
      +                          d.c: 758:     uint8_t raw_second;;EAS_ITank_RTC_Interface_40min_Updated.c: 759:     uint
      +                          8_t raw_minute;;EAS_ITank_RTC_Interface_40min_Updated.c: 760:     uint8_t raw_hour;;EAS_
      +                          ITank_RTC_Interface_40min_Updated.c: 761:     uint8_t raw_day;;EAS_ITank_RTC_Interface_4
      +                          0min_Updated.c: 762:     uint8_t raw_date;;EAS_ITank_RTC_Interface_40min_Updated.c: 763:
      +                               uint8_t raw_month;
  3738  0009  2591               	fcall	_I2C_Start
  3739                           
  3740                           ;EAS_ITank_RTC_Interface_40min_Updated.c: 768:     if (!I2C_WriteByte(((0x68 << 1) | 0))
      +                          )
  3741  000A  30D0               	movlw	208
  3742  000B  23AE               	fcall	_I2C_WriteByte
  3743  000C  3A00               	xorlw	0
  3744  000D  1D03               	skipz
  3745  000E  2810               	goto	u1221
  3746  000F  2811               	goto	u1220
  3747  0010                     u1221:
  3748  0010  2814               	goto	l1869
  3749  0011                     u1220:
  3750  0011                     l1863:
  3751                           
  3752                           ;EAS_ITank_RTC_Interface_40min_Updated.c: 769:     {;EAS_ITank_RTC_Interface_40min_Updat
      +                          ed.c: 770:         I2C_Stop();
  3753  0011  2599               	fcall	_I2C_Stop
  3754  0012                     l1865:
  3755                           
  3756                           ;EAS_ITank_RTC_Interface_40min_Updated.c: 771:         return 0;
  3757  0012  3000               	movlw	0
  3758  0013  28D1               	goto	l187
  3759  0014                     l1869:
  3760                           
  3761                           ;EAS_ITank_RTC_Interface_40min_Updated.c: 774:     if (!I2C_WriteByte(0x00))
  3762  0014  3000               	movlw	0
  3763  0015  23AE               	fcall	_I2C_WriteByte
  3764  0016  3A00               	xorlw	0
  3765  0017  1D03               	skipz
  3766  0018  281A               	goto	u1231
  3767  0019  281B               	goto	u1230
  3768  001A                     u1231:
  3769  001A  281C               	goto	l1877
  3770  001B                     u1230:
  3771  001B  2811               	goto	l1863
  3772  001C                     l1877:
  3773                           
  3774                           ;EAS_ITank_RTC_Interface_40min_Updated.c: 780:     I2C_Start();
  3775  001C  2591               	fcall	_I2C_Start
  3776                           
  3777                           ;EAS_ITank_RTC_Interface_40min_Updated.c: 782:     if (!I2C_WriteByte(((0x68 << 1) | 1))
      +                          )
  3778  001D  30D1               	movlw	209
  3779  001E  23AE               	fcall	_I2C_WriteByte
  3780  001F  3A00               	xorlw	0
  3781  0020  1D03               	skipz
  3782  0021  2823               	goto	u1241
  3783  0022  2824               	goto	u1240
  3784  0023                     u1241:
  3785  0023  2825               	goto	l1885
  3786  0024                     u1240:
  3787  0024  2811               	goto	l1863
  3788  0025                     l1885:
  3789                           
  3790                           ;EAS_ITank_RTC_Interface_40min_Updated.c: 788:     raw_second = I2C_ReadByte(1);
  3791  0025  3001               	movlw	1
  3792  0026  23DB               	fcall	_I2C_ReadByte
  3793  0027  00F9               	movwf	??_DS3231_ReadTime
  3794  0028  0879               	movf	??_DS3231_ReadTime,w
  3795  0029  1283               	bcf	3,5	;RP0=0, select bank0
  3796  002A  00A0               	movwf	DS3231_ReadTime@raw_second
  3797                           
  3798                           ;EAS_ITank_RTC_Interface_40min_Updated.c: 789:     raw_minute = I2C_ReadByte(1);
  3799  002B  3001               	movlw	1
  3800  002C  23DB               	fcall	_I2C_ReadByte
  3801  002D  00F9               	movwf	??_DS3231_ReadTime
  3802  002E  0879               	movf	??_DS3231_ReadTime,w
  3803  002F  1283               	bcf	3,5	;RP0=0, select bank0
  3804  0030  00A1               	movwf	DS3231_ReadTime@raw_minute
  3805                           
  3806                           ;EAS_ITank_RTC_Interface_40min_Updated.c: 790:     raw_hour = I2C_ReadByte(1);
  3807  0031  3001               	movlw	1
  3808  0032  23DB               	fcall	_I2C_ReadByte
  3809  0033  00F9               	movwf	??_DS3231_ReadTime
  3810  0034  0879               	movf	??_DS3231_ReadTime,w
  3811  0035  1283               	bcf	3,5	;RP0=0, select bank0
  3812  0036  00A7               	movwf	DS3231_ReadTime@raw_hour
  3813                           
  3814                           ;EAS_ITank_RTC_Interface_40min_Updated.c: 791:     raw_day = I2C_ReadByte(1);
  3815  0037  3001               	movlw	1
  3816  0038  23DB               	fcall	_I2C_ReadByte
  3817  0039  00F9               	movwf	??_DS3231_ReadTime
  3818  003A  0879               	movf	??_DS3231_ReadTime,w
  3819  003B  1283               	bcf	3,5	;RP0=0, select bank0
  3820  003C  00A2               	movwf	DS3231_ReadTime@raw_day
  3821                           
  3822                           ;EAS_ITank_RTC_Interface_40min_Updated.c: 792:     raw_date = I2C_ReadByte(1);
  3823  003D  3001               	movlw	1
  3824  003E  23DB               	fcall	_I2C_ReadByte
  3825  003F  00F9               	movwf	??_DS3231_ReadTime
  3826  0040  0879               	movf	??_DS3231_ReadTime,w
  3827  0041  1283               	bcf	3,5	;RP0=0, select bank0
  3828  0042  00A3               	movwf	DS3231_ReadTime@raw_date
  3829                           
  3830                           ;EAS_ITank_RTC_Interface_40min_Updated.c: 793:     raw_month = I2C_ReadByte(1);
  3831  0043  3001               	movlw	1
  3832  0044  23DB               	fcall	_I2C_ReadByte
  3833  0045  00F9               	movwf	??_DS3231_ReadTime
  3834  0046  0879               	movf	??_DS3231_ReadTime,w
  3835  0047  1283               	bcf	3,5	;RP0=0, select bank0
  3836  0048  00A4               	movwf	DS3231_ReadTime@raw_month
  3837                           
  3838                           ;EAS_ITank_RTC_Interface_40min_Updated.c: 794:     raw_year = I2C_ReadByte(0);
  3839  0049  3000               	movlw	0
  3840  004A  23DB               	fcall	_I2C_ReadByte
  3841  004B  00F9               	movwf	??_DS3231_ReadTime
  3842  004C  0879               	movf	??_DS3231_ReadTime,w
  3843  004D  1283               	bcf	3,5	;RP0=0, select bank0
  3844  004E  00A5               	movwf	DS3231_ReadTime@raw_year
  3845                           
  3846                           ;EAS_ITank_RTC_Interface_40min_Updated.c: 796:     I2C_Stop();
  3847  004F  2599               	fcall	_I2C_Stop
  3848  0050                     l1887:
  3849                           
  3850                           ;EAS_ITank_RTC_Interface_40min_Updated.c: 798:     time->second = BCD_To_Dec((uint8_t)(r
      +                          aw_second & 0x7F));
  3851  0050  1283               	bcf	3,5	;RP0=0, select bank0
  3852  0051  0820               	movf	DS3231_ReadTime@raw_second,w
  3853  0052  397F               	andlw	127
  3854  0053  24E9               	fcall	_BCD_To_Dec
  3855  0054  00F9               	movwf	??_DS3231_ReadTime
  3856  0055  1283               	bcf	3,5	;RP0=0, select bank0
  3857  0056  0829               	movf	DS3231_ReadTime@time,w
  3858  0057  0084               	movwf	4
  3859  0058  0879               	movf	??_DS3231_ReadTime,w
  3860  0059  1383               	bcf	3,7	;select IRP bank0
  3861  005A  0080               	movwf	0
  3862  005B                     l1889:
  3863                           
  3864                           ;EAS_ITank_RTC_Interface_40min_Updated.c: 799:     time->minute = BCD_To_Dec((uint8_t)(r
      +                          aw_minute & 0x7F));
  3865  005B  0821               	movf	DS3231_ReadTime@raw_minute,w
  3866  005C  397F               	andlw	127
  3867  005D  24E9               	fcall	_BCD_To_Dec
  3868  005E  00F9               	movwf	??_DS3231_ReadTime
  3869  005F  1283               	bcf	3,5	;RP0=0, select bank0
  3870  0060  0A29               	incf	DS3231_ReadTime@time,w
  3871  0061  0084               	movwf	4
  3872  0062  0879               	movf	??_DS3231_ReadTime,w
  3873  0063  1383               	bcf	3,7	;select IRP bank0
  3874  0064  0080               	movwf	0
  3875  0065                     l1891:
  3876                           
  3877                           ;EAS_ITank_RTC_Interface_40min_Updated.c: 801:     if ((raw_hour & 0x40) != 0)
  3878  0065  1F27               	btfss	DS3231_ReadTime@raw_hour,6
  3879  0066  2868               	goto	u1251
  3880  0067  2869               	goto	u1250
  3881  0068                     u1251:
  3882  0068  289A               	goto	l1909
  3883  0069                     u1250:
  3884  0069                     l1893:
  3885                           
  3886                           ;EAS_ITank_RTC_Interface_40min_Updated.c: 802:     {;EAS_ITank_RTC_Interface_40min_Updat
      +                          ed.c: 803:         uint8_t hour_12;;EAS_ITank_RTC_Interface_40min_Updated.c: 804:       
      +                            _Bool is_pm;;EAS_ITank_RTC_Interface_40min_Updated.c: 806:         hour_12 = BCD_To_De
      +                          c((uint8_t)(raw_hour & 0x1F));
  3887  0069  0827               	movf	DS3231_ReadTime@raw_hour,w
  3888  006A  391F               	andlw	31
  3889  006B  24E9               	fcall	_BCD_To_Dec
  3890  006C  00F9               	movwf	??_DS3231_ReadTime
  3891  006D  0879               	movf	??_DS3231_ReadTime,w
  3892  006E  1283               	bcf	3,5	;RP0=0, select bank0
  3893  006F  00A8               	movwf	DS3231_ReadTime@hour_12
  3894  0070                     l1895:
  3895                           
  3896                           ;EAS_ITank_RTC_Interface_40min_Updated.c: 807:         is_pm = ((raw_hour & 0x20) != 0);
  3897  0070  1AA7               	btfsc	DS3231_ReadTime@raw_hour,5
  3898  0071  2873               	goto	u1261
  3899  0072  2875               	goto	u1260
  3900  0073                     u1261:
  3901  0073  3001               	movlw	1
  3902  0074  2876               	goto	u1270
  3903  0075                     u1260:
  3904  0075  3000               	movlw	0
  3905  0076                     u1270:
  3906  0076  00F9               	movwf	??_DS3231_ReadTime
  3907  0077  0879               	movf	??_DS3231_ReadTime,w
  3908  0078  00A6               	movwf	DS3231_ReadTime@is_pm
  3909  0079                     l1897:
  3910                           
  3911                           ;EAS_ITank_RTC_Interface_40min_Updated.c: 809:         if (is_pm)
  3912  0079  0826               	movf	DS3231_ReadTime@is_pm,w
  3913  007A  1903               	btfsc	3,2
  3914  007B  287D               	goto	u1281
  3915  007C  287E               	goto	u1280
  3916  007D                     u1281:
  3917  007D  288A               	goto	l1903
  3918  007E                     u1280:
  3919  007E                     l1899:
  3920                           
  3921                           ;EAS_ITank_RTC_Interface_40min_Updated.c: 810:         {;EAS_ITank_RTC_Interface_40min_U
      +                          pdated.c: 811:             if (hour_12 != 12)
  3922  007E  300C               	movlw	12
  3923  007F  0628               	xorwf	DS3231_ReadTime@hour_12,w
  3924  0080  1903               	btfsc	3,2
  3925  0081  2883               	goto	u1291
  3926  0082  2884               	goto	u1290
  3927  0083                     u1291:
  3928  0083  2891               	goto	l1907
  3929  0084                     u1290:
  3930  0084                     l1901:
  3931                           
  3932                           ;EAS_ITank_RTC_Interface_40min_Updated.c: 812:             {;EAS_ITank_RTC_Interface_40m
      +                          in_Updated.c: 813:                 hour_12 = (uint8_t)(hour_12 + 12);
  3933  0084  0828               	movf	DS3231_ReadTime@hour_12,w
  3934  0085  3E0C               	addlw	12
  3935  0086  00F9               	movwf	??_DS3231_ReadTime
  3936  0087  0879               	movf	??_DS3231_ReadTime,w
  3937  0088  00A8               	movwf	DS3231_ReadTime@hour_12
  3938  0089  2891               	goto	l1907
  3939  008A                     l1903:
  3940                           
  3941                           ;EAS_ITank_RTC_Interface_40min_Updated.c: 817:         {;EAS_ITank_RTC_Interface_40min_U
      +                          pdated.c: 818:             if (hour_12 == 12)
  3942  008A  300C               	movlw	12
  3943  008B  0628               	xorwf	DS3231_ReadTime@hour_12,w
  3944  008C  1D03               	btfss	3,2
  3945  008D  288F               	goto	u1301
  3946  008E  2890               	goto	u1300
  3947  008F                     u1301:
  3948  008F  2891               	goto	l1907
  3949  0090                     u1300:
  3950  0090                     l1905:
  3951                           
  3952                           ;EAS_ITank_RTC_Interface_40min_Updated.c: 819:             {;EAS_ITank_RTC_Interface_40m
      +                          in_Updated.c: 820:                 hour_12 = 0;
  3953  0090  01A8               	clrf	DS3231_ReadTime@hour_12
  3954  0091                     l1907:
  3955                           
  3956                           ;EAS_ITank_RTC_Interface_40min_Updated.c: 824:         time->hour = hour_12;
  3957  0091  0828               	movf	DS3231_ReadTime@hour_12,w
  3958  0092  00F9               	movwf	??_DS3231_ReadTime
  3959  0093  0829               	movf	DS3231_ReadTime@time,w
  3960  0094  3E02               	addlw	2
  3961  0095  0084               	movwf	4
  3962  0096  0879               	movf	??_DS3231_ReadTime,w
  3963  0097  1383               	bcf	3,7	;select IRP bank0
  3964  0098  0080               	movwf	0
  3965                           
  3966                           ;EAS_ITank_RTC_Interface_40min_Updated.c: 825:     }
  3967  0099  28A5               	goto	l195
  3968  009A                     l1909:
  3969                           
  3970                           ;EAS_ITank_RTC_Interface_40min_Updated.c: 827:     {;EAS_ITank_RTC_Interface_40min_Updat
      +                          ed.c: 828:         time->hour = BCD_To_Dec((uint8_t)(raw_hour & 0x3F));
  3971  009A  0827               	movf	DS3231_ReadTime@raw_hour,w
  3972  009B  393F               	andlw	63
  3973  009C  24E9               	fcall	_BCD_To_Dec
  3974  009D  00F9               	movwf	??_DS3231_ReadTime
  3975  009E  1283               	bcf	3,5	;RP0=0, select bank0
  3976  009F  0829               	movf	DS3231_ReadTime@time,w
  3977  00A0  3E02               	addlw	2
  3978  00A1  0084               	movwf	4
  3979  00A2  0879               	movf	??_DS3231_ReadTime,w
  3980  00A3  1383               	bcf	3,7	;select IRP bank0
  3981  00A4  0080               	movwf	0
  3982  00A5                     l195:	
  3983                           ;EAS_ITank_RTC_Interface_40min_Updated.c: 829:     }
  3984                           
  3985                           
  3986                           ;EAS_ITank_RTC_Interface_40min_Updated.c: 831:     time->day_of_week = BCD_To_Dec((uint8
      +                          _t)(raw_day & 0x07));
  3987  00A5  0822               	movf	DS3231_ReadTime@raw_day,w
  3988  00A6  3907               	andlw	7
  3989  00A7  24E9               	fcall	_BCD_To_Dec
  3990  00A8  00F9               	movwf	??_DS3231_ReadTime
  3991  00A9  1283               	bcf	3,5	;RP0=0, select bank0
  3992  00AA  0829               	movf	DS3231_ReadTime@time,w
  3993  00AB  3E03               	addlw	3
  3994  00AC  0084               	movwf	4
  3995  00AD  0879               	movf	??_DS3231_ReadTime,w
  3996  00AE  1383               	bcf	3,7	;select IRP bank0
  3997  00AF  0080               	movwf	0
  3998                           
  3999                           ;EAS_ITank_RTC_Interface_40min_Updated.c: 832:     time->date = BCD_To_Dec((uint8_t)(raw
      +                          _date & 0x3F));
  4000  00B0  0823               	movf	DS3231_ReadTime@raw_date,w
  4001  00B1  393F               	andlw	63
  4002  00B2  24E9               	fcall	_BCD_To_Dec
  4003  00B3  00F9               	movwf	??_DS3231_ReadTime
  4004  00B4  1283               	bcf	3,5	;RP0=0, select bank0
  4005  00B5  0829               	movf	DS3231_ReadTime@time,w
  4006  00B6  3E04               	addlw	4
  4007  00B7  0084               	movwf	4
  4008  00B8  0879               	movf	??_DS3231_ReadTime,w
  4009  00B9  1383               	bcf	3,7	;select IRP bank0
  4010  00BA  0080               	movwf	0
  4011                           
  4012                           ;EAS_ITank_RTC_Interface_40min_Updated.c: 833:     time->month = BCD_To_Dec((uint8_t)(ra
      +                          w_month & 0x1F));
  4013  00BB  0824               	movf	DS3231_ReadTime@raw_month,w
  4014  00BC  391F               	andlw	31
  4015  00BD  24E9               	fcall	_BCD_To_Dec
  4016  00BE  00F9               	movwf	??_DS3231_ReadTime
  4017  00BF  1283               	bcf	3,5	;RP0=0, select bank0
  4018  00C0  0829               	movf	DS3231_ReadTime@time,w
  4019  00C1  3E05               	addlw	5
  4020  00C2  0084               	movwf	4
  4021  00C3  0879               	movf	??_DS3231_ReadTime,w
  4022  00C4  1383               	bcf	3,7	;select IRP bank0
  4023  00C5  0080               	movwf	0
  4024                           
  4025                           ;EAS_ITank_RTC_Interface_40min_Updated.c: 834:     time->year = BCD_To_Dec(raw_year);
  4026  00C6  0825               	movf	DS3231_ReadTime@raw_year,w
  4027  00C7  24E9               	fcall	_BCD_To_Dec
  4028  00C8  00F9               	movwf	??_DS3231_ReadTime
  4029  00C9  1283               	bcf	3,5	;RP0=0, select bank0
  4030  00CA  0829               	movf	DS3231_ReadTime@time,w
  4031  00CB  3E06               	addlw	6
  4032  00CC  0084               	movwf	4
  4033  00CD  0879               	movf	??_DS3231_ReadTime,w
  4034  00CE  1383               	bcf	3,7	;select IRP bank0
  4035  00CF  0080               	movwf	0
  4036  00D0                     l1911:
  4037                           
  4038                           ;EAS_ITank_RTC_Interface_40min_Updated.c: 836:     return 1;
  4039  00D0  3001               	movlw	1
  4040  00D1                     l187:
  4041  00D1  0008               	return
  4042  00D2                     __end_of_DS3231_ReadTime:
  4043                           
  4044                           	psect	text28
  4045  03AE                     __ptext28:	
  4046 ;; *************** function _I2C_WriteByte *****************
  4047 ;; Defined at:
  4048 ;;		line 487 in file "EAS_ITank_RTC_Interface_40min_Updated.c"
  4049 ;; Parameters:    Size  Location     Type
  4050 ;;  data            1    wreg     unsigned char 
  4051 ;; Auto vars:     Size  Location     Type
  4052 ;;  data            1    3[COMMON] unsigned char 
  4053 ;;  i               1    5[COMMON] unsigned char 
  4054 ;;  ack             1    4[COMMON] _Bool 
  4055 ;; Return value:  Size  Location     Type
  4056 ;;                  1    wreg      _Bool 
  4057 ;; Registers used:
  4058 ;;		wreg, status,2, status,0, pclath, cstack
  4059 ;; Tracked objects:
  4060 ;;		On entry : 0/0
  4061 ;;		On exit  : 0/0
  4062 ;;		Unchanged: 0/0
  4063 ;; Data sizes:     COMMON   BANK0   BANK1
  4064 ;;      Params:         0       0       0
  4065 ;;      Locals:         3       0       0
  4066 ;;      Temps:          1       0       0
  4067 ;;      Totals:         4       0       0
  4068 ;;Total ram usage:        4 bytes
  4069 ;; Hardware stack levels used:    1
  4070 ;; Hardware stack levels required when called:    1
  4071 ;; This function calls:
  4072 ;;		_I2C_Delay
  4073 ;;		_SCL_Low
  4074 ;;		_SCL_Release
  4075 ;;		_SDA_Low
  4076 ;;		_SDA_Read
  4077 ;;		_SDA_Release
  4078 ;; This function is called by:
  4079 ;;		_DS3231_ReadTime
  4080 ;; This function uses a non-reentrant model
  4081 ;;
  4082                           
  4083                           
  4084                           ;psect for function _I2C_WriteByte
  4085  03AE                     _I2C_WriteByte:
  4086                           
  4087                           ;incstack = 0
  4088                           ; Regs used in _I2C_WriteByte: [wreg+status,2+status,0+pclath+cstack]
  4089                           ;I2C_WriteByte@data stored from wreg
  4090  03AE  00F3               	movwf	I2C_WriteByte@data
  4091  03AF                     l1645:
  4092                           
  4093                           ;EAS_ITank_RTC_Interface_40min_Updated.c: 487: static _Bool I2C_WriteByte(uint8_t data);
      +                          EAS_ITank_RTC_Interface_40min_Updated.c: 488: {;EAS_ITank_RTC_Interface_40min_Updated.c:
      +                           489:     uint8_t i;;EAS_ITank_RTC_Interface_40min_Updated.c: 490:     _Bool ack;;EAS_IT
      +                          ank_RTC_Interface_40min_Updated.c: 492:     for (i = 0; i < 8; i++)
  4094  03AF  01F5               	clrf	I2C_WriteByte@i
  4095  03B0                     l131:
  4096                           
  4097                           ;EAS_ITank_RTC_Interface_40min_Updated.c: 493:     {;EAS_ITank_RTC_Interface_40min_Updat
      +                          ed.c: 494:         if ((data & 0x80) != 0)
  4098  03B0  1FF3               	btfss	I2C_WriteByte@data,7
  4099  03B1  2BB3               	goto	u991
  4100  03B2  2BB4               	goto	u990
  4101  03B3                     u991:
  4102  03B3  2BB6               	goto	l1653
  4103  03B4                     u990:
  4104  03B4                     l1651:
  4105                           
  4106                           ;EAS_ITank_RTC_Interface_40min_Updated.c: 495:         {;EAS_ITank_RTC_Interface_40min_U
      +                          pdated.c: 496:             SDA_Release();
  4107  03B4  25C1               	fcall	_SDA_Release
  4108                           
  4109                           ;EAS_ITank_RTC_Interface_40min_Updated.c: 497:         }
  4110  03B5  2BB7               	goto	l1655
  4111  03B6                     l1653:
  4112                           
  4113                           ;EAS_ITank_RTC_Interface_40min_Updated.c: 499:         {;EAS_ITank_RTC_Interface_40min_U
      +                          pdated.c: 500:             SDA_Low();
  4114  03B6  25A5               	fcall	_SDA_Low
  4115  03B7                     l1655:
  4116                           
  4117                           ;EAS_ITank_RTC_Interface_40min_Updated.c: 503:         I2C_Delay();
  4118  03B7  2532               	fcall	_I2C_Delay
  4119  03B8                     l1657:
  4120                           
  4121                           ;EAS_ITank_RTC_Interface_40min_Updated.c: 505:         SCL_Release();
  4122  03B8  25C4               	fcall	_SCL_Release
  4123                           
  4124                           ;EAS_ITank_RTC_Interface_40min_Updated.c: 506:         I2C_Delay();
  4125  03B9  2532               	fcall	_I2C_Delay
  4126  03BA                     l1659:
  4127                           
  4128                           ;EAS_ITank_RTC_Interface_40min_Updated.c: 508:         SCL_Low();
  4129  03BA  25AA               	fcall	_SCL_Low
  4130  03BB                     l1661:
  4131                           
  4132                           ;EAS_ITank_RTC_Interface_40min_Updated.c: 509:         I2C_Delay();
  4133  03BB  2532               	fcall	_I2C_Delay
  4134  03BC                     l1663:
  4135                           
  4136                           ;EAS_ITank_RTC_Interface_40min_Updated.c: 511:         data <<= 1;
  4137  03BC  1003               	clrc
  4138  03BD  0DF3               	rlf	I2C_WriteByte@data,f
  4139  03BE                     l1665:
  4140                           
  4141                           ;EAS_ITank_RTC_Interface_40min_Updated.c: 512:     }
  4142  03BE  3001               	movlw	1
  4143  03BF  00F2               	movwf	??_I2C_WriteByte
  4144  03C0  0872               	movf	??_I2C_WriteByte,w
  4145  03C1  07F5               	addwf	I2C_WriteByte@i,f
  4146  03C2                     l1667:
  4147  03C2  3008               	movlw	8
  4148  03C3  0275               	subwf	I2C_WriteByte@i,w
  4149  03C4  1C03               	skipc
  4150  03C5  2BC7               	goto	u1001
  4151  03C6  2BC8               	goto	u1000
  4152  03C7                     u1001:
  4153  03C7  2BB0               	goto	l131
  4154  03C8                     u1000:
  4155  03C8                     l1669:
  4156                           
  4157                           ;EAS_ITank_RTC_Interface_40min_Updated.c: 514:     SDA_Release();
  4158  03C8  25C1               	fcall	_SDA_Release
  4159  03C9                     l1671:
  4160                           
  4161                           ;EAS_ITank_RTC_Interface_40min_Updated.c: 515:     I2C_Delay();
  4162  03C9  2532               	fcall	_I2C_Delay
  4163  03CA                     l1673:
  4164                           
  4165                           ;EAS_ITank_RTC_Interface_40min_Updated.c: 517:     SCL_Release();
  4166  03CA  25C4               	fcall	_SCL_Release
  4167                           
  4168                           ;EAS_ITank_RTC_Interface_40min_Updated.c: 518:     I2C_Delay();
  4169  03CB  2532               	fcall	_I2C_Delay
  4170                           
  4171                           ;EAS_ITank_RTC_Interface_40min_Updated.c: 520:     ack = (SDA_Read() == 0);
  4172  03CC  25B7               	fcall	_SDA_Read
  4173  03CD  3A00               	xorlw	0
  4174  03CE  1903               	skipnz
  4175  03CF  2BD1               	goto	u1011
  4176  03D0  2BD3               	goto	u1010
  4177  03D1                     u1011:
  4178  03D1  3001               	movlw	1
  4179  03D2  2BD4               	goto	u1020
  4180  03D3                     u1010:
  4181  03D3  3000               	movlw	0
  4182  03D4                     u1020:
  4183  03D4  00F2               	movwf	??_I2C_WriteByte
  4184  03D5  0872               	movf	??_I2C_WriteByte,w
  4185  03D6  00F4               	movwf	I2C_WriteByte@ack
  4186  03D7                     l1675:
  4187                           
  4188                           ;EAS_ITank_RTC_Interface_40min_Updated.c: 522:     SCL_Low();
  4189  03D7  25AA               	fcall	_SCL_Low
  4190  03D8                     l1677:
  4191                           
  4192                           ;EAS_ITank_RTC_Interface_40min_Updated.c: 523:     I2C_Delay();
  4193  03D8  2532               	fcall	_I2C_Delay
  4194  03D9                     l1679:
  4195                           
  4196                           ;EAS_ITank_RTC_Interface_40min_Updated.c: 525:     return ack;
  4197  03D9  0874               	movf	I2C_WriteByte@ack,w
  4198  03DA                     l135:
  4199  03DA  0008               	return
  4200  03DB                     __end_of_I2C_WriteByte:
  4201                           
  4202                           	psect	text29
  4203  0599                     __ptext29:	
  4204 ;; *************** function _I2C_Stop *****************
  4205 ;; Defined at:
  4206 ;;		line 475 in file "EAS_ITank_RTC_Interface_40min_Updated.c"
  4207 ;; Parameters:    Size  Location     Type
  4208 ;;		None
  4209 ;; Auto vars:     Size  Location     Type
  4210 ;;		None
  4211 ;; Return value:  Size  Location     Type
  4212 ;;                  1    wreg      void 
  4213 ;; Registers used:
  4214 ;;		wreg, status,2, status,0, pclath, cstack
  4215 ;; Tracked objects:
  4216 ;;		On entry : 0/0
  4217 ;;		On exit  : 0/0
  4218 ;;		Unchanged: 0/0
  4219 ;; Data sizes:     COMMON   BANK0   BANK1
  4220 ;;      Params:         0       0       0
  4221 ;;      Locals:         0       0       0
  4222 ;;      Temps:          0       0       0
  4223 ;;      Totals:         0       0       0
  4224 ;;Total ram usage:        0 bytes
  4225 ;; Hardware stack levels used:    1
  4226 ;; Hardware stack levels required when called:    1
  4227 ;; This function calls:
  4228 ;;		_I2C_Delay
  4229 ;;		_SCL_Release
  4230 ;;		_SDA_Low
  4231 ;;		_SDA_Release
  4232 ;; This function is called by:
  4233 ;;		_DS3231_ReadTime
  4234 ;; This function uses a non-reentrant model
  4235 ;;
  4236                           
  4237                           
  4238                           ;psect for function _I2C_Stop
  4239  0599                     _I2C_Stop:
  4240  0599                     l1635:	
  4241                           ;incstack = 0
  4242                           ; Regs used in _I2C_Stop: [wreg+status,2+status,0+pclath+cstack]
  4243                           
  4244                           
  4245                           ;EAS_ITank_RTC_Interface_40min_Updated.c: 477:     SDA_Low();
  4246  0599  25A5               	fcall	_SDA_Low
  4247  059A                     l1637:
  4248                           
  4249                           ;EAS_ITank_RTC_Interface_40min_Updated.c: 478:     I2C_Delay();
  4250  059A  2532               	fcall	_I2C_Delay
  4251  059B                     l1639:
  4252                           
  4253                           ;EAS_ITank_RTC_Interface_40min_Updated.c: 480:     SCL_Release();
  4254  059B  25C4               	fcall	_SCL_Release
  4255                           
  4256                           ;EAS_ITank_RTC_Interface_40min_Updated.c: 481:     I2C_Delay();
  4257  059C  2532               	fcall	_I2C_Delay
  4258  059D                     l1641:
  4259                           
  4260                           ;EAS_ITank_RTC_Interface_40min_Updated.c: 483:     SDA_Release();
  4261  059D  25C1               	fcall	_SDA_Release
  4262  059E                     l1643:
  4263                           
  4264                           ;EAS_ITank_RTC_Interface_40min_Updated.c: 484:     I2C_Delay();
  4265  059E  2532               	fcall	_I2C_Delay
  4266  059F                     l128:
  4267  059F  0008               	return
  4268  05A0                     __end_of_I2C_Stop:
  4269                           
  4270                           	psect	text30
  4271  0591                     __ptext30:	
  4272 ;; *************** function _I2C_Start *****************
  4273 ;; Defined at:
  4274 ;;		line 462 in file "EAS_ITank_RTC_Interface_40min_Updated.c"
  4275 ;; Parameters:    Size  Location     Type
  4276 ;;		None
  4277 ;; Auto vars:     Size  Location     Type
  4278 ;;		None
  4279 ;; Return value:  Size  Location     Type
  4280 ;;                  1    wreg      void 
  4281 ;; Registers used:
  4282 ;;		wreg, status,2, status,0, pclath, cstack
  4283 ;; Tracked objects:
  4284 ;;		On entry : 0/0
  4285 ;;		On exit  : 0/0
  4286 ;;		Unchanged: 0/0
  4287 ;; Data sizes:     COMMON   BANK0   BANK1
  4288 ;;      Params:         0       0       0
  4289 ;;      Locals:         0       0       0
  4290 ;;      Temps:          0       0       0
  4291 ;;      Totals:         0       0       0
  4292 ;;Total ram usage:        0 bytes
  4293 ;; Hardware stack levels used:    1
  4294 ;; Hardware stack levels required when called:    1
  4295 ;; This function calls:
  4296 ;;		_I2C_Delay
  4297 ;;		_SCL_Low
  4298 ;;		_SCL_Release
  4299 ;;		_SDA_Low
  4300 ;;		_SDA_Release
  4301 ;; This function is called by:
  4302 ;;		_DS3231_ReadTime
  4303 ;; This function uses a non-reentrant model
  4304 ;;
  4305                           
  4306                           
  4307                           ;psect for function _I2C_Start
  4308  0591                     _I2C_Start:
  4309  0591                     l1625:	
  4310                           ;incstack = 0
  4311                           ; Regs used in _I2C_Start: [wreg+status,2+status,0+pclath+cstack]
  4312                           
  4313                           
  4314                           ;EAS_ITank_RTC_Interface_40min_Updated.c: 464:     SDA_Release();
  4315  0591  25C1               	fcall	_SDA_Release
  4316                           
  4317                           ;EAS_ITank_RTC_Interface_40min_Updated.c: 465:     SCL_Release();
  4318  0592  25C4               	fcall	_SCL_Release
  4319  0593                     l1627:
  4320                           
  4321                           ;EAS_ITank_RTC_Interface_40min_Updated.c: 466:     I2C_Delay();
  4322  0593  2532               	fcall	_I2C_Delay
  4323  0594                     l1629:
  4324                           
  4325                           ;EAS_ITank_RTC_Interface_40min_Updated.c: 468:     SDA_Low();
  4326  0594  25A5               	fcall	_SDA_Low
  4327                           
  4328                           ;EAS_ITank_RTC_Interface_40min_Updated.c: 469:     I2C_Delay();
  4329  0595  2532               	fcall	_I2C_Delay
  4330  0596                     l1631:
  4331                           
  4332                           ;EAS_ITank_RTC_Interface_40min_Updated.c: 471:     SCL_Low();
  4333  0596  25AA               	fcall	_SCL_Low
  4334  0597                     l1633:
  4335                           
  4336                           ;EAS_ITank_RTC_Interface_40min_Updated.c: 472:     I2C_Delay();
  4337  0597  2532               	fcall	_I2C_Delay
  4338  0598                     l125:
  4339  0598  0008               	return
  4340  0599                     __end_of_I2C_Start:
  4341                           
  4342                           	psect	text31
  4343  03DB                     __ptext31:	
  4344 ;; *************** function _I2C_ReadByte *****************
  4345 ;; Defined at:
  4346 ;;		line 528 in file "EAS_ITank_RTC_Interface_40min_Updated.c"
  4347 ;; Parameters:    Size  Location     Type
  4348 ;;  send_ack        1    wreg     _Bool 
  4349 ;; Auto vars:     Size  Location     Type
  4350 ;;  send_ack        1    3[COMMON] _Bool 
  4351 ;;  i               1    5[COMMON] unsigned char 
  4352 ;;  data            1    4[COMMON] unsigned char 
  4353 ;; Return value:  Size  Location     Type
  4354 ;;                  1    wreg      unsigned char 
  4355 ;; Registers used:
  4356 ;;		wreg, status,2, status,0, pclath, cstack
  4357 ;; Tracked objects:
  4358 ;;		On entry : 0/0
  4359 ;;		On exit  : 0/0
  4360 ;;		Unchanged: 0/0
  4361 ;; Data sizes:     COMMON   BANK0   BANK1
  4362 ;;      Params:         0       0       0
  4363 ;;      Locals:         3       0       0
  4364 ;;      Temps:          1       0       0
  4365 ;;      Totals:         4       0       0
  4366 ;;Total ram usage:        4 bytes
  4367 ;; Hardware stack levels used:    1
  4368 ;; Hardware stack levels required when called:    1
  4369 ;; This function calls:
  4370 ;;		_I2C_Delay
  4371 ;;		_SCL_Low
  4372 ;;		_SCL_Release
  4373 ;;		_SDA_Low
  4374 ;;		_SDA_Read
  4375 ;;		_SDA_Release
  4376 ;; This function is called by:
  4377 ;;		_DS3231_ReadTime
  4378 ;; This function uses a non-reentrant model
  4379 ;;
  4380                           
  4381                           
  4382                           ;psect for function _I2C_ReadByte
  4383  03DB                     _I2C_ReadByte:
  4384                           
  4385                           ;incstack = 0
  4386                           ; Regs used in _I2C_ReadByte: [wreg+status,2+status,0+pclath+cstack]
  4387                           ;I2C_ReadByte@send_ack stored from wreg
  4388  03DB  00F3               	movwf	I2C_ReadByte@send_ack
  4389  03DC                     l1683:
  4390                           
  4391                           ;EAS_ITank_RTC_Interface_40min_Updated.c: 528: static uint8_t I2C_ReadByte(_Bool send_ac
      +                          k);EAS_ITank_RTC_Interface_40min_Updated.c: 529: {;EAS_ITank_RTC_Interface_40min_Updated
      +                          .c: 530:     uint8_t i;;EAS_ITank_RTC_Interface_40min_Updated.c: 531:     uint8_t data =
      +                           0;
  4392  03DC  01F4               	clrf	I2C_ReadByte@data
  4393  03DD                     l1685:
  4394                           
  4395                           ;EAS_ITank_RTC_Interface_40min_Updated.c: 533:     SDA_Release();
  4396  03DD  25C1               	fcall	_SDA_Release
  4397  03DE                     l1687:
  4398                           
  4399                           ;EAS_ITank_RTC_Interface_40min_Updated.c: 535:     for (i = 0; i < 8; i++)
  4400  03DE  01F5               	clrf	I2C_ReadByte@i
  4401  03DF                     l1693:
  4402                           
  4403                           ;EAS_ITank_RTC_Interface_40min_Updated.c: 536:     {;EAS_ITank_RTC_Interface_40min_Updat
      +                          ed.c: 537:         data <<= 1;
  4404  03DF  1003               	clrc
  4405  03E0  0DF4               	rlf	I2C_ReadByte@data,f
  4406  03E1                     l1695:
  4407                           
  4408                           ;EAS_ITank_RTC_Interface_40min_Updated.c: 539:         SCL_Release();
  4409  03E1  25C4               	fcall	_SCL_Release
  4410                           
  4411                           ;EAS_ITank_RTC_Interface_40min_Updated.c: 540:         I2C_Delay();
  4412  03E2  2532               	fcall	_I2C_Delay
  4413                           
  4414                           ;EAS_ITank_RTC_Interface_40min_Updated.c: 542:         if (SDA_Read() != 0)
  4415  03E3  25B7               	fcall	_SDA_Read
  4416  03E4  3A00               	xorlw	0
  4417  03E5  1903               	skipnz
  4418  03E6  2BE8               	goto	u1031
  4419  03E7  2BE9               	goto	u1030
  4420  03E8                     u1031:
  4421  03E8  2BEA               	goto	l1699
  4422  03E9                     u1030:
  4423  03E9                     l1697:
  4424                           
  4425                           ;EAS_ITank_RTC_Interface_40min_Updated.c: 543:         {;EAS_ITank_RTC_Interface_40min_U
      +                          pdated.c: 544:             data |= 1;
  4426  03E9  1474               	bsf	I2C_ReadByte@data,0
  4427  03EA                     l1699:
  4428                           
  4429                           ;EAS_ITank_RTC_Interface_40min_Updated.c: 547:         SCL_Low();
  4430  03EA  25AA               	fcall	_SCL_Low
  4431  03EB                     l1701:
  4432                           
  4433                           ;EAS_ITank_RTC_Interface_40min_Updated.c: 548:         I2C_Delay();
  4434  03EB  2532               	fcall	_I2C_Delay
  4435  03EC                     l1703:
  4436                           
  4437                           ;EAS_ITank_RTC_Interface_40min_Updated.c: 549:     }
  4438  03EC  3001               	movlw	1
  4439  03ED  00F2               	movwf	??_I2C_ReadByte
  4440  03EE  0872               	movf	??_I2C_ReadByte,w
  4441  03EF  07F5               	addwf	I2C_ReadByte@i,f
  4442  03F0                     l1705:
  4443  03F0  3008               	movlw	8
  4444  03F1  0275               	subwf	I2C_ReadByte@i,w
  4445  03F2  1C03               	skipc
  4446  03F3  2BF5               	goto	u1041
  4447  03F4  2BF6               	goto	u1040
  4448  03F5                     u1041:
  4449  03F5  2BDF               	goto	l1693
  4450  03F6                     u1040:
  4451  03F6                     l1707:
  4452                           
  4453                           ;EAS_ITank_RTC_Interface_40min_Updated.c: 551:     if (send_ack)
  4454  03F6  0873               	movf	I2C_ReadByte@send_ack,w
  4455  03F7  1903               	btfsc	3,2
  4456  03F8  2BFA               	goto	u1051
  4457  03F9  2BFB               	goto	u1050
  4458  03FA                     u1051:
  4459  03FA  2BFD               	goto	l1711
  4460  03FB                     u1050:
  4461  03FB                     l1709:
  4462                           
  4463                           ;EAS_ITank_RTC_Interface_40min_Updated.c: 552:     {;EAS_ITank_RTC_Interface_40min_Updat
      +                          ed.c: 553:         SDA_Low();
  4464  03FB  25A5               	fcall	_SDA_Low
  4465                           
  4466                           ;EAS_ITank_RTC_Interface_40min_Updated.c: 554:     }
  4467  03FC  2BFE               	goto	l1713
  4468  03FD                     l1711:
  4469                           
  4470                           ;EAS_ITank_RTC_Interface_40min_Updated.c: 556:     {;EAS_ITank_RTC_Interface_40min_Updat
      +                          ed.c: 557:         SDA_Release();
  4471  03FD  25C1               	fcall	_SDA_Release
  4472  03FE                     l1713:
  4473                           
  4474                           ;EAS_ITank_RTC_Interface_40min_Updated.c: 560:     I2C_Delay();
  4475  03FE  2532               	fcall	_I2C_Delay
  4476  03FF                     l1715:
  4477                           
  4478                           ;EAS_ITank_RTC_Interface_40min_Updated.c: 562:     SCL_Release();
  4479  03FF  25C4               	fcall	_SCL_Release
  4480                           
  4481                           ;EAS_ITank_RTC_Interface_40min_Updated.c: 563:     I2C_Delay();
  4482  0400  2532               	fcall	_I2C_Delay
  4483  0401                     l1717:
  4484                           
  4485                           ;EAS_ITank_RTC_Interface_40min_Updated.c: 565:     SCL_Low();
  4486  0401  25AA               	fcall	_SCL_Low
  4487  0402                     l1719:
  4488                           
  4489                           ;EAS_ITank_RTC_Interface_40min_Updated.c: 566:     I2C_Delay();
  4490  0402  2532               	fcall	_I2C_Delay
  4491                           
  4492                           ;EAS_ITank_RTC_Interface_40min_Updated.c: 568:     SDA_Release();
  4493  0403  25C1               	fcall	_SDA_Release
  4494  0404                     l1721:
  4495                           
  4496                           ;EAS_ITank_RTC_Interface_40min_Updated.c: 570:     return data;
  4497  0404  0874               	movf	I2C_ReadByte@data,w
  4498  0405                     l143:
  4499  0405  0008               	return
  4500  0406                     __end_of_I2C_ReadByte:
  4501                           
  4502                           	psect	text32
  4503  05C1                     __ptext32:	
  4504 ;; *************** function _SDA_Release *****************
  4505 ;; Defined at:
  4506 ;;		line 428 in file "EAS_ITank_RTC_Interface_40min_Updated.c"
  4507 ;; Parameters:    Size  Location     Type
  4508 ;;		None
  4509 ;; Auto vars:     Size  Location     Type
  4510 ;;		None
  4511 ;; Return value:  Size  Location     Type
  4512 ;;                  1    wreg      void 
  4513 ;; Registers used:
  4514 ;;		None
  4515 ;; Tracked objects:
  4516 ;;		On entry : 0/0
  4517 ;;		On exit  : 0/0
  4518 ;;		Unchanged: 0/0
  4519 ;; Data sizes:     COMMON   BANK0   BANK1
  4520 ;;      Params:         0       0       0
  4521 ;;      Locals:         0       0       0
  4522 ;;      Temps:          0       0       0
  4523 ;;      Totals:         0       0       0
  4524 ;;Total ram usage:        0 bytes
  4525 ;; Hardware stack levels used:    1
  4526 ;; This function calls:
  4527 ;;		Nothing
  4528 ;; This function is called by:
  4529 ;;		_I2C_Init
  4530 ;;		_I2C_Start
  4531 ;;		_I2C_Stop
  4532 ;;		_I2C_WriteByte
  4533 ;;		_I2C_ReadByte
  4534 ;;		_Init_Device
  4535 ;; This function uses a non-reentrant model
  4536 ;;
  4537                           
  4538                           
  4539                           ;psect for function _SDA_Release
  4540  05C1                     _SDA_Release:
  4541  05C1                     l1583:	
  4542                           ;incstack = 0
  4543                           ; Regs used in _SDA_Release: []
  4544                           
  4545                           
  4546                           ;EAS_ITank_RTC_Interface_40min_Updated.c: 430:     TRISIObits.TRISIO1 = 1;
  4547  05C1  1683               	bsf	3,5	;RP0=1, select bank1
  4548  05C2  1485               	bsf	5,1	;volatile
  4549  05C3                     l110:
  4550  05C3  0008               	return
  4551  05C4                     __end_of_SDA_Release:
  4552                           
  4553                           	psect	text33
  4554  05B7                     __ptext33:	
  4555 ;; *************** function _SDA_Read *****************
  4556 ;; Defined at:
  4557 ;;		line 444 in file "EAS_ITank_RTC_Interface_40min_Updated.c"
  4558 ;; Parameters:    Size  Location     Type
  4559 ;;		None
  4560 ;; Auto vars:     Size  Location     Type
  4561 ;;		None
  4562 ;; Return value:  Size  Location     Type
  4563 ;;                  1    wreg      unsigned char 
  4564 ;; Registers used:
  4565 ;;		wreg, status,2, status,0
  4566 ;; Tracked objects:
  4567 ;;		On entry : 0/0
  4568 ;;		On exit  : 0/0
  4569 ;;		Unchanged: 0/0
  4570 ;; Data sizes:     COMMON   BANK0   BANK1
  4571 ;;      Params:         0       0       0
  4572 ;;      Locals:         0       0       0
  4573 ;;      Temps:          0       0       0
  4574 ;;      Totals:         0       0       0
  4575 ;;Total ram usage:        0 bytes
  4576 ;; Hardware stack levels used:    1
  4577 ;; This function calls:
  4578 ;;		Nothing
  4579 ;; This function is called by:
  4580 ;;		_I2C_WriteByte
  4581 ;;		_I2C_ReadByte
  4582 ;; This function uses a non-reentrant model
  4583 ;;
  4584                           
  4585                           
  4586                           ;psect for function _SDA_Read
  4587  05B7                     _SDA_Read:
  4588  05B7                     l1589:	
  4589                           ;incstack = 0
  4590                           ; Regs used in _SDA_Read: [wreg+status,2+status,0]
  4591                           
  4592                           
  4593                           ;EAS_ITank_RTC_Interface_40min_Updated.c: 446:     return GPIObits.GP1;
  4594  05B7  1283               	bcf	3,5	;RP0=0, select bank0
  4595  05B8  0C05               	rrf	5,w	;volatile
  4596  05B9  3901               	andlw	1
  4597  05BA                     l119:
  4598  05BA  0008               	return
  4599  05BB                     __end_of_SDA_Read:
  4600                           
  4601                           	psect	text34
  4602  05A5                     __ptext34:	
  4603 ;; *************** function _SDA_Low *****************
  4604 ;; Defined at:
  4605 ;;		line 422 in file "EAS_ITank_RTC_Interface_40min_Updated.c"
  4606 ;; Parameters:    Size  Location     Type
  4607 ;;		None
  4608 ;; Auto vars:     Size  Location     Type
  4609 ;;		None
  4610 ;; Return value:  Size  Location     Type
  4611 ;;                  1    wreg      void 
  4612 ;; Registers used:
  4613 ;;		None
  4614 ;; Tracked objects:
  4615 ;;		On entry : 0/0
  4616 ;;		On exit  : 0/0
  4617 ;;		Unchanged: 0/0
  4618 ;; Data sizes:     COMMON   BANK0   BANK1
  4619 ;;      Params:         0       0       0
  4620 ;;      Locals:         0       0       0
  4621 ;;      Temps:          0       0       0
  4622 ;;      Totals:         0       0       0
  4623 ;;Total ram usage:        0 bytes
  4624 ;; Hardware stack levels used:    1
  4625 ;; This function calls:
  4626 ;;		Nothing
  4627 ;; This function is called by:
  4628 ;;		_I2C_Start
  4629 ;;		_I2C_Stop
  4630 ;;		_I2C_WriteByte
  4631 ;;		_I2C_ReadByte
  4632 ;; This function uses a non-reentrant model
  4633 ;;
  4634                           
  4635                           
  4636                           ;psect for function _SDA_Low
  4637  05A5                     _SDA_Low:
  4638  05A5                     l1581:	
  4639                           ;incstack = 0
  4640                           ; Regs used in _SDA_Low: []
  4641                           
  4642                           
  4643                           ;EAS_ITank_RTC_Interface_40min_Updated.c: 424:     GPIObits.GP1 = 0;
  4644  05A5  1283               	bcf	3,5	;RP0=0, select bank0
  4645  05A6  1085               	bcf	5,1	;volatile
  4646                           
  4647                           ;EAS_ITank_RTC_Interface_40min_Updated.c: 425:     TRISIObits.TRISIO1 = 0;
  4648  05A7  1683               	bsf	3,5	;RP0=1, select bank1
  4649  05A8  1085               	bcf	5,1	;volatile
  4650  05A9                     l107:
  4651  05A9  0008               	return
  4652  05AA                     __end_of_SDA_Low:
  4653                           
  4654                           	psect	text35
  4655  05C4                     __ptext35:	
  4656 ;; *************** function _SCL_Release *****************
  4657 ;; Defined at:
  4658 ;;		line 439 in file "EAS_ITank_RTC_Interface_40min_Updated.c"
  4659 ;; Parameters:    Size  Location     Type
  4660 ;;		None
  4661 ;; Auto vars:     Size  Location     Type
  4662 ;;		None
  4663 ;; Return value:  Size  Location     Type
  4664 ;;                  1    wreg      void 
  4665 ;; Registers used:
  4666 ;;		None
  4667 ;; Tracked objects:
  4668 ;;		On entry : 0/0
  4669 ;;		On exit  : 0/0
  4670 ;;		Unchanged: 0/0
  4671 ;; Data sizes:     COMMON   BANK0   BANK1
  4672 ;;      Params:         0       0       0
  4673 ;;      Locals:         0       0       0
  4674 ;;      Temps:          0       0       0
  4675 ;;      Totals:         0       0       0
  4676 ;;Total ram usage:        0 bytes
  4677 ;; Hardware stack levels used:    1
  4678 ;; This function calls:
  4679 ;;		Nothing
  4680 ;; This function is called by:
  4681 ;;		_I2C_Init
  4682 ;;		_I2C_Start
  4683 ;;		_I2C_Stop
  4684 ;;		_I2C_WriteByte
  4685 ;;		_I2C_ReadByte
  4686 ;;		_Init_Device
  4687 ;; This function uses a non-reentrant model
  4688 ;;
  4689                           
  4690                           
  4691                           ;psect for function _SCL_Release
  4692  05C4                     _SCL_Release:
  4693  05C4                     l1587:	
  4694                           ;incstack = 0
  4695                           ; Regs used in _SCL_Release: []
  4696                           
  4697                           
  4698                           ;EAS_ITank_RTC_Interface_40min_Updated.c: 441:     TRISIObits.TRISIO2 = 1;
  4699  05C4  1683               	bsf	3,5	;RP0=1, select bank1
  4700  05C5  1505               	bsf	5,2	;volatile
  4701  05C6                     l116:
  4702  05C6  0008               	return
  4703  05C7                     __end_of_SCL_Release:
  4704                           
  4705                           	psect	text36
  4706  05AA                     __ptext36:	
  4707 ;; *************** function _SCL_Low *****************
  4708 ;; Defined at:
  4709 ;;		line 433 in file "EAS_ITank_RTC_Interface_40min_Updated.c"
  4710 ;; Parameters:    Size  Location     Type
  4711 ;;		None
  4712 ;; Auto vars:     Size  Location     Type
  4713 ;;		None
  4714 ;; Return value:  Size  Location     Type
  4715 ;;                  1    wreg      void 
  4716 ;; Registers used:
  4717 ;;		None
  4718 ;; Tracked objects:
  4719 ;;		On entry : 0/0
  4720 ;;		On exit  : 0/0
  4721 ;;		Unchanged: 0/0
  4722 ;; Data sizes:     COMMON   BANK0   BANK1
  4723 ;;      Params:         0       0       0
  4724 ;;      Locals:         0       0       0
  4725 ;;      Temps:          0       0       0
  4726 ;;      Totals:         0       0       0
  4727 ;;Total ram usage:        0 bytes
  4728 ;; Hardware stack levels used:    1
  4729 ;; This function calls:
  4730 ;;		Nothing
  4731 ;; This function is called by:
  4732 ;;		_I2C_Start
  4733 ;;		_I2C_WriteByte
  4734 ;;		_I2C_ReadByte
  4735 ;; This function uses a non-reentrant model
  4736 ;;
  4737                           
  4738                           
  4739                           ;psect for function _SCL_Low
  4740  05AA                     _SCL_Low:
  4741  05AA                     l1585:	
  4742                           ;incstack = 0
  4743                           ; Regs used in _SCL_Low: []
  4744                           
  4745                           
  4746                           ;EAS_ITank_RTC_Interface_40min_Updated.c: 435:     GPIObits.GP2 = 0;
  4747  05AA  1283               	bcf	3,5	;RP0=0, select bank0
  4748  05AB  1105               	bcf	5,2	;volatile
  4749                           
  4750                           ;EAS_ITank_RTC_Interface_40min_Updated.c: 436:     TRISIObits.TRISIO2 = 0;
  4751  05AC  1683               	bsf	3,5	;RP0=1, select bank1
  4752  05AD  1105               	bcf	5,2	;volatile
  4753  05AE                     l113:
  4754  05AE  0008               	return
  4755  05AF                     __end_of_SCL_Low:
  4756                           
  4757                           	psect	text37
  4758  0532                     __ptext37:	
  4759 ;; *************** function _I2C_Delay *****************
  4760 ;; Defined at:
  4761 ;;		line 409 in file "EAS_ITank_RTC_Interface_40min_Updated.c"
  4762 ;; Parameters:    Size  Location     Type
  4763 ;;		None
  4764 ;; Auto vars:     Size  Location     Type
  4765 ;;  i               1    1[COMMON] volatile unsigned char 
  4766 ;; Return value:  Size  Location     Type
  4767 ;;                  1    wreg      void 
  4768 ;; Registers used:
  4769 ;;		wreg, status,2, status,0
  4770 ;; Tracked objects:
  4771 ;;		On entry : 0/0
  4772 ;;		On exit  : 0/0
  4773 ;;		Unchanged: 0/0
  4774 ;; Data sizes:     COMMON   BANK0   BANK1
  4775 ;;      Params:         0       0       0
  4776 ;;      Locals:         1       0       0
  4777 ;;      Temps:          1       0       0
  4778 ;;      Totals:         2       0       0
  4779 ;;Total ram usage:        2 bytes
  4780 ;; Hardware stack levels used:    1
  4781 ;; This function calls:
  4782 ;;		Nothing
  4783 ;; This function is called by:
  4784 ;;		_I2C_Init
  4785 ;;		_I2C_Start
  4786 ;;		_I2C_Stop
  4787 ;;		_I2C_WriteByte
  4788 ;;		_I2C_ReadByte
  4789 ;; This function uses a non-reentrant model
  4790 ;;
  4791                           
  4792                           
  4793                           ;psect for function _I2C_Delay
  4794  0532                     _I2C_Delay:
  4795  0532                     l1571:	
  4796                           ;incstack = 0
  4797                           ; Regs used in _I2C_Delay: [wreg+status,2+status,0]
  4798                           
  4799                           
  4800                           ;EAS_ITank_RTC_Interface_40min_Updated.c: 411:     volatile uint8_t i;;EAS_ITank_RTC_Int
      +                          erface_40min_Updated.c: 413:     for (i = 0; i < 50; i++)
  4801  0532  01F1               	clrf	I2C_Delay@i	;volatile
  4802  0533                     l1573:
  4803  0533  3032               	movlw	50
  4804  0534  0271               	subwf	I2C_Delay@i,w	;volatile
  4805  0535  1C03               	skipc
  4806  0536  2D38               	goto	u951
  4807  0537  2D39               	goto	u950
  4808  0538                     u951:
  4809  0538  2D3A               	goto	l1577
  4810  0539                     u950:
  4811  0539  2D3F               	goto	l104
  4812  053A                     l1577:
  4813                           
  4814                           ;EAS_ITank_RTC_Interface_40min_Updated.c: 414:     {;EAS_ITank_RTC_Interface_40min_Updat
      +                          ed.c: 416:     }
  4815  053A  3001               	movlw	1
  4816  053B  00F0               	movwf	??_I2C_Delay
  4817  053C  0870               	movf	??_I2C_Delay,w
  4818  053D  07F1               	addwf	I2C_Delay@i,f	;volatile
  4819  053E  2D33               	goto	l1573
  4820  053F                     l104:
  4821  053F  0008               	return
  4822  0540                     __end_of_I2C_Delay:
  4823                           
  4824                           	psect	text38
  4825  04E9                     __ptext38:	
  4826 ;; *************** function _BCD_To_Dec *****************
  4827 ;; Defined at:
  4828 ;;		line 576 in file "EAS_ITank_RTC_Interface_40min_Updated.c"
  4829 ;; Parameters:    Size  Location     Type
  4830 ;;  bcd             1    wreg     unsigned char 
  4831 ;; Auto vars:     Size  Location     Type
  4832 ;;  bcd             1    8[COMMON] unsigned char 
  4833 ;;  ones            1    7[COMMON] unsigned char 
  4834 ;;  tens            1    6[COMMON] unsigned char 
  4835 ;; Return value:  Size  Location     Type
  4836 ;;                  1    wreg      unsigned char 
  4837 ;; Registers used:
  4838 ;;		wreg, status,2, status,0, pclath, cstack
  4839 ;; Tracked objects:
  4840 ;;		On entry : 0/0
  4841 ;;		On exit  : 0/0
  4842 ;;		Unchanged: 0/0
  4843 ;; Data sizes:     COMMON   BANK0   BANK1
  4844 ;;      Params:         0       0       0
  4845 ;;      Locals:         3       0       0
  4846 ;;      Temps:          2       0       0
  4847 ;;      Totals:         5       0       0
  4848 ;;Total ram usage:        5 bytes
  4849 ;; Hardware stack levels used:    1
  4850 ;; Hardware stack levels required when called:    1
  4851 ;; This function calls:
  4852 ;;		___bmul
  4853 ;; This function is called by:
  4854 ;;		_DS3231_ReadTime
  4855 ;; This function uses a non-reentrant model
  4856 ;;
  4857                           
  4858                           
  4859                           ;psect for function _BCD_To_Dec
  4860  04E9                     _BCD_To_Dec:
  4861                           
  4862                           ;incstack = 0
  4863                           ; Regs used in _BCD_To_Dec: [wreg+status,2+status,0+pclath+cstack]
  4864                           ;BCD_To_Dec@bcd stored from wreg
  4865  04E9  00F8               	movwf	BCD_To_Dec@bcd
  4866  04EA                     l1725:
  4867                           
  4868                           ;EAS_ITank_RTC_Interface_40min_Updated.c: 576: static uint8_t BCD_To_Dec(uint8_t bcd);EA
      +                          S_ITank_RTC_Interface_40min_Updated.c: 577: {;EAS_ITank_RTC_Interface_40min_Updated.c: 5
      +                          78:     uint8_t tens;;EAS_ITank_RTC_Interface_40min_Updated.c: 579:     uint8_t ones;;EA
      +                          S_ITank_RTC_Interface_40min_Updated.c: 581:     tens = (uint8_t)((bcd >> 4) & 0x0F);
  4869  04EA  0878               	movf	BCD_To_Dec@bcd,w
  4870  04EB  00F4               	movwf	??_BCD_To_Dec
  4871  04EC  3004               	movlw	4
  4872  04ED                     u1065:
  4873  04ED  1003               	clrc
  4874  04EE  0CF4               	rrf	??_BCD_To_Dec,f
  4875  04EF  3EFF               	addlw	-1
  4876  04F0  1D03               	skipz
  4877  04F1  2CED               	goto	u1065
  4878  04F2  0874               	movf	??_BCD_To_Dec,w
  4879  04F3  390F               	andlw	15
  4880  04F4  00F5               	movwf	??_BCD_To_Dec+1
  4881  04F5  0875               	movf	??_BCD_To_Dec+1,w
  4882  04F6  00F6               	movwf	BCD_To_Dec@tens
  4883  04F7                     l1727:
  4884                           
  4885                           ;EAS_ITank_RTC_Interface_40min_Updated.c: 582:     ones = (uint8_t)(bcd & 0x0F);
  4886  04F7  0878               	movf	BCD_To_Dec@bcd,w
  4887  04F8  390F               	andlw	15
  4888  04F9  00F4               	movwf	??_BCD_To_Dec
  4889  04FA  0874               	movf	??_BCD_To_Dec,w
  4890  04FB  00F7               	movwf	BCD_To_Dec@ones
  4891  04FC                     l1729:
  4892                           
  4893                           ;EAS_ITank_RTC_Interface_40min_Updated.c: 584:     return (uint8_t)((tens * 10) + ones);
  4894  04FC  300A               	movlw	10
  4895  04FD  00F4               	movwf	??_BCD_To_Dec
  4896  04FE  0874               	movf	??_BCD_To_Dec,w
  4897  04FF  00F0               	movwf	___bmul@multiplicand
  4898  0500  0876               	movf	BCD_To_Dec@tens,w
  4899  0501  251D               	fcall	___bmul
  4900  0502  0777               	addwf	BCD_To_Dec@ones,w
  4901  0503                     l146:
  4902  0503  0008               	return
  4903  0504                     __end_of_BCD_To_Dec:
  4904                           
  4905                           	psect	text39
  4906  051D                     __ptext39:	
  4907 ;; *************** function ___bmul *****************
  4908 ;; Defined at:
  4909 ;;		line 4 in file "C:\Program Files\Microchip\xc8\v2.31\pic\sources\c90\common\Umul8.c"
  4910 ;; Parameters:    Size  Location     Type
  4911 ;;  multiplier      1    wreg     unsigned char 
  4912 ;;  multiplicand    1    0[COMMON] unsigned char 
  4913 ;; Auto vars:     Size  Location     Type
  4914 ;;  multiplier      1    3[COMMON] unsigned char 
  4915 ;;  product         1    2[COMMON] unsigned char 
  4916 ;; Return value:  Size  Location     Type
  4917 ;;                  1    wreg      unsigned char 
  4918 ;; Registers used:
  4919 ;;		wreg, status,2, status,0
  4920 ;; Tracked objects:
  4921 ;;		On entry : 0/0
  4922 ;;		On exit  : 0/0
  4923 ;;		Unchanged: 0/0
  4924 ;; Data sizes:     COMMON   BANK0   BANK1
  4925 ;;      Params:         1       0       0
  4926 ;;      Locals:         2       0       0
  4927 ;;      Temps:          1       0       0
  4928 ;;      Totals:         4       0       0
  4929 ;;Total ram usage:        4 bytes
  4930 ;; Hardware stack levels used:    1
  4931 ;; This function calls:
  4932 ;;		Nothing
  4933 ;; This function is called by:
  4934 ;;		_BCD_To_Dec
  4935 ;; This function uses a non-reentrant model
  4936 ;;
  4937                           
  4938                           
  4939                           ;psect for function ___bmul
  4940  051D                     ___bmul:
  4941                           
  4942                           ;incstack = 0
  4943                           ; Regs used in ___bmul: [wreg+status,2+status,0]
  4944                           ;___bmul@multiplier stored from wreg
  4945  051D  00F3               	movwf	___bmul@multiplier
  4946  051E                     l1593:
  4947  051E  01F2               	clrf	___bmul@product
  4948  051F                     l1595:
  4949  051F  1C73               	btfss	___bmul@multiplier,0
  4950  0520  2D22               	goto	u961
  4951  0521  2D23               	goto	u960
  4952  0522                     u961:
  4953  0522  2D27               	goto	l1599
  4954  0523                     u960:
  4955  0523                     l1597:
  4956  0523  0870               	movf	___bmul@multiplicand,w
  4957  0524  00F1               	movwf	??___bmul
  4958  0525  0871               	movf	??___bmul,w
  4959  0526  07F2               	addwf	___bmul@product,f
  4960  0527                     l1599:
  4961  0527  1003               	clrc
  4962  0528  0DF0               	rlf	___bmul@multiplicand,f
  4963  0529                     l1601:
  4964  0529  1003               	clrc
  4965  052A  0CF3               	rrf	___bmul@multiplier,f
  4966  052B  0873               	movf	___bmul@multiplier,w
  4967  052C  1D03               	btfss	3,2
  4968  052D  2D2F               	goto	u971
  4969  052E  2D30               	goto	u970
  4970  052F                     u971:
  4971  052F  2D1F               	goto	l1595
  4972  0530                     u970:
  4973  0530                     l1603:
  4974  0530  0872               	movf	___bmul@product,w
  4975  0531                     l379:
  4976  0531  0008               	return
  4977  0532                     __end_of___bmul:
  4978                           
  4979                           	psect	text40
  4980  0378                     __ptext40:	
  4981 ;; *************** function _Already_Triggered_This_Minute *****************
  4982 ;; Defined at:
  4983 ;;		line 1053 in file "EAS_ITank_RTC_Interface_40min_Updated.c"
  4984 ;; Parameters:    Size  Location     Type
  4985 ;;  now             1    wreg     PTR const struct .
  4986 ;;		 -> main@now(7), 
  4987 ;;  last_hour       1    0[COMMON] unsigned char 
  4988 ;;  last_minute     1    1[COMMON] unsigned char 
  4989 ;;  last_date       1    2[COMMON] unsigned char 
  4990 ;;  last_month      1    3[COMMON] unsigned char 
  4991 ;;  last_year       1    4[COMMON] unsigned char 
  4992 ;; Auto vars:     Size  Location     Type
  4993 ;;  now             1    5[COMMON] PTR const struct .
  4994 ;;		 -> main@now(7), 
  4995 ;; Return value:  Size  Location     Type
  4996 ;;                  1    wreg      _Bool 
  4997 ;; Registers used:
  4998 ;;		wreg, fsr0l, fsr0h, status,2, status,0
  4999 ;; Tracked objects:
  5000 ;;		On entry : 0/0
  5001 ;;		On exit  : 0/0
  5002 ;;		Unchanged: 0/0
  5003 ;; Data sizes:     COMMON   BANK0   BANK1
  5004 ;;      Params:         5       0       0
  5005 ;;      Locals:         1       0       0
  5006 ;;      Temps:          0       0       0
  5007 ;;      Totals:         6       0       0
  5008 ;;Total ram usage:        6 bytes
  5009 ;; Hardware stack levels used:    1
  5010 ;; This function calls:
  5011 ;;		Nothing
  5012 ;; This function is called by:
  5013 ;;		_main
  5014 ;; This function uses a non-reentrant model
  5015 ;;
  5016                           
  5017                           
  5018                           ;psect for function _Already_Triggered_This_Minute
  5019  0378                     _Already_Triggered_This_Minute:
  5020                           
  5021                           ;incstack = 0
  5022                           ; Regs used in _Already_Triggered_This_Minute: [wreg-fsr0h+status,2+status,0]
  5023                           ;Already_Triggered_This_Minute@now stored from wreg
  5024  0378  00F5               	movwf	Already_Triggered_This_Minute@now
  5025  0379                     l2157:
  5026                           
  5027                           ;EAS_ITank_RTC_Interface_40min_Updated.c: 1053: static _Bool Already_Triggered_This_Minu
      +                          te(const RTC_Time *now,;EAS_ITank_RTC_Interface_40min_Updated.c: 1054:                  
      +                                                   uint8_t last_hour,;EAS_ITank_RTC_Interface_40min_Updated.c: 105
      +                          5:                                           uint8_t last_minute,;EAS_ITank_RTC_Interfac
      +                          e_40min_Updated.c: 1056:                                           uint8_t last_date,;EA
      +                          S_ITank_RTC_Interface_40min_Updated.c: 1057:                                           u
      +                          int8_t last_month,
  5028  0379  0875               	movf	Already_Triggered_This_Minute@now,w
  5029  037A  3E02               	addlw	2
  5030  037B  0084               	movwf	4
  5031  037C  1383               	bcf	3,7	;select IRP bank0
  5032  037D  0800               	movf	0,w
  5033  037E  0670               	xorwf	Already_Triggered_This_Minute@last_hour,w
  5034  037F  1903               	skipnz
  5035  0380  2B82               	goto	u1771
  5036  0381  2B83               	goto	u1770
  5037  0382                     u1771:
  5038  0382  2B85               	goto	l2163
  5039  0383                     u1770:
  5040  0383                     l2159:
  5041                           
  5042                           ;EAS_ITank_RTC_Interface_40min_Updated.c: 1061:     {;EAS_ITank_RTC_Interface_40min_Upda
      +                          ted.c: 1062:         return 0;
  5043  0383  3000               	movlw	0
  5044  0384  2BAD               	goto	l244
  5045  0385                     l2163:
  5046                           
  5047                           ;EAS_ITank_RTC_Interface_40min_Updated.c: 1065:     if (now->minute != last_minute)
  5048  0385  0A75               	incf	Already_Triggered_This_Minute@now,w
  5049  0386  0084               	movwf	4
  5050  0387  0800               	movf	0,w
  5051  0388  0671               	xorwf	Already_Triggered_This_Minute@last_minute,w
  5052  0389  1903               	skipnz
  5053  038A  2B8C               	goto	u1781
  5054  038B  2B8D               	goto	u1780
  5055  038C                     u1781:
  5056  038C  2B8E               	goto	l2169
  5057  038D                     u1780:
  5058  038D  2B83               	goto	l2159
  5059  038E                     l2169:
  5060                           
  5061                           ;EAS_ITank_RTC_Interface_40min_Updated.c: 1070:     if (now->date != last_date)
  5062  038E  0875               	movf	Already_Triggered_This_Minute@now,w
  5063  038F  3E04               	addlw	4
  5064  0390  0084               	movwf	4
  5065  0391  0800               	movf	0,w
  5066  0392  0672               	xorwf	Already_Triggered_This_Minute@last_date,w
  5067  0393  1903               	skipnz
  5068  0394  2B96               	goto	u1791
  5069  0395  2B97               	goto	u1790
  5070  0396                     u1791:
  5071  0396  2B98               	goto	l2175
  5072  0397                     u1790:
  5073  0397  2B83               	goto	l2159
  5074  0398                     l2175:
  5075                           
  5076                           ;EAS_ITank_RTC_Interface_40min_Updated.c: 1075:     if (now->month != last_month)
  5077  0398  0875               	movf	Already_Triggered_This_Minute@now,w
  5078  0399  3E05               	addlw	5
  5079  039A  0084               	movwf	4
  5080  039B  0800               	movf	0,w
  5081  039C  0673               	xorwf	Already_Triggered_This_Minute@last_month,w
  5082  039D  1903               	skipnz
  5083  039E  2BA0               	goto	u1801
  5084  039F  2BA1               	goto	u1800
  5085  03A0                     u1801:
  5086  03A0  2BA2               	goto	l2181
  5087  03A1                     u1800:
  5088  03A1  2B83               	goto	l2159
  5089  03A2                     l2181:
  5090                           
  5091                           ;EAS_ITank_RTC_Interface_40min_Updated.c: 1080:     if (now->year != last_year)
  5092  03A2  0875               	movf	Already_Triggered_This_Minute@now,w
  5093  03A3  3E06               	addlw	6
  5094  03A4  0084               	movwf	4
  5095  03A5  0800               	movf	0,w
  5096  03A6  0674               	xorwf	Already_Triggered_This_Minute@last_year,w
  5097  03A7  1903               	skipnz
  5098  03A8  2BAA               	goto	u1811
  5099  03A9  2BAB               	goto	u1810
  5100  03AA                     u1811:
  5101  03AA  2BAC               	goto	l2187
  5102  03AB                     u1810:
  5103  03AB  2B83               	goto	l2159
  5104  03AC                     l2187:
  5105                           
  5106                           ;EAS_ITank_RTC_Interface_40min_Updated.c: 1085:     return 1;
  5107  03AC  3001               	movlw	1
  5108  03AD                     l244:
  5109  03AD  0008               	return
  5110  03AE                     __end_of_Already_Triggered_This_Minute:
  5111  007E                     btemp	set	126	;btemp
  5112  007E                     wtemp0	set	126
  5113                           
  5114                           	psect	config
  5115                           
  5116                           ;Config register CONFIG @ 0x2007
  5117                           ;	Oscillator Selection bits
  5118                           ;	FOSC = INTOSCIO, INTOSCIO oscillator: I/O function on RA4/OSC2/CLKOUT pin, I/O functio
      +                          n on RA5/OSC1/CLKIN
  5119                           ;	Watchdog Timer Enable bit
  5120                           ;	WDTE = OFF, WDT disabled
  5121                           ;	Power-up Timer Enable bit
  5122                           ;	PWRTE = ON, PWRT enabled
  5123                           ;	MCLR Pin Function Select bit
  5124                           ;	MCLRE = OFF, MCLR pin function is digital input, MCLR internally tied to VDD
  5125                           ;	Code Protection bit
  5126                           ;	CP = OFF, Program memory code protection is disabled
  5127                           ;	Data Code Protection bit
  5128                           ;	CPD = OFF, Data memory code protection is disabled
  5129                           ;	Brown Out Detect
  5130                           ;	BOREN = ON, BOR enabled
  5131                           ;	Internal External Switchover bit
  5132                           ;	IESO = 0x1, unprogrammed default
  5133                           ;	Fail-Safe Clock Monitor Enabled bit
  5134                           ;	FCMEN = 0x1, unprogrammed default
  5135  2007                     	org	8199
  5136  2007  3FC4               	dw	16324

Data Sizes:
    Strings     0
    Constant    0
    Data        0
    BSS         0
    Persistent  0
    Stack       0

Auto Spaces:
    Space          Size  Autos    Used
    COMMON           14     14      14
    BANK0            80     29      29
    BANK1            32      0       0

Pointer List with Targets:

    Already_Triggered_This_Minute@now	PTR const struct . size(1) Largest target is 7
		 -> main@now(BANK0[7]), 

    Is_Scheduled_Relay_Time@now	PTR const struct . size(1) Largest target is 7
		 -> main@now(BANK0[7]), 

    Is_Allowed_Day_And_Hour@now	PTR const struct . size(1) Largest target is 7
		 -> main@now(BANK0[7]), 

    DS3231_ReadTime_With_Retry@time	PTR struct . size(1) Largest target is 7
		 -> main@now(BANK0[7]), 

    RTC_Time_Is_Valid@time	PTR const struct . size(1) Largest target is 7
		 -> main@now(BANK0[7]), 

    DS3231_ReadTime@time	PTR struct . size(1) Largest target is 7
		 -> main@now(BANK0[7]), 

    EEPROM_Load_Last_Trigger@last_year	PTR unsigned char  size(1) Largest target is 1
		 -> main@last_trigger_year(BANK0[1]), 

    EEPROM_Load_Last_Trigger@last_month	PTR unsigned char  size(1) Largest target is 1
		 -> main@last_trigger_month(BANK0[1]), 

    EEPROM_Load_Last_Trigger@last_date	PTR unsigned char  size(1) Largest target is 1
		 -> main@last_trigger_date(BANK0[1]), 

    EEPROM_Load_Last_Trigger@last_minute	PTR unsigned char  size(1) Largest target is 1
		 -> main@last_trigger_minute(BANK0[1]), 

    EEPROM_Load_Last_Trigger@last_hour	PTR unsigned char  size(1) Largest target is 1
		 -> main@last_trigger_hour(BANK0[1]), 


Critical Paths under _main in COMMON

    _main->_EEPROM_Save_Last_Trigger
    _Relay_Test_Cycle->_Test_Delay_Seconds_Abortable
    _Relay_Reset_Pulse->_Delay_Seconds
    _Delay_Seconds->_Delay_Approx_1s
    _Is_Scheduled_Relay_Time->___lwmod
    _Is_Scheduled_Relay_Time->___wmul
    _Is_Allowed_Day_And_Hour->_Is_Hour_Window_Enabled
    _EEPROM_Save_Last_Trigger->_Trigger_Checksum
    _EEPROM_WriteByte->_EEPROM_ReadByte
    _EEPROM_Load_Last_Trigger->_Trigger_Checksum
    _DS3231_ReadTime_With_Retry->_DS3231_ReadTime
    _I2C_Init->_I2C_Delay
    _DS3231_ReadTime->_BCD_To_Dec
    _I2C_WriteByte->_I2C_Delay
    _I2C_Stop->_I2C_Delay
    _I2C_Start->_I2C_Delay
    _I2C_ReadByte->_I2C_Delay
    _BCD_To_Dec->___bmul

Critical Paths under _main in BANK0

    _DS3231_ReadTime_With_Retry->_DS3231_ReadTime

Critical Paths under _main in BANK1

    None.

Call Graph Tables:

 ---------------------------------------------------------------------------------
 (Depth) Function   	        Calls       Base Space   Used Autos Params    Refs
 ---------------------------------------------------------------------------------
 (0) _main                                                19    19      0    8086
                                             10 BANK0     19    19      0
      _Already_Triggered_This_Minute
         _DS3231_ReadTime_With_Retry
                    _Delay_Approx_1s
                 _Delay_Approx_250ms
                      _Delay_Seconds
           _EEPROM_Load_Last_Trigger
           _EEPROM_Save_Last_Trigger
                           _I2C_Init
                        _Init_Device
            _Is_Scheduled_Relay_Time
               _Is_Test_Mode_Enabled
                          _Relay_Off
                  _Relay_Reset_Pulse
                   _Relay_Test_Cycle
 ---------------------------------------------------------------------------------
 (1) _Relay_Test_Cycle                                     5     5      0     324
                                              4 COMMON     5     5      0
                 _Delay_Approx_250ms
               _Is_Test_Mode_Enabled
                          _Relay_Off
                           _Relay_On
       _Test_Delay_Seconds_Abortable
 ---------------------------------------------------------------------------------
 (2) _Test_Delay_Seconds_Abortable                         4     4      0      92
                                              0 COMMON     4     4      0
                  _Delay_Approx_65ms
               _Is_Test_Mode_Enabled
                          _Relay_Off
 ---------------------------------------------------------------------------------
 (3) _Is_Test_Mode_Enabled                                 0     0      0       0
 ---------------------------------------------------------------------------------
 (1) _Relay_Reset_Pulse                                    0     0      0      69
                      _Delay_Seconds
                          _Relay_Off
                           _Relay_On
 ---------------------------------------------------------------------------------
 (2) _Relay_On                                             0     0      0       0
 ---------------------------------------------------------------------------------
 (2) _Delay_Seconds                                        1     1      0      69
                                              2 COMMON     1     1      0
                    _Delay_Approx_1s
 ---------------------------------------------------------------------------------
 (3) _Delay_Approx_1s                                      2     2      0      46
                                              0 COMMON     2     2      0
                  _Delay_Approx_65ms
 ---------------------------------------------------------------------------------
 (1) _Is_Scheduled_Relay_Time                              5     5      0     963
                                              6 COMMON     5     5      0
            _Is_Allowed_Day_And_Hour
                            ___lwmod
                             ___wmul
 ---------------------------------------------------------------------------------
 (2) ___wmul                                               6     2      4     244
                                              0 COMMON     6     2      4
 ---------------------------------------------------------------------------------
 (2) ___lwmod                                              6     2      4     311
                                              0 COMMON     6     2      4
 ---------------------------------------------------------------------------------
 (2) _Is_Allowed_Day_And_Hour                              2     2      0     286
                                              3 COMMON     2     2      0
             _Is_Hour_Window_Enabled
                  _Is_Sunday_Enabled
 ---------------------------------------------------------------------------------
 (3) _Is_Sunday_Enabled                                    0     0      0       0
 ---------------------------------------------------------------------------------
 (3) _Is_Hour_Window_Enabled                               3     2      1     187
                                              0 COMMON     3     2      1
 ---------------------------------------------------------------------------------
 (1) _Init_Device                                          0     0      0       0
                          _Relay_Off
                        _SCL_Release
                        _SDA_Release
              _Timer0_Init_For_Delay
 ---------------------------------------------------------------------------------
 (2) _Timer0_Init_For_Delay                                0     0      0       0
 ---------------------------------------------------------------------------------
 (1) _EEPROM_Save_Last_Trigger                            11     7      4    2006
                                              5 COMMON     9     5      4
                                              0 BANK0      2     2      0
                   _EEPROM_WriteByte
                   _Trigger_Checksum
 ---------------------------------------------------------------------------------
 (2) _EEPROM_WriteByte                                     3     2      1     741
                                              1 COMMON     3     2      1
                    _EEPROM_ReadByte
 ---------------------------------------------------------------------------------
 (1) _EEPROM_Load_Last_Trigger                            15    11      4    1589
                                              5 COMMON     8     4      4
                                              0 BANK0      7     7      0
                    _EEPROM_ReadByte
                   _Trigger_Checksum
 ---------------------------------------------------------------------------------
 (2) _Trigger_Checksum                                     5     1      4     718
                                              0 COMMON     5     1      4
 ---------------------------------------------------------------------------------
 (3) _EEPROM_ReadByte                                      1     1      0      22
                                              0 COMMON     1     1      0
 ---------------------------------------------------------------------------------
 (1) _DS3231_ReadTime_With_Retry                           3     3      0    1678
                                             10 COMMON     3     3      0
                    _DS3231_ReadTime
                 _Delay_Approx_250ms
                           _I2C_Init
                  _RTC_Time_Is_Valid
                          _Relay_Off
 ---------------------------------------------------------------------------------
 (3) _Relay_Off                                            0     0      0       0
 ---------------------------------------------------------------------------------
 (2) _RTC_Time_Is_Valid                                    1     1      0     253
                                              0 COMMON     1     1      0
 ---------------------------------------------------------------------------------
 (1) _I2C_Init                                             0     0      0      46
                          _I2C_Delay
                        _SCL_Release
                        _SDA_Release
 ---------------------------------------------------------------------------------
 (2) _Delay_Approx_250ms                                   2     2      0      46
                                              0 COMMON     2     2      0
                  _Delay_Approx_65ms
 ---------------------------------------------------------------------------------
 (3) _Delay_Approx_65ms                                    0     0      0       0
 ---------------------------------------------------------------------------------
 (2) _DS3231_ReadTime                                     11    11      0    1177
                                              9 COMMON     1     1      0
                                              0 BANK0     10    10      0
                         _BCD_To_Dec
                       _I2C_ReadByte
                          _I2C_Start
                           _I2C_Stop
                      _I2C_WriteByte
 ---------------------------------------------------------------------------------
 (3) _I2C_WriteByte                                        4     4      0     138
                                              2 COMMON     4     4      0
                          _I2C_Delay
                            _SCL_Low
                        _SCL_Release
                            _SDA_Low
                           _SDA_Read
                        _SDA_Release
 ---------------------------------------------------------------------------------
 (3) _I2C_Stop                                             0     0      0      46
                          _I2C_Delay
                        _SCL_Release
                            _SDA_Low
                        _SDA_Release
 ---------------------------------------------------------------------------------
 (3) _I2C_Start                                            0     0      0      46
                          _I2C_Delay
                            _SCL_Low
                        _SCL_Release
                            _SDA_Low
                        _SDA_Release
 ---------------------------------------------------------------------------------
 (3) _I2C_ReadByte                                         4     4      0     139
                                              2 COMMON     4     4      0
                          _I2C_Delay
                            _SCL_Low
                        _SCL_Release
                            _SDA_Low
                           _SDA_Read
                        _SDA_Release
 ---------------------------------------------------------------------------------
 (2) _SDA_Release                                          0     0      0       0
 ---------------------------------------------------------------------------------
 (4) _SDA_Read                                             0     0      0       0
 ---------------------------------------------------------------------------------
 (4) _SDA_Low                                              0     0      0       0
 ---------------------------------------------------------------------------------
 (2) _SCL_Release                                          0     0      0       0
 ---------------------------------------------------------------------------------
 (4) _SCL_Low                                              0     0      0       0
 ---------------------------------------------------------------------------------
 (2) _I2C_Delay                                            2     2      0      46
                                              0 COMMON     2     2      0
 ---------------------------------------------------------------------------------
 (3) _BCD_To_Dec                                           5     5      0     258
                                              4 COMMON     5     5      0
                             ___bmul
 ---------------------------------------------------------------------------------
 (4) ___bmul                                               4     3      1     168
                                              0 COMMON     4     3      1
 ---------------------------------------------------------------------------------
 (1) _Already_Triggered_This_Minute                        6     1      5     633
                                              0 COMMON     6     1      5
 ---------------------------------------------------------------------------------
 Estimated maximum stack depth 4
 ---------------------------------------------------------------------------------

 Call Graph Graphs:

 _main (ROOT)
   _Already_Triggered_This_Minute
   _DS3231_ReadTime_With_Retry
     _DS3231_ReadTime
       _BCD_To_Dec
         ___bmul
       _I2C_ReadByte
         _I2C_Delay
         _SCL_Low
         _SCL_Release
         _SDA_Low
         _SDA_Read
         _SDA_Release
       _I2C_Start
         _I2C_Delay
         _SCL_Low
         _SCL_Release
         _SDA_Low
         _SDA_Release
       _I2C_Stop
         _I2C_Delay
         _SCL_Release
         _SDA_Low
         _SDA_Release
       _I2C_WriteByte
         _I2C_Delay
         _SCL_Low
         _SCL_Release
         _SDA_Low
         _SDA_Read
         _SDA_Release
     _Delay_Approx_250ms
       _Delay_Approx_65ms
     _I2C_Init
       _I2C_Delay
       _SCL_Release
       _SDA_Release
     _RTC_Time_Is_Valid
     _Relay_Off
   _Delay_Approx_1s
     _Delay_Approx_65ms
   _Delay_Approx_250ms
     _Delay_Approx_65ms
   _Delay_Seconds
     _Delay_Approx_1s
       _Delay_Approx_65ms
   _EEPROM_Load_Last_Trigger
     _EEPROM_ReadByte
     _Trigger_Checksum
   _EEPROM_Save_Last_Trigger
     _EEPROM_WriteByte
       _EEPROM_ReadByte
     _Trigger_Checksum
   _I2C_Init
     _I2C_Delay
     _SCL_Release
     _SDA_Release
   _Init_Device
     _Relay_Off
     _SCL_Release
     _SDA_Release
     _Timer0_Init_For_Delay
   _Is_Scheduled_Relay_Time
     _Is_Allowed_Day_And_Hour
       _Is_Hour_Window_Enabled
       _Is_Sunday_Enabled
     ___lwmod
     ___wmul
   _Is_Test_Mode_Enabled
   _Relay_Off
   _Relay_Reset_Pulse
     _Delay_Seconds
       _Delay_Approx_1s
         _Delay_Approx_65ms
     _Relay_Off
     _Relay_On
   _Relay_Test_Cycle
     _Delay_Approx_250ms
       _Delay_Approx_65ms
     _Is_Test_Mode_Enabled
     _Relay_Off
     _Relay_On
     _Test_Delay_Seconds_Abortable
       _Delay_Approx_65ms
       _Is_Test_Mode_Enabled
       _Relay_Off

 Address spaces:
Name               Size   Autos  Total    Cost      Usage
BITCOMMON            E      0       0       0        0.0%
EEDATA             100      0       0       0        0.0%
NULL                 0      0       0       0        0.0%
CODE                 0      0       0       0        0.0%
COMMON               E      E       E       1      100.0%
BITSFR0              0      0       0       1        0.0%
SFR0                 0      0       0       1        0.0%
BITSFR1              0      0       0       2        0.0%
SFR1                 0      0       0       2        0.0%
STACK                0      0       0       2        0.0%
BITBANK0            50      0       0       3        0.0%
BANK0               50     1D      1D       4       36.2%
BANK1               20      0       0       5        0.0%
ABS                  0      0       0       6        0.0%
BITBANK1            20      0       0       7        0.0%
DATA                 0      0       0       8        0.0%


Microchip Technology PIC Macro Assembler V2.31 build 20201012212115 
Symbol Table                                                                                   Wed Aug 19 19:46:22 2026

                    ??_Is_Hour_Window_Enabled 0071                              ?_Delay_Approx_1s 0070  
                          __size_of_I2C_Delay 000E                                ___bmul@product 0072  
                          ?_Delay_Approx_65ms 0070                            __size_of_I2C_Start 0008  
                                          l41 05BD                                            l44 05C0  
                                          l60 02BE                                            l71 0578  
                                          l47 05A4                                            l55 04C6  
                                          l74 058C                                            l82 0559  
                                          l77 0590                                            l93 0564  
                                          l87 054C                           ?_Delay_Approx_250ms 0070  
                         ___wmul@multiplicand 0072                                           l110 05C3  
                                         l104 053F                                           l113 05AE  
                                         l122 05B6                                           l107 05A9  
                                         l131 03B0                                           l116 05C6  
                                         l125 0598                                           l221 05B2  
                                         l119 05BA                                           l143 0405  
                                         l135 03DA                                           l231 0580  
                                         l128 059F                                           l152 056F  
                                         l160 044C                                           l240 0377  
                                         l225 042E                                           l146 0503  
                                         l218 04E8                                           l170 0202  
                                         l162 0450                                           l251 051C  
                                         l235 047D                                           l244 03AD  
                                         l156 0457                                           l149 0566  
                                         l157 0438                                           l166 0588  
                                         l183 0306                                           l353 048A  
                                         l195 00A5                                           l187 00D1  
                                         l355 04A2                                           l199 0263  
                                         l379 0531                                           l635 0340  
                                         u940 0590                                           u941 058F  
                                         u950 0539                                           u951 0538  
                                         u960 0523                                           u961 0522  
                                         u970 0530                                           u971 052F  
                                         u980 054C                                           u981 054B  
                                         u990 03B4                                           u991 03B3  
                         ??_Delay_Approx_65ms 0070                                           fsr0 0004  
                                         indf 0000                           __size_of_BCD_To_Dec 001B  
           DS3231_ReadTime_With_Retry@attempt 007B        Already_Triggered_This_Minute@last_date 0072  
      Already_Triggered_This_Minute@last_hour 0070        Already_Triggered_This_Minute@last_year 0074  
                                        l2001 030D                                          l2011 0329  
                                        l2003 0310                                          l2101 01D0  
                                        l2013 032F                                          l2005 0317  
                                        l2021 05A0                                          l2103 01D5  
                                        l2015 0336                                          l2007 031B  
                                        l2023 05A1                                          l2121 04C9  
                                        l2105 01DC                                          l2113 02C1  
                                        l2201 0512                                          l2009 031F  
                                        l2017 033C                                          l2025 05A3  
                                        l2041 027A                                          l2033 026C  
                                        l2131 04DA                                          l2123 04CA  
                                        l2115 04C8                                          l2211 0519  
                                        l2203 0514                                          l2051 029B  
                                        l2043 027F                                          l2035 0275  
                                        l2027 0264                                          l2141 04E7  
                                        l2133 04DB                                          l2125 04D1  
                                        l2109 01E3                                          l2213 051A  
                                        l2205 0515                                          l2053 02A0  
                                        l2045 0288                                          l2037 0275  
                                        l2029 026A                                          l2135 04DC  
                                        l2127 04D8                                          l2215 051B  
                                        l2207 0516                                          l2151 034B  
                                        l2071 02BB                                          l2055 02A5  
                                        l2047 028D                                          l2063 02B1  
                                        l2039 0275                                          l2231 00FC  
                                        l2223 00D2                                          l1601 0529  
                                        l2137 04DD                                          l2209 0517  
                                        l2153 0366                                          l2145 0342  
                                        l2065 02B2                                          l2057 02AE  
                                        l2049 0292                                          l2241 010A  
                                        l2233 00FF                                          l2225 00E7  
                                        l2163 0385                                          l1603 0530  
                                        l2139 04E1                                          l2083 0179  
                                        l2147 0349                                          l2059 02AF  
                                        l2251 013B                                          l2243 0110  
                                        l2235 0100                                          l2227 00E8  
                                        l2181 03A2                                          l2157 0379  
                                        l1701 03EB                                          l2093 01BD  
                                        l2085 019D                                          l1621 0542  
                                        l1613 0540                                          l2069 02BA  
                                        l2261 015F                                          l2253 0140  
                                        l2245 0112                                          l2237 0101  
                                        l2229 00E9                                          l2175 0398  
                                        l2159 0383                                          l1711 03FD  
                                        l1703 03EC                                          l1631 0596  
                                        l1607 05BE                                          l2079 0171  
                                        l2191 0504                                          l1623 0546  
                                        l2271 016B                                          l2263 0163  
                                        l2255 0152                                          l2247 0119  
                                        l2239 0103                                          l2169 038E  
                                        l1721 0404                                          l1713 03FE  
                                        l1705 03F0                                          l1633 0597  
                                        l1625 0591                                          l1641 059D  
                                        l2097 01C4                                          l2089 01B6  
                                        l2193 0508                                          l1609 0579  
                                        l2265 0167                                          l2257 0157  
                                        l2249 0120                                          l2273 016C  
                                        l2187 03AC                                          l1571 0532  
                                        l1715 03FF                                          l1707 03F6  
                                        l1627 0593                                          l1643 059E  
                                        l1635 0599                                          l1651 03B4  
                                        l2099 01C9                                          l2195 050A  
                                        l1619 0541                                          l1803 04B0  
                                        l1811 04BF                                          l2259 015B  
                                        l2267 0169                                          l1725 04EA  
                                        l1573 0533                                          l1581 05A5  
                                        l1717 0401                                          l1709 03FB  
                                        l1629 0594                                          l1637 059A  
                                        l1661 03BB                                          l1653 03B6  
                                        l1645 03AF                                          l1901 0084  
                                        l1733 0566                                          l2197 050F  
                                        l1741 05AF                                          l1813 04C5  
                                        l1805 04B1                                          l2269 016A  
                                        l1727 04F7                                          l1583 05C1  
                                        l1719 0402                                          l1639 059B  
                                        l1671 03C9                                          l1663 03BC  
                                        l1655 03B7                                          l1911 00D0  
                                        l1903 008A                                          l1567 0589  
                                        l1823 054E                                          l1831 05B3  
                                        l1735 056B                                          l2199 0510  
                                        l1807 04B5                                          l1593 051E  
                                        l1729 04FC                                          l1577 053A  
                                        l1585 05AA                                          l1673 03CA  
                                        l1665 03BE                                          l1657 03B8  
                                        l1905 0090                                          l1569 058B  
                                        l1825 054F                                          l1817 054D  
                                        l1833 05B5                                          l1921 020F  
                                        l1737 056D                                          l1841 0441  
                                        l1753 0413                                          l1745 0407  
                                        l1809 04BB                                          l1595 051F  
                                        l1587 05C4                                          l1683 03DC  
                                        l1675 03D7                                          l1667 03C2  
                                        l1659 03BA                                          l1907 0091  
                                        l1827 0553                                          l1915 0204  
                                        l1851 044B                                          l1843 0442  
                                        l1835 0430                                          l1755 0419  
                                        l1747 040C                                          l1597 0523  
                                        l1589 05B7                                          l1693 03DF  
                                        l1685 03DD                                          l1677 03D8  
                                        l1669 03C8                                          l1909 009A  
                                        l1861 0009                                          l1941 0234  
                                        l1933 0222                                          l1917 020D  
                                        l1853 0451                                          l1845 0446  
                                        l1829 0570                                          l1765 0422  
                                        l1749 0411                                          l1781 055C  
                                        l1599 0527                                          l1695 03E1  
                                        l1687 03DE                                          l1679 03D9  
                                        l1863 0011                                          l1951 024E  
                                        l1943 023C                                          l1935 022A  
                                        l1927 0218                                          l1855 0456  
                                        l1847 0447                                          l1839 043D  
                                        l1767 0428                                          l1759 041B  
                                        l1783 055D                                          l1697 03E9  
                                        l1865 0012                                          l1857 0582  
                                        l1849 0449                                          l1785 055F  
                                        l1777 05BB                                          l1699 03EA  
                                        l1891 0065                                          l1963 0262  
                                        l1971 0468                                          l1779 055B  
                                        l1795 04A7                                          l1787 04A4  
                                        l1893 0069                                          l1885 0025  
                                        l1877 001C                                          l1869 0014  
                                        l1957 0258                                          l1949 0246  
                                        l1981 047C                                          l1797 04AD  
                                        l1789 04A6                                          l1895 0070  
                                        l1887 0050                                          l1975 046A  
                                        l1967 0459                                          l1991 0491  
                                        l1799 04AE                                          l1897 0079  
                                        l1889 005B                                          l1969 0462  
                                        l1993 0498                                          l1985 047E  
                                        l1899 007E                                          l1995 049E  
                                        l1987 0480                                          l1989 0484  
                                        l1999 0307                                          u1000 03C8  
                                        u1001 03C7                                          u1010 03D3  
                                        u1011 03D1                                          u1020 03D4  
                                        u1100 0421                                          u1101 0420  
                                        u1030 03E9                                          u1110 0428  
                                        u1031 03E8                                          u1111 0427  
                                        u1040 03F6                                          u1200 0450  
                                        u1120 042D                                          u1041 03F5  
                                        u1201 044F                                          u1121 042C  
                                        u1050 03FB                                          u1210 0456  
                                        u1130 0564                                          u1051 03FA  
                                        u1211 0455                                          u1131 0563  
                                        u1300 0090                                          u1220 0011  
                                        u1140 04AD                                          u1301 008F  
                                        u1221 0010                                          u1141 04AC  
                                        u1230 001B                                          u1310 020D  
                                        u1070 056B                                          u1150 04BB  
                                        u1231 001A                                          u1311 020C  
                                        u1071 056A                                          u1151 04BA  
                                        u1240 0024                                          u1400 0261  
                                        u1320 0217                                          u1080 0411  
                                        u1160 04C5                                          u1065 04ED  
                                        u1241 0023                                          u1401 0260  
                                        u1321 0216                                          u1081 0410  
                                        u1161 04C4                                          u1250 0069  
                                        u1170 0559                                          u1330 0221  
                                        u1090 0419                                          u1410 0462  
                                        u1251 0068                                          u1171 0558  
                                        u1331 0220                                          u1091 0418  
                                        u1411 0461                                          u1260 0075  
                                        u1340 022A                                          u1180 0437  
                                        u1420 0468                                          u1500 031F  
                                        u1261 0073                                          u1341 0229  
                                        u1181 0436                                          u1421 0467  
                                        u1501 031E                                          u1270 0076  
                                        u1350 0233                                          u1190 043D  
                                        u1430 047B                                          u1510 0329  
                                        u1351 0232                                          u1191 043C  
                                        u1431 047A                                          u1511 0328  
                                        u1280 007E                                          u1360 023C  
                                        u1440 0484                                          u1600 02A5  
                                        u1281 007D                                          u1361 023B  
                                        u1441 0483                                          u1601 02A4  
                                        u1290 0084                                          u1370 0245  
                                        u1530 033C                                          u1610 02B9  
                                        u1291 0083                                          u1371 0244  
                                        u1531 033B                                          u1515 0325  
                                        u1611 02B8                                          u1380 024E  
                                        u1700 01E2                                          u1620 0178  
                                        u1540 026A                                          u1381 024D  
                                        u1701 01E1                                          u1621 0177  
                                        u1525 0330                                          u1541 0269  
                                        u1390 0257                                          u1710 04D1  
                                        u1630 01B5                                          u1470 049E  
                                        u1550 027A                                          u1391 0256  
                                        u1711 04D0                                          u1631 01B4  
                                        u1471 049D                                          u1455 048B  
                                        u1551 0279                                          u1800 03A1  
                                        u1720 04D8                                          u1640 01BC  
                                        u1480 030D                                          u1560 027F  
                                        u1801 03A0                                          u1721 04D7  
                                        u1641 01BB                                          u1481 030C  
                                        u1465 0492                                          u1561 027E  
                                        _GPIO 0005                                          u1810 03AB  
                                        u1730 04E7                                          u1650 01C3  
                                        u1570 028D                                          u1811 03AA  
                                        u1731 04E6                                          u1651 01C2  
                                        u1571 028C                                          u1660 01C9  
                                        u1740 0349                                          u1580 0292  
                                        u1820 010A                                          u1661 01C8  
                                        u1741 0348                                          u1581 0291  
                                        u1821 0109                                          u1670 01CF  
                                        u1750 0376                                          u1590 02A0  
                                        u1830 0110                                          u1671 01CE  
                                        u1495 0311                                          u1751 0374  
                                        u1591 029F                                          u1831 010F  
                                        u1680 01D5                                          u1760 0377  
                                        u1840 0119                                          u1681 01D4  
                                        u1841 0118                          ??_Delay_Approx_250ms 0070  
                                        u1770 0383                                          u1690 01DB  
                                        u1850 0120                                          u1771 0382  
                                        u1691 01DA                                          u1851 011F  
                                        u1780 038D                                          u1860 0140  
                                        u1781 038C                                          u1861 013F  
                                        u1790 0397                                          u1791 0396  
                                        _TMR0 0001                               __end_of_SDA_Low 05AA  
                             __end_of_SCL_Low 05AF                         __size_of_I2C_ReadByte 002B  
            EEPROM_Load_Last_Trigger@checksum 0020                                          _main 00D2  
                            __end_of_I2C_Init 05B7             Test_Delay_Seconds_Abortable@slice 0073  
                                        btemp 007E                              __end_of_I2C_Stop 05A0  
                                        start 0004                     __end_of_Delay_Approx_65ms 0591  
                               ??_Init_Device 0070              EEPROM_Save_Last_Trigger@checksum 0020  
                    __size_of_EEPROM_ReadByte 000B            EEPROM_Load_Last_Trigger@last_month 0077  
                           ___bmul@multiplier 0073             __size_of_EEPROM_Save_Last_Trigger 0048  
                   ?_EEPROM_Save_Last_Trigger 0075                             ??_DS3231_ReadTime 0079  
                                       ?_main 0070                                         _EEADR 009B  
                                       _EEDAT 009A                                         _ANSEL 009F  
                  Is_Allowed_Day_And_Hour@now 0074                               __end_of___lwmod 0341  
             ??_Already_Triggered_This_Minute 0075                              __end_of_SDA_Read 05BB  
                  __size_of_RTC_Time_Is_Valid 0061                                  _I2C_ReadByte 03DB  
                           __end_of_I2C_Delay 0540                             __end_of_I2C_Start 0599  
             EEPROM_WriteByte@gie_was_enabled 0072                         EEPROM_WriteByte@value 0071  
                                       status 0003                 EEPROM_Load_Last_Trigger@month 0026  
                                       wtemp0 007E                DS3231_ReadTime_With_Retry@time 007C  
                             __initialization 0005                                  ?_SDA_Release 0070  
                                __end_of_main 016F               __size_of_Is_Hour_Window_Enabled 0029  
                         __end_of_Init_Device 051D                                        ??_main 002A  
                            __end_of_Relay_On 05BE                              Delay_Approx_1s@i 0071  
                                   ??_SDA_Low 0070                   ?_DS3231_ReadTime_With_Retry 0070  
                                   ??_SCL_Low 0070                                        _ADCON0 001F  
                                ?_SCL_Release 0070                        __size_of_I2C_WriteByte 002D  
                                      _EECON2 009D                                        _CMCON0 0019  
                                ??_BCD_To_Dec 0074                  EEPROM_Save_Last_Trigger@date 0076  
                            _Relay_Test_Cycle 0264                    __size_of_Delay_Approx_65ms 0008  
                EEPROM_Save_Last_Trigger@hour 0021                  EEPROM_Save_Last_Trigger@year 0078  
                       RTC_Time_Is_Valid@time 0070                                        ___bmul 051D  
                          __size_of_Relay_Off 0003                                        ___wmul 047E  
                                   ??___lwmod 0074                             ??_EEPROM_ReadByte 0070  
                   __size_of_Trigger_Checksum 0008           Test_Delay_Seconds_Abortable@seconds 0071  
                    ?_Is_Scheduled_Relay_Time 0070                      __end_of_EEPROM_WriteByte 0458  
                  Relay_Test_Cycle@on_seconds 0076                                     ?_I2C_Init 0070  
                                   ?_I2C_Stop 0070                            __end_of_BCD_To_Dec 0504  
                      _Is_Hour_Window_Enabled 0406                    Is_Hour_Window_Enabled@hour 0072  
       __end_of_Already_Triggered_This_Minute 03AE        __size_of_Already_Triggered_This_Minute 0036  
               _Already_Triggered_This_Minute 0378                     DS3231_ReadTime@raw_minute 0021  
                   DS3231_ReadTime@raw_second 0020                             _Is_Sunday_Enabled 05AF  
                     __end_of__initialization 0005             __size_of_EEPROM_Load_Last_Trigger 0094  
                          ?_Is_Sunday_Enabled 0070                     ?_EEPROM_Load_Last_Trigger 0075  
                EEPROM_Load_Last_Trigger@date 0025                           ___bmul@multiplicand 0070  
                EEPROM_Load_Last_Trigger@hour 0022                 __size_of_Is_Test_Mode_Enabled 0008  
                EEPROM_Load_Last_Trigger@year 0024                                   _Init_Device 0504  
                                   ?_SDA_Read 0070                           ??_Is_Sunday_Enabled 0070  
                              __pcstackCOMMON 0070                                 _I2C_WriteByte 03AE  
                         Delay_Approx_250ms@i 0071                                    ??_I2C_Init 0072  
                              _OPTION_REGbits 0081                        Trigger_Checksum@minute 0070  
                                  ??_I2C_Stop 0072                     __end_of_Is_Sunday_Enabled 05B3  
                           __end_of_Relay_Off 05C1              __end_of_EEPROM_Save_Last_Trigger 0307  
                       _Timer0_Init_For_Delay 0570                                    I2C_Delay@i 0071  
                             _DS3231_ReadTime 0007                                     ?_Relay_On 0070  
                                  ??_SDA_Read 0070                                    __pmaintext 00D2  
                              ?_I2C_WriteByte 0070                                       ?___bmul 0070  
             __end_of_Is_Scheduled_Relay_Time 0378                                       ?___wmul 0070  
                        __size_of_SDA_Release 0003                             _Relay_Reset_Pulse 05A0  
                      __size_of_Delay_Seconds 000B                      ?_Is_Allowed_Day_And_Hour 0070  
                          ?_Relay_Reset_Pulse 0070                      __size_of_Delay_Approx_1s 000D  
                                     _SDA_Low 05A5                                       _SCL_Low 05AA  
                         ??_Relay_Reset_Pulse 0073                          I2C_ReadByte@send_ack 0073  
                 __size_of_Delay_Approx_250ms 000D                          __size_of_SCL_Release 0003  
                                   _I2C_Delay 0532                 EEPROM_Save_Last_Trigger@month 0077  
              ?_Already_Triggered_This_Minute 0070                                     _I2C_Start 0591  
                                  ??_Relay_On 0070                              I2C_ReadByte@data 0074  
                             __size_of___bmul 0015                     __end_of_Relay_Reset_Pulse 05A5  
                             __size_of___wmul 0025                                       ___lwmod 0307  
                     DS3231_ReadTime@raw_date 0023                       DS3231_ReadTime@raw_hour 0027  
                     DS3231_ReadTime@raw_year 0025                              _Trigger_Checksum 0581  
                                     __ptext1 0264                                       __ptext2 04A3  
                                     __ptext3 0579                                       __ptext4 05A0  
                                     __ptext5 05BB                                       __ptext6 055A  
                                     __ptext7 0540                                       __ptext8 0341  
                                     __ptext9 047E                        EEPROM_ReadByte@address 0070  
                        DS3231_ReadTime@is_pm 0026                      __end_of_Relay_Test_Cycle 02BF  
                  __size_of_Is_Sunday_Enabled 0004                         main@already_triggered 0030  
                     EEPROM_WriteByte@address 0073                                       main@now 0036  
                     __end_of_DS3231_ReadTime 00D2                          end_of_initialization 0005  
                               _Delay_Seconds 055A                        ?_Timer0_Init_For_Delay 0070  
                                  ?_I2C_Delay 0070                                    ?_I2C_Start 0070  
                             _EEPROM_ReadByte 0565                               ??_I2C_WriteByte 0072  
                    _EEPROM_Save_Last_Trigger 02BF               __end_of_Is_Allowed_Day_And_Hour 047E  
                           ?_EEPROM_WriteByte 0071                       ?_Is_Hour_Window_Enabled 0070  
            __end_of_EEPROM_Load_Last_Trigger 0203                              I2C_WriteByte@ack 0074  
                          ??_EEPROM_WriteByte 0072                             __size_of_I2C_Init 0004  
                           __size_of_I2C_Stop 0007                             ??_Delay_Approx_1s 0070  
                              ?_Delay_Seconds 0070              __size_of_Is_Scheduled_Relay_Time 0037  
                                ?_Init_Device 0070                    __size_of_Relay_Reset_Pulse 0005  
                           __size_of_SDA_Read 0004                                __end_of___bmul 0532  
                              __end_of___wmul 04A3                __end_of_Is_Hour_Window_Enabled 042F  
                __end_of_Is_Test_Mode_Enabled 0581                           start_initialization 0005  
                     __end_of_EEPROM_ReadByte 0570                              ?_DS3231_ReadTime 0070  
                                 ??_I2C_Delay 0070                                     _Relay_Off 05BE  
                                 ??_I2C_Start 0072                             __size_of_Relay_On 0003  
                                    ??___bmul 0071                                      ??___wmul 0074  
                              I2C_WriteByte@i 0075                                     ___latbits 0000  
                               __pcstackBANK0 0020                                 ?_I2C_ReadByte 0070  
                                    ?_SDA_Low 0070                                      ?_SCL_Low 0070  
                             ??_Delay_Seconds 0072                      _EEPROM_Load_Last_Trigger 016F  
            __size_of_Is_Allowed_Day_And_Hour 0026                         Trigger_Checksum@month 0072  
                    __end_of_Trigger_Checksum 0589                                    ?_Relay_Off 0070  
                               ??_SDA_Release 0070       Already_Triggered_This_Minute@last_month 0073  
                               I2C_ReadByte@i 0075                                      ?___lwmod 0070  
        __end_of_Test_Delay_Seconds_Abortable 04C7         __size_of_Test_Delay_Seconds_Abortable 0024  
                _Test_Delay_Seconds_Abortable 04A3                                      _I2C_Init 05B3  
                                    _I2C_Stop 0599                                ??_I2C_ReadByte 0072  
                           ?_Relay_Test_Cycle 0070                        DS3231_ReadTime@hour_12 0028  
                               ??_SCL_Release 0070                            ??_Relay_Test_Cycle 0074  
                  __end_of_Delay_Approx_250ms 055A                  ??_DS3231_ReadTime_With_Retry 007A  
                      DS3231_ReadTime@raw_day 0022                       _Is_Scheduled_Relay_Time 0341  
                     ??_Timer0_Init_For_Delay 0070                              ?_EEPROM_ReadByte 0070  
                  ??_EEPROM_Save_Last_Trigger 0079                           DS3231_ReadTime@time 0029  
             Test_Delay_Seconds_Abortable@sec 0072                  Is_Hour_Window_Enabled@minute 0070  
                              ___wmul@product 0074           EEPROM_Load_Last_Trigger@last_minute 0075  
                                    _GPIObits 0005                          _Is_Test_Mode_Enabled 0579  
                                    _SDA_Read 05B7             EEPROM_Load_Last_Trigger@last_date 0076  
                     Relay_Test_Cycle@dip1_on 0077                       Relay_Test_Cycle@dip2_on 0078  
           EEPROM_Load_Last_Trigger@last_hour 0021             EEPROM_Load_Last_Trigger@last_year 0078  
                        __size_of_Init_Device 0019                           __end_of_SDA_Release 05C4  
                             _Delay_Approx_1s 0540              Already_Triggered_This_Minute@now 0075  
         __size_of_DS3231_ReadTime_With_Retry 0022                             ___wmul@multiplier 0070  
Is_Scheduled_Relay_Time@minutes_from_midnight 0078                 ?_Test_Delay_Seconds_Abortable 0070  
                            __size_of_SDA_Low 0005                EEPROM_Save_Last_Trigger@minute 0075  
                            __size_of_SCL_Low 0005                     __size_of_EEPROM_WriteByte 0029  
                                 ??_Relay_Off 0070                           __end_of_SCL_Release 05C7  
                                  _EECON1bits 009C                                    _BCD_To_Dec 04E9  
                                    _Relay_On 05BB                         ?_Is_Test_Mode_Enabled 0070  
                       __end_of_I2C_WriteByte 03DB            Is_Hour_Window_Enabled@dip2_enabled 0071  
                            __size_of___lwmod 003A                          Trigger_Checksum@date 0071  
                        Trigger_Checksum@hour 0074                          Trigger_Checksum@year 0073  
                    DS3231_ReadTime@raw_month 0024                EEPROM_Load_Last_Trigger@minute 0023  
                   ??_Is_Scheduled_Relay_Time 0076                                      __ptext10 0307  
                                    __ptext11 0458                                      __ptext20 0565  
                                    __ptext12 05AF                                      __ptext21 04C7  
                                    __ptext13 0406                                      __ptext30 0591  
                                    __ptext22 05BE                                      __ptext14 0504  
                                    __ptext31 03DB                                      __ptext23 0203  
                                    __ptext15 0570                                      __ptext40 0378  
                                    __ptext32 05C1                                      __ptext24 05B3  
                                    __ptext16 02BF                                      __ptext33 05B7  
                                    __ptext25 054D                                      __ptext17 042F  
                                    __ptext34 05A5                                      __ptext26 0589  
                                    __ptext18 016F                                      __ptext35 05C4  
                                    __ptext27 0007                                      __ptext19 0581  
                                    __ptext36 05AA                                      __ptext28 03AE  
                                    __ptext37 0532                                      __ptext29 0599  
                                    __ptext38 04E9                                      __ptext39 051D  
                     _Is_Allowed_Day_And_Hour 0458                                 __size_of_main 009D  
                        __end_of_I2C_ReadByte 0406                       __end_of_Delay_Approx_1s 054D  
                                 _SDA_Release 05C1                                BCD_To_Dec@ones 0077  
                              BCD_To_Dec@tens 0076                    ??_EEPROM_Load_Last_Trigger 0079  
                                  _INTCONbits 000B            __end_of_DS3231_ReadTime_With_Retry 04E9  
                  _DS3231_ReadTime_With_Retry 04C7                                   _SCL_Release 05C4  
                           _RTC_Time_Is_Valid 0203                ??_Test_Delay_Seconds_Abortable 0070  
                          ?_RTC_Time_Is_Valid 0070                             ?_Trigger_Checksum 0070  
                            ___lwmod@dividend 0072                        ??_Is_Test_Mode_Enabled 0070  
                                 ?_BCD_To_Dec 0070                            ??_Trigger_Checksum 0074  
                                  _OSCCONbits 008F                      __size_of_DS3231_ReadTime 00CB  
                         ??_RTC_Time_Is_Valid 0070      Already_Triggered_This_Minute@last_minute 0071  
                               BCD_To_Dec@bcd 0078                               ___lwmod@divisor 0070  
                   ??_Is_Allowed_Day_And_Hour 0073                               ___lwmod@counter 0075  
                   __end_of_RTC_Time_Is_Valid 0264                   Relay_Test_Cycle@off_seconds 0075  
                     main@last_trigger_minute 0032                          Delay_Seconds@seconds 0072  
                  Is_Scheduled_Relay_Time@now 007A                         __end_of_Delay_Seconds 0565  
              __size_of_Timer0_Init_For_Delay 0009                 __end_of_Timer0_Init_For_Delay 0579  
                            _EEPROM_WriteByte 042F                        main@last_trigger_month 0034  
                       main@last_trigger_date 0033                             I2C_WriteByte@data 0073  
                       main@last_trigger_hour 0031                     __size_of_Relay_Test_Cycle 005B  
                       main@last_trigger_year 0035                                    _TRISIObits 0085  
                          _Delay_Approx_250ms 054D                             _Delay_Approx_65ms 0589  
