

Microchip MPLAB XC8 Assembler V2.31 build 20201012212115 
                                                                                               Mon Jun 29 11:42:45 2026

Microchip MPLAB XC8 C Compiler v2.31 (Free license) build 20201012212115 Og1 
     1                           	processor	12F683
     2                           	pagewidth 120
     3                           	opt	flic
     4                           	psect	cinit,global,class=CODE,merge=1,delta=2
     5                           	psect	cstackCOMMON,global,class=COMMON,space=1,delta=1,noexec
     6                           	psect	cstackBANK0,global,class=BANK0,space=1,delta=1,noexec
     7                           	psect	maintext,global,class=CODE,split=1,delta=2
     8                           	psect	text1,local,class=CODE,merge=1,delta=2
     9                           	psect	text2,local,class=CODE,merge=1,delta=2
    10                           	psect	text3,local,class=CODE,merge=1,delta=2
    11                           	psect	text4,local,class=CODE,merge=1,delta=2
    12                           	psect	text5,local,class=CODE,merge=1,delta=2
    13                           	psect	text6,local,class=CODE,merge=1,delta=2
    14                           	psect	text7,local,class=CODE,merge=1,delta=2
    15                           	psect	text8,local,class=CODE,merge=1,delta=2
    16                           	psect	text9,local,class=CODE,merge=1,delta=2
    17                           	psect	text10,local,class=CODE,merge=1,delta=2
    18                           	psect	text11,local,class=CODE,merge=1,delta=2
    19                           	psect	text12,local,class=CODE,merge=1,delta=2
    20                           	psect	text13,local,class=CODE,merge=1,delta=2
    21                           	psect	text14,local,class=CODE,merge=1,delta=2
    22                           	psect	text15,local,class=CODE,merge=1,delta=2
    23                           	psect	text16,local,class=CODE,merge=1,delta=2
    24                           	psect	text17,local,class=CODE,merge=1,delta=2
    25                           	psect	text18,local,class=CODE,merge=1,delta=2
    26                           	psect	text19,local,class=CODE,merge=1,delta=2
    27                           	psect	text20,local,class=CODE,merge=1,delta=2
    28                           	psect	text21,local,class=CODE,merge=1,delta=2
    29                           	psect	text22,local,class=CODE,merge=1,delta=2
    30                           	psect	text23,local,class=CODE,merge=1,delta=2
    31                           	psect	text24,local,class=CODE,merge=1,delta=2
    32                           	psect	text25,local,class=CODE,merge=1,delta=2
    33                           	psect	text26,local,class=CODE,merge=1,delta=2
    34                           	psect	text27,local,class=CODE,merge=1,delta=2
    35                           	psect	text28,local,class=CODE,merge=1,delta=2
    36                           	psect	text29,local,class=CODE,merge=1,delta=2
    37                           	psect	text30,local,class=CODE,merge=1,delta=2
    38                           	psect	text31,local,class=CODE,merge=1,delta=2
    39                           	psect	text32,local,class=CODE,merge=1,delta=2
    40                           	psect	text33,local,class=CODE,merge=1,delta=2
    41                           	psect	text34,local,class=CODE,merge=1,delta=2
    42                           	psect	text35,local,class=CODE,merge=1,delta=2
    43                           	psect	text36,local,class=CODE,merge=1,delta=2,group=1
    44                           	psect	text37,local,class=CODE,merge=1,delta=2
    45                           	psect	config,global,abs,ovrld,class=CONFIG,space=4,delta=2,noexec
    46                           	dabs	1,0x7E,2
    47  0000                     
    48                           ; Generated 17/08/2023 GMT
    49                           ; 
    50                           ; Copyright © 2023, Microchip Technology Inc. and its subsidiaries ("Microchip")
    51                           ; All rights reserved.
    52                           ; 
    53                           ; This software is developed by Microchip Technology Inc. and its subsidiaries ("Microch
      +                          ip").
    54                           ; 
    55                           ; Redistribution and use in source and binary forms, with or without modification, are
    56                           ; permitted provided that the following conditions are met:
    57                           ; 
    58                           ;     1. Redistributions of source code must retain the above copyright notice, this lis
      +                          t of
    59                           ;        conditions and the following disclaimer.
    60                           ; 
    61                           ;     2. Redistributions in binary form must reproduce the above copyright notice, this 
      +                          list
    62                           ;        of conditions and the following disclaimer in the documentation and/or other
    63                           ;        materials provided with the distribution. Publication is not required when
    64                           ;        this file is used in an embedded application.
    65                           ; 
    66                           ;     3. Microchip's name may not be used to endorse or promote products derived from th
      +                          is
    67                           ;        software without specific prior written permission.
    68                           ; 
    69                           ; THIS SOFTWARE IS PROVIDED BY MICROCHIP "AS IS" AND ANY EXPRESS OR IMPLIED WARRANTIES,
    70                           ; INCLUDING, BUT NOT LIMITED TO, THE IMPLIED WARRANTIES OF MERCHANTABILITY AND FITNESS F
      +                          OR
    71                           ; PURPOSE ARE DISCLAIMED.  IN NO EVENT SHALL MICROCHIP BE LIABLE FOR ANY DIRECT, INDIREC
      +                          T,
    72                           ; INCIDENTAL, SPECIAL, EXEMPLARY, OR CONSEQUENTIAL DAMAGES (INCLUDING BUT NOT LIMITED TO
    73                           ; PROCUREMENT OF SUBSTITUTE GOODS OR SERVICES; LOSS OF USE, DATA OR PROFITS; OR BUSINESS
    74                           ; INTERRUPTION) HOWSOEVER CAUSED AND ON ANY THEORY OF LIABILITY, WHETHER IN CONTRACT, ST
      +                          RICT
    75                           ; LIABILITY, OR TORT (INCLUDING NEGLIGENCE OR OTHERWISE) ARISING IN ANY WAY OUT OF THE U
      +                          SE OF
    76                           ; THIS SOFTWARE, EVEN IF ADVISED OF THE POSSIBILITY OF SUCH DAMAGE.
    77                           ; 
    78                           ; 
    79                           ; Code-generator required, PIC12F683 Definitions
    80                           ; 
    81                           ; SFR Addresses
    82  0000                     	;# 
    83  0001                     	;# 
    84  0002                     	;# 
    85  0003                     	;# 
    86  0004                     	;# 
    87  0005                     	;# 
    88  000A                     	;# 
    89  000B                     	;# 
    90  000C                     	;# 
    91  000E                     	;# 
    92  000E                     	;# 
    93  000F                     	;# 
    94  0010                     	;# 
    95  0011                     	;# 
    96  0012                     	;# 
    97  0013                     	;# 
    98  0013                     	;# 
    99  0014                     	;# 
   100  0015                     	;# 
   101  0018                     	;# 
   102  0019                     	;# 
   103  001A                     	;# 
   104  001E                     	;# 
   105  001F                     	;# 
   106  0081                     	;# 
   107  0085                     	;# 
   108  008C                     	;# 
   109  008E                     	;# 
   110  008F                     	;# 
   111  0090                     	;# 
   112  0092                     	;# 
   113  0095                     	;# 
   114  0095                     	;# 
   115  0096                     	;# 
   116  0096                     	;# 
   117  0099                     	;# 
   118  009A                     	;# 
   119  009A                     	;# 
   120  009B                     	;# 
   121  009C                     	;# 
   122  009D                     	;# 
   123  009E                     	;# 
   124  009F                     	;# 
   125  0000                     	;# 
   126  0001                     	;# 
   127  0002                     	;# 
   128  0003                     	;# 
   129  0004                     	;# 
   130  0005                     	;# 
   131  000A                     	;# 
   132  000B                     	;# 
   133  000C                     	;# 
   134  000E                     	;# 
   135  000E                     	;# 
   136  000F                     	;# 
   137  0010                     	;# 
   138  0011                     	;# 
   139  0012                     	;# 
   140  0013                     	;# 
   141  0013                     	;# 
   142  0014                     	;# 
   143  0015                     	;# 
   144  0018                     	;# 
   145  0019                     	;# 
   146  001A                     	;# 
   147  001E                     	;# 
   148  001F                     	;# 
   149  0081                     	;# 
   150  0085                     	;# 
   151  008C                     	;# 
   152  008E                     	;# 
   153  008F                     	;# 
   154  0090                     	;# 
   155  0092                     	;# 
   156  0095                     	;# 
   157  0095                     	;# 
   158  0096                     	;# 
   159  0096                     	;# 
   160  0099                     	;# 
   161  009A                     	;# 
   162  009A                     	;# 
   163  009B                     	;# 
   164  009C                     	;# 
   165  009D                     	;# 
   166  009E                     	;# 
   167  009F                     	;# 
   168  0005                     _GPIO	set	5
   169  0019                     _CMCON0	set	25
   170  001F                     _ADCON0	set	31
   171  0001                     _TMR0	set	1
   172  000B                     _INTCONbits	set	11
   173  0005                     _GPIObits	set	5
   174  008F                     _OSCCONbits	set	143
   175  009F                     _ANSEL	set	159
   176  009D                     _EECON2	set	157
   177  009A                     _EEDAT	set	154
   178  009B                     _EEADR	set	155
   179  009C                     _EECON1bits	set	156
   180  0085                     _TRISIObits	set	133
   181  0081                     _OPTION_REGbits	set	129
   182                           
   183                           	psect	cinit
   184  0005                     start_initialization:	
   185                           ; #config settings
   186                           
   187  0005                     __initialization:
   188  0005                     end_of_initialization:	
   189                           ;End of C runtime variable initialization code
   190                           
   191  0005                     __end_of__initialization:
   192  0005  0183               	clrf	3
   193  0006  2807               	ljmp	_main	;jump to C main() function
   194                           
   195                           	psect	cstackCOMMON
   196  0070                     __pcstackCOMMON:
   197  0070                     ?_Delay_Seconds:
   198  0070                     ?_I2C_Init:	
   199                           ; 1 bytes @ 0x0
   200                           
   201  0070                     ?_Relay_On:	
   202                           ; 1 bytes @ 0x0
   203                           
   204  0070                     ??_Relay_On:	
   205                           ; 1 bytes @ 0x0
   206                           
   207  0070                     ?_Relay_Off:	
   208                           ; 1 bytes @ 0x0
   209                           
   210  0070                     ??_Relay_Off:	
   211                           ; 1 bytes @ 0x0
   212                           
   213  0070                     ?_Relay_Reset_Pulse:	
   214                           ; 1 bytes @ 0x0
   215                           
   216  0070                     ?_Timer0_Init_For_Delay:	
   217                           ; 1 bytes @ 0x0
   218                           
   219  0070                     ??_Timer0_Init_For_Delay:	
   220                           ; 1 bytes @ 0x0
   221                           
   222  0070                     ?_Delay_Approx_65ms:	
   223                           ; 1 bytes @ 0x0
   224                           
   225  0070                     ??_Delay_Approx_65ms:	
   226                           ; 1 bytes @ 0x0
   227                           
   228  0070                     ?_Delay_Approx_250ms:	
   229                           ; 1 bytes @ 0x0
   230                           
   231  0070                     ??_Delay_Approx_250ms:	
   232                           ; 1 bytes @ 0x0
   233                           
   234  0070                     ?_Delay_Approx_1s:	
   235                           ; 1 bytes @ 0x0
   236                           
   237  0070                     ??_Delay_Approx_1s:	
   238                           ; 1 bytes @ 0x0
   239                           
   240  0070                     ?_I2C_Delay:	
   241                           ; 1 bytes @ 0x0
   242                           
   243  0070                     ??_I2C_Delay:	
   244                           ; 1 bytes @ 0x0
   245                           
   246  0070                     ?_SDA_Low:	
   247                           ; 1 bytes @ 0x0
   248                           
   249  0070                     ??_SDA_Low:	
   250                           ; 1 bytes @ 0x0
   251                           
   252  0070                     ?_SDA_Release:	
   253                           ; 1 bytes @ 0x0
   254                           
   255  0070                     ??_SDA_Release:	
   256                           ; 1 bytes @ 0x0
   257                           
   258  0070                     ?_SCL_Low:	
   259                           ; 1 bytes @ 0x0
   260                           
   261  0070                     ??_SCL_Low:	
   262                           ; 1 bytes @ 0x0
   263                           
   264  0070                     ?_SCL_Release:	
   265                           ; 1 bytes @ 0x0
   266                           
   267  0070                     ??_SCL_Release:	
   268                           ; 1 bytes @ 0x0
   269                           
   270  0070                     ?_SDA_Read:	
   271                           ; 1 bytes @ 0x0
   272                           
   273  0070                     ??_SDA_Read:	
   274                           ; 1 bytes @ 0x0
   275                           
   276  0070                     ?_I2C_Start:	
   277                           ; 1 bytes @ 0x0
   278                           
   279  0070                     ?_I2C_Stop:	
   280                           ; 1 bytes @ 0x0
   281                           
   282  0070                     ?_I2C_WriteByte:	
   283                           ; 1 bytes @ 0x0
   284                           
   285  0070                     ?_I2C_ReadByte:	
   286                           ; 1 bytes @ 0x0
   287                           
   288  0070                     ?_BCD_To_Dec:	
   289                           ; 1 bytes @ 0x0
   290                           
   291  0070                     ?_EEPROM_ReadByte:	
   292                           ; 1 bytes @ 0x0
   293                           
   294  0070                     ??_EEPROM_ReadByte:	
   295                           ; 1 bytes @ 0x0
   296                           
   297  0070                     ?_Trigger_Checksum:	
   298                           ; 1 bytes @ 0x0
   299                           
   300  0070                     ?_DS3231_ReadTime:	
   301                           ; 1 bytes @ 0x0
   302                           
   303  0070                     ?_RTC_Time_Is_Valid:	
   304                           ; 1 bytes @ 0x0
   305                           
   306  0070                     ??_RTC_Time_Is_Valid:	
   307                           ; 1 bytes @ 0x0
   308                           
   309  0070                     ?_DS3231_ReadTime_With_Retry:	
   310                           ; 1 bytes @ 0x0
   311                           
   312  0070                     ?_Read_Selected_Mode:	
   313                           ; 1 bytes @ 0x0
   314                           
   315  0070                     ??_Read_Selected_Mode:	
   316                           ; 1 bytes @ 0x0
   317                           
   318  0070                     ?_Is_Mode1_Hour:	
   319                           ; 1 bytes @ 0x0
   320                           
   321  0070                     ??_Is_Mode1_Hour:	
   322                           ; 1 bytes @ 0x0
   323                           
   324  0070                     ?_Is_Mode2_Hour:	
   325                           ; 1 bytes @ 0x0
   326                           
   327  0070                     ??_Is_Mode2_Hour:	
   328                           ; 1 bytes @ 0x0
   329                           
   330  0070                     ?_Is_Mode3_Hour:	
   331                           ; 1 bytes @ 0x0
   332                           
   333  0070                     ??_Is_Mode3_Hour:	
   334                           ; 1 bytes @ 0x0
   335                           
   336  0070                     ?_Is_Night_Mode_Relay_On_Time:	
   337                           ; 1 bytes @ 0x0
   338                           
   339  0070                     ??_Is_Night_Mode_Relay_On_Time:	
   340                           ; 1 bytes @ 0x0
   341                           
   342  0070                     ?_Already_Triggered_This_Minute:	
   343                           ; 1 bytes @ 0x0
   344                           
   345  0070                     ?_Init_Device:	
   346                           ; 1 bytes @ 0x0
   347                           
   348  0070                     ??_Init_Device:	
   349                           ; 1 bytes @ 0x0
   350                           
   351  0070                     ?_main:	
   352                           ; 1 bytes @ 0x0
   353                           
   354  0070                     ?___bmul:	
   355                           ; 1 bytes @ 0x0
   356                           
   357  0070                     EEPROM_ReadByte@address:	
   358                           ; 1 bytes @ 0x0
   359                           
   360  0070                     Trigger_Checksum@minute:	
   361                           ; 1 bytes @ 0x0
   362                           
   363  0070                     RTC_Time_Is_Valid@time:	
   364                           ; 1 bytes @ 0x0
   365                           
   366  0070                     Read_Selected_Mode@dip1_high:	
   367                           ; 1 bytes @ 0x0
   368                           
   369  0070                     Is_Mode1_Hour@hour:	
   370                           ; 1 bytes @ 0x0
   371                           
   372  0070                     Is_Mode2_Hour@hour:	
   373                           ; 1 bytes @ 0x0
   374                           
   375  0070                     Is_Mode3_Hour@hour:	
   376                           ; 1 bytes @ 0x0
   377                           
   378  0070                     Is_Night_Mode_Relay_On_Time@now:	
   379                           ; 1 bytes @ 0x0
   380                           
   381  0070                     Already_Triggered_This_Minute@last_hour:	
   382                           ; 1 bytes @ 0x0
   383                           
   384  0070                     ___bmul@multiplicand:	
   385                           ; 1 bytes @ 0x0
   386                           
   387                           
   388                           ; 1 bytes @ 0x0
   389  0070                     	ds	1
   390  0071                     ?_EEPROM_WriteByte:
   391  0071                     ?_Is_Scheduled_Restart_Time:	
   392                           ; 1 bytes @ 0x1
   393                           
   394  0071                     ??___bmul:	
   395                           ; 1 bytes @ 0x1
   396                           
   397  0071                     Delay_Approx_250ms@i:	
   398                           ; 1 bytes @ 0x1
   399                           
   400  0071                     Delay_Approx_1s@i:	
   401                           ; 1 bytes @ 0x1
   402                           
   403  0071                     I2C_Delay@i:	
   404                           ; 1 bytes @ 0x1
   405                           
   406  0071                     EEPROM_WriteByte@value:	
   407                           ; 1 bytes @ 0x1
   408                           
   409  0071                     Trigger_Checksum@date:	
   410                           ; 1 bytes @ 0x1
   411                           
   412  0071                     Read_Selected_Mode@dip2_high:	
   413                           ; 1 bytes @ 0x1
   414                           
   415  0071                     Is_Scheduled_Restart_Time@now:	
   416                           ; 1 bytes @ 0x1
   417                           
   418  0071                     Already_Triggered_This_Minute@last_minute:	
   419                           ; 1 bytes @ 0x1
   420                           
   421                           
   422                           ; 1 bytes @ 0x1
   423  0071                     	ds	1
   424  0072                     ??_Delay_Seconds:
   425  0072                     ??_I2C_Init:	
   426                           ; 1 bytes @ 0x2
   427                           
   428  0072                     ??_I2C_Start:	
   429                           ; 1 bytes @ 0x2
   430                           
   431  0072                     ??_I2C_Stop:	
   432                           ; 1 bytes @ 0x2
   433                           
   434  0072                     ??_I2C_WriteByte:	
   435                           ; 1 bytes @ 0x2
   436                           
   437  0072                     ??_I2C_ReadByte:	
   438                           ; 1 bytes @ 0x2
   439                           
   440  0072                     ??_EEPROM_WriteByte:	
   441                           ; 1 bytes @ 0x2
   442                           
   443  0072                     ??_Is_Scheduled_Restart_Time:	
   444                           ; 1 bytes @ 0x2
   445                           
   446  0072                     Delay_Seconds@seconds:	
   447                           ; 1 bytes @ 0x2
   448                           
   449  0072                     EEPROM_WriteByte@gie_was_enabled:	
   450                           ; 1 bytes @ 0x2
   451                           
   452  0072                     Trigger_Checksum@month:	
   453                           ; 1 bytes @ 0x2
   454                           
   455  0072                     Already_Triggered_This_Minute@last_date:	
   456                           ; 1 bytes @ 0x2
   457                           
   458  0072                     ___bmul@product:	
   459                           ; 1 bytes @ 0x2
   460                           
   461                           
   462                           ; 1 bytes @ 0x2
   463  0072                     	ds	1
   464  0073                     ??_Relay_Reset_Pulse:
   465  0073                     I2C_WriteByte@data:	
   466                           ; 1 bytes @ 0x3
   467                           
   468  0073                     I2C_ReadByte@send_ack:	
   469                           ; 1 bytes @ 0x3
   470                           
   471  0073                     EEPROM_WriteByte@address:	
   472                           ; 1 bytes @ 0x3
   473                           
   474  0073                     Trigger_Checksum@year:	
   475                           ; 1 bytes @ 0x3
   476                           
   477  0073                     Already_Triggered_This_Minute@last_month:	
   478                           ; 1 bytes @ 0x3
   479                           
   480  0073                     ___bmul@multiplier:	
   481                           ; 1 bytes @ 0x3
   482                           
   483                           
   484                           ; 1 bytes @ 0x3
   485  0073                     	ds	1
   486  0074                     ??_BCD_To_Dec:
   487  0074                     ??_Trigger_Checksum:	
   488                           ; 1 bytes @ 0x4
   489                           
   490  0074                     I2C_WriteByte@ack:	
   491                           ; 1 bytes @ 0x4
   492                           
   493  0074                     I2C_ReadByte@data:	
   494                           ; 1 bytes @ 0x4
   495                           
   496  0074                     Trigger_Checksum@hour:	
   497                           ; 1 bytes @ 0x4
   498                           
   499  0074                     Is_Scheduled_Restart_Time@mode:	
   500                           ; 1 bytes @ 0x4
   501                           
   502  0074                     Already_Triggered_This_Minute@last_year:	
   503                           ; 1 bytes @ 0x4
   504                           
   505                           
   506                           ; 1 bytes @ 0x4
   507  0074                     	ds	1
   508  0075                     ?_EEPROM_Load_Last_Trigger:
   509  0075                     ?_EEPROM_Save_Last_Trigger:	
   510                           ; 1 bytes @ 0x5
   511                           
   512  0075                     ??_Already_Triggered_This_Minute:	
   513                           ; 1 bytes @ 0x5
   514                           
   515  0075                     I2C_WriteByte@i:	
   516                           ; 1 bytes @ 0x5
   517                           
   518  0075                     I2C_ReadByte@i:	
   519                           ; 1 bytes @ 0x5
   520                           
   521  0075                     EEPROM_Load_Last_Trigger@last_minute:	
   522                           ; 1 bytes @ 0x5
   523                           
   524  0075                     EEPROM_Save_Last_Trigger@minute:	
   525                           ; 1 bytes @ 0x5
   526                           
   527  0075                     Already_Triggered_This_Minute@now:	
   528                           ; 1 bytes @ 0x5
   529                           
   530                           
   531                           ; 1 bytes @ 0x5
   532  0075                     	ds	1
   533  0076                     BCD_To_Dec@tens:
   534  0076                     EEPROM_Load_Last_Trigger@last_date:	
   535                           ; 1 bytes @ 0x6
   536                           
   537  0076                     EEPROM_Save_Last_Trigger@date:	
   538                           ; 1 bytes @ 0x6
   539                           
   540                           
   541                           ; 1 bytes @ 0x6
   542  0076                     	ds	1
   543  0077                     BCD_To_Dec@ones:
   544  0077                     EEPROM_Load_Last_Trigger@last_month:	
   545                           ; 1 bytes @ 0x7
   546                           
   547  0077                     EEPROM_Save_Last_Trigger@month:	
   548                           ; 1 bytes @ 0x7
   549                           
   550                           
   551                           ; 1 bytes @ 0x7
   552  0077                     	ds	1
   553  0078                     BCD_To_Dec@bcd:
   554  0078                     EEPROM_Load_Last_Trigger@last_year:	
   555                           ; 1 bytes @ 0x8
   556                           
   557  0078                     EEPROM_Save_Last_Trigger@year:	
   558                           ; 1 bytes @ 0x8
   559                           
   560                           
   561                           ; 1 bytes @ 0x8
   562  0078                     	ds	1
   563  0079                     ??_EEPROM_Load_Last_Trigger:
   564  0079                     ??_EEPROM_Save_Last_Trigger:	
   565                           ; 1 bytes @ 0x9
   566                           
   567  0079                     ??_DS3231_ReadTime:	
   568                           ; 1 bytes @ 0x9
   569                           
   570                           
   571                           ; 1 bytes @ 0x9
   572  0079                     	ds	1
   573  007A                     ??_DS3231_ReadTime_With_Retry:
   574                           
   575                           ; 1 bytes @ 0xA
   576  007A                     	ds	1
   577  007B                     DS3231_ReadTime_With_Retry@attempt:
   578                           
   579                           ; 1 bytes @ 0xB
   580  007B                     	ds	1
   581  007C                     DS3231_ReadTime_With_Retry@time:
   582                           
   583                           ; 1 bytes @ 0xC
   584  007C                     	ds	2
   585                           
   586                           	psect	cstackBANK0
   587  0020                     __pcstackBANK0:
   588  0020                     EEPROM_Load_Last_Trigger@checksum:
   589  0020                     EEPROM_Save_Last_Trigger@checksum:	
   590                           ; 1 bytes @ 0x0
   591                           
   592  0020                     DS3231_ReadTime@raw_second:	
   593                           ; 1 bytes @ 0x0
   594                           
   595                           
   596                           ; 1 bytes @ 0x0
   597  0020                     	ds	1
   598  0021                     EEPROM_Load_Last_Trigger@last_hour:
   599  0021                     EEPROM_Save_Last_Trigger@hour:	
   600                           ; 1 bytes @ 0x1
   601                           
   602  0021                     DS3231_ReadTime@raw_minute:	
   603                           ; 1 bytes @ 0x1
   604                           
   605                           
   606                           ; 1 bytes @ 0x1
   607  0021                     	ds	1
   608  0022                     EEPROM_Load_Last_Trigger@hour:
   609  0022                     DS3231_ReadTime@raw_day:	
   610                           ; 1 bytes @ 0x2
   611                           
   612                           
   613                           ; 1 bytes @ 0x2
   614  0022                     	ds	1
   615  0023                     EEPROM_Load_Last_Trigger@minute:
   616  0023                     DS3231_ReadTime@raw_date:	
   617                           ; 1 bytes @ 0x3
   618                           
   619                           
   620                           ; 1 bytes @ 0x3
   621  0023                     	ds	1
   622  0024                     EEPROM_Load_Last_Trigger@year:
   623  0024                     DS3231_ReadTime@raw_month:	
   624                           ; 1 bytes @ 0x4
   625                           
   626                           
   627                           ; 1 bytes @ 0x4
   628  0024                     	ds	1
   629  0025                     EEPROM_Load_Last_Trigger@date:
   630  0025                     DS3231_ReadTime@raw_year:	
   631                           ; 1 bytes @ 0x5
   632                           
   633                           
   634                           ; 1 bytes @ 0x5
   635  0025                     	ds	1
   636  0026                     EEPROM_Load_Last_Trigger@month:
   637  0026                     DS3231_ReadTime@is_pm:	
   638                           ; 1 bytes @ 0x6
   639                           
   640                           
   641                           ; 1 bytes @ 0x6
   642  0026                     	ds	1
   643  0027                     DS3231_ReadTime@raw_hour:
   644                           
   645                           ; 1 bytes @ 0x7
   646  0027                     	ds	1
   647  0028                     DS3231_ReadTime@hour_12:
   648                           
   649                           ; 1 bytes @ 0x8
   650  0028                     	ds	1
   651  0029                     DS3231_ReadTime@time:
   652                           
   653                           ; 1 bytes @ 0x9
   654  0029                     	ds	1
   655  002A                     ??_main:
   656                           
   657                           ; 1 bytes @ 0xA
   658  002A                     	ds	6
   659  0030                     main@already_triggered:
   660                           
   661                           ; 1 bytes @ 0x10
   662  0030                     	ds	1
   663  0031                     main@selected_mode:
   664                           
   665                           ; 1 bytes @ 0x11
   666  0031                     	ds	1
   667  0032                     main@last_trigger_hour:
   668                           
   669                           ; 1 bytes @ 0x12
   670  0032                     	ds	1
   671  0033                     main@last_trigger_minute:
   672                           
   673                           ; 1 bytes @ 0x13
   674  0033                     	ds	1
   675  0034                     main@last_trigger_date:
   676                           
   677                           ; 1 bytes @ 0x14
   678  0034                     	ds	1
   679  0035                     main@last_trigger_month:
   680                           
   681                           ; 1 bytes @ 0x15
   682  0035                     	ds	1
   683  0036                     main@last_trigger_year:
   684                           
   685                           ; 1 bytes @ 0x16
   686  0036                     	ds	1
   687  0037                     main@after_trigger_time:
   688                           
   689                           ; 7 bytes @ 0x17
   690  0037                     	ds	7
   691  003E                     main@now:
   692                           
   693                           ; 7 bytes @ 0x1E
   694  003E                     	ds	7
   695                           
   696                           	psect	maintext
   697  0007                     __pmaintext:	
   698 ;;
   699 ;;Main: autosize = 0, tempsize = 6, incstack = 0, save=0
   700 ;;
   701 ;; *************** function _main *****************
   702 ;; Defined at:
   703 ;;		line 1112 in file "AWS_PIC_RTC_Timer_V1.c"
   704 ;; Parameters:    Size  Location     Type
   705 ;;		None
   706 ;; Auto vars:     Size  Location     Type
   707 ;;  already_trig    1   16[BANK0 ] _Bool 
   708 ;;  now             7   30[BANK0 ] struct .
   709 ;;  after_trigge    7   23[BANK0 ] struct .
   710 ;;  last_trigger    1   22[BANK0 ] unsigned char 
   711 ;;  last_trigger    1   21[BANK0 ] unsigned char 
   712 ;;  last_trigger    1   20[BANK0 ] unsigned char 
   713 ;;  last_trigger    1   19[BANK0 ] unsigned char 
   714 ;;  last_trigger    1   18[BANK0 ] unsigned char 
   715 ;;  selected_mod    1   17[BANK0 ] enum E663
   716 ;; Return value:  Size  Location     Type
   717 ;;                  1    wreg      void 
   718 ;; Registers used:
   719 ;;		wreg, fsr0l, fsr0h, status,2, status,0, pclath, cstack
   720 ;; Tracked objects:
   721 ;;		On entry : B00/0
   722 ;;		On exit  : 0/0
   723 ;;		Unchanged: 0/0
   724 ;; Data sizes:     COMMON   BANK0   BANK1
   725 ;;      Params:         0       0       0
   726 ;;      Locals:         0      21       0
   727 ;;      Temps:          0       6       0
   728 ;;      Totals:         0      27       0
   729 ;;Total ram usage:       27 bytes
   730 ;; Hardware stack levels required when called:    4
   731 ;; This function calls:
   732 ;;		_Already_Triggered_This_Minute
   733 ;;		_DS3231_ReadTime_With_Retry
   734 ;;		_Delay_Approx_1s
   735 ;;		_Delay_Approx_250ms
   736 ;;		_Delay_Seconds
   737 ;;		_EEPROM_Load_Last_Trigger
   738 ;;		_EEPROM_Save_Last_Trigger
   739 ;;		_I2C_Init
   740 ;;		_Init_Device
   741 ;;		_Is_Night_Mode_Relay_On_Time
   742 ;;		_Is_Scheduled_Restart_Time
   743 ;;		_Read_Selected_Mode
   744 ;;		_Relay_Off
   745 ;;		_Relay_On
   746 ;;		_Relay_Reset_Pulse
   747 ;; This function is called by:
   748 ;;		Startup code after reset
   749 ;; This function uses a non-reentrant model
   750 ;;
   751                           
   752                           
   753                           ;psect for function _main
   754  0007                     _main:
   755  0007                     l2164:	
   756                           ;incstack = 0
   757                           ; Regs used in _main: [wreg-fsr0h+status,2+status,0+pclath+cstack]
   758                           
   759                           
   760                           ;AWS_PIC_RTC_Timer_V1.c: 1114:     RTC_Time now;;AWS_PIC_RTC_Timer_V1.c: 1115:     RTC_T
      +                          ime after_trigger_time;;AWS_PIC_RTC_Timer_V1.c: 1116:     Reset_Mode selected_mode;;AWS_
      +                          PIC_RTC_Timer_V1.c: 1118:     uint8_t last_trigger_hour = 0xFF;
   761  0007  30FF               	movlw	255
   762  0008  1283               	bcf	3,5	;RP0=0, select bank0
   763  0009  00AA               	movwf	??_main
   764  000A  082A               	movf	??_main,w
   765  000B  00B2               	movwf	main@last_trigger_hour
   766                           
   767                           ;AWS_PIC_RTC_Timer_V1.c: 1119:     uint8_t last_trigger_minute = 0xFF;
   768  000C  30FF               	movlw	255
   769  000D  00AA               	movwf	??_main
   770  000E  082A               	movf	??_main,w
   771  000F  00B3               	movwf	main@last_trigger_minute
   772                           
   773                           ;AWS_PIC_RTC_Timer_V1.c: 1120:     uint8_t last_trigger_date = 0xFF;
   774  0010  30FF               	movlw	255
   775  0011  00AA               	movwf	??_main
   776  0012  082A               	movf	??_main,w
   777  0013  00B4               	movwf	main@last_trigger_date
   778                           
   779                           ;AWS_PIC_RTC_Timer_V1.c: 1121:     uint8_t last_trigger_month = 0xFF;
   780  0014  30FF               	movlw	255
   781  0015  00AA               	movwf	??_main
   782  0016  082A               	movf	??_main,w
   783  0017  00B5               	movwf	main@last_trigger_month
   784                           
   785                           ;AWS_PIC_RTC_Timer_V1.c: 1122:     uint8_t last_trigger_year = 0xFF;
   786  0018  30FF               	movlw	255
   787  0019  00AA               	movwf	??_main
   788  001A  082A               	movf	??_main,w
   789  001B  00B6               	movwf	main@last_trigger_year
   790  001C                     l2166:
   791                           
   792                           ;AWS_PIC_RTC_Timer_V1.c: 1124:     Init_Device();
   793  001C  2480               	fcall	_Init_Device
   794  001D                     l2168:
   795                           
   796                           ;AWS_PIC_RTC_Timer_V1.c: 1125:     I2C_Init();
   797  001D  253F               	fcall	_I2C_Init
   798  001E                     l2170:
   799                           
   800                           ;AWS_PIC_RTC_Timer_V1.c: 1129:     (void)EEPROM_Load_Last_Trigger(&last_trigger_hour,
   801  001E  3033               	movlw	(low (main@last_trigger_minute| 0))& (0+255)
   802  001F  1283               	bcf	3,5	;RP0=0, select bank0
   803  0020  00AA               	movwf	??_main
   804  0021  082A               	movf	??_main,w
   805  0022  00F5               	movwf	EEPROM_Load_Last_Trigger@last_minute
   806  0023  3034               	movlw	(low (main@last_trigger_date| 0))& (0+255)
   807  0024  00AB               	movwf	??_main+1
   808  0025  082B               	movf	??_main+1,w
   809  0026  00F6               	movwf	EEPROM_Load_Last_Trigger@last_date
   810  0027  3035               	movlw	(low (main@last_trigger_month| 0))& (0+255)
   811  0028  00AC               	movwf	??_main+2
   812  0029  082C               	movf	??_main+2,w
   813  002A  00F7               	movwf	EEPROM_Load_Last_Trigger@last_month
   814  002B  3036               	movlw	(low (main@last_trigger_year| 0))& (0+255)
   815  002C  00AD               	movwf	??_main+3
   816  002D  082D               	movf	??_main+3,w
   817  002E  00F8               	movwf	EEPROM_Load_Last_Trigger@last_year
   818  002F  3032               	movlw	(low (main@last_trigger_hour| 0))& (0+255)
   819  0030  21A7               	fcall	_EEPROM_Load_Last_Trigger
   820  0031                     l2172:
   821                           
   822                           ;AWS_PIC_RTC_Timer_V1.c: 1157:     Delay_Seconds(1);
   823  0031  3001               	movlw	1
   824  0032  24E7               	fcall	_Delay_Seconds
   825                           
   826                           ;AWS_PIC_RTC_Timer_V1.c: 1161:     while (!DS3231_ReadTime_With_Retry(&now))
   827  0033  2838               	goto	l2180
   828  0034                     l2174:
   829                           
   830                           ;AWS_PIC_RTC_Timer_V1.c: 1162:     {;AWS_PIC_RTC_Timer_V1.c: 1163:         Relay_Off();
   831  0034  254A               	fcall	_Relay_Off
   832  0035                     l2176:
   833                           
   834                           ;AWS_PIC_RTC_Timer_V1.c: 1164:         I2C_Init();
   835  0035  253F               	fcall	_I2C_Init
   836  0036                     l2178:
   837                           
   838                           ;AWS_PIC_RTC_Timer_V1.c: 1165:         Delay_Seconds(1);
   839  0036  3001               	movlw	1
   840  0037  24E7               	fcall	_Delay_Seconds
   841  0038                     l2180:
   842                           
   843                           ;AWS_PIC_RTC_Timer_V1.c: 1161:     while (!DS3231_ReadTime_With_Retry(&now))
   844  0038  303E               	movlw	(low (main@now| 0))& (0+255)
   845  0039  2411               	fcall	_DS3231_ReadTime_With_Retry
   846  003A  3A00               	xorlw	0
   847  003B  1903               	skipnz
   848  003C  283E               	goto	u1551
   849  003D  283F               	goto	u1550
   850  003E                     u1551:
   851  003E  2834               	goto	l2174
   852  003F                     u1550:
   853  003F                     l2182:
   854                           
   855                           ;AWS_PIC_RTC_Timer_V1.c: 1169:     {;AWS_PIC_RTC_Timer_V1.c: 1170:         selected_mode
      +                           = Read_Selected_Mode();
   856  003F  2361               	fcall	_Read_Selected_Mode
   857  0040  1283               	bcf	3,5	;RP0=0, select bank0
   858  0041  00AA               	movwf	??_main
   859  0042  082A               	movf	??_main,w
   860  0043  00B1               	movwf	main@selected_mode
   861  0044                     l2184:
   862                           
   863                           ;AWS_PIC_RTC_Timer_V1.c: 1172:         if (DS3231_ReadTime_With_Retry(&now))
   864  0044  303E               	movlw	(low (main@now| 0))& (0+255)
   865  0045  2411               	fcall	_DS3231_ReadTime_With_Retry
   866  0046  3A00               	xorlw	0
   867  0047  1903               	skipnz
   868  0048  284A               	goto	u1561
   869  0049  284B               	goto	u1560
   870  004A                     u1561:
   871  004A  28D6               	goto	l2226
   872  004B                     u1560:
   873  004B                     l2186:
   874                           
   875                           ;AWS_PIC_RTC_Timer_V1.c: 1173:         {;AWS_PIC_RTC_Timer_V1.c: 1232:             if (s
      +                          elected_mode == RESET_MODE_TEST)
   876  004B  1283               	bcf	3,5	;RP0=0, select bank0
   877  004C  0831               	movf	main@selected_mode,w
   878  004D  1D03               	btfss	3,2
   879  004E  2850               	goto	u1571
   880  004F  2851               	goto	u1570
   881  0050                     u1571:
   882  0050  285C               	goto	l2194
   883  0051                     u1570:
   884  0051                     l2188:
   885                           
   886                           ;AWS_PIC_RTC_Timer_V1.c: 1233:             {;AWS_PIC_RTC_Timer_V1.c: 1237:              
      +                             if (Is_Night_Mode_Relay_On_Time(&now))
   887  0051  303E               	movlw	(low (main@now| 0))& (0+255)
   888  0052  2467               	fcall	_Is_Night_Mode_Relay_On_Time
   889  0053  3A00               	xorlw	0
   890  0054  1903               	skipnz
   891  0055  2857               	goto	u1581
   892  0056  2858               	goto	u1580
   893  0057                     u1581:
   894  0057  285A               	goto	l2192
   895  0058                     u1580:
   896  0058                     l2190:
   897                           
   898                           ;AWS_PIC_RTC_Timer_V1.c: 1238:                 {;AWS_PIC_RTC_Timer_V1.c: 1239:          
      +                                     Relay_On();
   899  0058  2547               	fcall	_Relay_On
   900                           
   901                           ;AWS_PIC_RTC_Timer_V1.c: 1240:                 }
   902  0059  28D9               	goto	l2232
   903  005A                     l2192:
   904                           
   905                           ;AWS_PIC_RTC_Timer_V1.c: 1242:                 {;AWS_PIC_RTC_Timer_V1.c: 1243:          
      +                                     Relay_Off();
   906  005A  254A               	fcall	_Relay_Off
   907  005B  28D9               	goto	l2232
   908  005C                     l2194:
   909                           
   910                           ;AWS_PIC_RTC_Timer_V1.c: 1247:             {;AWS_PIC_RTC_Timer_V1.c: 1248:              
      +                             if (Is_Scheduled_Restart_Time(selected_mode, &now))
   911  005C  303E               	movlw	(low (main@now| 0))& (0+255)
   912  005D  00AA               	movwf	??_main
   913  005E  082A               	movf	??_main,w
   914  005F  00F1               	movwf	Is_Scheduled_Restart_Time@now
   915  0060  0831               	movf	main@selected_mode,w
   916  0061  22E4               	fcall	_Is_Scheduled_Restart_Time
   917  0062  3A00               	xorlw	0
   918  0063  1903               	skipnz
   919  0064  2866               	goto	u1591
   920  0065  2867               	goto	u1590
   921  0066                     u1591:
   922  0066  285A               	goto	l2192
   923  0067                     u1590:
   924  0067                     l2196:
   925                           
   926                           ;AWS_PIC_RTC_Timer_V1.c: 1249:                 {;AWS_PIC_RTC_Timer_V1.c: 1250:          
      +                                     _Bool already_triggered;;AWS_PIC_RTC_Timer_V1.c: 1252:                     al
      +                          ready_triggered = Already_Triggered_This_Minute(&now,
   927  0067  1283               	bcf	3,5	;RP0=0, select bank0
   928  0068  0832               	movf	main@last_trigger_hour,w
   929  0069  00AA               	movwf	??_main
   930  006A  082A               	movf	??_main,w
   931  006B  00F0               	movwf	Already_Triggered_This_Minute@last_hour
   932  006C  0833               	movf	main@last_trigger_minute,w
   933  006D  00AB               	movwf	??_main+1
   934  006E  082B               	movf	??_main+1,w
   935  006F  00F1               	movwf	Already_Triggered_This_Minute@last_minute
   936  0070  0834               	movf	main@last_trigger_date,w
   937  0071  00AC               	movwf	??_main+2
   938  0072  082C               	movf	??_main+2,w
   939  0073  00F2               	movwf	Already_Triggered_This_Minute@last_date
   940  0074  0835               	movf	main@last_trigger_month,w
   941  0075  00AD               	movwf	??_main+3
   942  0076  082D               	movf	??_main+3,w
   943  0077  00F3               	movwf	Already_Triggered_This_Minute@last_month
   944  0078  0836               	movf	main@last_trigger_year,w
   945  0079  00AE               	movwf	??_main+4
   946  007A  082E               	movf	??_main+4,w
   947  007B  00F4               	movwf	Already_Triggered_This_Minute@last_year
   948  007C  303E               	movlw	(low (main@now| 0))& (0+255)
   949  007D  232B               	fcall	_Already_Triggered_This_Minute
   950  007E  1283               	bcf	3,5	;RP0=0, select bank0
   951  007F  00AF               	movwf	??_main+5
   952  0080  082F               	movf	??_main+5,w
   953  0081  00B0               	movwf	main@already_triggered
   954  0082                     l2198:
   955                           
   956                           ;AWS_PIC_RTC_Timer_V1.c: 1259:                     if (!already_triggered)
   957  0082  0830               	movf	main@already_triggered,w
   958  0083  1D03               	btfss	3,2
   959  0084  2886               	goto	u1601
   960  0085  2887               	goto	u1600
   961  0086                     u1601:
   962  0086  28D9               	goto	l2232
   963  0087                     u1600:
   964  0087                     l2200:
   965                           
   966                           ;AWS_PIC_RTC_Timer_V1.c: 1260:                     {;AWS_PIC_RTC_Timer_V1.c: 1264:      
      +                                             EEPROM_Save_Last_Trigger(now.hour,
   967  0087  083F               	movf	main@now+1,w
   968  0088  00AA               	movwf	??_main
   969  0089  082A               	movf	??_main,w
   970  008A  00F5               	movwf	EEPROM_Save_Last_Trigger@minute
   971  008B  0842               	movf	main@now+4,w
   972  008C  00AB               	movwf	??_main+1
   973  008D  082B               	movf	??_main+1,w
   974  008E  00F6               	movwf	EEPROM_Save_Last_Trigger@date
   975  008F  0843               	movf	main@now+5,w
   976  0090  00AC               	movwf	??_main+2
   977  0091  082C               	movf	??_main+2,w
   978  0092  00F7               	movwf	EEPROM_Save_Last_Trigger@month
   979  0093  0844               	movf	main@now+6,w
   980  0094  00AD               	movwf	??_main+3
   981  0095  082D               	movf	??_main+3,w
   982  0096  00F8               	movwf	EEPROM_Save_Last_Trigger@year
   983  0097  0840               	movf	main@now+2,w
   984  0098  229C               	fcall	_EEPROM_Save_Last_Trigger
   985  0099                     l2202:
   986                           
   987                           ;AWS_PIC_RTC_Timer_V1.c: 1270:                         last_trigger_hour = now.hour;
   988  0099  1283               	bcf	3,5	;RP0=0, select bank0
   989  009A  0840               	movf	main@now+2,w
   990  009B  00AA               	movwf	??_main
   991  009C  082A               	movf	??_main,w
   992  009D  00B2               	movwf	main@last_trigger_hour
   993  009E                     l2204:
   994                           
   995                           ;AWS_PIC_RTC_Timer_V1.c: 1271:                         last_trigger_minute = now.minute;
   996  009E  083F               	movf	main@now+1,w
   997  009F  00AA               	movwf	??_main
   998  00A0  082A               	movf	??_main,w
   999  00A1  00B3               	movwf	main@last_trigger_minute
  1000  00A2                     l2206:
  1001                           
  1002                           ;AWS_PIC_RTC_Timer_V1.c: 1272:                         last_trigger_date = now.date;
  1003  00A2  0842               	movf	main@now+4,w
  1004  00A3  00AA               	movwf	??_main
  1005  00A4  082A               	movf	??_main,w
  1006  00A5  00B4               	movwf	main@last_trigger_date
  1007  00A6                     l2208:
  1008                           
  1009                           ;AWS_PIC_RTC_Timer_V1.c: 1273:                         last_trigger_month = now.month;
  1010  00A6  0843               	movf	main@now+5,w
  1011  00A7  00AA               	movwf	??_main
  1012  00A8  082A               	movf	??_main,w
  1013  00A9  00B5               	movwf	main@last_trigger_month
  1014  00AA                     l2210:
  1015                           
  1016                           ;AWS_PIC_RTC_Timer_V1.c: 1274:                         last_trigger_year = now.year;
  1017  00AA  0844               	movf	main@now+6,w
  1018  00AB  00AA               	movwf	??_main
  1019  00AC  082A               	movf	??_main,w
  1020  00AD  00B6               	movwf	main@last_trigger_year
  1021  00AE                     l2212:
  1022                           
  1023                           ;AWS_PIC_RTC_Timer_V1.c: 1276:                         Relay_Reset_Pulse();
  1024  00AE  2530               	fcall	_Relay_Reset_Pulse
  1025  00AF                     l2214:
  1026                           
  1027                           ;AWS_PIC_RTC_Timer_V1.c: 1281:                         {;AWS_PIC_RTC_Timer_V1.c: 1282:  
      +                                                     if (DS3231_ReadTime_With_Retry(&after_trigger_time))
  1028  00AF  3037               	movlw	(low (main@after_trigger_time| 0))& (0+255)
  1029  00B0  2411               	fcall	_DS3231_ReadTime_With_Retry
  1030  00B1  3A00               	xorlw	0
  1031  00B2  1903               	skipnz
  1032  00B3  28B5               	goto	u1611
  1033  00B4  28B6               	goto	u1610
  1034  00B5                     u1611:
  1035  00B5  28D3               	goto	l2220
  1036  00B6                     u1610:
  1037  00B6                     l2216:
  1038                           
  1039                           ;AWS_PIC_RTC_Timer_V1.c: 1283:                             {;AWS_PIC_RTC_Timer_V1.c: 128
      +                          4:                                 if (!Already_Triggered_This_Minute(&after_trigger_tim
      +                          e,
  1040  00B6  1283               	bcf	3,5	;RP0=0, select bank0
  1041  00B7  0832               	movf	main@last_trigger_hour,w
  1042  00B8  00AA               	movwf	??_main
  1043  00B9  082A               	movf	??_main,w
  1044  00BA  00F0               	movwf	Already_Triggered_This_Minute@last_hour
  1045  00BB  0833               	movf	main@last_trigger_minute,w
  1046  00BC  00AB               	movwf	??_main+1
  1047  00BD  082B               	movf	??_main+1,w
  1048  00BE  00F1               	movwf	Already_Triggered_This_Minute@last_minute
  1049  00BF  0834               	movf	main@last_trigger_date,w
  1050  00C0  00AC               	movwf	??_main+2
  1051  00C1  082C               	movf	??_main+2,w
  1052  00C2  00F2               	movwf	Already_Triggered_This_Minute@last_date
  1053  00C3  0835               	movf	main@last_trigger_month,w
  1054  00C4  00AD               	movwf	??_main+3
  1055  00C5  082D               	movf	??_main+3,w
  1056  00C6  00F3               	movwf	Already_Triggered_This_Minute@last_month
  1057  00C7  0836               	movf	main@last_trigger_year,w
  1058  00C8  00AE               	movwf	??_main+4
  1059  00C9  082E               	movf	??_main+4,w
  1060  00CA  00F4               	movwf	Already_Triggered_This_Minute@last_year
  1061  00CB  3037               	movlw	(low (main@after_trigger_time| 0))& (0+255)
  1062  00CC  232B               	fcall	_Already_Triggered_This_Minute
  1063  00CD  3A00               	xorlw	0
  1064  00CE  1D03               	skipz
  1065  00CF  28D1               	goto	u1621
  1066  00D0  28D2               	goto	u1620
  1067  00D1                     u1621:
  1068  00D1  28D3               	goto	l2220
  1069  00D2                     u1620:
  1070  00D2  28D9               	goto	l2232
  1071  00D3                     l2220:
  1072                           
  1073                           ;AWS_PIC_RTC_Timer_V1.c: 1295:                             Relay_Off();
  1074  00D3  254A               	fcall	_Relay_Off
  1075  00D4                     l2222:
  1076                           
  1077                           ;AWS_PIC_RTC_Timer_V1.c: 1296:                             Delay_Approx_250ms();
  1078  00D4  24DA               	fcall	_Delay_Approx_250ms
  1079  00D5  28AF               	goto	l2214
  1080  00D6                     l2226:
  1081                           
  1082                           ;AWS_PIC_RTC_Timer_V1.c: 1308:         {;AWS_PIC_RTC_Timer_V1.c: 1312:             Relay
      +                          _Off();
  1083  00D6  254A               	fcall	_Relay_Off
  1084  00D7                     l2228:
  1085                           
  1086                           ;AWS_PIC_RTC_Timer_V1.c: 1313:             I2C_Init();
  1087  00D7  253F               	fcall	_I2C_Init
  1088  00D8                     l2230:
  1089                           
  1090                           ;AWS_PIC_RTC_Timer_V1.c: 1314:             Delay_Approx_1s();
  1091  00D8  24CD               	fcall	_Delay_Approx_1s
  1092  00D9                     l2232:
  1093                           
  1094                           ;AWS_PIC_RTC_Timer_V1.c: 1317:         Delay_Approx_250ms();
  1095  00D9  24DA               	fcall	_Delay_Approx_250ms
  1096  00DA  283F               	goto	l2182
  1097  00DB  2804               	ljmp	start
  1098  00DC                     __end_of_main:
  1099                           
  1100                           	psect	text1
  1101  0530                     __ptext1:	
  1102 ;; *************** function _Relay_Reset_Pulse *****************
  1103 ;; Defined at:
  1104 ;;		line 233 in file "AWS_PIC_RTC_Timer_V1.c"
  1105 ;; Parameters:    Size  Location     Type
  1106 ;;		None
  1107 ;; Auto vars:     Size  Location     Type
  1108 ;;		None
  1109 ;; Return value:  Size  Location     Type
  1110 ;;                  1    wreg      void 
  1111 ;; Registers used:
  1112 ;;		wreg, status,2, status,0, pclath, cstack
  1113 ;; Tracked objects:
  1114 ;;		On entry : 0/0
  1115 ;;		On exit  : 0/0
  1116 ;;		Unchanged: 0/0
  1117 ;; Data sizes:     COMMON   BANK0   BANK1
  1118 ;;      Params:         0       0       0
  1119 ;;      Locals:         0       0       0
  1120 ;;      Temps:          0       0       0
  1121 ;;      Totals:         0       0       0
  1122 ;;Total ram usage:        0 bytes
  1123 ;; Hardware stack levels used:    1
  1124 ;; Hardware stack levels required when called:    3
  1125 ;; This function calls:
  1126 ;;		_Delay_Seconds
  1127 ;;		_Relay_Off
  1128 ;;		_Relay_On
  1129 ;; This function is called by:
  1130 ;;		_main
  1131 ;; This function uses a non-reentrant model
  1132 ;;
  1133                           
  1134                           
  1135                           ;psect for function _Relay_Reset_Pulse
  1136  0530                     _Relay_Reset_Pulse:
  1137  0530                     l1934:	
  1138                           ;incstack = 0
  1139                           ; Regs used in _Relay_Reset_Pulse: [wreg+status,2+status,0+pclath+cstack]
  1140                           
  1141                           
  1142                           ;AWS_PIC_RTC_Timer_V1.c: 235:     Relay_On();
  1143  0530  2547               	fcall	_Relay_On
  1144  0531                     l1936:
  1145                           
  1146                           ;AWS_PIC_RTC_Timer_V1.c: 236:     Delay_Seconds(3);
  1147  0531  3003               	movlw	3
  1148  0532  24E7               	fcall	_Delay_Seconds
  1149  0533                     l1938:
  1150                           
  1151                           ;AWS_PIC_RTC_Timer_V1.c: 237:     Relay_Off();
  1152  0533  254A               	fcall	_Relay_Off
  1153  0534                     l41:
  1154  0534  0008               	return
  1155  0535                     __end_of_Relay_Reset_Pulse:
  1156                           
  1157                           	psect	text2
  1158  0547                     __ptext2:	
  1159 ;; *************** function _Relay_On *****************
  1160 ;; Defined at:
  1161 ;;		line 223 in file "AWS_PIC_RTC_Timer_V1.c"
  1162 ;; Parameters:    Size  Location     Type
  1163 ;;		None
  1164 ;; Auto vars:     Size  Location     Type
  1165 ;;		None
  1166 ;; Return value:  Size  Location     Type
  1167 ;;                  1    wreg      void 
  1168 ;; Registers used:
  1169 ;;		None
  1170 ;; Tracked objects:
  1171 ;;		On entry : 0/0
  1172 ;;		On exit  : 0/0
  1173 ;;		Unchanged: 0/0
  1174 ;; Data sizes:     COMMON   BANK0   BANK1
  1175 ;;      Params:         0       0       0
  1176 ;;      Locals:         0       0       0
  1177 ;;      Temps:          0       0       0
  1178 ;;      Totals:         0       0       0
  1179 ;;Total ram usage:        0 bytes
  1180 ;; Hardware stack levels used:    1
  1181 ;; This function calls:
  1182 ;;		Nothing
  1183 ;; This function is called by:
  1184 ;;		_Relay_Reset_Pulse
  1185 ;;		_main
  1186 ;; This function uses a non-reentrant model
  1187 ;;
  1188                           
  1189                           
  1190                           ;psect for function _Relay_On
  1191  0547                     _Relay_On:
  1192  0547                     l1724:	
  1193                           ;incstack = 0
  1194                           ; Regs used in _Relay_On: []
  1195                           
  1196                           
  1197                           ;AWS_PIC_RTC_Timer_V1.c: 225:     GPIObits.GP0 = 1;
  1198  0547  1283               	bcf	3,5	;RP0=0, select bank0
  1199  0548  1405               	bsf	5,0	;volatile
  1200  0549                     l35:
  1201  0549  0008               	return
  1202  054A                     __end_of_Relay_On:
  1203                           
  1204                           	psect	text3
  1205  04E7                     __ptext3:	
  1206 ;; *************** function _Delay_Seconds *****************
  1207 ;; Defined at:
  1208 ;;		line 287 in file "AWS_PIC_RTC_Timer_V1.c"
  1209 ;; Parameters:    Size  Location     Type
  1210 ;;  seconds         1    wreg     unsigned char 
  1211 ;; Auto vars:     Size  Location     Type
  1212 ;;  seconds         1    2[COMMON] unsigned char 
  1213 ;; Return value:  Size  Location     Type
  1214 ;;                  1    wreg      void 
  1215 ;; Registers used:
  1216 ;;		wreg, status,2, status,0, pclath, cstack
  1217 ;; Tracked objects:
  1218 ;;		On entry : 0/0
  1219 ;;		On exit  : 0/0
  1220 ;;		Unchanged: 0/0
  1221 ;; Data sizes:     COMMON   BANK0   BANK1
  1222 ;;      Params:         0       0       0
  1223 ;;      Locals:         1       0       0
  1224 ;;      Temps:          0       0       0
  1225 ;;      Totals:         1       0       0
  1226 ;;Total ram usage:        1 bytes
  1227 ;; Hardware stack levels used:    1
  1228 ;; Hardware stack levels required when called:    2
  1229 ;; This function calls:
  1230 ;;		_Delay_Approx_1s
  1231 ;; This function is called by:
  1232 ;;		_Relay_Reset_Pulse
  1233 ;;		_main
  1234 ;;		_Safe_Fault_Idle_Forever
  1235 ;; This function uses a non-reentrant model
  1236 ;;
  1237                           
  1238                           
  1239                           ;psect for function _Delay_Seconds
  1240  04E7                     _Delay_Seconds:
  1241                           
  1242                           ;incstack = 0
  1243                           ; Regs used in _Delay_Seconds: [wreg+status,2+status,0+pclath+cstack]
  1244                           ;Delay_Seconds@seconds stored from wreg
  1245  04E7  00F2               	movwf	Delay_Seconds@seconds
  1246  04E8                     l1728:
  1247                           
  1248                           ;AWS_PIC_RTC_Timer_V1.c: 287: static void Delay_Seconds(uint8_t seconds);AWS_PIC_RTC_Tim
      +                          er_V1.c: 288: {;AWS_PIC_RTC_Timer_V1.c: 289:     while (seconds > 0)
  1249  04E8  2CEC               	goto	l1734
  1250  04E9                     l1730:
  1251                           
  1252                           ;AWS_PIC_RTC_Timer_V1.c: 290:     {;AWS_PIC_RTC_Timer_V1.c: 291:         Delay_Approx_1s
      +                          ();
  1253  04E9  24CD               	fcall	_Delay_Approx_1s
  1254  04EA                     l1732:
  1255                           
  1256                           ;AWS_PIC_RTC_Timer_V1.c: 292:         seconds--;
  1257  04EA  3001               	movlw	1
  1258  04EB  02F2               	subwf	Delay_Seconds@seconds,f
  1259  04EC                     l1734:
  1260                           
  1261                           ;AWS_PIC_RTC_Timer_V1.c: 289:     while (seconds > 0)
  1262  04EC  0872               	movf	Delay_Seconds@seconds,w
  1263  04ED  1D03               	btfss	3,2
  1264  04EE  2CF0               	goto	u961
  1265  04EF  2CF1               	goto	u960
  1266  04F0                     u961:
  1267  04F0  2CE9               	goto	l1730
  1268  04F1                     u960:
  1269  04F1                     l66:
  1270  04F1  0008               	return
  1271  04F2                     __end_of_Delay_Seconds:
  1272                           
  1273                           	psect	text4
  1274  04CD                     __ptext4:	
  1275 ;; *************** function _Delay_Approx_1s *****************
  1276 ;; Defined at:
  1277 ;;		line 277 in file "AWS_PIC_RTC_Timer_V1.c"
  1278 ;; Parameters:    Size  Location     Type
  1279 ;;		None
  1280 ;; Auto vars:     Size  Location     Type
  1281 ;;  i               1    1[COMMON] unsigned char 
  1282 ;; Return value:  Size  Location     Type
  1283 ;;                  1    wreg      void 
  1284 ;; Registers used:
  1285 ;;		wreg, status,2, status,0, pclath, cstack
  1286 ;; Tracked objects:
  1287 ;;		On entry : 0/0
  1288 ;;		On exit  : 0/0
  1289 ;;		Unchanged: 0/0
  1290 ;; Data sizes:     COMMON   BANK0   BANK1
  1291 ;;      Params:         0       0       0
  1292 ;;      Locals:         1       0       0
  1293 ;;      Temps:          1       0       0
  1294 ;;      Totals:         2       0       0
  1295 ;;Total ram usage:        2 bytes
  1296 ;; Hardware stack levels used:    1
  1297 ;; Hardware stack levels required when called:    1
  1298 ;; This function calls:
  1299 ;;		_Delay_Approx_65ms
  1300 ;; This function is called by:
  1301 ;;		_Delay_Seconds
  1302 ;;		_main
  1303 ;; This function uses a non-reentrant model
  1304 ;;
  1305                           
  1306                           
  1307                           ;psect for function _Delay_Approx_1s
  1308  04CD                     _Delay_Approx_1s:
  1309  04CD                     l1596:	
  1310                           ;incstack = 0
  1311                           ; Regs used in _Delay_Approx_1s: [wreg+status,2+status,0+pclath+cstack]
  1312                           
  1313                           
  1314                           ;AWS_PIC_RTC_Timer_V1.c: 279:     uint8_t i;;AWS_PIC_RTC_Timer_V1.c: 281:     for (i = 0
      +                          ; i < 16; i++)
  1315  04CD  01F1               	clrf	Delay_Approx_1s@i
  1316  04CE                     l1602:
  1317                           
  1318                           ;AWS_PIC_RTC_Timer_V1.c: 282:     {;AWS_PIC_RTC_Timer_V1.c: 283:         Delay_Approx_65
      +                          ms();
  1319  04CE  2519               	fcall	_Delay_Approx_65ms
  1320  04CF                     l1604:
  1321                           
  1322                           ;AWS_PIC_RTC_Timer_V1.c: 284:     }
  1323  04CF  3001               	movlw	1
  1324  04D0  00F0               	movwf	??_Delay_Approx_1s
  1325  04D1  0870               	movf	??_Delay_Approx_1s,w
  1326  04D2  07F1               	addwf	Delay_Approx_1s@i,f
  1327  04D3                     l1606:
  1328  04D3  3010               	movlw	16
  1329  04D4  0271               	subwf	Delay_Approx_1s@i,w
  1330  04D5  1C03               	skipc
  1331  04D6  2CD8               	goto	u861
  1332  04D7  2CD9               	goto	u860
  1333  04D8                     u861:
  1334  04D8  2CCE               	goto	l1602
  1335  04D9                     u860:
  1336  04D9                     l60:
  1337  04D9  0008               	return
  1338  04DA                     __end_of_Delay_Approx_1s:
  1339                           
  1340                           	psect	text5
  1341  0361                     __ptext5:	
  1342 ;; *************** function _Read_Selected_Mode *****************
  1343 ;; Defined at:
  1344 ;;		line 874 in file "AWS_PIC_RTC_Timer_V1.c"
  1345 ;; Parameters:    Size  Location     Type
  1346 ;;		None
  1347 ;; Auto vars:     Size  Location     Type
  1348 ;;  dip2_high       1    1[COMMON] _Bool 
  1349 ;;  dip1_high       1    0[COMMON] _Bool 
  1350 ;; Return value:  Size  Location     Type
  1351 ;;                  1    wreg      enum E663
  1352 ;; Registers used:
  1353 ;;		wreg, status,2, status,0
  1354 ;; Tracked objects:
  1355 ;;		On entry : 0/0
  1356 ;;		On exit  : 0/0
  1357 ;;		Unchanged: 0/0
  1358 ;; Data sizes:     COMMON   BANK0   BANK1
  1359 ;;      Params:         0       0       0
  1360 ;;      Locals:         2       0       0
  1361 ;;      Temps:          0       0       0
  1362 ;;      Totals:         2       0       0
  1363 ;;Total ram usage:        2 bytes
  1364 ;; Hardware stack levels used:    1
  1365 ;; This function calls:
  1366 ;;		Nothing
  1367 ;; This function is called by:
  1368 ;;		_main
  1369 ;; This function uses a non-reentrant model
  1370 ;;
  1371                           
  1372                           
  1373                           ;psect for function _Read_Selected_Mode
  1374  0361                     _Read_Selected_Mode:
  1375  0361                     l2006:	
  1376                           ;incstack = 0
  1377                           ; Regs used in _Read_Selected_Mode: [wreg+status,2+status,0]
  1378                           
  1379                           
  1380                           ;AWS_PIC_RTC_Timer_V1.c: 876:     _Bool dip1_high;;AWS_PIC_RTC_Timer_V1.c: 877:     _Boo
      +                          l dip2_high;;AWS_PIC_RTC_Timer_V1.c: 879:     dip1_high = (GPIObits.GP4 == 1);
  1381  0361  3000               	movlw	0
  1382  0362  1283               	bcf	3,5	;RP0=0, select bank0
  1383  0363  1A05               	btfsc	5,4	;volatile
  1384  0364  3001               	movlw	1
  1385  0365  00F0               	movwf	Read_Selected_Mode@dip1_high
  1386                           
  1387                           ;AWS_PIC_RTC_Timer_V1.c: 880:     dip2_high = (GPIObits.GP5 == 1);
  1388  0366  3000               	movlw	0
  1389  0367  1A85               	btfsc	5,5	;volatile
  1390  0368  3001               	movlw	1
  1391  0369  00F1               	movwf	Read_Selected_Mode@dip2_high
  1392  036A                     l2008:
  1393                           
  1394                           ;AWS_PIC_RTC_Timer_V1.c: 882:     if ((dip1_high == 1) && (dip2_high == 0))
  1395  036A  0370               	decf	Read_Selected_Mode@dip1_high,w
  1396  036B  1D03               	btfss	3,2
  1397  036C  2B6E               	goto	u1391
  1398  036D  2B6F               	goto	u1390
  1399  036E                     u1391:
  1400  036E  2B76               	goto	l2016
  1401  036F                     u1390:
  1402  036F                     l2010:
  1403  036F  0871               	movf	Read_Selected_Mode@dip2_high,w
  1404  0370  1D03               	btfss	3,2
  1405  0371  2B73               	goto	u1401
  1406  0372  2B74               	goto	u1400
  1407  0373                     u1401:
  1408  0373  2B76               	goto	l2016
  1409  0374                     u1400:
  1410  0374                     l2012:
  1411                           
  1412                           ;AWS_PIC_RTC_Timer_V1.c: 883:     {;AWS_PIC_RTC_Timer_V1.c: 884:         return RESET_MO
      +                          DE_1;
  1413  0374  3001               	movlw	1
  1414  0375  2B8F               	goto	l195
  1415  0376                     l2016:
  1416                           
  1417                           ;AWS_PIC_RTC_Timer_V1.c: 887:     if ((dip1_high == 0) && (dip2_high == 1))
  1418  0376  0870               	movf	Read_Selected_Mode@dip1_high,w
  1419  0377  1D03               	btfss	3,2
  1420  0378  2B7A               	goto	u1411
  1421  0379  2B7B               	goto	u1410
  1422  037A                     u1411:
  1423  037A  2B82               	goto	l2024
  1424  037B                     u1410:
  1425  037B                     l2018:
  1426  037B  0371               	decf	Read_Selected_Mode@dip2_high,w
  1427  037C  1D03               	btfss	3,2
  1428  037D  2B7F               	goto	u1421
  1429  037E  2B80               	goto	u1420
  1430  037F                     u1421:
  1431  037F  2B82               	goto	l2024
  1432  0380                     u1420:
  1433  0380                     l2020:
  1434                           
  1435                           ;AWS_PIC_RTC_Timer_V1.c: 888:     {;AWS_PIC_RTC_Timer_V1.c: 889:         return RESET_MO
      +                          DE_2;
  1436  0380  3002               	movlw	2
  1437  0381  2B8F               	goto	l195
  1438  0382                     l2024:
  1439                           
  1440                           ;AWS_PIC_RTC_Timer_V1.c: 892:     if ((dip1_high == 1) && (dip2_high == 1))
  1441  0382  0370               	decf	Read_Selected_Mode@dip1_high,w
  1442  0383  1D03               	btfss	3,2
  1443  0384  2B86               	goto	u1431
  1444  0385  2B87               	goto	u1430
  1445  0386                     u1431:
  1446  0386  2B8E               	goto	l2032
  1447  0387                     u1430:
  1448  0387                     l2026:
  1449  0387  0371               	decf	Read_Selected_Mode@dip2_high,w
  1450  0388  1D03               	btfss	3,2
  1451  0389  2B8B               	goto	u1441
  1452  038A  2B8C               	goto	u1440
  1453  038B                     u1441:
  1454  038B  2B8E               	goto	l2032
  1455  038C                     u1440:
  1456  038C                     l2028:
  1457                           
  1458                           ;AWS_PIC_RTC_Timer_V1.c: 893:     {;AWS_PIC_RTC_Timer_V1.c: 894:         return RESET_MO
      +                          DE_3;
  1459  038C  3003               	movlw	3
  1460  038D  2B8F               	goto	l195
  1461  038E                     l2032:
  1462                           
  1463                           ;AWS_PIC_RTC_Timer_V1.c: 897:     return RESET_MODE_TEST;
  1464  038E  3000               	movlw	0
  1465  038F                     l195:
  1466  038F  0008               	return
  1467  0390                     __end_of_Read_Selected_Mode:
  1468                           
  1469                           	psect	text6
  1470  02E4                     __ptext6:	
  1471 ;; *************** function _Is_Scheduled_Restart_Time *****************
  1472 ;; Defined at:
  1473 ;;		line 975 in file "AWS_PIC_RTC_Timer_V1.c"
  1474 ;; Parameters:    Size  Location     Type
  1475 ;;  mode            1    wreg     enum E663
  1476 ;;  now             1    1[COMMON] PTR const struct .
  1477 ;;		 -> main@now(7), 
  1478 ;; Auto vars:     Size  Location     Type
  1479 ;;  mode            1    4[COMMON] enum E663
  1480 ;; Return value:  Size  Location     Type
  1481 ;;                  1    wreg      _Bool 
  1482 ;; Registers used:
  1483 ;;		wreg, fsr0l, fsr0h, status,2, status,0, pclath, cstack
  1484 ;; Tracked objects:
  1485 ;;		On entry : 0/0
  1486 ;;		On exit  : 0/0
  1487 ;;		Unchanged: 0/0
  1488 ;; Data sizes:     COMMON   BANK0   BANK1
  1489 ;;      Params:         1       0       0
  1490 ;;      Locals:         1       0       0
  1491 ;;      Temps:          2       0       0
  1492 ;;      Totals:         4       0       0
  1493 ;;Total ram usage:        4 bytes
  1494 ;; Hardware stack levels used:    1
  1495 ;; Hardware stack levels required when called:    1
  1496 ;; This function calls:
  1497 ;;		_Is_Mode1_Hour
  1498 ;;		_Is_Mode2_Hour
  1499 ;;		_Is_Mode3_Hour
  1500 ;; This function is called by:
  1501 ;;		_main
  1502 ;; This function uses a non-reentrant model
  1503 ;;
  1504                           
  1505                           
  1506                           ;psect for function _Is_Scheduled_Restart_Time
  1507  02E4                     _Is_Scheduled_Restart_Time:
  1508                           
  1509                           ;incstack = 0
  1510                           ; Regs used in _Is_Scheduled_Restart_Time: [wreg-fsr0h+status,2+status,0+pclath+cstack]
  1511                           ;Is_Scheduled_Restart_Time@mode stored from wreg
  1512  02E4  00F4               	movwf	Is_Scheduled_Restart_Time@mode
  1513  02E5                     l2052:
  1514                           
  1515                           ;AWS_PIC_RTC_Timer_V1.c: 975: static _Bool Is_Scheduled_Restart_Time(Reset_Mode mode, co
      +                          nst RTC_Time *now);AWS_PIC_RTC_Timer_V1.c: 976: {;AWS_PIC_RTC_Timer_V1.c: 1003:     swit
      +                          ch (mode)
  1516  02E5  2B14               	goto	l2094
  1517  02E6                     l2054:
  1518                           
  1519                           ;AWS_PIC_RTC_Timer_V1.c: 1006:             if (now->minute != 0)
  1520  02E6  0A71               	incf	Is_Scheduled_Restart_Time@now,w
  1521  02E7  0084               	movwf	4
  1522  02E8  1383               	bcf	3,7	;select IRP bank0
  1523  02E9  0800               	movf	0,w
  1524  02EA  1903               	btfsc	3,2
  1525  02EB  2AED               	goto	u1471
  1526  02EC  2AEE               	goto	u1470
  1527  02ED                     u1471:
  1528  02ED  2AF0               	goto	l2060
  1529  02EE                     u1470:
  1530  02EE                     l2056:
  1531                           
  1532                           ;AWS_PIC_RTC_Timer_V1.c: 1007:             {;AWS_PIC_RTC_Timer_V1.c: 1008:              
      +                             return 0;
  1533  02EE  3000               	movlw	0
  1534  02EF  2B2A               	goto	l223
  1535  02F0                     l2060:
  1536                           
  1537                           ;AWS_PIC_RTC_Timer_V1.c: 1011:             return Is_Mode1_Hour(now->hour);
  1538  02F0  0871               	movf	Is_Scheduled_Restart_Time@now,w
  1539  02F1  3E02               	addlw	2
  1540  02F2  0084               	movwf	4
  1541  02F3  0800               	movf	0,w
  1542  02F4  244E               	fcall	_Is_Mode1_Hour
  1543  02F5  2B2A               	goto	l223
  1544  02F6                     l2064:
  1545                           
  1546                           ;AWS_PIC_RTC_Timer_V1.c: 1014:             if (now->minute != 0)
  1547  02F6  0A71               	incf	Is_Scheduled_Restart_Time@now,w
  1548  02F7  0084               	movwf	4
  1549  02F8  1383               	bcf	3,7	;select IRP bank0
  1550  02F9  0800               	movf	0,w
  1551  02FA  1903               	btfsc	3,2
  1552  02FB  2AFD               	goto	u1481
  1553  02FC  2AFE               	goto	u1480
  1554  02FD                     u1481:
  1555  02FD  2AFF               	goto	l2070
  1556  02FE                     u1480:
  1557  02FE  2AEE               	goto	l2056
  1558  02FF                     l2070:
  1559                           
  1560                           ;AWS_PIC_RTC_Timer_V1.c: 1019:             return Is_Mode2_Hour(now->hour);
  1561  02FF  0871               	movf	Is_Scheduled_Restart_Time@now,w
  1562  0300  3E02               	addlw	2
  1563  0301  0084               	movwf	4
  1564  0302  0800               	movf	0,w
  1565  0303  24AD               	fcall	_Is_Mode2_Hour
  1566  0304  2B2A               	goto	l223
  1567  0305                     l2074:
  1568                           
  1569                           ;AWS_PIC_RTC_Timer_V1.c: 1022:             if (now->minute != 0)
  1570  0305  0A71               	incf	Is_Scheduled_Restart_Time@now,w
  1571  0306  0084               	movwf	4
  1572  0307  1383               	bcf	3,7	;select IRP bank0
  1573  0308  0800               	movf	0,w
  1574  0309  1903               	btfsc	3,2
  1575  030A  2B0C               	goto	u1491
  1576  030B  2B0D               	goto	u1490
  1577  030C                     u1491:
  1578  030C  2B0E               	goto	l2080
  1579  030D                     u1490:
  1580  030D  2AEE               	goto	l2056
  1581  030E                     l2080:
  1582                           
  1583                           ;AWS_PIC_RTC_Timer_V1.c: 1027:             return Is_Mode3_Hour(now->hour);
  1584  030E  0871               	movf	Is_Scheduled_Restart_Time@now,w
  1585  030F  3E02               	addlw	2
  1586  0310  0084               	movwf	4
  1587  0311  0800               	movf	0,w
  1588  0312  24F2               	fcall	_Is_Mode3_Hour
  1589  0313  2B2A               	goto	l223
  1590  0314                     l2094:
  1591  0314  0874               	movf	Is_Scheduled_Restart_Time@mode,w
  1592  0315  00F2               	movwf	??_Is_Scheduled_Restart_Time
  1593  0316  01F3               	clrf	??_Is_Scheduled_Restart_Time+1
  1594                           
  1595                           ; Switch on 2 bytes has been partitioned into a top level switch of size 1, and 1 sub-sw
      +                          itches
  1596                           ; Switch size 1, requested type "simple"
  1597                           ; Number of cases is 1, Range of values is 0 to 0
  1598                           ; switch strategies available:
  1599                           ; Name         Instructions Cycles
  1600                           ; simple_byte            4     3 (average)
  1601                           ; direct_byte            7     6 (fixed)
  1602                           ; jumptable            260     6 (fixed)
  1603                           ;	Chosen strategy is simple_byte
  1604  0317  0873               	movf	??_Is_Scheduled_Restart_Time+1,w
  1605  0318  3A00               	xorlw	0	; case 0
  1606  0319  1903               	skipnz
  1607  031A  2B1C               	goto	l2254
  1608  031B  2AEE               	goto	l2056
  1609  031C                     l2254:
  1610                           
  1611                           ; Switch size 1, requested type "simple"
  1612                           ; Number of cases is 4, Range of values is 0 to 3
  1613                           ; switch strategies available:
  1614                           ; Name         Instructions Cycles
  1615                           ; direct_byte           10     6 (fixed)
  1616                           ; simple_byte           13     7 (average)
  1617                           ; jumptable            260     6 (fixed)
  1618                           ;	Chosen strategy is simple_byte
  1619  031C  0872               	movf	??_Is_Scheduled_Restart_Time,w
  1620  031D  3A00               	xorlw	0	; case 0
  1621  031E  1903               	skipnz
  1622  031F  2AEE               	goto	l2056
  1623  0320  3A01               	xorlw	1	; case 1
  1624  0321  1903               	skipnz
  1625  0322  2AE6               	goto	l2054
  1626  0323  3A03               	xorlw	3	; case 2
  1627  0324  1903               	skipnz
  1628  0325  2AF6               	goto	l2064
  1629  0326  3A01               	xorlw	1	; case 3
  1630  0327  1903               	skipnz
  1631  0328  2B05               	goto	l2074
  1632  0329  2AEE               	goto	l2056
  1633  032A                     l223:
  1634  032A  0008               	return
  1635  032B                     __end_of_Is_Scheduled_Restart_Time:
  1636                           
  1637                           	psect	text7
  1638  04F2                     __ptext7:	
  1639 ;; *************** function _Is_Mode3_Hour *****************
  1640 ;; Defined at:
  1641 ;;		line 942 in file "AWS_PIC_RTC_Timer_V1.c"
  1642 ;; Parameters:    Size  Location     Type
  1643 ;;  hour            1    wreg     unsigned char 
  1644 ;; Auto vars:     Size  Location     Type
  1645 ;;  hour            1    0[COMMON] unsigned char 
  1646 ;; Return value:  Size  Location     Type
  1647 ;;                  1    wreg      _Bool 
  1648 ;; Registers used:
  1649 ;;		wreg, status,2, status,0
  1650 ;; Tracked objects:
  1651 ;;		On entry : 0/0
  1652 ;;		On exit  : 0/0
  1653 ;;		Unchanged: 0/0
  1654 ;; Data sizes:     COMMON   BANK0   BANK1
  1655 ;;      Params:         0       0       0
  1656 ;;      Locals:         1       0       0
  1657 ;;      Temps:          0       0       0
  1658 ;;      Totals:         1       0       0
  1659 ;;Total ram usage:        1 bytes
  1660 ;; Hardware stack levels used:    1
  1661 ;; This function calls:
  1662 ;;		Nothing
  1663 ;; This function is called by:
  1664 ;;		_Is_Scheduled_Restart_Time
  1665 ;; This function uses a non-reentrant model
  1666 ;;
  1667                           
  1668                           
  1669                           ;psect for function _Is_Mode3_Hour
  1670  04F2                     _Is_Mode3_Hour:
  1671                           
  1672                           ;incstack = 0
  1673                           ; Regs used in _Is_Mode3_Hour: [wreg+status,2+status,0]
  1674                           ;Is_Mode3_Hour@hour stored from wreg
  1675  04F2  00F0               	movwf	Is_Mode3_Hour@hour
  1676  04F3                     l1924:
  1677                           
  1678                           ;AWS_PIC_RTC_Timer_V1.c: 942: static _Bool Is_Mode3_Hour(uint8_t hour);AWS_PIC_RTC_Timer
      +                          _V1.c: 943: {;AWS_PIC_RTC_Timer_V1.c: 946:     if (hour == 10)
  1679  04F3  300A               	movlw	10
  1680  04F4  0670               	xorwf	Is_Mode3_Hour@hour,w
  1681  04F5  1D03               	btfss	3,2
  1682  04F6  2CF8               	goto	u1261
  1683  04F7  2CF9               	goto	u1260
  1684  04F8                     u1261:
  1685  04F8  2CFB               	goto	l1930
  1686  04F9                     u1260:
  1687  04F9                     l1926:
  1688                           
  1689                           ;AWS_PIC_RTC_Timer_V1.c: 947:     {;AWS_PIC_RTC_Timer_V1.c: 948:         return 1;
  1690  04F9  3001               	movlw	1
  1691  04FA  2CFC               	goto	l212
  1692  04FB                     l1930:
  1693                           
  1694                           ;AWS_PIC_RTC_Timer_V1.c: 951:     return 0;
  1695  04FB  3000               	movlw	0
  1696  04FC                     l212:
  1697  04FC  0008               	return
  1698  04FD                     __end_of_Is_Mode3_Hour:
  1699                           
  1700                           	psect	text8
  1701  04AD                     __ptext8:	
  1702 ;; *************** function _Is_Mode2_Hour *****************
  1703 ;; Defined at:
  1704 ;;		line 925 in file "AWS_PIC_RTC_Timer_V1.c"
  1705 ;; Parameters:    Size  Location     Type
  1706 ;;  hour            1    wreg     unsigned char 
  1707 ;; Auto vars:     Size  Location     Type
  1708 ;;  hour            1    0[COMMON] unsigned char 
  1709 ;; Return value:  Size  Location     Type
  1710 ;;                  1    wreg      _Bool 
  1711 ;; Registers used:
  1712 ;;		wreg, status,2, status,0
  1713 ;; Tracked objects:
  1714 ;;		On entry : 0/0
  1715 ;;		On exit  : 0/0
  1716 ;;		Unchanged: 0/0
  1717 ;; Data sizes:     COMMON   BANK0   BANK1
  1718 ;;      Params:         0       0       0
  1719 ;;      Locals:         1       0       0
  1720 ;;      Temps:          0       0       0
  1721 ;;      Totals:         1       0       0
  1722 ;;Total ram usage:        1 bytes
  1723 ;; Hardware stack levels used:    1
  1724 ;; This function calls:
  1725 ;;		Nothing
  1726 ;; This function is called by:
  1727 ;;		_Is_Scheduled_Restart_Time
  1728 ;; This function uses a non-reentrant model
  1729 ;;
  1730                           
  1731                           
  1732                           ;psect for function _Is_Mode2_Hour
  1733  04AD                     _Is_Mode2_Hour:
  1734                           
  1735                           ;incstack = 0
  1736                           ; Regs used in _Is_Mode2_Hour: [wreg+status,2+status,0]
  1737                           ;Is_Mode2_Hour@hour stored from wreg
  1738  04AD  00F0               	movwf	Is_Mode2_Hour@hour
  1739  04AE                     l1908:
  1740                           
  1741                           ;AWS_PIC_RTC_Timer_V1.c: 925: static _Bool Is_Mode2_Hour(uint8_t hour);AWS_PIC_RTC_Timer
      +                          _V1.c: 926: {;AWS_PIC_RTC_Timer_V1.c: 929:     if (hour == 10)
  1742  04AE  300A               	movlw	10
  1743  04AF  0670               	xorwf	Is_Mode2_Hour@hour,w
  1744  04B0  1D03               	btfss	3,2
  1745  04B1  2CB3               	goto	u1241
  1746  04B2  2CB4               	goto	u1240
  1747  04B3                     u1241:
  1748  04B3  2CB6               	goto	l1914
  1749  04B4                     u1240:
  1750  04B4                     l1910:
  1751                           
  1752                           ;AWS_PIC_RTC_Timer_V1.c: 930:     {;AWS_PIC_RTC_Timer_V1.c: 931:         return 1;
  1753  04B4  3001               	movlw	1
  1754  04B5  2CBE               	goto	l207
  1755  04B6                     l1914:
  1756                           
  1757                           ;AWS_PIC_RTC_Timer_V1.c: 934:     if (hour == 22)
  1758  04B6  3016               	movlw	22
  1759  04B7  0670               	xorwf	Is_Mode2_Hour@hour,w
  1760  04B8  1D03               	btfss	3,2
  1761  04B9  2CBB               	goto	u1251
  1762  04BA  2CBC               	goto	u1250
  1763  04BB                     u1251:
  1764  04BB  2CBD               	goto	l1920
  1765  04BC                     u1250:
  1766  04BC  2CB4               	goto	l1910
  1767  04BD                     l1920:
  1768                           
  1769                           ;AWS_PIC_RTC_Timer_V1.c: 939:     return 0;
  1770  04BD  3000               	movlw	0
  1771  04BE                     l207:
  1772  04BE  0008               	return
  1773  04BF                     __end_of_Is_Mode2_Hour:
  1774                           
  1775                           	psect	text9
  1776  044E                     __ptext9:	
  1777 ;; *************** function _Is_Mode1_Hour *****************
  1778 ;; Defined at:
  1779 ;;		line 903 in file "AWS_PIC_RTC_Timer_V1.c"
  1780 ;; Parameters:    Size  Location     Type
  1781 ;;  hour            1    wreg     unsigned char 
  1782 ;; Auto vars:     Size  Location     Type
  1783 ;;  hour            1    0[COMMON] unsigned char 
  1784 ;; Return value:  Size  Location     Type
  1785 ;;                  1    wreg      _Bool 
  1786 ;; Registers used:
  1787 ;;		wreg, status,2, status,0
  1788 ;; Tracked objects:
  1789 ;;		On entry : 0/0
  1790 ;;		On exit  : 0/0
  1791 ;;		Unchanged: 0/0
  1792 ;; Data sizes:     COMMON   BANK0   BANK1
  1793 ;;      Params:         0       0       0
  1794 ;;      Locals:         1       0       0
  1795 ;;      Temps:          0       0       0
  1796 ;;      Totals:         1       0       0
  1797 ;;Total ram usage:        1 bytes
  1798 ;; Hardware stack levels used:    1
  1799 ;; This function calls:
  1800 ;;		Nothing
  1801 ;; This function is called by:
  1802 ;;		_Is_Scheduled_Restart_Time
  1803 ;; This function uses a non-reentrant model
  1804 ;;
  1805                           
  1806                           
  1807                           ;psect for function _Is_Mode1_Hour
  1808  044E                     _Is_Mode1_Hour:
  1809                           
  1810                           ;incstack = 0
  1811                           ; Regs used in _Is_Mode1_Hour: [wreg+status,2+status,0]
  1812                           ;Is_Mode1_Hour@hour stored from wreg
  1813  044E  00F0               	movwf	Is_Mode1_Hour@hour
  1814  044F                     l1886:
  1815                           
  1816                           ;AWS_PIC_RTC_Timer_V1.c: 903: static _Bool Is_Mode1_Hour(uint8_t hour);AWS_PIC_RTC_Timer
      +                          _V1.c: 904: {;AWS_PIC_RTC_Timer_V1.c: 907:     if (hour == 7)
  1817  044F  3007               	movlw	7
  1818  0450  0670               	xorwf	Is_Mode1_Hour@hour,w
  1819  0451  1D03               	btfss	3,2
  1820  0452  2C54               	goto	u1211
  1821  0453  2C55               	goto	u1210
  1822  0454                     u1211:
  1823  0454  2C57               	goto	l1892
  1824  0455                     u1210:
  1825  0455                     l1888:
  1826                           
  1827                           ;AWS_PIC_RTC_Timer_V1.c: 908:     {;AWS_PIC_RTC_Timer_V1.c: 909:         return 1;
  1828  0455  3001               	movlw	1
  1829  0456  2C66               	goto	l201
  1830  0457                     l1892:
  1831                           
  1832                           ;AWS_PIC_RTC_Timer_V1.c: 912:     if (hour == 15)
  1833  0457  300F               	movlw	15
  1834  0458  0670               	xorwf	Is_Mode1_Hour@hour,w
  1835  0459  1D03               	btfss	3,2
  1836  045A  2C5C               	goto	u1221
  1837  045B  2C5D               	goto	u1220
  1838  045C                     u1221:
  1839  045C  2C5E               	goto	l1898
  1840  045D                     u1220:
  1841  045D  2C55               	goto	l1888
  1842  045E                     l1898:
  1843                           
  1844                           ;AWS_PIC_RTC_Timer_V1.c: 917:     if (hour == 23)
  1845  045E  3017               	movlw	23
  1846  045F  0670               	xorwf	Is_Mode1_Hour@hour,w
  1847  0460  1D03               	btfss	3,2
  1848  0461  2C63               	goto	u1231
  1849  0462  2C64               	goto	u1230
  1850  0463                     u1231:
  1851  0463  2C65               	goto	l1904
  1852  0464                     u1230:
  1853  0464  2C55               	goto	l1888
  1854  0465                     l1904:
  1855                           
  1856                           ;AWS_PIC_RTC_Timer_V1.c: 922:     return 0;
  1857  0465  3000               	movlw	0
  1858  0466                     l201:
  1859  0466  0008               	return
  1860  0467                     __end_of_Is_Mode1_Hour:
  1861                           
  1862                           	psect	text10
  1863  0467                     __ptext10:	
  1864 ;; *************** function _Is_Night_Mode_Relay_On_Time *****************
  1865 ;; Defined at:
  1866 ;;		line 954 in file "AWS_PIC_RTC_Timer_V1.c"
  1867 ;; Parameters:    Size  Location     Type
  1868 ;;  now             1    wreg     PTR const struct .
  1869 ;;		 -> main@now(7), 
  1870 ;; Auto vars:     Size  Location     Type
  1871 ;;  now             1    0[COMMON] PTR const struct .
  1872 ;;		 -> main@now(7), 
  1873 ;; Return value:  Size  Location     Type
  1874 ;;                  1    wreg      _Bool 
  1875 ;; Registers used:
  1876 ;;		wreg, fsr0l, fsr0h, status,2, status,0
  1877 ;; Tracked objects:
  1878 ;;		On entry : 0/0
  1879 ;;		On exit  : 0/0
  1880 ;;		Unchanged: 0/0
  1881 ;; Data sizes:     COMMON   BANK0   BANK1
  1882 ;;      Params:         0       0       0
  1883 ;;      Locals:         1       0       0
  1884 ;;      Temps:          0       0       0
  1885 ;;      Totals:         1       0       0
  1886 ;;Total ram usage:        1 bytes
  1887 ;; Hardware stack levels used:    1
  1888 ;; This function calls:
  1889 ;;		Nothing
  1890 ;; This function is called by:
  1891 ;;		_main
  1892 ;; This function uses a non-reentrant model
  1893 ;;
  1894                           
  1895                           
  1896                           ;psect for function _Is_Night_Mode_Relay_On_Time
  1897  0467                     _Is_Night_Mode_Relay_On_Time:
  1898                           
  1899                           ;incstack = 0
  1900                           ; Regs used in _Is_Night_Mode_Relay_On_Time: [wreg-fsr0h+status,2+status,0]
  1901                           ;Is_Night_Mode_Relay_On_Time@now stored from wreg
  1902  0467  00F0               	movwf	Is_Night_Mode_Relay_On_Time@now
  1903  0468                     l2036:
  1904                           
  1905                           ;AWS_PIC_RTC_Timer_V1.c: 954: static _Bool Is_Night_Mode_Relay_On_Time(const RTC_Time *n
      +                          ow);AWS_PIC_RTC_Timer_V1.c: 955: {;AWS_PIC_RTC_Timer_V1.c: 959:     if (now->hour >= 22)
  1906  0468  0870               	movf	Is_Night_Mode_Relay_On_Time@now,w
  1907  0469  3E02               	addlw	2
  1908  046A  0084               	movwf	4
  1909  046B  3016               	movlw	22
  1910  046C  1383               	bcf	3,7	;select IRP bank0
  1911  046D  0200               	subwf	0,w
  1912  046E  1C03               	skipc
  1913  046F  2C71               	goto	u1451
  1914  0470  2C72               	goto	u1450
  1915  0471                     u1451:
  1916  0471  2C74               	goto	l2042
  1917  0472                     u1450:
  1918  0472                     l2038:
  1919                           
  1920                           ;AWS_PIC_RTC_Timer_V1.c: 960:     {;AWS_PIC_RTC_Timer_V1.c: 961:         return 1;
  1921  0472  3001               	movlw	1
  1922  0473  2C7F               	goto	l216
  1923  0474                     l2042:
  1924                           
  1925                           ;AWS_PIC_RTC_Timer_V1.c: 964:     if (now->hour < 4)
  1926  0474  0870               	movf	Is_Night_Mode_Relay_On_Time@now,w
  1927  0475  3E02               	addlw	2
  1928  0476  0084               	movwf	4
  1929  0477  3004               	movlw	4
  1930  0478  0200               	subwf	0,w
  1931  0479  1803               	skipnc
  1932  047A  2C7C               	goto	u1461
  1933  047B  2C7D               	goto	u1460
  1934  047C                     u1461:
  1935  047C  2C7E               	goto	l2048
  1936  047D                     u1460:
  1937  047D  2C72               	goto	l2038
  1938  047E                     l2048:
  1939                           
  1940                           ;AWS_PIC_RTC_Timer_V1.c: 969:     return 0;
  1941  047E  3000               	movlw	0
  1942  047F                     l216:
  1943  047F  0008               	return
  1944  0480                     __end_of_Is_Night_Mode_Relay_On_Time:
  1945                           
  1946                           	psect	text11
  1947  0480                     __ptext11:	
  1948 ;; *************** function _Init_Device *****************
  1949 ;; Defined at:
  1950 ;;		line 1078 in file "AWS_PIC_RTC_Timer_V1.c"
  1951 ;; Parameters:    Size  Location     Type
  1952 ;;		None
  1953 ;; Auto vars:     Size  Location     Type
  1954 ;;		None
  1955 ;; Return value:  Size  Location     Type
  1956 ;;                  1    wreg      void 
  1957 ;; Registers used:
  1958 ;;		wreg, status,2, status,0, pclath, cstack
  1959 ;; Tracked objects:
  1960 ;;		On entry : 0/0
  1961 ;;		On exit  : 0/0
  1962 ;;		Unchanged: 0/0
  1963 ;; Data sizes:     COMMON   BANK0   BANK1
  1964 ;;      Params:         0       0       0
  1965 ;;      Locals:         0       0       0
  1966 ;;      Temps:          0       0       0
  1967 ;;      Totals:         0       0       0
  1968 ;;Total ram usage:        0 bytes
  1969 ;; Hardware stack levels used:    1
  1970 ;; Hardware stack levels required when called:    1
  1971 ;; This function calls:
  1972 ;;		_Relay_Off
  1973 ;;		_SCL_Release
  1974 ;;		_SDA_Release
  1975 ;;		_Timer0_Init_For_Delay
  1976 ;; This function is called by:
  1977 ;;		_main
  1978 ;; This function uses a non-reentrant model
  1979 ;;
  1980                           
  1981                           
  1982                           ;psect for function _Init_Device
  1983  0480                     _Init_Device:
  1984  0480                     l2134:	
  1985                           ;incstack = 0
  1986                           ; Regs used in _Init_Device: [wreg+status,2+status,0+pclath+cstack]
  1987                           
  1988                           
  1989                           ;AWS_PIC_RTC_Timer_V1.c: 1080:     ANSEL = 0x00;
  1990  0480  1683               	bsf	3,5	;RP0=1, select bank1
  1991  0481  019F               	clrf	31	;volatile
  1992                           
  1993                           ;AWS_PIC_RTC_Timer_V1.c: 1081:     ADCON0 = 0x00;
  1994  0482  1283               	bcf	3,5	;RP0=0, select bank0
  1995  0483  019F               	clrf	31	;volatile
  1996  0484                     l2136:
  1997                           
  1998                           ;AWS_PIC_RTC_Timer_V1.c: 1082:     CMCON0 = 0x07;
  1999  0484  3007               	movlw	7
  2000  0485  0099               	movwf	25	;volatile
  2001  0486                     l2138:
  2002                           
  2003                           ;AWS_PIC_RTC_Timer_V1.c: 1084:     OSCCONbits.IRCF = 0b110;
  2004  0486  1683               	bsf	3,5	;RP0=1, select bank1
  2005  0487  080F               	movf	15,w	;volatile
  2006  0488  398F               	andlw	-113
  2007  0489  3860               	iorlw	96
  2008  048A  008F               	movwf	15	;volatile
  2009  048B                     l2140:
  2010                           
  2011                           ;AWS_PIC_RTC_Timer_V1.c: 1085:     OSCCONbits.SCS = 1;
  2012  048B  140F               	bsf	15,0	;volatile
  2013  048C                     l2142:
  2014                           
  2015                           ;AWS_PIC_RTC_Timer_V1.c: 1087:     GPIO = 0x00;
  2016  048C  1283               	bcf	3,5	;RP0=0, select bank0
  2017  048D  0185               	clrf	5	;volatile
  2018  048E                     l2144:
  2019                           
  2020                           ;AWS_PIC_RTC_Timer_V1.c: 1090:     TRISIObits.TRISIO0 = 0;
  2021  048E  1683               	bsf	3,5	;RP0=1, select bank1
  2022  048F  1005               	bcf	5,0	;volatile
  2023  0490                     l2146:
  2024                           
  2025                           ;AWS_PIC_RTC_Timer_V1.c: 1091:     Relay_Off();
  2026  0490  254A               	fcall	_Relay_Off
  2027  0491                     l2148:
  2028                           
  2029                           ;AWS_PIC_RTC_Timer_V1.c: 1094:     SDA_Release();
  2030  0491  254D               	fcall	_SDA_Release
  2031  0492                     l2150:
  2032                           
  2033                           ;AWS_PIC_RTC_Timer_V1.c: 1097:     SCL_Release();
  2034  0492  2550               	fcall	_SCL_Release
  2035  0493                     l2152:
  2036                           
  2037                           ;AWS_PIC_RTC_Timer_V1.c: 1101:     TRISIObits.TRISIO4 = 1;
  2038  0493  1683               	bsf	3,5	;RP0=1, select bank1
  2039  0494  1605               	bsf	5,4	;volatile
  2040  0495                     l2154:
  2041                           
  2042                           ;AWS_PIC_RTC_Timer_V1.c: 1104:     TRISIObits.TRISIO5 = 1;
  2043  0495  1685               	bsf	5,5	;volatile
  2044  0496                     l2156:
  2045                           
  2046                           ;AWS_PIC_RTC_Timer_V1.c: 1106:     Timer0_Init_For_Delay();
  2047  0496  2508               	fcall	_Timer0_Init_For_Delay
  2048  0497                     l241:
  2049  0497  0008               	return
  2050  0498                     __end_of_Init_Device:
  2051                           
  2052                           	psect	text12
  2053  0508                     __ptext12:	
  2054 ;; *************** function _Timer0_Init_For_Delay *****************
  2055 ;; Defined at:
  2056 ;;		line 243 in file "AWS_PIC_RTC_Timer_V1.c"
  2057 ;; Parameters:    Size  Location     Type
  2058 ;;		None
  2059 ;; Auto vars:     Size  Location     Type
  2060 ;;		None
  2061 ;; Return value:  Size  Location     Type
  2062 ;;                  1    wreg      void 
  2063 ;; Registers used:
  2064 ;;		None
  2065 ;; Tracked objects:
  2066 ;;		On entry : 0/0
  2067 ;;		On exit  : 0/0
  2068 ;;		Unchanged: 0/0
  2069 ;; Data sizes:     COMMON   BANK0   BANK1
  2070 ;;      Params:         0       0       0
  2071 ;;      Locals:         0       0       0
  2072 ;;      Temps:          0       0       0
  2073 ;;      Totals:         0       0       0
  2074 ;;Total ram usage:        0 bytes
  2075 ;; Hardware stack levels used:    1
  2076 ;; This function calls:
  2077 ;;		Nothing
  2078 ;; This function is called by:
  2079 ;;		_Init_Device
  2080 ;; This function uses a non-reentrant model
  2081 ;;
  2082                           
  2083                           
  2084                           ;psect for function _Timer0_Init_For_Delay
  2085  0508                     _Timer0_Init_For_Delay:
  2086  0508                     l1736:	
  2087                           ;incstack = 0
  2088                           ; Regs used in _Timer0_Init_For_Delay: []
  2089                           
  2090                           
  2091                           ;AWS_PIC_RTC_Timer_V1.c: 245:     OPTION_REGbits.T0CS = 0;
  2092  0508  1683               	bsf	3,5	;RP0=1, select bank1
  2093  0509  1281               	bcf	1,5	;volatile
  2094                           
  2095                           ;AWS_PIC_RTC_Timer_V1.c: 246:     OPTION_REGbits.PSA = 0;
  2096  050A  1181               	bcf	1,3	;volatile
  2097                           
  2098                           ;AWS_PIC_RTC_Timer_V1.c: 248:     OPTION_REGbits.PS2 = 1;
  2099  050B  1501               	bsf	1,2	;volatile
  2100                           
  2101                           ;AWS_PIC_RTC_Timer_V1.c: 249:     OPTION_REGbits.PS1 = 1;
  2102  050C  1481               	bsf	1,1	;volatile
  2103                           
  2104                           ;AWS_PIC_RTC_Timer_V1.c: 250:     OPTION_REGbits.PS0 = 1;
  2105  050D  1401               	bsf	1,0	;volatile
  2106                           
  2107                           ;AWS_PIC_RTC_Timer_V1.c: 252:     INTCONbits.T0IE = 0;
  2108  050E  128B               	bcf	11,5	;volatile
  2109                           
  2110                           ;AWS_PIC_RTC_Timer_V1.c: 253:     INTCONbits.T0IF = 0;
  2111  050F  110B               	bcf	11,2	;volatile
  2112  0510                     l44:
  2113  0510  0008               	return
  2114  0511                     __end_of_Timer0_Init_For_Delay:
  2115                           
  2116                           	psect	text13
  2117  029C                     __ptext13:	
  2118 ;; *************** function _EEPROM_Save_Last_Trigger *****************
  2119 ;; Defined at:
  2120 ;;		line 628 in file "AWS_PIC_RTC_Timer_V1.c"
  2121 ;; Parameters:    Size  Location     Type
  2122 ;;  hour            1    wreg     unsigned char 
  2123 ;;  minute          1    5[COMMON] unsigned char 
  2124 ;;  date            1    6[COMMON] unsigned char 
  2125 ;;  month           1    7[COMMON] unsigned char 
  2126 ;;  year            1    8[COMMON] unsigned char 
  2127 ;; Auto vars:     Size  Location     Type
  2128 ;;  hour            1    1[BANK0 ] unsigned char 
  2129 ;;  checksum        1    0[BANK0 ] unsigned char 
  2130 ;; Return value:  Size  Location     Type
  2131 ;;                  1    wreg      void 
  2132 ;; Registers used:
  2133 ;;		wreg, status,2, status,0, pclath, cstack
  2134 ;; Tracked objects:
  2135 ;;		On entry : 0/0
  2136 ;;		On exit  : 0/0
  2137 ;;		Unchanged: 0/0
  2138 ;; Data sizes:     COMMON   BANK0   BANK1
  2139 ;;      Params:         4       0       0
  2140 ;;      Locals:         0       2       0
  2141 ;;      Temps:          5       0       0
  2142 ;;      Totals:         9       2       0
  2143 ;;Total ram usage:       11 bytes
  2144 ;; Hardware stack levels used:    1
  2145 ;; Hardware stack levels required when called:    2
  2146 ;; This function calls:
  2147 ;;		_EEPROM_WriteByte
  2148 ;;		_Trigger_Checksum
  2149 ;; This function is called by:
  2150 ;;		_main
  2151 ;; This function uses a non-reentrant model
  2152 ;;
  2153                           
  2154                           
  2155                           ;psect for function _EEPROM_Save_Last_Trigger
  2156  029C                     _EEPROM_Save_Last_Trigger:
  2157                           
  2158                           ;incstack = 0
  2159                           ; Regs used in _EEPROM_Save_Last_Trigger: [wreg+status,2+status,0+pclath+cstack]
  2160                           ;EEPROM_Save_Last_Trigger@hour stored from wreg
  2161  029C  1283               	bcf	3,5	;RP0=0, select bank0
  2162  029D  00A1               	movwf	EEPROM_Save_Last_Trigger@hour
  2163  029E                     l1974:
  2164                           
  2165                           ;AWS_PIC_RTC_Timer_V1.c: 628: static void EEPROM_Save_Last_Trigger(uint8_t hour,;AWS_PIC
      +                          _RTC_Timer_V1.c: 629:                                       uint8_t minute,;AWS_PIC_RTC_
      +                          Timer_V1.c: 630:                                       uint8_t date,;AWS_PIC_RTC_Timer_V
      +                          1.c: 631:                                       uint8_t month,;AWS_PIC_RTC_Timer_V1.c: 6
      +                          32:                                       uint8_t year);AWS_PIC_RTC_Timer_V1.c: 633: {;A
      +                          WS_PIC_RTC_Timer_V1.c: 634:     uint8_t checksum;;AWS_PIC_RTC_Timer_V1.c: 636:     check
      +                          sum = Trigger_Checksum(hour, minute, date, month, year);
  2166  029E  0875               	movf	EEPROM_Save_Last_Trigger@minute,w
  2167  029F  00F9               	movwf	??_EEPROM_Save_Last_Trigger
  2168  02A0  0879               	movf	??_EEPROM_Save_Last_Trigger,w
  2169  02A1  00F0               	movwf	Trigger_Checksum@minute
  2170  02A2  0876               	movf	EEPROM_Save_Last_Trigger@date,w
  2171  02A3  00FA               	movwf	??_EEPROM_Save_Last_Trigger+1
  2172  02A4  087A               	movf	??_EEPROM_Save_Last_Trigger+1,w
  2173  02A5  00F1               	movwf	Trigger_Checksum@date
  2174  02A6  0877               	movf	EEPROM_Save_Last_Trigger@month,w
  2175  02A7  00FB               	movwf	??_EEPROM_Save_Last_Trigger+2
  2176  02A8  087B               	movf	??_EEPROM_Save_Last_Trigger+2,w
  2177  02A9  00F2               	movwf	Trigger_Checksum@month
  2178  02AA  0878               	movf	EEPROM_Save_Last_Trigger@year,w
  2179  02AB  00FC               	movwf	??_EEPROM_Save_Last_Trigger+3
  2180  02AC  087C               	movf	??_EEPROM_Save_Last_Trigger+3,w
  2181  02AD  00F3               	movwf	Trigger_Checksum@year
  2182  02AE  0821               	movf	EEPROM_Save_Last_Trigger@hour,w
  2183  02AF  2511               	fcall	_Trigger_Checksum
  2184  02B0  00FD               	movwf	??_EEPROM_Save_Last_Trigger+4
  2185  02B1  087D               	movf	??_EEPROM_Save_Last_Trigger+4,w
  2186  02B2  1283               	bcf	3,5	;RP0=0, select bank0
  2187  02B3  00A0               	movwf	EEPROM_Save_Last_Trigger@checksum
  2188                           
  2189                           ;AWS_PIC_RTC_Timer_V1.c: 640:     EEPROM_WriteByte(0, 0x00);
  2190  02B4  01F1               	clrf	EEPROM_WriteByte@value
  2191  02B5  3000               	movlw	0
  2192  02B6  23E8               	fcall	_EEPROM_WriteByte
  2193                           
  2194                           ;AWS_PIC_RTC_Timer_V1.c: 642:     EEPROM_WriteByte(1, hour);
  2195  02B7  1283               	bcf	3,5	;RP0=0, select bank0
  2196  02B8  0821               	movf	EEPROM_Save_Last_Trigger@hour,w
  2197  02B9  00F9               	movwf	??_EEPROM_Save_Last_Trigger
  2198  02BA  0879               	movf	??_EEPROM_Save_Last_Trigger,w
  2199  02BB  00F1               	movwf	EEPROM_WriteByte@value
  2200  02BC  3001               	movlw	1
  2201  02BD  23E8               	fcall	_EEPROM_WriteByte
  2202                           
  2203                           ;AWS_PIC_RTC_Timer_V1.c: 643:     EEPROM_WriteByte(2, minute);
  2204  02BE  0875               	movf	EEPROM_Save_Last_Trigger@minute,w
  2205  02BF  00F9               	movwf	??_EEPROM_Save_Last_Trigger
  2206  02C0  0879               	movf	??_EEPROM_Save_Last_Trigger,w
  2207  02C1  00F1               	movwf	EEPROM_WriteByte@value
  2208  02C2  3002               	movlw	2
  2209  02C3  23E8               	fcall	_EEPROM_WriteByte
  2210                           
  2211                           ;AWS_PIC_RTC_Timer_V1.c: 644:     EEPROM_WriteByte(3, date);
  2212  02C4  0876               	movf	EEPROM_Save_Last_Trigger@date,w
  2213  02C5  00F9               	movwf	??_EEPROM_Save_Last_Trigger
  2214  02C6  0879               	movf	??_EEPROM_Save_Last_Trigger,w
  2215  02C7  00F1               	movwf	EEPROM_WriteByte@value
  2216  02C8  3003               	movlw	3
  2217  02C9  23E8               	fcall	_EEPROM_WriteByte
  2218                           
  2219                           ;AWS_PIC_RTC_Timer_V1.c: 645:     EEPROM_WriteByte(4, month);
  2220  02CA  0877               	movf	EEPROM_Save_Last_Trigger@month,w
  2221  02CB  00F9               	movwf	??_EEPROM_Save_Last_Trigger
  2222  02CC  0879               	movf	??_EEPROM_Save_Last_Trigger,w
  2223  02CD  00F1               	movwf	EEPROM_WriteByte@value
  2224  02CE  3004               	movlw	4
  2225  02CF  23E8               	fcall	_EEPROM_WriteByte
  2226                           
  2227                           ;AWS_PIC_RTC_Timer_V1.c: 646:     EEPROM_WriteByte(5, year);
  2228  02D0  0878               	movf	EEPROM_Save_Last_Trigger@year,w
  2229  02D1  00F9               	movwf	??_EEPROM_Save_Last_Trigger
  2230  02D2  0879               	movf	??_EEPROM_Save_Last_Trigger,w
  2231  02D3  00F1               	movwf	EEPROM_WriteByte@value
  2232  02D4  3005               	movlw	5
  2233  02D5  23E8               	fcall	_EEPROM_WriteByte
  2234                           
  2235                           ;AWS_PIC_RTC_Timer_V1.c: 647:     EEPROM_WriteByte(6, checksum);
  2236  02D6  1283               	bcf	3,5	;RP0=0, select bank0
  2237  02D7  0820               	movf	EEPROM_Save_Last_Trigger@checksum,w
  2238  02D8  00F9               	movwf	??_EEPROM_Save_Last_Trigger
  2239  02D9  0879               	movf	??_EEPROM_Save_Last_Trigger,w
  2240  02DA  00F1               	movwf	EEPROM_WriteByte@value
  2241  02DB  3006               	movlw	6
  2242  02DC  23E8               	fcall	_EEPROM_WriteByte
  2243                           
  2244                           ;AWS_PIC_RTC_Timer_V1.c: 650:     EEPROM_WriteByte(0, 0xA5);
  2245  02DD  30A5               	movlw	165
  2246  02DE  00F9               	movwf	??_EEPROM_Save_Last_Trigger
  2247  02DF  0879               	movf	??_EEPROM_Save_Last_Trigger,w
  2248  02E0  00F1               	movwf	EEPROM_WriteByte@value
  2249  02E1  3000               	movlw	0
  2250  02E2  23E8               	fcall	_EEPROM_WriteByte
  2251  02E3                     l156:
  2252  02E3  0008               	return
  2253  02E4                     __end_of_EEPROM_Save_Last_Trigger:
  2254                           
  2255                           	psect	text14
  2256  03E8                     __ptext14:	
  2257 ;; *************** function _EEPROM_WriteByte *****************
  2258 ;; Defined at:
  2259 ;;		line 516 in file "AWS_PIC_RTC_Timer_V1.c"
  2260 ;; Parameters:    Size  Location     Type
  2261 ;;  address         1    wreg     unsigned char 
  2262 ;;  value           1    1[COMMON] unsigned char 
  2263 ;; Auto vars:     Size  Location     Type
  2264 ;;  address         1    3[COMMON] unsigned char 
  2265 ;;  gie_was_enab    1    2[COMMON] _Bool 
  2266 ;; Return value:  Size  Location     Type
  2267 ;;                  1    wreg      void 
  2268 ;; Registers used:
  2269 ;;		wreg, status,2, status,0, pclath, cstack
  2270 ;; Tracked objects:
  2271 ;;		On entry : 0/0
  2272 ;;		On exit  : 0/0
  2273 ;;		Unchanged: 0/0
  2274 ;; Data sizes:     COMMON   BANK0   BANK1
  2275 ;;      Params:         1       0       0
  2276 ;;      Locals:         2       0       0
  2277 ;;      Temps:          0       0       0
  2278 ;;      Totals:         3       0       0
  2279 ;;Total ram usage:        3 bytes
  2280 ;; Hardware stack levels used:    1
  2281 ;; Hardware stack levels required when called:    1
  2282 ;; This function calls:
  2283 ;;		_EEPROM_ReadByte
  2284 ;; This function is called by:
  2285 ;;		_EEPROM_Save_Last_Trigger
  2286 ;; This function uses a non-reentrant model
  2287 ;;
  2288                           
  2289                           
  2290                           ;psect for function _EEPROM_WriteByte
  2291  03E8                     _EEPROM_WriteByte:
  2292                           
  2293                           ;incstack = 0
  2294                           ; Regs used in _EEPROM_WriteByte: [wreg+status,2+status,0+pclath+cstack]
  2295                           ;EEPROM_WriteByte@address stored from wreg
  2296  03E8  00F3               	movwf	EEPROM_WriteByte@address
  2297  03E9                     l1754:
  2298                           
  2299                           ;AWS_PIC_RTC_Timer_V1.c: 516: static void EEPROM_WriteByte(uint8_t address, uint8_t valu
      +                          e);AWS_PIC_RTC_Timer_V1.c: 517: {;AWS_PIC_RTC_Timer_V1.c: 518:     _Bool gie_was_enabled
      +                          ;;AWS_PIC_RTC_Timer_V1.c: 520:     if (EEPROM_ReadByte(address) == value)
  2300  03E9  0873               	movf	EEPROM_WriteByte@address,w
  2301  03EA  24FD               	fcall	_EEPROM_ReadByte
  2302  03EB  0671               	xorwf	EEPROM_WriteByte@value,w
  2303  03EC  1D03               	skipz
  2304  03ED  2BEF               	goto	u981
  2305  03EE  2BF0               	goto	u980
  2306  03EF                     u981:
  2307  03EF  2BF1               	goto	l130
  2308  03F0                     u980:
  2309  03F0  2C10               	goto	l129
  2310  03F1                     l130:	
  2311                           ;AWS_PIC_RTC_Timer_V1.c: 526:     {;AWS_PIC_RTC_Timer_V1.c: 528:     }
  2312                           
  2313                           
  2314                           ;AWS_PIC_RTC_Timer_V1.c: 525:     while (EECON1bits.WR != 0)
  2315  03F1  1683               	bsf	3,5	;RP0=1, select bank1
  2316  03F2  189C               	btfsc	28,1	;volsfr
  2317  03F3  2BF5               	goto	u991
  2318  03F4  2BF6               	goto	u990
  2319  03F5                     u991:
  2320  03F5  2BF1               	goto	l130
  2321  03F6                     u990:
  2322  03F6                     l1758:
  2323                           
  2324                           ;AWS_PIC_RTC_Timer_V1.c: 530:     EEADR = address;
  2325  03F6  0873               	movf	EEPROM_WriteByte@address,w
  2326  03F7  009B               	movwf	27	;volatile
  2327                           
  2328                           ;AWS_PIC_RTC_Timer_V1.c: 531:     EEDAT = value;
  2329  03F8  0871               	movf	EEPROM_WriteByte@value,w
  2330  03F9  009A               	movwf	26	;volatile
  2331  03FA                     l1760:
  2332                           
  2333                           ;AWS_PIC_RTC_Timer_V1.c: 533:     EECON1bits.WREN = 1;
  2334  03FA  151C               	bsf	28,2	;volsfr
  2335  03FB                     l1762:
  2336                           
  2337                           ;AWS_PIC_RTC_Timer_V1.c: 535:     gie_was_enabled = (INTCONbits.GIE != 0);
  2338  03FB  3000               	movlw	0
  2339  03FC  1B8B               	btfsc	11,7	;volatile
  2340  03FD  3001               	movlw	1
  2341  03FE  00F2               	movwf	EEPROM_WriteByte@gie_was_enabled
  2342  03FF                     l1764:
  2343                           
  2344                           ;AWS_PIC_RTC_Timer_V1.c: 536:     INTCONbits.GIE = 0;
  2345  03FF  138B               	bcf	11,7	;volatile
  2346  0400                     l1766:
  2347                           
  2348                           ;AWS_PIC_RTC_Timer_V1.c: 538:     EECON2 = 0x55;
  2349  0400  3055               	movlw	85
  2350  0401  009D               	movwf	29	;volsfr
  2351  0402                     l1768:
  2352                           
  2353                           ;AWS_PIC_RTC_Timer_V1.c: 539:     EECON2 = 0xAA;
  2354  0402  30AA               	movlw	170
  2355  0403  009D               	movwf	29	;volsfr
  2356  0404                     l1770:
  2357                           
  2358                           ;AWS_PIC_RTC_Timer_V1.c: 540:     EECON1bits.WR = 1;
  2359  0404  149C               	bsf	28,1	;volsfr
  2360  0405                     l133:	
  2361                           ;AWS_PIC_RTC_Timer_V1.c: 543:     {;AWS_PIC_RTC_Timer_V1.c: 545:     }
  2362                           
  2363                           
  2364                           ;AWS_PIC_RTC_Timer_V1.c: 542:     while (EECON1bits.WR != 0)
  2365  0405  189C               	btfsc	28,1	;volsfr
  2366  0406  2C08               	goto	u1001
  2367  0407  2C09               	goto	u1000
  2368  0408                     u1001:
  2369  0408  2C05               	goto	l133
  2370  0409                     u1000:
  2371  0409                     l135:
  2372                           
  2373                           ;AWS_PIC_RTC_Timer_V1.c: 547:     EECON1bits.WREN = 0;
  2374  0409  111C               	bcf	28,2	;volsfr
  2375  040A                     l1772:
  2376                           
  2377                           ;AWS_PIC_RTC_Timer_V1.c: 549:     if (gie_was_enabled)
  2378  040A  0872               	movf	EEPROM_WriteByte@gie_was_enabled,w
  2379  040B  1903               	btfsc	3,2
  2380  040C  2C0E               	goto	u1011
  2381  040D  2C0F               	goto	u1010
  2382  040E                     u1011:
  2383  040E  2C10               	goto	l129
  2384  040F                     u1010:
  2385  040F                     l1774:
  2386                           
  2387                           ;AWS_PIC_RTC_Timer_V1.c: 550:     {;AWS_PIC_RTC_Timer_V1.c: 551:         INTCONbits.GIE 
      +                          = 1;
  2388  040F  178B               	bsf	11,7	;volatile
  2389  0410                     l129:
  2390  0410  0008               	return
  2391  0411                     __end_of_EEPROM_WriteByte:
  2392                           
  2393                           	psect	text15
  2394  01A7                     __ptext15:	
  2395 ;; *************** function _EEPROM_Load_Last_Trigger *****************
  2396 ;; Defined at:
  2397 ;;		line 564 in file "AWS_PIC_RTC_Timer_V1.c"
  2398 ;; Parameters:    Size  Location     Type
  2399 ;;  last_hour       1    wreg     PTR unsigned char 
  2400 ;;		 -> main@last_trigger_hour(1), 
  2401 ;;  last_minute     1    5[COMMON] PTR unsigned char 
  2402 ;;		 -> main@last_trigger_minute(1), 
  2403 ;;  last_date       1    6[COMMON] PTR unsigned char 
  2404 ;;		 -> main@last_trigger_date(1), 
  2405 ;;  last_month      1    7[COMMON] PTR unsigned char 
  2406 ;;		 -> main@last_trigger_month(1), 
  2407 ;;  last_year       1    8[COMMON] PTR unsigned char 
  2408 ;;		 -> main@last_trigger_year(1), 
  2409 ;; Auto vars:     Size  Location     Type
  2410 ;;  last_hour       1    1[BANK0 ] PTR unsigned char 
  2411 ;;		 -> main@last_trigger_hour(1), 
  2412 ;;  month           1    6[BANK0 ] unsigned char 
  2413 ;;  date            1    5[BANK0 ] unsigned char 
  2414 ;;  year            1    4[BANK0 ] unsigned char 
  2415 ;;  minute          1    3[BANK0 ] unsigned char 
  2416 ;;  hour            1    2[BANK0 ] unsigned char 
  2417 ;;  checksum        1    0[BANK0 ] unsigned char 
  2418 ;; Return value:  Size  Location     Type
  2419 ;;                  1    wreg      _Bool 
  2420 ;; Registers used:
  2421 ;;		wreg, fsr0l, fsr0h, status,2, status,0, pclath, cstack
  2422 ;; Tracked objects:
  2423 ;;		On entry : 0/0
  2424 ;;		On exit  : 0/0
  2425 ;;		Unchanged: 0/0
  2426 ;; Data sizes:     COMMON   BANK0   BANK1
  2427 ;;      Params:         4       0       0
  2428 ;;      Locals:         0       7       0
  2429 ;;      Temps:          4       0       0
  2430 ;;      Totals:         8       7       0
  2431 ;;Total ram usage:       15 bytes
  2432 ;; Hardware stack levels used:    1
  2433 ;; Hardware stack levels required when called:    1
  2434 ;; This function calls:
  2435 ;;		_EEPROM_ReadByte
  2436 ;;		_Trigger_Checksum
  2437 ;; This function is called by:
  2438 ;;		_main
  2439 ;; This function uses a non-reentrant model
  2440 ;;
  2441                           
  2442                           
  2443                           ;psect for function _EEPROM_Load_Last_Trigger
  2444  01A7                     _EEPROM_Load_Last_Trigger:
  2445                           
  2446                           ;incstack = 0
  2447                           ; Regs used in _EEPROM_Load_Last_Trigger: [wreg-fsr0h+status,2+status,0+pclath+cstack]
  2448                           ;EEPROM_Load_Last_Trigger@last_hour stored from wreg
  2449  01A7  1283               	bcf	3,5	;RP0=0, select bank0
  2450  01A8  00A1               	movwf	EEPROM_Load_Last_Trigger@last_hour
  2451  01A9                     l1940:
  2452                           
  2453                           ;AWS_PIC_RTC_Timer_V1.c: 564: static _Bool EEPROM_Load_Last_Trigger(uint8_t *last_hour,;
      +                          AWS_PIC_RTC_Timer_V1.c: 565:                                       uint8_t *last_minute,
      +                          ;AWS_PIC_RTC_Timer_V1.c: 566:                                       uint8_t *last_date,;
      +                          AWS_PIC_RTC_Timer_V1.c: 567:                                       uint8_t *last_month,;
      +                          AWS_PIC_RTC_Timer_V1.c: 568:                                       uint8_t *last_year);A
      +                          WS_PIC_RTC_Timer_V1.c: 569: {;AWS_PIC_RTC_Timer_V1.c: 570:     uint8_t hour;
  2454  01A9  3000               	movlw	0
  2455  01AA  24FD               	fcall	_EEPROM_ReadByte
  2456  01AB  3AA5               	xorlw	165
  2457  01AC  1903               	skipnz
  2458  01AD  29AF               	goto	u1271
  2459  01AE  29B0               	goto	u1270
  2460  01AF                     u1271:
  2461  01AF  29B1               	goto	l1944
  2462  01B0                     u1270:
  2463  01B0  2A3A               	goto	l143
  2464  01B1                     l1944:
  2465                           
  2466                           ;AWS_PIC_RTC_Timer_V1.c: 582:     hour = EEPROM_ReadByte(1);
  2467  01B1  3001               	movlw	1
  2468  01B2  24FD               	fcall	_EEPROM_ReadByte
  2469  01B3  00F9               	movwf	??_EEPROM_Load_Last_Trigger
  2470  01B4  0879               	movf	??_EEPROM_Load_Last_Trigger,w
  2471  01B5  1283               	bcf	3,5	;RP0=0, select bank0
  2472  01B6  00A2               	movwf	EEPROM_Load_Last_Trigger@hour
  2473                           
  2474                           ;AWS_PIC_RTC_Timer_V1.c: 583:     minute = EEPROM_ReadByte(2);
  2475  01B7  3002               	movlw	2
  2476  01B8  24FD               	fcall	_EEPROM_ReadByte
  2477  01B9  00F9               	movwf	??_EEPROM_Load_Last_Trigger
  2478  01BA  0879               	movf	??_EEPROM_Load_Last_Trigger,w
  2479  01BB  1283               	bcf	3,5	;RP0=0, select bank0
  2480  01BC  00A3               	movwf	EEPROM_Load_Last_Trigger@minute
  2481                           
  2482                           ;AWS_PIC_RTC_Timer_V1.c: 584:     date = EEPROM_ReadByte(3);
  2483  01BD  3003               	movlw	3
  2484  01BE  24FD               	fcall	_EEPROM_ReadByte
  2485  01BF  00F9               	movwf	??_EEPROM_Load_Last_Trigger
  2486  01C0  0879               	movf	??_EEPROM_Load_Last_Trigger,w
  2487  01C1  1283               	bcf	3,5	;RP0=0, select bank0
  2488  01C2  00A5               	movwf	EEPROM_Load_Last_Trigger@date
  2489                           
  2490                           ;AWS_PIC_RTC_Timer_V1.c: 585:     month = EEPROM_ReadByte(4);
  2491  01C3  3004               	movlw	4
  2492  01C4  24FD               	fcall	_EEPROM_ReadByte
  2493  01C5  00F9               	movwf	??_EEPROM_Load_Last_Trigger
  2494  01C6  0879               	movf	??_EEPROM_Load_Last_Trigger,w
  2495  01C7  1283               	bcf	3,5	;RP0=0, select bank0
  2496  01C8  00A6               	movwf	EEPROM_Load_Last_Trigger@month
  2497                           
  2498                           ;AWS_PIC_RTC_Timer_V1.c: 586:     year = EEPROM_ReadByte(5);
  2499  01C9  3005               	movlw	5
  2500  01CA  24FD               	fcall	_EEPROM_ReadByte
  2501  01CB  00F9               	movwf	??_EEPROM_Load_Last_Trigger
  2502  01CC  0879               	movf	??_EEPROM_Load_Last_Trigger,w
  2503  01CD  1283               	bcf	3,5	;RP0=0, select bank0
  2504  01CE  00A4               	movwf	EEPROM_Load_Last_Trigger@year
  2505                           
  2506                           ;AWS_PIC_RTC_Timer_V1.c: 587:     checksum = EEPROM_ReadByte(6);
  2507  01CF  3006               	movlw	6
  2508  01D0  24FD               	fcall	_EEPROM_ReadByte
  2509  01D1  00F9               	movwf	??_EEPROM_Load_Last_Trigger
  2510  01D2  0879               	movf	??_EEPROM_Load_Last_Trigger,w
  2511  01D3  1283               	bcf	3,5	;RP0=0, select bank0
  2512  01D4  00A0               	movwf	EEPROM_Load_Last_Trigger@checksum
  2513  01D5                     l1946:
  2514                           
  2515                           ;AWS_PIC_RTC_Timer_V1.c: 589:     if (checksum != Trigger_Checksum(hour, minute, date, m
      +                          onth, year))
  2516  01D5  0823               	movf	EEPROM_Load_Last_Trigger@minute,w
  2517  01D6  00F9               	movwf	??_EEPROM_Load_Last_Trigger
  2518  01D7  0879               	movf	??_EEPROM_Load_Last_Trigger,w
  2519  01D8  00F0               	movwf	Trigger_Checksum@minute
  2520  01D9  0825               	movf	EEPROM_Load_Last_Trigger@date,w
  2521  01DA  00FA               	movwf	??_EEPROM_Load_Last_Trigger+1
  2522  01DB  087A               	movf	??_EEPROM_Load_Last_Trigger+1,w
  2523  01DC  00F1               	movwf	Trigger_Checksum@date
  2524  01DD  0826               	movf	EEPROM_Load_Last_Trigger@month,w
  2525  01DE  00FB               	movwf	??_EEPROM_Load_Last_Trigger+2
  2526  01DF  087B               	movf	??_EEPROM_Load_Last_Trigger+2,w
  2527  01E0  00F2               	movwf	Trigger_Checksum@month
  2528  01E1  0824               	movf	EEPROM_Load_Last_Trigger@year,w
  2529  01E2  00FC               	movwf	??_EEPROM_Load_Last_Trigger+3
  2530  01E3  087C               	movf	??_EEPROM_Load_Last_Trigger+3,w
  2531  01E4  00F3               	movwf	Trigger_Checksum@year
  2532  01E5  0822               	movf	EEPROM_Load_Last_Trigger@hour,w
  2533  01E6  2511               	fcall	_Trigger_Checksum
  2534  01E7  1283               	bcf	3,5	;RP0=0, select bank0
  2535  01E8  0620               	xorwf	EEPROM_Load_Last_Trigger@checksum,w
  2536  01E9  1903               	skipnz
  2537  01EA  29EC               	goto	u1281
  2538  01EB  29ED               	goto	u1280
  2539  01EC                     u1281:
  2540  01EC  29EE               	goto	l1950
  2541  01ED                     u1280:
  2542  01ED  2A3A               	goto	l143
  2543  01EE                     l1950:
  2544                           
  2545                           ;AWS_PIC_RTC_Timer_V1.c: 594:     if (hour > 23)
  2546  01EE  3018               	movlw	24
  2547  01EF  0222               	subwf	EEPROM_Load_Last_Trigger@hour,w
  2548  01F0  1C03               	skipc
  2549  01F1  29F3               	goto	u1291
  2550  01F2  29F4               	goto	u1290
  2551  01F3                     u1291:
  2552  01F3  29F5               	goto	l1954
  2553  01F4                     u1290:
  2554  01F4  2A3A               	goto	l143
  2555  01F5                     l1954:
  2556                           
  2557                           ;AWS_PIC_RTC_Timer_V1.c: 599:     if (minute > 59)
  2558  01F5  303C               	movlw	60
  2559  01F6  0223               	subwf	EEPROM_Load_Last_Trigger@minute,w
  2560  01F7  1C03               	skipc
  2561  01F8  29FA               	goto	u1301
  2562  01F9  29FB               	goto	u1300
  2563  01FA                     u1301:
  2564  01FA  29FC               	goto	l1958
  2565  01FB                     u1300:
  2566  01FB  2A3A               	goto	l143
  2567  01FC                     l1958:
  2568                           
  2569                           ;AWS_PIC_RTC_Timer_V1.c: 604:     if ((date < 1) || (date > 31))
  2570  01FC  0825               	movf	EEPROM_Load_Last_Trigger@date,w
  2571  01FD  1903               	btfsc	3,2
  2572  01FE  2A00               	goto	u1311
  2573  01FF  2A01               	goto	u1310
  2574  0200                     u1311:
  2575  0200  2A3A               	goto	l143
  2576  0201                     u1310:
  2577  0201                     l1960:
  2578  0201  3020               	movlw	32
  2579  0202  0225               	subwf	EEPROM_Load_Last_Trigger@date,w
  2580  0203  1C03               	skipc
  2581  0204  2A06               	goto	u1321
  2582  0205  2A07               	goto	u1320
  2583  0206                     u1321:
  2584  0206  2A08               	goto	l1962
  2585  0207                     u1320:
  2586  0207  2A3A               	goto	l143
  2587  0208                     l1962:
  2588                           
  2589                           ;AWS_PIC_RTC_Timer_V1.c: 609:     if ((month < 1) || (month > 12))
  2590  0208  0826               	movf	EEPROM_Load_Last_Trigger@month,w
  2591  0209  1903               	btfsc	3,2
  2592  020A  2A0C               	goto	u1331
  2593  020B  2A0D               	goto	u1330
  2594  020C                     u1331:
  2595  020C  2A3A               	goto	l143
  2596  020D                     u1330:
  2597  020D                     l1964:
  2598  020D  300D               	movlw	13
  2599  020E  0226               	subwf	EEPROM_Load_Last_Trigger@month,w
  2600  020F  1C03               	skipc
  2601  0210  2A12               	goto	u1341
  2602  0211  2A13               	goto	u1340
  2603  0212                     u1341:
  2604  0212  2A14               	goto	l1966
  2605  0213                     u1340:
  2606  0213  2A3A               	goto	l143
  2607  0214                     l1966:
  2608                           
  2609                           ;AWS_PIC_RTC_Timer_V1.c: 614:     if (year > 99)
  2610  0214  3064               	movlw	100
  2611  0215  0224               	subwf	EEPROM_Load_Last_Trigger@year,w
  2612  0216  1C03               	skipc
  2613  0217  2A19               	goto	u1351
  2614  0218  2A1A               	goto	u1350
  2615  0219                     u1351:
  2616  0219  2A1B               	goto	l1970
  2617  021A                     u1350:
  2618  021A  2A3A               	goto	l143
  2619  021B                     l1970:
  2620                           
  2621                           ;AWS_PIC_RTC_Timer_V1.c: 619:     *last_hour = hour;
  2622  021B  0822               	movf	EEPROM_Load_Last_Trigger@hour,w
  2623  021C  00F9               	movwf	??_EEPROM_Load_Last_Trigger
  2624  021D  0821               	movf	EEPROM_Load_Last_Trigger@last_hour,w
  2625  021E  0084               	movwf	4
  2626  021F  0879               	movf	??_EEPROM_Load_Last_Trigger,w
  2627  0220  1383               	bcf	3,7	;select IRP bank0
  2628  0221  0080               	movwf	0
  2629                           
  2630                           ;AWS_PIC_RTC_Timer_V1.c: 620:     *last_minute = minute;
  2631  0222  0823               	movf	EEPROM_Load_Last_Trigger@minute,w
  2632  0223  00F9               	movwf	??_EEPROM_Load_Last_Trigger
  2633  0224  0875               	movf	EEPROM_Load_Last_Trigger@last_minute,w
  2634  0225  0084               	movwf	4
  2635  0226  0879               	movf	??_EEPROM_Load_Last_Trigger,w
  2636  0227  0080               	movwf	0
  2637                           
  2638                           ;AWS_PIC_RTC_Timer_V1.c: 621:     *last_date = date;
  2639  0228  0825               	movf	EEPROM_Load_Last_Trigger@date,w
  2640  0229  00F9               	movwf	??_EEPROM_Load_Last_Trigger
  2641  022A  0876               	movf	EEPROM_Load_Last_Trigger@last_date,w
  2642  022B  0084               	movwf	4
  2643  022C  0879               	movf	??_EEPROM_Load_Last_Trigger,w
  2644  022D  0080               	movwf	0
  2645                           
  2646                           ;AWS_PIC_RTC_Timer_V1.c: 622:     *last_month = month;
  2647  022E  0826               	movf	EEPROM_Load_Last_Trigger@month,w
  2648  022F  00F9               	movwf	??_EEPROM_Load_Last_Trigger
  2649  0230  0877               	movf	EEPROM_Load_Last_Trigger@last_month,w
  2650  0231  0084               	movwf	4
  2651  0232  0879               	movf	??_EEPROM_Load_Last_Trigger,w
  2652  0233  0080               	movwf	0
  2653                           
  2654                           ;AWS_PIC_RTC_Timer_V1.c: 623:     *last_year = year;
  2655  0234  0824               	movf	EEPROM_Load_Last_Trigger@year,w
  2656  0235  00F9               	movwf	??_EEPROM_Load_Last_Trigger
  2657  0236  0878               	movf	EEPROM_Load_Last_Trigger@last_year,w
  2658  0237  0084               	movwf	4
  2659  0238  0879               	movf	??_EEPROM_Load_Last_Trigger,w
  2660  0239  0080               	movwf	0
  2661  023A                     l143:
  2662  023A  0008               	return
  2663  023B                     __end_of_EEPROM_Load_Last_Trigger:
  2664                           
  2665                           	psect	text16
  2666  0511                     __ptext16:	
  2667 ;; *************** function _Trigger_Checksum *****************
  2668 ;; Defined at:
  2669 ;;		line 555 in file "AWS_PIC_RTC_Timer_V1.c"
  2670 ;; Parameters:    Size  Location     Type
  2671 ;;  hour            1    wreg     unsigned char 
  2672 ;;  minute          1    0[COMMON] unsigned char 
  2673 ;;  date            1    1[COMMON] unsigned char 
  2674 ;;  month           1    2[COMMON] unsigned char 
  2675 ;;  year            1    3[COMMON] unsigned char 
  2676 ;; Auto vars:     Size  Location     Type
  2677 ;;  hour            1    4[COMMON] unsigned char 
  2678 ;; Return value:  Size  Location     Type
  2679 ;;                  1    wreg      unsigned char 
  2680 ;; Registers used:
  2681 ;;		wreg, status,2, status,0
  2682 ;; Tracked objects:
  2683 ;;		On entry : 0/0
  2684 ;;		On exit  : 0/0
  2685 ;;		Unchanged: 0/0
  2686 ;; Data sizes:     COMMON   BANK0   BANK1
  2687 ;;      Params:         4       0       0
  2688 ;;      Locals:         1       0       0
  2689 ;;      Temps:          0       0       0
  2690 ;;      Totals:         5       0       0
  2691 ;;Total ram usage:        5 bytes
  2692 ;; Hardware stack levels used:    1
  2693 ;; This function calls:
  2694 ;;		Nothing
  2695 ;; This function is called by:
  2696 ;;		_EEPROM_Load_Last_Trigger
  2697 ;;		_EEPROM_Save_Last_Trigger
  2698 ;; This function uses a non-reentrant model
  2699 ;;
  2700                           
  2701                           
  2702                           ;psect for function _Trigger_Checksum
  2703  0511                     _Trigger_Checksum:
  2704                           
  2705                           ;incstack = 0
  2706                           ; Regs used in _Trigger_Checksum: [wreg+status,2+status,0]
  2707                           ;Trigger_Checksum@hour stored from wreg
  2708  0511  00F4               	movwf	Trigger_Checksum@hour
  2709  0512                     l1776:
  2710                           
  2711                           ;AWS_PIC_RTC_Timer_V1.c: 555: static uint8_t Trigger_Checksum(uint8_t hour,;AWS_PIC_RTC_
      +                          Timer_V1.c: 556:                                 uint8_t minute,;AWS_PIC_RTC_Timer_V1.c:
      +                           557:                                 uint8_t date,;AWS_PIC_RTC_Timer_V1.c: 558:        
      +                                                   uint8_t month,;AWS_PIC_RTC_Timer_V1.c: 559:                    
      +                                       uint8_t year);AWS_PIC_RTC_Timer_V1.c: 560: {;AWS_PIC_RTC_Timer_V1.c: 561:  
      +                             return (uint8_t)(hour ^ minute ^ date ^ month ^ year ^ 0x5A);
  2712  0512  0874               	movf	Trigger_Checksum@hour,w
  2713  0513  0670               	xorwf	Trigger_Checksum@minute,w
  2714  0514  0671               	xorwf	Trigger_Checksum@date,w
  2715  0515  0672               	xorwf	Trigger_Checksum@month,w
  2716  0516  0673               	xorwf	Trigger_Checksum@year,w
  2717  0517  3A5A               	xorlw	90
  2718  0518                     l139:
  2719  0518  0008               	return
  2720  0519                     __end_of_Trigger_Checksum:
  2721                           
  2722                           	psect	text17
  2723  04FD                     __ptext17:	
  2724 ;; *************** function _EEPROM_ReadByte *****************
  2725 ;; Defined at:
  2726 ;;		line 503 in file "AWS_PIC_RTC_Timer_V1.c"
  2727 ;; Parameters:    Size  Location     Type
  2728 ;;  address         1    wreg     unsigned char 
  2729 ;; Auto vars:     Size  Location     Type
  2730 ;;  address         1    0[COMMON] unsigned char 
  2731 ;; Return value:  Size  Location     Type
  2732 ;;                  1    wreg      unsigned char 
  2733 ;; Registers used:
  2734 ;;		wreg
  2735 ;; Tracked objects:
  2736 ;;		On entry : 0/0
  2737 ;;		On exit  : 0/0
  2738 ;;		Unchanged: 0/0
  2739 ;; Data sizes:     COMMON   BANK0   BANK1
  2740 ;;      Params:         0       0       0
  2741 ;;      Locals:         1       0       0
  2742 ;;      Temps:          0       0       0
  2743 ;;      Totals:         1       0       0
  2744 ;;Total ram usage:        1 bytes
  2745 ;; Hardware stack levels used:    1
  2746 ;; This function calls:
  2747 ;;		Nothing
  2748 ;; This function is called by:
  2749 ;;		_EEPROM_WriteByte
  2750 ;;		_EEPROM_Load_Last_Trigger
  2751 ;; This function uses a non-reentrant model
  2752 ;;
  2753                           
  2754                           
  2755                           ;psect for function _EEPROM_ReadByte
  2756  04FD                     _EEPROM_ReadByte:
  2757                           
  2758                           ;incstack = 0
  2759                           ; Regs used in _EEPROM_ReadByte: [wreg]
  2760                           ;EEPROM_ReadByte@address stored from wreg
  2761  04FD  00F0               	movwf	EEPROM_ReadByte@address
  2762  04FE                     l1716:
  2763  04FE                     l122:	
  2764                           ;AWS_PIC_RTC_Timer_V1.c: 506:     {;AWS_PIC_RTC_Timer_V1.c: 508:     }
  2765                           
  2766                           
  2767                           ;AWS_PIC_RTC_Timer_V1.c: 505:     while (EECON1bits.WR != 0)
  2768  04FE  1683               	bsf	3,5	;RP0=1, select bank1
  2769  04FF  189C               	btfsc	28,1	;volsfr
  2770  0500  2D02               	goto	u951
  2771  0501  2D03               	goto	u950
  2772  0502                     u951:
  2773  0502  2CFE               	goto	l122
  2774  0503                     u950:
  2775  0503                     l1718:
  2776                           
  2777                           ;AWS_PIC_RTC_Timer_V1.c: 510:     EEADR = address;
  2778  0503  0870               	movf	EEPROM_ReadByte@address,w
  2779  0504  009B               	movwf	27	;volatile
  2780  0505                     l1720:
  2781                           
  2782                           ;AWS_PIC_RTC_Timer_V1.c: 511:     EECON1bits.RD = 1;
  2783  0505  141C               	bsf	28,0	;volsfr
  2784                           
  2785                           ;AWS_PIC_RTC_Timer_V1.c: 513:     return EEDAT;
  2786  0506  081A               	movf	26,w	;volatile
  2787  0507                     l125:
  2788  0507  0008               	return
  2789  0508                     __end_of_EEPROM_ReadByte:
  2790                           
  2791                           	psect	text18
  2792  0411                     __ptext18:	
  2793 ;; *************** function _DS3231_ReadTime_With_Retry *****************
  2794 ;; Defined at:
  2795 ;;		line 779 in file "AWS_PIC_RTC_Timer_V1.c"
  2796 ;; Parameters:    Size  Location     Type
  2797 ;;  time            1    wreg     PTR struct .
  2798 ;;		 -> main@after_trigger_time(7), main@now(7), 
  2799 ;; Auto vars:     Size  Location     Type
  2800 ;;  time            1   12[COMMON] PTR struct .
  2801 ;;		 -> main@after_trigger_time(7), main@now(7), 
  2802 ;;  attempt         1   11[COMMON] unsigned char 
  2803 ;; Return value:  Size  Location     Type
  2804 ;;                  1    wreg      _Bool 
  2805 ;; Registers used:
  2806 ;;		wreg, fsr0l, fsr0h, status,2, status,0, pclath, cstack
  2807 ;; Tracked objects:
  2808 ;;		On entry : 0/0
  2809 ;;		On exit  : 0/0
  2810 ;;		Unchanged: 0/0
  2811 ;; Data sizes:     COMMON   BANK0   BANK1
  2812 ;;      Params:         0       0       0
  2813 ;;      Locals:         2       0       0
  2814 ;;      Temps:          1       0       0
  2815 ;;      Totals:         3       0       0
  2816 ;;Total ram usage:        3 bytes
  2817 ;; Hardware stack levels used:    1
  2818 ;; Hardware stack levels required when called:    3
  2819 ;; This function calls:
  2820 ;;		_DS3231_ReadTime
  2821 ;;		_Delay_Approx_250ms
  2822 ;;		_I2C_Init
  2823 ;;		_RTC_Time_Is_Valid
  2824 ;;		_Relay_Off
  2825 ;; This function is called by:
  2826 ;;		_main
  2827 ;; This function uses a non-reentrant model
  2828 ;;
  2829                           
  2830                           
  2831                           ;psect for function _DS3231_ReadTime_With_Retry
  2832  0411                     _DS3231_ReadTime_With_Retry:
  2833                           
  2834                           ;incstack = 0
  2835                           ; Regs used in _DS3231_ReadTime_With_Retry: [wreg-fsr0h+status,2+status,0+pclath+cstack]
  2836                           ;DS3231_ReadTime_With_Retry@time stored from wreg
  2837  0411  00FC               	movwf	DS3231_ReadTime_With_Retry@time
  2838  0412                     l1976:
  2839                           
  2840                           ;AWS_PIC_RTC_Timer_V1.c: 779: static _Bool DS3231_ReadTime_With_Retry(RTC_Time *time);AW
      +                          S_PIC_RTC_Timer_V1.c: 780: {;AWS_PIC_RTC_Timer_V1.c: 781:     uint8_t attempt;;AWS_PIC_R
      +                          TC_Timer_V1.c: 783:     for (attempt = 0; attempt < 3; attempt++)
  2841  0412  01FB               	clrf	DS3231_ReadTime_With_Retry@attempt
  2842  0413                     l1982:
  2843                           
  2844                           ;AWS_PIC_RTC_Timer_V1.c: 784:     {;AWS_PIC_RTC_Timer_V1.c: 785:         I2C_Init();
  2845  0413  253F               	fcall	_I2C_Init
  2846  0414                     l1984:
  2847                           
  2848                           ;AWS_PIC_RTC_Timer_V1.c: 787:         if (DS3231_ReadTime(time))
  2849  0414  087C               	movf	DS3231_ReadTime_With_Retry@time,w
  2850  0415  20DC               	fcall	_DS3231_ReadTime
  2851  0416  3A00               	xorlw	0
  2852  0417  1903               	skipnz
  2853  0418  2C1A               	goto	u1361
  2854  0419  2C1B               	goto	u1360
  2855  041A                     u1361:
  2856  041A  2C24               	goto	l1992
  2857  041B                     u1360:
  2858  041B                     l1986:
  2859                           
  2860                           ;AWS_PIC_RTC_Timer_V1.c: 788:         {;AWS_PIC_RTC_Timer_V1.c: 789:             if (RTC
      +                          _Time_Is_Valid(time))
  2861  041B  087C               	movf	DS3231_ReadTime_With_Retry@time,w
  2862  041C  223B               	fcall	_RTC_Time_Is_Valid
  2863  041D  3A00               	xorlw	0
  2864  041E  1903               	skipnz
  2865  041F  2C21               	goto	u1371
  2866  0420  2C22               	goto	u1370
  2867  0421                     u1371:
  2868  0421  2C24               	goto	l1992
  2869  0422                     u1370:
  2870  0422                     l1988:
  2871                           
  2872                           ;AWS_PIC_RTC_Timer_V1.c: 790:             {;AWS_PIC_RTC_Timer_V1.c: 791:                
      +                           return 1;
  2873  0422  3001               	movlw	1
  2874  0423  2C32               	goto	l191
  2875  0424                     l1992:
  2876                           
  2877                           ;AWS_PIC_RTC_Timer_V1.c: 795:         Relay_Off();
  2878  0424  254A               	fcall	_Relay_Off
  2879  0425                     l1994:
  2880                           
  2881                           ;AWS_PIC_RTC_Timer_V1.c: 796:         I2C_Init();
  2882  0425  253F               	fcall	_I2C_Init
  2883  0426                     l1996:
  2884                           
  2885                           ;AWS_PIC_RTC_Timer_V1.c: 797:         Delay_Approx_250ms();
  2886  0426  24DA               	fcall	_Delay_Approx_250ms
  2887  0427                     l1998:
  2888                           
  2889                           ;AWS_PIC_RTC_Timer_V1.c: 798:     }
  2890  0427  3001               	movlw	1
  2891  0428  00FA               	movwf	??_DS3231_ReadTime_With_Retry
  2892  0429  087A               	movf	??_DS3231_ReadTime_With_Retry,w
  2893  042A  07FB               	addwf	DS3231_ReadTime_With_Retry@attempt,f
  2894  042B                     l2000:
  2895  042B  3003               	movlw	3
  2896  042C  027B               	subwf	DS3231_ReadTime_With_Retry@attempt,w
  2897  042D  1C03               	skipc
  2898  042E  2C30               	goto	u1381
  2899  042F  2C31               	goto	u1380
  2900  0430                     u1381:
  2901  0430  2C13               	goto	l1982
  2902  0431                     u1380:
  2903  0431                     l2002:
  2904                           
  2905                           ;AWS_PIC_RTC_Timer_V1.c: 800:     return 0;
  2906  0431  3000               	movlw	0
  2907  0432                     l191:
  2908  0432  0008               	return
  2909  0433                     __end_of_DS3231_ReadTime_With_Retry:
  2910                           
  2911                           	psect	text19
  2912  054A                     __ptext19:	
  2913 ;; *************** function _Relay_Off *****************
  2914 ;; Defined at:
  2915 ;;		line 228 in file "AWS_PIC_RTC_Timer_V1.c"
  2916 ;; Parameters:    Size  Location     Type
  2917 ;;		None
  2918 ;; Auto vars:     Size  Location     Type
  2919 ;;		None
  2920 ;; Return value:  Size  Location     Type
  2921 ;;                  1    wreg      void 
  2922 ;; Registers used:
  2923 ;;		None
  2924 ;; Tracked objects:
  2925 ;;		On entry : 0/0
  2926 ;;		On exit  : 0/0
  2927 ;;		Unchanged: 0/0
  2928 ;; Data sizes:     COMMON   BANK0   BANK1
  2929 ;;      Params:         0       0       0
  2930 ;;      Locals:         0       0       0
  2931 ;;      Temps:          0       0       0
  2932 ;;      Totals:         0       0       0
  2933 ;;Total ram usage:        0 bytes
  2934 ;; Hardware stack levels used:    1
  2935 ;; This function calls:
  2936 ;;		Nothing
  2937 ;; This function is called by:
  2938 ;;		_Relay_Reset_Pulse
  2939 ;;		_DS3231_ReadTime_With_Retry
  2940 ;;		_Init_Device
  2941 ;;		_main
  2942 ;;		_Safe_Fault_Idle_Forever
  2943 ;; This function uses a non-reentrant model
  2944 ;;
  2945                           
  2946                           
  2947                           ;psect for function _Relay_Off
  2948  054A                     _Relay_Off:
  2949  054A                     l1726:	
  2950                           ;incstack = 0
  2951                           ; Regs used in _Relay_Off: []
  2952                           
  2953                           
  2954                           ;AWS_PIC_RTC_Timer_V1.c: 230:     GPIObits.GP0 = 0;
  2955  054A  1283               	bcf	3,5	;RP0=0, select bank0
  2956  054B  1005               	bcf	5,0	;volatile
  2957  054C                     l38:
  2958  054C  0008               	return
  2959  054D                     __end_of_Relay_Off:
  2960                           
  2961                           	psect	text20
  2962  023B                     __ptext20:	
  2963 ;; *************** function _RTC_Time_Is_Valid *****************
  2964 ;; Defined at:
  2965 ;;		line 739 in file "AWS_PIC_RTC_Timer_V1.c"
  2966 ;; Parameters:    Size  Location     Type
  2967 ;;  time            1    wreg     PTR const struct .
  2968 ;;		 -> main@after_trigger_time(7), main@now(7), 
  2969 ;; Auto vars:     Size  Location     Type
  2970 ;;  time            1    0[COMMON] PTR const struct .
  2971 ;;		 -> main@after_trigger_time(7), main@now(7), 
  2972 ;; Return value:  Size  Location     Type
  2973 ;;                  1    wreg      _Bool 
  2974 ;; Registers used:
  2975 ;;		wreg, fsr0l, fsr0h, status,2, status,0
  2976 ;; Tracked objects:
  2977 ;;		On entry : 0/0
  2978 ;;		On exit  : 0/0
  2979 ;;		Unchanged: 0/0
  2980 ;; Data sizes:     COMMON   BANK0   BANK1
  2981 ;;      Params:         0       0       0
  2982 ;;      Locals:         1       0       0
  2983 ;;      Temps:          0       0       0
  2984 ;;      Totals:         1       0       0
  2985 ;;Total ram usage:        1 bytes
  2986 ;; Hardware stack levels used:    1
  2987 ;; This function calls:
  2988 ;;		Nothing
  2989 ;; This function is called by:
  2990 ;;		_DS3231_ReadTime_With_Retry
  2991 ;; This function uses a non-reentrant model
  2992 ;;
  2993                           
  2994                           
  2995                           ;psect for function _RTC_Time_Is_Valid
  2996  023B                     _RTC_Time_Is_Valid:
  2997                           
  2998                           ;incstack = 0
  2999                           ; Regs used in _RTC_Time_Is_Valid: [wreg-fsr0h+status,2+status,0]
  3000                           ;RTC_Time_Is_Valid@time stored from wreg
  3001  023B  00F0               	movwf	RTC_Time_Is_Valid@time
  3002  023C                     l1834:
  3003                           
  3004                           ;AWS_PIC_RTC_Timer_V1.c: 739: static _Bool RTC_Time_Is_Valid(const RTC_Time *time);AWS_P
      +                          IC_RTC_Timer_V1.c: 740: {;AWS_PIC_RTC_Timer_V1.c: 741:     if (time->second > 59)
  3005  023C  0870               	movf	RTC_Time_Is_Valid@time,w
  3006  023D  0084               	movwf	4
  3007  023E  303C               	movlw	60
  3008  023F  1383               	bcf	3,7	;select IRP bank0
  3009  0240  0200               	subwf	0,w
  3010  0241  1C03               	skipc
  3011  0242  2A44               	goto	u1111
  3012  0243  2A45               	goto	u1110
  3013  0244                     u1111:
  3014  0244  2A47               	goto	l1840
  3015  0245                     u1110:
  3016  0245                     l1836:
  3017                           
  3018                           ;AWS_PIC_RTC_Timer_V1.c: 742:     {;AWS_PIC_RTC_Timer_V1.c: 743:         return 0;
  3019  0245  3000               	movlw	0
  3020  0246  2A9B               	goto	l172
  3021  0247                     l1840:
  3022                           
  3023                           ;AWS_PIC_RTC_Timer_V1.c: 746:     if (time->minute > 59)
  3024  0247  0A70               	incf	RTC_Time_Is_Valid@time,w
  3025  0248  0084               	movwf	4
  3026  0249  303C               	movlw	60
  3027  024A  0200               	subwf	0,w
  3028  024B  1C03               	skipc
  3029  024C  2A4E               	goto	u1121
  3030  024D  2A4F               	goto	u1120
  3031  024E                     u1121:
  3032  024E  2A50               	goto	l1846
  3033  024F                     u1120:
  3034  024F  2A45               	goto	l1836
  3035  0250                     l1846:
  3036                           
  3037                           ;AWS_PIC_RTC_Timer_V1.c: 751:     if (time->hour > 23)
  3038  0250  0870               	movf	RTC_Time_Is_Valid@time,w
  3039  0251  3E02               	addlw	2
  3040  0252  0084               	movwf	4
  3041  0253  3018               	movlw	24
  3042  0254  0200               	subwf	0,w
  3043  0255  1C03               	skipc
  3044  0256  2A58               	goto	u1131
  3045  0257  2A59               	goto	u1130
  3046  0258                     u1131:
  3047  0258  2A5A               	goto	l1852
  3048  0259                     u1130:
  3049  0259  2A45               	goto	l1836
  3050  025A                     l1852:
  3051                           
  3052                           ;AWS_PIC_RTC_Timer_V1.c: 756:     if ((time->day_of_week < 1) || (time->day_of_week > 7)
      +                          )
  3053  025A  0870               	movf	RTC_Time_Is_Valid@time,w
  3054  025B  3E03               	addlw	3
  3055  025C  0084               	movwf	4
  3056  025D  0800               	movf	0,w
  3057  025E  1903               	btfsc	3,2
  3058  025F  2A61               	goto	u1141
  3059  0260  2A62               	goto	u1140
  3060  0261                     u1141:
  3061  0261  2A45               	goto	l1836
  3062  0262                     u1140:
  3063  0262                     l1854:
  3064  0262  0870               	movf	RTC_Time_Is_Valid@time,w
  3065  0263  3E03               	addlw	3
  3066  0264  0084               	movwf	4
  3067  0265  3008               	movlw	8
  3068  0266  0200               	subwf	0,w
  3069  0267  1C03               	skipc
  3070  0268  2A6A               	goto	u1151
  3071  0269  2A6B               	goto	u1150
  3072  026A                     u1151:
  3073  026A  2A6C               	goto	l1860
  3074  026B                     u1150:
  3075  026B  2A45               	goto	l1836
  3076  026C                     l1860:
  3077                           
  3078                           ;AWS_PIC_RTC_Timer_V1.c: 761:     if ((time->date < 1) || (time->date > 31))
  3079  026C  0870               	movf	RTC_Time_Is_Valid@time,w
  3080  026D  3E04               	addlw	4
  3081  026E  0084               	movwf	4
  3082  026F  0800               	movf	0,w
  3083  0270  1903               	btfsc	3,2
  3084  0271  2A73               	goto	u1161
  3085  0272  2A74               	goto	u1160
  3086  0273                     u1161:
  3087  0273  2A45               	goto	l1836
  3088  0274                     u1160:
  3089  0274                     l1862:
  3090  0274  0870               	movf	RTC_Time_Is_Valid@time,w
  3091  0275  3E04               	addlw	4
  3092  0276  0084               	movwf	4
  3093  0277  3020               	movlw	32
  3094  0278  0200               	subwf	0,w
  3095  0279  1C03               	skipc
  3096  027A  2A7C               	goto	u1171
  3097  027B  2A7D               	goto	u1170
  3098  027C                     u1171:
  3099  027C  2A7E               	goto	l1868
  3100  027D                     u1170:
  3101  027D  2A45               	goto	l1836
  3102  027E                     l1868:
  3103                           
  3104                           ;AWS_PIC_RTC_Timer_V1.c: 766:     if ((time->month < 1) || (time->month > 12))
  3105  027E  0870               	movf	RTC_Time_Is_Valid@time,w
  3106  027F  3E05               	addlw	5
  3107  0280  0084               	movwf	4
  3108  0281  0800               	movf	0,w
  3109  0282  1903               	btfsc	3,2
  3110  0283  2A85               	goto	u1181
  3111  0284  2A86               	goto	u1180
  3112  0285                     u1181:
  3113  0285  2A45               	goto	l1836
  3114  0286                     u1180:
  3115  0286                     l1870:
  3116  0286  0870               	movf	RTC_Time_Is_Valid@time,w
  3117  0287  3E05               	addlw	5
  3118  0288  0084               	movwf	4
  3119  0289  300D               	movlw	13
  3120  028A  0200               	subwf	0,w
  3121  028B  1C03               	skipc
  3122  028C  2A8E               	goto	u1191
  3123  028D  2A8F               	goto	u1190
  3124  028E                     u1191:
  3125  028E  2A90               	goto	l1876
  3126  028F                     u1190:
  3127  028F  2A45               	goto	l1836
  3128  0290                     l1876:
  3129                           
  3130                           ;AWS_PIC_RTC_Timer_V1.c: 771:     if (time->year > 99)
  3131  0290  0870               	movf	RTC_Time_Is_Valid@time,w
  3132  0291  3E06               	addlw	6
  3133  0292  0084               	movwf	4
  3134  0293  3064               	movlw	100
  3135  0294  0200               	subwf	0,w
  3136  0295  1C03               	skipc
  3137  0296  2A98               	goto	u1201
  3138  0297  2A99               	goto	u1200
  3139  0298                     u1201:
  3140  0298  2A9A               	goto	l1882
  3141  0299                     u1200:
  3142  0299  2A45               	goto	l1836
  3143  029A                     l1882:
  3144                           
  3145                           ;AWS_PIC_RTC_Timer_V1.c: 776:     return 1;
  3146  029A  3001               	movlw	1
  3147  029B                     l172:
  3148  029B  0008               	return
  3149  029C                     __end_of_RTC_Time_Is_Valid:
  3150                           
  3151                           	psect	text21
  3152  053F                     __ptext21:	
  3153 ;; *************** function _I2C_Init *****************
  3154 ;; Defined at:
  3155 ;;		line 355 in file "AWS_PIC_RTC_Timer_V1.c"
  3156 ;; Parameters:    Size  Location     Type
  3157 ;;		None
  3158 ;; Auto vars:     Size  Location     Type
  3159 ;;		None
  3160 ;; Return value:  Size  Location     Type
  3161 ;;                  1    wreg      void 
  3162 ;; Registers used:
  3163 ;;		wreg, status,2, status,0, pclath, cstack
  3164 ;; Tracked objects:
  3165 ;;		On entry : 0/0
  3166 ;;		On exit  : 0/0
  3167 ;;		Unchanged: 0/0
  3168 ;; Data sizes:     COMMON   BANK0   BANK1
  3169 ;;      Params:         0       0       0
  3170 ;;      Locals:         0       0       0
  3171 ;;      Temps:          0       0       0
  3172 ;;      Totals:         0       0       0
  3173 ;;Total ram usage:        0 bytes
  3174 ;; Hardware stack levels used:    1
  3175 ;; Hardware stack levels required when called:    1
  3176 ;; This function calls:
  3177 ;;		_I2C_Delay
  3178 ;;		_SCL_Release
  3179 ;;		_SDA_Release
  3180 ;; This function is called by:
  3181 ;;		_DS3231_ReadTime_With_Retry
  3182 ;;		_main
  3183 ;;		_Safe_Fault_Idle_Forever
  3184 ;; This function uses a non-reentrant model
  3185 ;;
  3186                           
  3187                           
  3188                           ;psect for function _I2C_Init
  3189  053F                     _I2C_Init:
  3190  053F                     l1750:	
  3191                           ;incstack = 0
  3192                           ; Regs used in _I2C_Init: [wreg+status,2+status,0+pclath+cstack]
  3193                           
  3194                           
  3195                           ;AWS_PIC_RTC_Timer_V1.c: 357:     SDA_Release();
  3196  053F  254D               	fcall	_SDA_Release
  3197                           
  3198                           ;AWS_PIC_RTC_Timer_V1.c: 358:     SCL_Release();
  3199  0540  2550               	fcall	_SCL_Release
  3200  0541                     l1752:
  3201                           
  3202                           ;AWS_PIC_RTC_Timer_V1.c: 359:     I2C_Delay();
  3203  0541  24BF               	fcall	_I2C_Delay
  3204  0542                     l95:
  3205  0542  0008               	return
  3206  0543                     __end_of_I2C_Init:
  3207                           
  3208                           	psect	text22
  3209  04DA                     __ptext22:	
  3210 ;; *************** function _Delay_Approx_250ms *****************
  3211 ;; Defined at:
  3212 ;;		line 267 in file "AWS_PIC_RTC_Timer_V1.c"
  3213 ;; Parameters:    Size  Location     Type
  3214 ;;		None
  3215 ;; Auto vars:     Size  Location     Type
  3216 ;;  i               1    1[COMMON] unsigned char 
  3217 ;; Return value:  Size  Location     Type
  3218 ;;                  1    wreg      void 
  3219 ;; Registers used:
  3220 ;;		wreg, status,2, status,0, pclath, cstack
  3221 ;; Tracked objects:
  3222 ;;		On entry : 0/0
  3223 ;;		On exit  : 0/0
  3224 ;;		Unchanged: 0/0
  3225 ;; Data sizes:     COMMON   BANK0   BANK1
  3226 ;;      Params:         0       0       0
  3227 ;;      Locals:         1       0       0
  3228 ;;      Temps:          1       0       0
  3229 ;;      Totals:         2       0       0
  3230 ;;Total ram usage:        2 bytes
  3231 ;; Hardware stack levels used:    1
  3232 ;; Hardware stack levels required when called:    1
  3233 ;; This function calls:
  3234 ;;		_Delay_Approx_65ms
  3235 ;; This function is called by:
  3236 ;;		_DS3231_ReadTime_With_Retry
  3237 ;;		_main
  3238 ;; This function uses a non-reentrant model
  3239 ;;
  3240                           
  3241                           
  3242                           ;psect for function _Delay_Approx_250ms
  3243  04DA                     _Delay_Approx_250ms:
  3244  04DA                     l1738:	
  3245                           ;incstack = 0
  3246                           ; Regs used in _Delay_Approx_250ms: [wreg+status,2+status,0+pclath+cstack]
  3247                           
  3248                           
  3249                           ;AWS_PIC_RTC_Timer_V1.c: 269:     uint8_t i;;AWS_PIC_RTC_Timer_V1.c: 271:     for (i = 0
      +                          ; i < 4; i++)
  3250  04DA  01F1               	clrf	Delay_Approx_250ms@i
  3251  04DB                     l1744:
  3252                           
  3253                           ;AWS_PIC_RTC_Timer_V1.c: 272:     {;AWS_PIC_RTC_Timer_V1.c: 273:         Delay_Approx_65
      +                          ms();
  3254  04DB  2519               	fcall	_Delay_Approx_65ms
  3255  04DC                     l1746:
  3256                           
  3257                           ;AWS_PIC_RTC_Timer_V1.c: 274:     }
  3258  04DC  3001               	movlw	1
  3259  04DD  00F0               	movwf	??_Delay_Approx_250ms
  3260  04DE  0870               	movf	??_Delay_Approx_250ms,w
  3261  04DF  07F1               	addwf	Delay_Approx_250ms@i,f
  3262  04E0                     l1748:
  3263  04E0  3004               	movlw	4
  3264  04E1  0271               	subwf	Delay_Approx_250ms@i,w
  3265  04E2  1C03               	skipc
  3266  04E3  2CE5               	goto	u971
  3267  04E4  2CE6               	goto	u970
  3268  04E5                     u971:
  3269  04E5  2CDB               	goto	l1744
  3270  04E6                     u970:
  3271  04E6                     l55:
  3272  04E6  0008               	return
  3273  04E7                     __end_of_Delay_Approx_250ms:
  3274                           
  3275                           	psect	text23
  3276  0519                     __ptext23:	
  3277 ;; *************** function _Delay_Approx_65ms *****************
  3278 ;; Defined at:
  3279 ;;		line 256 in file "AWS_PIC_RTC_Timer_V1.c"
  3280 ;; Parameters:    Size  Location     Type
  3281 ;;		None
  3282 ;; Auto vars:     Size  Location     Type
  3283 ;;		None
  3284 ;; Return value:  Size  Location     Type
  3285 ;;                  1    wreg      void 
  3286 ;; Registers used:
  3287 ;;		status,2
  3288 ;; Tracked objects:
  3289 ;;		On entry : 0/0
  3290 ;;		On exit  : 0/0
  3291 ;;		Unchanged: 0/0
  3292 ;; Data sizes:     COMMON   BANK0   BANK1
  3293 ;;      Params:         0       0       0
  3294 ;;      Locals:         0       0       0
  3295 ;;      Temps:          0       0       0
  3296 ;;      Totals:         0       0       0
  3297 ;;Total ram usage:        0 bytes
  3298 ;; Hardware stack levels used:    1
  3299 ;; This function calls:
  3300 ;;		Nothing
  3301 ;; This function is called by:
  3302 ;;		_Delay_Approx_250ms
  3303 ;;		_Delay_Approx_1s
  3304 ;; This function uses a non-reentrant model
  3305 ;;
  3306                           
  3307                           
  3308                           ;psect for function _Delay_Approx_65ms
  3309  0519                     _Delay_Approx_65ms:
  3310  0519                     l1556:	
  3311                           ;incstack = 0
  3312                           ; Regs used in _Delay_Approx_65ms: [status,2]
  3313                           
  3314                           
  3315                           ;AWS_PIC_RTC_Timer_V1.c: 258:     TMR0 = 0;
  3316  0519  1283               	bcf	3,5	;RP0=0, select bank0
  3317  051A  0181               	clrf	1	;volatile
  3318  051B                     l1558:
  3319                           
  3320                           ;AWS_PIC_RTC_Timer_V1.c: 259:     INTCONbits.T0IF = 0;
  3321  051B  110B               	bcf	11,2	;volatile
  3322  051C                     l47:	
  3323                           ;AWS_PIC_RTC_Timer_V1.c: 262:     {;AWS_PIC_RTC_Timer_V1.c: 264:     }
  3324                           
  3325                           
  3326                           ;AWS_PIC_RTC_Timer_V1.c: 261:     while (INTCONbits.T0IF == 0)
  3327  051C  1D0B               	btfss	11,2	;volatile
  3328  051D  2D1F               	goto	u821
  3329  051E  2D20               	goto	u820
  3330  051F                     u821:
  3331  051F  2D1C               	goto	l47
  3332  0520                     u820:
  3333  0520                     l50:
  3334  0520  0008               	return
  3335  0521                     __end_of_Delay_Approx_65ms:
  3336                           
  3337                           	psect	text24
  3338  00DC                     __ptext24:	
  3339 ;; *************** function _DS3231_ReadTime *****************
  3340 ;; Defined at:
  3341 ;;		line 656 in file "AWS_PIC_RTC_Timer_V1.c"
  3342 ;; Parameters:    Size  Location     Type
  3343 ;;  time            1    wreg     PTR struct .
  3344 ;;		 -> main@after_trigger_time(7), main@now(7), 
  3345 ;; Auto vars:     Size  Location     Type
  3346 ;;  time            1    9[BANK0 ] PTR struct .
  3347 ;;		 -> main@after_trigger_time(7), main@now(7), 
  3348 ;;  hour_12         1    8[BANK0 ] unsigned char 
  3349 ;;  is_pm           1    6[BANK0 ] _Bool 
  3350 ;;  raw_hour        1    7[BANK0 ] unsigned char 
  3351 ;;  raw_year        1    5[BANK0 ] unsigned char 
  3352 ;;  raw_month       1    4[BANK0 ] unsigned char 
  3353 ;;  raw_date        1    3[BANK0 ] unsigned char 
  3354 ;;  raw_day         1    2[BANK0 ] unsigned char 
  3355 ;;  raw_minute      1    1[BANK0 ] unsigned char 
  3356 ;;  raw_second      1    0[BANK0 ] unsigned char 
  3357 ;; Return value:  Size  Location     Type
  3358 ;;                  1    wreg      _Bool 
  3359 ;; Registers used:
  3360 ;;		wreg, fsr0l, fsr0h, status,2, status,0, pclath, cstack
  3361 ;; Tracked objects:
  3362 ;;		On entry : 0/0
  3363 ;;		On exit  : 0/0
  3364 ;;		Unchanged: 0/0
  3365 ;; Data sizes:     COMMON   BANK0   BANK1
  3366 ;;      Params:         0       0       0
  3367 ;;      Locals:         0      10       0
  3368 ;;      Temps:          1       0       0
  3369 ;;      Totals:         1      10       0
  3370 ;;Total ram usage:       11 bytes
  3371 ;; Hardware stack levels used:    1
  3372 ;; Hardware stack levels required when called:    2
  3373 ;; This function calls:
  3374 ;;		_BCD_To_Dec
  3375 ;;		_I2C_ReadByte
  3376 ;;		_I2C_Start
  3377 ;;		_I2C_Stop
  3378 ;;		_I2C_WriteByte
  3379 ;; This function is called by:
  3380 ;;		_DS3231_ReadTime_With_Retry
  3381 ;; This function uses a non-reentrant model
  3382 ;;
  3383                           
  3384                           
  3385                           ;psect for function _DS3231_ReadTime
  3386  00DC                     _DS3231_ReadTime:
  3387                           
  3388                           ;incstack = 0
  3389                           ; Regs used in _DS3231_ReadTime: [wreg-fsr0h+status,2+status,0+pclath+cstack]
  3390                           ;DS3231_ReadTime@time stored from wreg
  3391  00DC  1283               	bcf	3,5	;RP0=0, select bank0
  3392  00DD  00A9               	movwf	DS3231_ReadTime@time
  3393  00DE                     l1780:
  3394                           
  3395                           ;AWS_PIC_RTC_Timer_V1.c: 656: static _Bool DS3231_ReadTime(RTC_Time *time);AWS_PIC_RTC_T
      +                          imer_V1.c: 657: {;AWS_PIC_RTC_Timer_V1.c: 658:     uint8_t raw_second;;AWS_PIC_RTC_Timer
      +                          _V1.c: 659:     uint8_t raw_minute;;AWS_PIC_RTC_Timer_V1.c: 660:     uint8_t raw_hour;;A
      +                          WS_PIC_RTC_Timer_V1.c: 661:     uint8_t raw_day;;AWS_PIC_RTC_Timer_V1.c: 662:     uint8_
      +                          t raw_date;;AWS_PIC_RTC_Timer_V1.c: 663:     uint8_t raw_month;;AWS_PIC_RTC_Timer_V1.c: 
      +                          664:     uint8_t raw_year;;AWS_PIC_RTC_Timer_V1.c: 666:     I2C_Start();
  3396  00DE  2521               	fcall	_I2C_Start
  3397                           
  3398                           ;AWS_PIC_RTC_Timer_V1.c: 668:     if (!I2C_WriteByte(((0x68 << 1) | 0)))
  3399  00DF  30D0               	movlw	208
  3400  00E0  2390               	fcall	_I2C_WriteByte
  3401  00E1  3A00               	xorlw	0
  3402  00E2  1D03               	skipz
  3403  00E3  28E5               	goto	u1021
  3404  00E4  28E6               	goto	u1020
  3405  00E5                     u1021:
  3406  00E5  28E9               	goto	l1788
  3407  00E6                     u1020:
  3408  00E6                     l1782:
  3409                           
  3410                           ;AWS_PIC_RTC_Timer_V1.c: 669:     {;AWS_PIC_RTC_Timer_V1.c: 670:         I2C_Stop();
  3411  00E6  2529               	fcall	_I2C_Stop
  3412  00E7                     l1784:
  3413                           
  3414                           ;AWS_PIC_RTC_Timer_V1.c: 671:         return 0;
  3415  00E7  3000               	movlw	0
  3416  00E8  29A6               	goto	l160
  3417  00E9                     l1788:
  3418                           
  3419                           ;AWS_PIC_RTC_Timer_V1.c: 674:     if (!I2C_WriteByte(0x00))
  3420  00E9  3000               	movlw	0
  3421  00EA  2390               	fcall	_I2C_WriteByte
  3422  00EB  3A00               	xorlw	0
  3423  00EC  1D03               	skipz
  3424  00ED  28EF               	goto	u1031
  3425  00EE  28F0               	goto	u1030
  3426  00EF                     u1031:
  3427  00EF  28F1               	goto	l1796
  3428  00F0                     u1030:
  3429  00F0  28E6               	goto	l1782
  3430  00F1                     l1796:
  3431                           
  3432                           ;AWS_PIC_RTC_Timer_V1.c: 680:     I2C_Start();
  3433  00F1  2521               	fcall	_I2C_Start
  3434                           
  3435                           ;AWS_PIC_RTC_Timer_V1.c: 682:     if (!I2C_WriteByte(((0x68 << 1) | 1)))
  3436  00F2  30D1               	movlw	209
  3437  00F3  2390               	fcall	_I2C_WriteByte
  3438  00F4  3A00               	xorlw	0
  3439  00F5  1D03               	skipz
  3440  00F6  28F8               	goto	u1041
  3441  00F7  28F9               	goto	u1040
  3442  00F8                     u1041:
  3443  00F8  28FA               	goto	l1804
  3444  00F9                     u1040:
  3445  00F9  28E6               	goto	l1782
  3446  00FA                     l1804:
  3447                           
  3448                           ;AWS_PIC_RTC_Timer_V1.c: 688:     raw_second = I2C_ReadByte(1);
  3449  00FA  3001               	movlw	1
  3450  00FB  23BD               	fcall	_I2C_ReadByte
  3451  00FC  00F9               	movwf	??_DS3231_ReadTime
  3452  00FD  0879               	movf	??_DS3231_ReadTime,w
  3453  00FE  1283               	bcf	3,5	;RP0=0, select bank0
  3454  00FF  00A0               	movwf	DS3231_ReadTime@raw_second
  3455                           
  3456                           ;AWS_PIC_RTC_Timer_V1.c: 689:     raw_minute = I2C_ReadByte(1);
  3457  0100  3001               	movlw	1
  3458  0101  23BD               	fcall	_I2C_ReadByte
  3459  0102  00F9               	movwf	??_DS3231_ReadTime
  3460  0103  0879               	movf	??_DS3231_ReadTime,w
  3461  0104  1283               	bcf	3,5	;RP0=0, select bank0
  3462  0105  00A1               	movwf	DS3231_ReadTime@raw_minute
  3463                           
  3464                           ;AWS_PIC_RTC_Timer_V1.c: 690:     raw_hour = I2C_ReadByte(1);
  3465  0106  3001               	movlw	1
  3466  0107  23BD               	fcall	_I2C_ReadByte
  3467  0108  00F9               	movwf	??_DS3231_ReadTime
  3468  0109  0879               	movf	??_DS3231_ReadTime,w
  3469  010A  1283               	bcf	3,5	;RP0=0, select bank0
  3470  010B  00A7               	movwf	DS3231_ReadTime@raw_hour
  3471                           
  3472                           ;AWS_PIC_RTC_Timer_V1.c: 691:     raw_day = I2C_ReadByte(1);
  3473  010C  3001               	movlw	1
  3474  010D  23BD               	fcall	_I2C_ReadByte
  3475  010E  00F9               	movwf	??_DS3231_ReadTime
  3476  010F  0879               	movf	??_DS3231_ReadTime,w
  3477  0110  1283               	bcf	3,5	;RP0=0, select bank0
  3478  0111  00A2               	movwf	DS3231_ReadTime@raw_day
  3479                           
  3480                           ;AWS_PIC_RTC_Timer_V1.c: 692:     raw_date = I2C_ReadByte(1);
  3481  0112  3001               	movlw	1
  3482  0113  23BD               	fcall	_I2C_ReadByte
  3483  0114  00F9               	movwf	??_DS3231_ReadTime
  3484  0115  0879               	movf	??_DS3231_ReadTime,w
  3485  0116  1283               	bcf	3,5	;RP0=0, select bank0
  3486  0117  00A3               	movwf	DS3231_ReadTime@raw_date
  3487                           
  3488                           ;AWS_PIC_RTC_Timer_V1.c: 693:     raw_month = I2C_ReadByte(1);
  3489  0118  3001               	movlw	1
  3490  0119  23BD               	fcall	_I2C_ReadByte
  3491  011A  00F9               	movwf	??_DS3231_ReadTime
  3492  011B  0879               	movf	??_DS3231_ReadTime,w
  3493  011C  1283               	bcf	3,5	;RP0=0, select bank0
  3494  011D  00A4               	movwf	DS3231_ReadTime@raw_month
  3495                           
  3496                           ;AWS_PIC_RTC_Timer_V1.c: 694:     raw_year = I2C_ReadByte(0);
  3497  011E  3000               	movlw	0
  3498  011F  23BD               	fcall	_I2C_ReadByte
  3499  0120  00F9               	movwf	??_DS3231_ReadTime
  3500  0121  0879               	movf	??_DS3231_ReadTime,w
  3501  0122  1283               	bcf	3,5	;RP0=0, select bank0
  3502  0123  00A5               	movwf	DS3231_ReadTime@raw_year
  3503                           
  3504                           ;AWS_PIC_RTC_Timer_V1.c: 696:     I2C_Stop();
  3505  0124  2529               	fcall	_I2C_Stop
  3506  0125                     l1806:
  3507                           
  3508                           ;AWS_PIC_RTC_Timer_V1.c: 698:     time->second = BCD_To_Dec((uint8_t)(raw_second & 0x7F)
      +                          );
  3509  0125  1283               	bcf	3,5	;RP0=0, select bank0
  3510  0126  0820               	movf	DS3231_ReadTime@raw_second,w
  3511  0127  397F               	andlw	127
  3512  0128  2433               	fcall	_BCD_To_Dec
  3513  0129  00F9               	movwf	??_DS3231_ReadTime
  3514  012A  1283               	bcf	3,5	;RP0=0, select bank0
  3515  012B  0829               	movf	DS3231_ReadTime@time,w
  3516  012C  0084               	movwf	4
  3517  012D  0879               	movf	??_DS3231_ReadTime,w
  3518  012E  1383               	bcf	3,7	;select IRP bank0
  3519  012F  0080               	movwf	0
  3520  0130                     l1808:
  3521                           
  3522                           ;AWS_PIC_RTC_Timer_V1.c: 699:     time->minute = BCD_To_Dec((uint8_t)(raw_minute & 0x7F)
      +                          );
  3523  0130  0821               	movf	DS3231_ReadTime@raw_minute,w
  3524  0131  397F               	andlw	127
  3525  0132  2433               	fcall	_BCD_To_Dec
  3526  0133  00F9               	movwf	??_DS3231_ReadTime
  3527  0134  1283               	bcf	3,5	;RP0=0, select bank0
  3528  0135  0A29               	incf	DS3231_ReadTime@time,w
  3529  0136  0084               	movwf	4
  3530  0137  0879               	movf	??_DS3231_ReadTime,w
  3531  0138  1383               	bcf	3,7	;select IRP bank0
  3532  0139  0080               	movwf	0
  3533  013A                     l1810:
  3534                           
  3535                           ;AWS_PIC_RTC_Timer_V1.c: 701:     if ((raw_hour & 0x40) != 0)
  3536  013A  1F27               	btfss	DS3231_ReadTime@raw_hour,6
  3537  013B  293D               	goto	u1051
  3538  013C  293E               	goto	u1050
  3539  013D                     u1051:
  3540  013D  296F               	goto	l1828
  3541  013E                     u1050:
  3542  013E                     l1812:
  3543                           
  3544                           ;AWS_PIC_RTC_Timer_V1.c: 702:     {;AWS_PIC_RTC_Timer_V1.c: 703:         uint8_t hour_12
      +                          ;;AWS_PIC_RTC_Timer_V1.c: 704:         _Bool is_pm;;AWS_PIC_RTC_Timer_V1.c: 706:        
      +                           hour_12 = BCD_To_Dec((uint8_t)(raw_hour & 0x1F));
  3545  013E  0827               	movf	DS3231_ReadTime@raw_hour,w
  3546  013F  391F               	andlw	31
  3547  0140  2433               	fcall	_BCD_To_Dec
  3548  0141  00F9               	movwf	??_DS3231_ReadTime
  3549  0142  0879               	movf	??_DS3231_ReadTime,w
  3550  0143  1283               	bcf	3,5	;RP0=0, select bank0
  3551  0144  00A8               	movwf	DS3231_ReadTime@hour_12
  3552  0145                     l1814:
  3553                           
  3554                           ;AWS_PIC_RTC_Timer_V1.c: 707:         is_pm = ((raw_hour & 0x20) != 0);
  3555  0145  1AA7               	btfsc	DS3231_ReadTime@raw_hour,5
  3556  0146  2948               	goto	u1061
  3557  0147  294A               	goto	u1060
  3558  0148                     u1061:
  3559  0148  3001               	movlw	1
  3560  0149  294B               	goto	u1070
  3561  014A                     u1060:
  3562  014A  3000               	movlw	0
  3563  014B                     u1070:
  3564  014B  00F9               	movwf	??_DS3231_ReadTime
  3565  014C  0879               	movf	??_DS3231_ReadTime,w
  3566  014D  00A6               	movwf	DS3231_ReadTime@is_pm
  3567  014E                     l1816:
  3568                           
  3569                           ;AWS_PIC_RTC_Timer_V1.c: 709:         if (is_pm)
  3570  014E  0826               	movf	DS3231_ReadTime@is_pm,w
  3571  014F  1903               	btfsc	3,2
  3572  0150  2952               	goto	u1081
  3573  0151  2953               	goto	u1080
  3574  0152                     u1081:
  3575  0152  295F               	goto	l1822
  3576  0153                     u1080:
  3577  0153                     l1818:
  3578                           
  3579                           ;AWS_PIC_RTC_Timer_V1.c: 710:         {;AWS_PIC_RTC_Timer_V1.c: 711:             if (hou
      +                          r_12 != 12)
  3580  0153  300C               	movlw	12
  3581  0154  0628               	xorwf	DS3231_ReadTime@hour_12,w
  3582  0155  1903               	btfsc	3,2
  3583  0156  2958               	goto	u1091
  3584  0157  2959               	goto	u1090
  3585  0158                     u1091:
  3586  0158  2966               	goto	l1826
  3587  0159                     u1090:
  3588  0159                     l1820:
  3589                           
  3590                           ;AWS_PIC_RTC_Timer_V1.c: 712:             {;AWS_PIC_RTC_Timer_V1.c: 713:                
      +                           hour_12 = (uint8_t)(hour_12 + 12);
  3591  0159  0828               	movf	DS3231_ReadTime@hour_12,w
  3592  015A  3E0C               	addlw	12
  3593  015B  00F9               	movwf	??_DS3231_ReadTime
  3594  015C  0879               	movf	??_DS3231_ReadTime,w
  3595  015D  00A8               	movwf	DS3231_ReadTime@hour_12
  3596  015E  2966               	goto	l1826
  3597  015F                     l1822:
  3598                           
  3599                           ;AWS_PIC_RTC_Timer_V1.c: 717:         {;AWS_PIC_RTC_Timer_V1.c: 718:             if (hou
      +                          r_12 == 12)
  3600  015F  300C               	movlw	12
  3601  0160  0628               	xorwf	DS3231_ReadTime@hour_12,w
  3602  0161  1D03               	btfss	3,2
  3603  0162  2964               	goto	u1101
  3604  0163  2965               	goto	u1100
  3605  0164                     u1101:
  3606  0164  2966               	goto	l1826
  3607  0165                     u1100:
  3608  0165                     l1824:
  3609                           
  3610                           ;AWS_PIC_RTC_Timer_V1.c: 719:             {;AWS_PIC_RTC_Timer_V1.c: 720:                
      +                           hour_12 = 0;
  3611  0165  01A8               	clrf	DS3231_ReadTime@hour_12
  3612  0166                     l1826:
  3613                           
  3614                           ;AWS_PIC_RTC_Timer_V1.c: 724:         time->hour = hour_12;
  3615  0166  0828               	movf	DS3231_ReadTime@hour_12,w
  3616  0167  00F9               	movwf	??_DS3231_ReadTime
  3617  0168  0829               	movf	DS3231_ReadTime@time,w
  3618  0169  3E02               	addlw	2
  3619  016A  0084               	movwf	4
  3620  016B  0879               	movf	??_DS3231_ReadTime,w
  3621  016C  1383               	bcf	3,7	;select IRP bank0
  3622  016D  0080               	movwf	0
  3623                           
  3624                           ;AWS_PIC_RTC_Timer_V1.c: 725:     }
  3625  016E  297A               	goto	l168
  3626  016F                     l1828:
  3627                           
  3628                           ;AWS_PIC_RTC_Timer_V1.c: 727:     {;AWS_PIC_RTC_Timer_V1.c: 728:         time->hour = BC
      +                          D_To_Dec((uint8_t)(raw_hour & 0x3F));
  3629  016F  0827               	movf	DS3231_ReadTime@raw_hour,w
  3630  0170  393F               	andlw	63
  3631  0171  2433               	fcall	_BCD_To_Dec
  3632  0172  00F9               	movwf	??_DS3231_ReadTime
  3633  0173  1283               	bcf	3,5	;RP0=0, select bank0
  3634  0174  0829               	movf	DS3231_ReadTime@time,w
  3635  0175  3E02               	addlw	2
  3636  0176  0084               	movwf	4
  3637  0177  0879               	movf	??_DS3231_ReadTime,w
  3638  0178  1383               	bcf	3,7	;select IRP bank0
  3639  0179  0080               	movwf	0
  3640  017A                     l168:	
  3641                           ;AWS_PIC_RTC_Timer_V1.c: 729:     }
  3642                           
  3643                           
  3644                           ;AWS_PIC_RTC_Timer_V1.c: 731:     time->day_of_week = BCD_To_Dec((uint8_t)(raw_day & 0x0
      +                          7));
  3645  017A  0822               	movf	DS3231_ReadTime@raw_day,w
  3646  017B  3907               	andlw	7
  3647  017C  2433               	fcall	_BCD_To_Dec
  3648  017D  00F9               	movwf	??_DS3231_ReadTime
  3649  017E  1283               	bcf	3,5	;RP0=0, select bank0
  3650  017F  0829               	movf	DS3231_ReadTime@time,w
  3651  0180  3E03               	addlw	3
  3652  0181  0084               	movwf	4
  3653  0182  0879               	movf	??_DS3231_ReadTime,w
  3654  0183  1383               	bcf	3,7	;select IRP bank0
  3655  0184  0080               	movwf	0
  3656                           
  3657                           ;AWS_PIC_RTC_Timer_V1.c: 732:     time->date = BCD_To_Dec((uint8_t)(raw_date & 0x3F));
  3658  0185  0823               	movf	DS3231_ReadTime@raw_date,w
  3659  0186  393F               	andlw	63
  3660  0187  2433               	fcall	_BCD_To_Dec
  3661  0188  00F9               	movwf	??_DS3231_ReadTime
  3662  0189  1283               	bcf	3,5	;RP0=0, select bank0
  3663  018A  0829               	movf	DS3231_ReadTime@time,w
  3664  018B  3E04               	addlw	4
  3665  018C  0084               	movwf	4
  3666  018D  0879               	movf	??_DS3231_ReadTime,w
  3667  018E  1383               	bcf	3,7	;select IRP bank0
  3668  018F  0080               	movwf	0
  3669                           
  3670                           ;AWS_PIC_RTC_Timer_V1.c: 733:     time->month = BCD_To_Dec((uint8_t)(raw_month & 0x1F));
  3671  0190  0824               	movf	DS3231_ReadTime@raw_month,w
  3672  0191  391F               	andlw	31
  3673  0192  2433               	fcall	_BCD_To_Dec
  3674  0193  00F9               	movwf	??_DS3231_ReadTime
  3675  0194  1283               	bcf	3,5	;RP0=0, select bank0
  3676  0195  0829               	movf	DS3231_ReadTime@time,w
  3677  0196  3E05               	addlw	5
  3678  0197  0084               	movwf	4
  3679  0198  0879               	movf	??_DS3231_ReadTime,w
  3680  0199  1383               	bcf	3,7	;select IRP bank0
  3681  019A  0080               	movwf	0
  3682                           
  3683                           ;AWS_PIC_RTC_Timer_V1.c: 734:     time->year = BCD_To_Dec(raw_year);
  3684  019B  0825               	movf	DS3231_ReadTime@raw_year,w
  3685  019C  2433               	fcall	_BCD_To_Dec
  3686  019D  00F9               	movwf	??_DS3231_ReadTime
  3687  019E  1283               	bcf	3,5	;RP0=0, select bank0
  3688  019F  0829               	movf	DS3231_ReadTime@time,w
  3689  01A0  3E06               	addlw	6
  3690  01A1  0084               	movwf	4
  3691  01A2  0879               	movf	??_DS3231_ReadTime,w
  3692  01A3  1383               	bcf	3,7	;select IRP bank0
  3693  01A4  0080               	movwf	0
  3694  01A5                     l1830:
  3695                           
  3696                           ;AWS_PIC_RTC_Timer_V1.c: 736:     return 1;
  3697  01A5  3001               	movlw	1
  3698  01A6                     l160:
  3699  01A6  0008               	return
  3700  01A7                     __end_of_DS3231_ReadTime:
  3701                           
  3702                           	psect	text25
  3703  0390                     __ptext25:	
  3704 ;; *************** function _I2C_WriteByte *****************
  3705 ;; Defined at:
  3706 ;;		line 387 in file "AWS_PIC_RTC_Timer_V1.c"
  3707 ;; Parameters:    Size  Location     Type
  3708 ;;  data            1    wreg     unsigned char 
  3709 ;; Auto vars:     Size  Location     Type
  3710 ;;  data            1    3[COMMON] unsigned char 
  3711 ;;  i               1    5[COMMON] unsigned char 
  3712 ;;  ack             1    4[COMMON] _Bool 
  3713 ;; Return value:  Size  Location     Type
  3714 ;;                  1    wreg      _Bool 
  3715 ;; Registers used:
  3716 ;;		wreg, status,2, status,0, pclath, cstack
  3717 ;; Tracked objects:
  3718 ;;		On entry : 0/0
  3719 ;;		On exit  : 0/0
  3720 ;;		Unchanged: 0/0
  3721 ;; Data sizes:     COMMON   BANK0   BANK1
  3722 ;;      Params:         0       0       0
  3723 ;;      Locals:         3       0       0
  3724 ;;      Temps:          1       0       0
  3725 ;;      Totals:         4       0       0
  3726 ;;Total ram usage:        4 bytes
  3727 ;; Hardware stack levels used:    1
  3728 ;; Hardware stack levels required when called:    1
  3729 ;; This function calls:
  3730 ;;		_I2C_Delay
  3731 ;;		_SCL_Low
  3732 ;;		_SCL_Release
  3733 ;;		_SDA_Low
  3734 ;;		_SDA_Read
  3735 ;;		_SDA_Release
  3736 ;; This function is called by:
  3737 ;;		_DS3231_ReadTime
  3738 ;; This function uses a non-reentrant model
  3739 ;;
  3740                           
  3741                           
  3742                           ;psect for function _I2C_WriteByte
  3743  0390                     _I2C_WriteByte:
  3744                           
  3745                           ;incstack = 0
  3746                           ; Regs used in _I2C_WriteByte: [wreg+status,2+status,0+pclath+cstack]
  3747                           ;I2C_WriteByte@data stored from wreg
  3748  0390  00F3               	movwf	I2C_WriteByte@data
  3749  0391                     l1628:
  3750                           
  3751                           ;AWS_PIC_RTC_Timer_V1.c: 387: static _Bool I2C_WriteByte(uint8_t data);AWS_PIC_RTC_Timer
      +                          _V1.c: 388: {;AWS_PIC_RTC_Timer_V1.c: 389:     uint8_t i;;AWS_PIC_RTC_Timer_V1.c: 390:  
      +                             _Bool ack;;AWS_PIC_RTC_Timer_V1.c: 392:     for (i = 0; i < 8; i++)
  3752  0391  01F5               	clrf	I2C_WriteByte@i
  3753  0392                     l104:
  3754                           
  3755                           ;AWS_PIC_RTC_Timer_V1.c: 393:     {;AWS_PIC_RTC_Timer_V1.c: 394:         if ((data & 0x8
      +                          0) != 0)
  3756  0392  1FF3               	btfss	I2C_WriteByte@data,7
  3757  0393  2B95               	goto	u871
  3758  0394  2B96               	goto	u870
  3759  0395                     u871:
  3760  0395  2B98               	goto	l1636
  3761  0396                     u870:
  3762  0396                     l1634:
  3763                           
  3764                           ;AWS_PIC_RTC_Timer_V1.c: 395:         {;AWS_PIC_RTC_Timer_V1.c: 396:             SDA_Rel
      +                          ease();
  3765  0396  254D               	fcall	_SDA_Release
  3766                           
  3767                           ;AWS_PIC_RTC_Timer_V1.c: 397:         }
  3768  0397  2B99               	goto	l1638
  3769  0398                     l1636:
  3770                           
  3771                           ;AWS_PIC_RTC_Timer_V1.c: 399:         {;AWS_PIC_RTC_Timer_V1.c: 400:             SDA_Low
      +                          ();
  3772  0398  2535               	fcall	_SDA_Low
  3773  0399                     l1638:
  3774                           
  3775                           ;AWS_PIC_RTC_Timer_V1.c: 403:         I2C_Delay();
  3776  0399  24BF               	fcall	_I2C_Delay
  3777  039A                     l1640:
  3778                           
  3779                           ;AWS_PIC_RTC_Timer_V1.c: 405:         SCL_Release();
  3780  039A  2550               	fcall	_SCL_Release
  3781                           
  3782                           ;AWS_PIC_RTC_Timer_V1.c: 406:         I2C_Delay();
  3783  039B  24BF               	fcall	_I2C_Delay
  3784  039C                     l1642:
  3785                           
  3786                           ;AWS_PIC_RTC_Timer_V1.c: 408:         SCL_Low();
  3787  039C  253A               	fcall	_SCL_Low
  3788  039D                     l1644:
  3789                           
  3790                           ;AWS_PIC_RTC_Timer_V1.c: 409:         I2C_Delay();
  3791  039D  24BF               	fcall	_I2C_Delay
  3792  039E                     l1646:
  3793                           
  3794                           ;AWS_PIC_RTC_Timer_V1.c: 411:         data <<= 1;
  3795  039E  1003               	clrc
  3796  039F  0DF3               	rlf	I2C_WriteByte@data,f
  3797  03A0                     l1648:
  3798                           
  3799                           ;AWS_PIC_RTC_Timer_V1.c: 412:     }
  3800  03A0  3001               	movlw	1
  3801  03A1  00F2               	movwf	??_I2C_WriteByte
  3802  03A2  0872               	movf	??_I2C_WriteByte,w
  3803  03A3  07F5               	addwf	I2C_WriteByte@i,f
  3804  03A4                     l1650:
  3805  03A4  3008               	movlw	8
  3806  03A5  0275               	subwf	I2C_WriteByte@i,w
  3807  03A6  1C03               	skipc
  3808  03A7  2BA9               	goto	u881
  3809  03A8  2BAA               	goto	u880
  3810  03A9                     u881:
  3811  03A9  2B92               	goto	l104
  3812  03AA                     u880:
  3813  03AA                     l1652:
  3814                           
  3815                           ;AWS_PIC_RTC_Timer_V1.c: 414:     SDA_Release();
  3816  03AA  254D               	fcall	_SDA_Release
  3817  03AB                     l1654:
  3818                           
  3819                           ;AWS_PIC_RTC_Timer_V1.c: 415:     I2C_Delay();
  3820  03AB  24BF               	fcall	_I2C_Delay
  3821  03AC                     l1656:
  3822                           
  3823                           ;AWS_PIC_RTC_Timer_V1.c: 417:     SCL_Release();
  3824  03AC  2550               	fcall	_SCL_Release
  3825                           
  3826                           ;AWS_PIC_RTC_Timer_V1.c: 418:     I2C_Delay();
  3827  03AD  24BF               	fcall	_I2C_Delay
  3828                           
  3829                           ;AWS_PIC_RTC_Timer_V1.c: 420:     ack = (SDA_Read() == 0);
  3830  03AE  2543               	fcall	_SDA_Read
  3831  03AF  3A00               	xorlw	0
  3832  03B0  1903               	skipnz
  3833  03B1  2BB3               	goto	u891
  3834  03B2  2BB5               	goto	u890
  3835  03B3                     u891:
  3836  03B3  3001               	movlw	1
  3837  03B4  2BB6               	goto	u900
  3838  03B5                     u890:
  3839  03B5  3000               	movlw	0
  3840  03B6                     u900:
  3841  03B6  00F2               	movwf	??_I2C_WriteByte
  3842  03B7  0872               	movf	??_I2C_WriteByte,w
  3843  03B8  00F4               	movwf	I2C_WriteByte@ack
  3844  03B9                     l1658:
  3845                           
  3846                           ;AWS_PIC_RTC_Timer_V1.c: 422:     SCL_Low();
  3847  03B9  253A               	fcall	_SCL_Low
  3848  03BA                     l1660:
  3849                           
  3850                           ;AWS_PIC_RTC_Timer_V1.c: 423:     I2C_Delay();
  3851  03BA  24BF               	fcall	_I2C_Delay
  3852  03BB                     l1662:
  3853                           
  3854                           ;AWS_PIC_RTC_Timer_V1.c: 425:     return ack;
  3855  03BB  0874               	movf	I2C_WriteByte@ack,w
  3856  03BC                     l108:
  3857  03BC  0008               	return
  3858  03BD                     __end_of_I2C_WriteByte:
  3859                           
  3860                           	psect	text26
  3861  0529                     __ptext26:	
  3862 ;; *************** function _I2C_Stop *****************
  3863 ;; Defined at:
  3864 ;;		line 375 in file "AWS_PIC_RTC_Timer_V1.c"
  3865 ;; Parameters:    Size  Location     Type
  3866 ;;		None
  3867 ;; Auto vars:     Size  Location     Type
  3868 ;;		None
  3869 ;; Return value:  Size  Location     Type
  3870 ;;                  1    wreg      void 
  3871 ;; Registers used:
  3872 ;;		wreg, status,2, status,0, pclath, cstack
  3873 ;; Tracked objects:
  3874 ;;		On entry : 0/0
  3875 ;;		On exit  : 0/0
  3876 ;;		Unchanged: 0/0
  3877 ;; Data sizes:     COMMON   BANK0   BANK1
  3878 ;;      Params:         0       0       0
  3879 ;;      Locals:         0       0       0
  3880 ;;      Temps:          0       0       0
  3881 ;;      Totals:         0       0       0
  3882 ;;Total ram usage:        0 bytes
  3883 ;; Hardware stack levels used:    1
  3884 ;; Hardware stack levels required when called:    1
  3885 ;; This function calls:
  3886 ;;		_I2C_Delay
  3887 ;;		_SCL_Release
  3888 ;;		_SDA_Low
  3889 ;;		_SDA_Release
  3890 ;; This function is called by:
  3891 ;;		_DS3231_ReadTime
  3892 ;; This function uses a non-reentrant model
  3893 ;;
  3894                           
  3895                           
  3896                           ;psect for function _I2C_Stop
  3897  0529                     _I2C_Stop:
  3898  0529                     l1618:	
  3899                           ;incstack = 0
  3900                           ; Regs used in _I2C_Stop: [wreg+status,2+status,0+pclath+cstack]
  3901                           
  3902                           
  3903                           ;AWS_PIC_RTC_Timer_V1.c: 377:     SDA_Low();
  3904  0529  2535               	fcall	_SDA_Low
  3905  052A                     l1620:
  3906                           
  3907                           ;AWS_PIC_RTC_Timer_V1.c: 378:     I2C_Delay();
  3908  052A  24BF               	fcall	_I2C_Delay
  3909  052B                     l1622:
  3910                           
  3911                           ;AWS_PIC_RTC_Timer_V1.c: 380:     SCL_Release();
  3912  052B  2550               	fcall	_SCL_Release
  3913                           
  3914                           ;AWS_PIC_RTC_Timer_V1.c: 381:     I2C_Delay();
  3915  052C  24BF               	fcall	_I2C_Delay
  3916  052D                     l1624:
  3917                           
  3918                           ;AWS_PIC_RTC_Timer_V1.c: 383:     SDA_Release();
  3919  052D  254D               	fcall	_SDA_Release
  3920  052E                     l1626:
  3921                           
  3922                           ;AWS_PIC_RTC_Timer_V1.c: 384:     I2C_Delay();
  3923  052E  24BF               	fcall	_I2C_Delay
  3924  052F                     l101:
  3925  052F  0008               	return
  3926  0530                     __end_of_I2C_Stop:
  3927                           
  3928                           	psect	text27
  3929  0521                     __ptext27:	
  3930 ;; *************** function _I2C_Start *****************
  3931 ;; Defined at:
  3932 ;;		line 362 in file "AWS_PIC_RTC_Timer_V1.c"
  3933 ;; Parameters:    Size  Location     Type
  3934 ;;		None
  3935 ;; Auto vars:     Size  Location     Type
  3936 ;;		None
  3937 ;; Return value:  Size  Location     Type
  3938 ;;                  1    wreg      void 
  3939 ;; Registers used:
  3940 ;;		wreg, status,2, status,0, pclath, cstack
  3941 ;; Tracked objects:
  3942 ;;		On entry : 0/0
  3943 ;;		On exit  : 0/0
  3944 ;;		Unchanged: 0/0
  3945 ;; Data sizes:     COMMON   BANK0   BANK1
  3946 ;;      Params:         0       0       0
  3947 ;;      Locals:         0       0       0
  3948 ;;      Temps:          0       0       0
  3949 ;;      Totals:         0       0       0
  3950 ;;Total ram usage:        0 bytes
  3951 ;; Hardware stack levels used:    1
  3952 ;; Hardware stack levels required when called:    1
  3953 ;; This function calls:
  3954 ;;		_I2C_Delay
  3955 ;;		_SCL_Low
  3956 ;;		_SCL_Release
  3957 ;;		_SDA_Low
  3958 ;;		_SDA_Release
  3959 ;; This function is called by:
  3960 ;;		_DS3231_ReadTime
  3961 ;; This function uses a non-reentrant model
  3962 ;;
  3963                           
  3964                           
  3965                           ;psect for function _I2C_Start
  3966  0521                     _I2C_Start:
  3967  0521                     l1608:	
  3968                           ;incstack = 0
  3969                           ; Regs used in _I2C_Start: [wreg+status,2+status,0+pclath+cstack]
  3970                           
  3971                           
  3972                           ;AWS_PIC_RTC_Timer_V1.c: 364:     SDA_Release();
  3973  0521  254D               	fcall	_SDA_Release
  3974                           
  3975                           ;AWS_PIC_RTC_Timer_V1.c: 365:     SCL_Release();
  3976  0522  2550               	fcall	_SCL_Release
  3977  0523                     l1610:
  3978                           
  3979                           ;AWS_PIC_RTC_Timer_V1.c: 366:     I2C_Delay();
  3980  0523  24BF               	fcall	_I2C_Delay
  3981  0524                     l1612:
  3982                           
  3983                           ;AWS_PIC_RTC_Timer_V1.c: 368:     SDA_Low();
  3984  0524  2535               	fcall	_SDA_Low
  3985                           
  3986                           ;AWS_PIC_RTC_Timer_V1.c: 369:     I2C_Delay();
  3987  0525  24BF               	fcall	_I2C_Delay
  3988  0526                     l1614:
  3989                           
  3990                           ;AWS_PIC_RTC_Timer_V1.c: 371:     SCL_Low();
  3991  0526  253A               	fcall	_SCL_Low
  3992  0527                     l1616:
  3993                           
  3994                           ;AWS_PIC_RTC_Timer_V1.c: 372:     I2C_Delay();
  3995  0527  24BF               	fcall	_I2C_Delay
  3996  0528                     l98:
  3997  0528  0008               	return
  3998  0529                     __end_of_I2C_Start:
  3999                           
  4000                           	psect	text28
  4001  03BD                     __ptext28:	
  4002 ;; *************** function _I2C_ReadByte *****************
  4003 ;; Defined at:
  4004 ;;		line 428 in file "AWS_PIC_RTC_Timer_V1.c"
  4005 ;; Parameters:    Size  Location     Type
  4006 ;;  send_ack        1    wreg     _Bool 
  4007 ;; Auto vars:     Size  Location     Type
  4008 ;;  send_ack        1    3[COMMON] _Bool 
  4009 ;;  i               1    5[COMMON] unsigned char 
  4010 ;;  data            1    4[COMMON] unsigned char 
  4011 ;; Return value:  Size  Location     Type
  4012 ;;                  1    wreg      unsigned char 
  4013 ;; Registers used:
  4014 ;;		wreg, status,2, status,0, pclath, cstack
  4015 ;; Tracked objects:
  4016 ;;		On entry : 0/0
  4017 ;;		On exit  : 0/0
  4018 ;;		Unchanged: 0/0
  4019 ;; Data sizes:     COMMON   BANK0   BANK1
  4020 ;;      Params:         0       0       0
  4021 ;;      Locals:         3       0       0
  4022 ;;      Temps:          1       0       0
  4023 ;;      Totals:         4       0       0
  4024 ;;Total ram usage:        4 bytes
  4025 ;; Hardware stack levels used:    1
  4026 ;; Hardware stack levels required when called:    1
  4027 ;; This function calls:
  4028 ;;		_I2C_Delay
  4029 ;;		_SCL_Low
  4030 ;;		_SCL_Release
  4031 ;;		_SDA_Low
  4032 ;;		_SDA_Read
  4033 ;;		_SDA_Release
  4034 ;; This function is called by:
  4035 ;;		_DS3231_ReadTime
  4036 ;; This function uses a non-reentrant model
  4037 ;;
  4038                           
  4039                           
  4040                           ;psect for function _I2C_ReadByte
  4041  03BD                     _I2C_ReadByte:
  4042                           
  4043                           ;incstack = 0
  4044                           ; Regs used in _I2C_ReadByte: [wreg+status,2+status,0+pclath+cstack]
  4045                           ;I2C_ReadByte@send_ack stored from wreg
  4046  03BD  00F3               	movwf	I2C_ReadByte@send_ack
  4047  03BE                     l1666:
  4048                           
  4049                           ;AWS_PIC_RTC_Timer_V1.c: 428: static uint8_t I2C_ReadByte(_Bool send_ack);AWS_PIC_RTC_Ti
      +                          mer_V1.c: 429: {;AWS_PIC_RTC_Timer_V1.c: 430:     uint8_t i;;AWS_PIC_RTC_Timer_V1.c: 431
      +                          :     uint8_t data = 0;
  4050  03BE  01F4               	clrf	I2C_ReadByte@data
  4051  03BF                     l1668:
  4052                           
  4053                           ;AWS_PIC_RTC_Timer_V1.c: 433:     SDA_Release();
  4054  03BF  254D               	fcall	_SDA_Release
  4055  03C0                     l1670:
  4056                           
  4057                           ;AWS_PIC_RTC_Timer_V1.c: 435:     for (i = 0; i < 8; i++)
  4058  03C0  01F5               	clrf	I2C_ReadByte@i
  4059  03C1                     l1676:
  4060                           
  4061                           ;AWS_PIC_RTC_Timer_V1.c: 436:     {;AWS_PIC_RTC_Timer_V1.c: 437:         data <<= 1;
  4062  03C1  1003               	clrc
  4063  03C2  0DF4               	rlf	I2C_ReadByte@data,f
  4064  03C3                     l1678:
  4065                           
  4066                           ;AWS_PIC_RTC_Timer_V1.c: 439:         SCL_Release();
  4067  03C3  2550               	fcall	_SCL_Release
  4068                           
  4069                           ;AWS_PIC_RTC_Timer_V1.c: 440:         I2C_Delay();
  4070  03C4  24BF               	fcall	_I2C_Delay
  4071                           
  4072                           ;AWS_PIC_RTC_Timer_V1.c: 442:         if (SDA_Read() != 0)
  4073  03C5  2543               	fcall	_SDA_Read
  4074  03C6  3A00               	xorlw	0
  4075  03C7  1903               	skipnz
  4076  03C8  2BCA               	goto	u911
  4077  03C9  2BCB               	goto	u910
  4078  03CA                     u911:
  4079  03CA  2BCC               	goto	l1682
  4080  03CB                     u910:
  4081  03CB                     l1680:
  4082                           
  4083                           ;AWS_PIC_RTC_Timer_V1.c: 443:         {;AWS_PIC_RTC_Timer_V1.c: 444:             data |=
      +                           1;
  4084  03CB  1474               	bsf	I2C_ReadByte@data,0
  4085  03CC                     l1682:
  4086                           
  4087                           ;AWS_PIC_RTC_Timer_V1.c: 447:         SCL_Low();
  4088  03CC  253A               	fcall	_SCL_Low
  4089  03CD                     l1684:
  4090                           
  4091                           ;AWS_PIC_RTC_Timer_V1.c: 448:         I2C_Delay();
  4092  03CD  24BF               	fcall	_I2C_Delay
  4093  03CE                     l1686:
  4094                           
  4095                           ;AWS_PIC_RTC_Timer_V1.c: 449:     }
  4096  03CE  3001               	movlw	1
  4097  03CF  00F2               	movwf	??_I2C_ReadByte
  4098  03D0  0872               	movf	??_I2C_ReadByte,w
  4099  03D1  07F5               	addwf	I2C_ReadByte@i,f
  4100  03D2                     l1688:
  4101  03D2  3008               	movlw	8
  4102  03D3  0275               	subwf	I2C_ReadByte@i,w
  4103  03D4  1C03               	skipc
  4104  03D5  2BD7               	goto	u921
  4105  03D6  2BD8               	goto	u920
  4106  03D7                     u921:
  4107  03D7  2BC1               	goto	l1676
  4108  03D8                     u920:
  4109  03D8                     l1690:
  4110                           
  4111                           ;AWS_PIC_RTC_Timer_V1.c: 451:     if (send_ack)
  4112  03D8  0873               	movf	I2C_ReadByte@send_ack,w
  4113  03D9  1903               	btfsc	3,2
  4114  03DA  2BDC               	goto	u931
  4115  03DB  2BDD               	goto	u930
  4116  03DC                     u931:
  4117  03DC  2BDF               	goto	l1694
  4118  03DD                     u930:
  4119  03DD                     l1692:
  4120                           
  4121                           ;AWS_PIC_RTC_Timer_V1.c: 452:     {;AWS_PIC_RTC_Timer_V1.c: 453:         SDA_Low();
  4122  03DD  2535               	fcall	_SDA_Low
  4123                           
  4124                           ;AWS_PIC_RTC_Timer_V1.c: 454:     }
  4125  03DE  2BE0               	goto	l1696
  4126  03DF                     l1694:
  4127                           
  4128                           ;AWS_PIC_RTC_Timer_V1.c: 456:     {;AWS_PIC_RTC_Timer_V1.c: 457:         SDA_Release();
  4129  03DF  254D               	fcall	_SDA_Release
  4130  03E0                     l1696:
  4131                           
  4132                           ;AWS_PIC_RTC_Timer_V1.c: 460:     I2C_Delay();
  4133  03E0  24BF               	fcall	_I2C_Delay
  4134  03E1                     l1698:
  4135                           
  4136                           ;AWS_PIC_RTC_Timer_V1.c: 462:     SCL_Release();
  4137  03E1  2550               	fcall	_SCL_Release
  4138                           
  4139                           ;AWS_PIC_RTC_Timer_V1.c: 463:     I2C_Delay();
  4140  03E2  24BF               	fcall	_I2C_Delay
  4141  03E3                     l1700:
  4142                           
  4143                           ;AWS_PIC_RTC_Timer_V1.c: 465:     SCL_Low();
  4144  03E3  253A               	fcall	_SCL_Low
  4145  03E4                     l1702:
  4146                           
  4147                           ;AWS_PIC_RTC_Timer_V1.c: 466:     I2C_Delay();
  4148  03E4  24BF               	fcall	_I2C_Delay
  4149                           
  4150                           ;AWS_PIC_RTC_Timer_V1.c: 468:     SDA_Release();
  4151  03E5  254D               	fcall	_SDA_Release
  4152  03E6                     l1704:
  4153                           
  4154                           ;AWS_PIC_RTC_Timer_V1.c: 470:     return data;
  4155  03E6  0874               	movf	I2C_ReadByte@data,w
  4156  03E7                     l116:
  4157  03E7  0008               	return
  4158  03E8                     __end_of_I2C_ReadByte:
  4159                           
  4160                           	psect	text29
  4161  054D                     __ptext29:	
  4162 ;; *************** function _SDA_Release *****************
  4163 ;; Defined at:
  4164 ;;		line 331 in file "AWS_PIC_RTC_Timer_V1.c"
  4165 ;; Parameters:    Size  Location     Type
  4166 ;;		None
  4167 ;; Auto vars:     Size  Location     Type
  4168 ;;		None
  4169 ;; Return value:  Size  Location     Type
  4170 ;;                  1    wreg      void 
  4171 ;; Registers used:
  4172 ;;		None
  4173 ;; Tracked objects:
  4174 ;;		On entry : 0/0
  4175 ;;		On exit  : 0/0
  4176 ;;		Unchanged: 0/0
  4177 ;; Data sizes:     COMMON   BANK0   BANK1
  4178 ;;      Params:         0       0       0
  4179 ;;      Locals:         0       0       0
  4180 ;;      Temps:          0       0       0
  4181 ;;      Totals:         0       0       0
  4182 ;;Total ram usage:        0 bytes
  4183 ;; Hardware stack levels used:    1
  4184 ;; This function calls:
  4185 ;;		Nothing
  4186 ;; This function is called by:
  4187 ;;		_I2C_Init
  4188 ;;		_I2C_Start
  4189 ;;		_I2C_Stop
  4190 ;;		_I2C_WriteByte
  4191 ;;		_I2C_ReadByte
  4192 ;;		_Init_Device
  4193 ;; This function uses a non-reentrant model
  4194 ;;
  4195                           
  4196                           
  4197                           ;psect for function _SDA_Release
  4198  054D                     _SDA_Release:
  4199  054D                     l1572:	
  4200                           ;incstack = 0
  4201                           ; Regs used in _SDA_Release: []
  4202                           
  4203                           
  4204                           ;AWS_PIC_RTC_Timer_V1.c: 333:     TRISIObits.TRISIO1 = 1;
  4205  054D  1683               	bsf	3,5	;RP0=1, select bank1
  4206  054E  1485               	bsf	5,1	;volatile
  4207  054F                     l83:
  4208  054F  0008               	return
  4209  0550                     __end_of_SDA_Release:
  4210                           
  4211                           	psect	text30
  4212  0543                     __ptext30:	
  4213 ;; *************** function _SDA_Read *****************
  4214 ;; Defined at:
  4215 ;;		line 347 in file "AWS_PIC_RTC_Timer_V1.c"
  4216 ;; Parameters:    Size  Location     Type
  4217 ;;		None
  4218 ;; Auto vars:     Size  Location     Type
  4219 ;;		None
  4220 ;; Return value:  Size  Location     Type
  4221 ;;                  1    wreg      unsigned char 
  4222 ;; Registers used:
  4223 ;;		wreg, status,2, status,0
  4224 ;; Tracked objects:
  4225 ;;		On entry : 0/0
  4226 ;;		On exit  : 0/0
  4227 ;;		Unchanged: 0/0
  4228 ;; Data sizes:     COMMON   BANK0   BANK1
  4229 ;;      Params:         0       0       0
  4230 ;;      Locals:         0       0       0
  4231 ;;      Temps:          0       0       0
  4232 ;;      Totals:         0       0       0
  4233 ;;Total ram usage:        0 bytes
  4234 ;; Hardware stack levels used:    1
  4235 ;; This function calls:
  4236 ;;		Nothing
  4237 ;; This function is called by:
  4238 ;;		_I2C_WriteByte
  4239 ;;		_I2C_ReadByte
  4240 ;; This function uses a non-reentrant model
  4241 ;;
  4242                           
  4243                           
  4244                           ;psect for function _SDA_Read
  4245  0543                     _SDA_Read:
  4246  0543                     l1578:	
  4247                           ;incstack = 0
  4248                           ; Regs used in _SDA_Read: [wreg+status,2+status,0]
  4249                           
  4250                           
  4251                           ;AWS_PIC_RTC_Timer_V1.c: 349:     return GPIObits.GP1;
  4252  0543  1283               	bcf	3,5	;RP0=0, select bank0
  4253  0544  0C05               	rrf	5,w	;volatile
  4254  0545  3901               	andlw	1
  4255  0546                     l92:
  4256  0546  0008               	return
  4257  0547                     __end_of_SDA_Read:
  4258                           
  4259                           	psect	text31
  4260  0535                     __ptext31:	
  4261 ;; *************** function _SDA_Low *****************
  4262 ;; Defined at:
  4263 ;;		line 325 in file "AWS_PIC_RTC_Timer_V1.c"
  4264 ;; Parameters:    Size  Location     Type
  4265 ;;		None
  4266 ;; Auto vars:     Size  Location     Type
  4267 ;;		None
  4268 ;; Return value:  Size  Location     Type
  4269 ;;                  1    wreg      void 
  4270 ;; Registers used:
  4271 ;;		None
  4272 ;; Tracked objects:
  4273 ;;		On entry : 0/0
  4274 ;;		On exit  : 0/0
  4275 ;;		Unchanged: 0/0
  4276 ;; Data sizes:     COMMON   BANK0   BANK1
  4277 ;;      Params:         0       0       0
  4278 ;;      Locals:         0       0       0
  4279 ;;      Temps:          0       0       0
  4280 ;;      Totals:         0       0       0
  4281 ;;Total ram usage:        0 bytes
  4282 ;; Hardware stack levels used:    1
  4283 ;; This function calls:
  4284 ;;		Nothing
  4285 ;; This function is called by:
  4286 ;;		_I2C_Start
  4287 ;;		_I2C_Stop
  4288 ;;		_I2C_WriteByte
  4289 ;;		_I2C_ReadByte
  4290 ;; This function uses a non-reentrant model
  4291 ;;
  4292                           
  4293                           
  4294                           ;psect for function _SDA_Low
  4295  0535                     _SDA_Low:
  4296  0535                     l1570:	
  4297                           ;incstack = 0
  4298                           ; Regs used in _SDA_Low: []
  4299                           
  4300                           
  4301                           ;AWS_PIC_RTC_Timer_V1.c: 327:     GPIObits.GP1 = 0;
  4302  0535  1283               	bcf	3,5	;RP0=0, select bank0
  4303  0536  1085               	bcf	5,1	;volatile
  4304                           
  4305                           ;AWS_PIC_RTC_Timer_V1.c: 328:     TRISIObits.TRISIO1 = 0;
  4306  0537  1683               	bsf	3,5	;RP0=1, select bank1
  4307  0538  1085               	bcf	5,1	;volatile
  4308  0539                     l80:
  4309  0539  0008               	return
  4310  053A                     __end_of_SDA_Low:
  4311                           
  4312                           	psect	text32
  4313  0550                     __ptext32:	
  4314 ;; *************** function _SCL_Release *****************
  4315 ;; Defined at:
  4316 ;;		line 342 in file "AWS_PIC_RTC_Timer_V1.c"
  4317 ;; Parameters:    Size  Location     Type
  4318 ;;		None
  4319 ;; Auto vars:     Size  Location     Type
  4320 ;;		None
  4321 ;; Return value:  Size  Location     Type
  4322 ;;                  1    wreg      void 
  4323 ;; Registers used:
  4324 ;;		None
  4325 ;; Tracked objects:
  4326 ;;		On entry : 0/0
  4327 ;;		On exit  : 0/0
  4328 ;;		Unchanged: 0/0
  4329 ;; Data sizes:     COMMON   BANK0   BANK1
  4330 ;;      Params:         0       0       0
  4331 ;;      Locals:         0       0       0
  4332 ;;      Temps:          0       0       0
  4333 ;;      Totals:         0       0       0
  4334 ;;Total ram usage:        0 bytes
  4335 ;; Hardware stack levels used:    1
  4336 ;; This function calls:
  4337 ;;		Nothing
  4338 ;; This function is called by:
  4339 ;;		_I2C_Init
  4340 ;;		_I2C_Start
  4341 ;;		_I2C_Stop
  4342 ;;		_I2C_WriteByte
  4343 ;;		_I2C_ReadByte
  4344 ;;		_Init_Device
  4345 ;; This function uses a non-reentrant model
  4346 ;;
  4347                           
  4348                           
  4349                           ;psect for function _SCL_Release
  4350  0550                     _SCL_Release:
  4351  0550                     l1576:	
  4352                           ;incstack = 0
  4353                           ; Regs used in _SCL_Release: []
  4354                           
  4355                           
  4356                           ;AWS_PIC_RTC_Timer_V1.c: 344:     TRISIObits.TRISIO2 = 1;
  4357  0550  1683               	bsf	3,5	;RP0=1, select bank1
  4358  0551  1505               	bsf	5,2	;volatile
  4359  0552                     l89:
  4360  0552  0008               	return
  4361  0553                     __end_of_SCL_Release:
  4362                           
  4363                           	psect	text33
  4364  053A                     __ptext33:	
  4365 ;; *************** function _SCL_Low *****************
  4366 ;; Defined at:
  4367 ;;		line 336 in file "AWS_PIC_RTC_Timer_V1.c"
  4368 ;; Parameters:    Size  Location     Type
  4369 ;;		None
  4370 ;; Auto vars:     Size  Location     Type
  4371 ;;		None
  4372 ;; Return value:  Size  Location     Type
  4373 ;;                  1    wreg      void 
  4374 ;; Registers used:
  4375 ;;		None
  4376 ;; Tracked objects:
  4377 ;;		On entry : 0/0
  4378 ;;		On exit  : 0/0
  4379 ;;		Unchanged: 0/0
  4380 ;; Data sizes:     COMMON   BANK0   BANK1
  4381 ;;      Params:         0       0       0
  4382 ;;      Locals:         0       0       0
  4383 ;;      Temps:          0       0       0
  4384 ;;      Totals:         0       0       0
  4385 ;;Total ram usage:        0 bytes
  4386 ;; Hardware stack levels used:    1
  4387 ;; This function calls:
  4388 ;;		Nothing
  4389 ;; This function is called by:
  4390 ;;		_I2C_Start
  4391 ;;		_I2C_WriteByte
  4392 ;;		_I2C_ReadByte
  4393 ;; This function uses a non-reentrant model
  4394 ;;
  4395                           
  4396                           
  4397                           ;psect for function _SCL_Low
  4398  053A                     _SCL_Low:
  4399  053A                     l1574:	
  4400                           ;incstack = 0
  4401                           ; Regs used in _SCL_Low: []
  4402                           
  4403                           
  4404                           ;AWS_PIC_RTC_Timer_V1.c: 338:     GPIObits.GP2 = 0;
  4405  053A  1283               	bcf	3,5	;RP0=0, select bank0
  4406  053B  1105               	bcf	5,2	;volatile
  4407                           
  4408                           ;AWS_PIC_RTC_Timer_V1.c: 339:     TRISIObits.TRISIO2 = 0;
  4409  053C  1683               	bsf	3,5	;RP0=1, select bank1
  4410  053D  1105               	bcf	5,2	;volatile
  4411  053E                     l86:
  4412  053E  0008               	return
  4413  053F                     __end_of_SCL_Low:
  4414                           
  4415                           	psect	text34
  4416  04BF                     __ptext34:	
  4417 ;; *************** function _I2C_Delay *****************
  4418 ;; Defined at:
  4419 ;;		line 312 in file "AWS_PIC_RTC_Timer_V1.c"
  4420 ;; Parameters:    Size  Location     Type
  4421 ;;		None
  4422 ;; Auto vars:     Size  Location     Type
  4423 ;;  i               1    1[COMMON] volatile unsigned char 
  4424 ;; Return value:  Size  Location     Type
  4425 ;;                  1    wreg      void 
  4426 ;; Registers used:
  4427 ;;		wreg, status,2, status,0
  4428 ;; Tracked objects:
  4429 ;;		On entry : 0/0
  4430 ;;		On exit  : 0/0
  4431 ;;		Unchanged: 0/0
  4432 ;; Data sizes:     COMMON   BANK0   BANK1
  4433 ;;      Params:         0       0       0
  4434 ;;      Locals:         1       0       0
  4435 ;;      Temps:          1       0       0
  4436 ;;      Totals:         2       0       0
  4437 ;;Total ram usage:        2 bytes
  4438 ;; Hardware stack levels used:    1
  4439 ;; This function calls:
  4440 ;;		Nothing
  4441 ;; This function is called by:
  4442 ;;		_I2C_Init
  4443 ;;		_I2C_Start
  4444 ;;		_I2C_Stop
  4445 ;;		_I2C_WriteByte
  4446 ;;		_I2C_ReadByte
  4447 ;; This function uses a non-reentrant model
  4448 ;;
  4449                           
  4450                           
  4451                           ;psect for function _I2C_Delay
  4452  04BF                     _I2C_Delay:
  4453  04BF                     l1560:	
  4454                           ;incstack = 0
  4455                           ; Regs used in _I2C_Delay: [wreg+status,2+status,0]
  4456                           
  4457                           
  4458                           ;AWS_PIC_RTC_Timer_V1.c: 314:     volatile uint8_t i;;AWS_PIC_RTC_Timer_V1.c: 316:     f
      +                          or (i = 0; i < 50; i++)
  4459  04BF  01F1               	clrf	I2C_Delay@i	;volatile
  4460  04C0                     l1562:
  4461  04C0  3032               	movlw	50
  4462  04C1  0271               	subwf	I2C_Delay@i,w	;volatile
  4463  04C2  1C03               	skipc
  4464  04C3  2CC5               	goto	u831
  4465  04C4  2CC6               	goto	u830
  4466  04C5                     u831:
  4467  04C5  2CC7               	goto	l1566
  4468  04C6                     u830:
  4469  04C6  2CCC               	goto	l77
  4470  04C7                     l1566:
  4471                           
  4472                           ;AWS_PIC_RTC_Timer_V1.c: 317:     {;AWS_PIC_RTC_Timer_V1.c: 319:     }
  4473  04C7  3001               	movlw	1
  4474  04C8  00F0               	movwf	??_I2C_Delay
  4475  04C9  0870               	movf	??_I2C_Delay,w
  4476  04CA  07F1               	addwf	I2C_Delay@i,f	;volatile
  4477  04CB  2CC0               	goto	l1562
  4478  04CC                     l77:
  4479  04CC  0008               	return
  4480  04CD                     __end_of_I2C_Delay:
  4481                           
  4482                           	psect	text35
  4483  0433                     __ptext35:	
  4484 ;; *************** function _BCD_To_Dec *****************
  4485 ;; Defined at:
  4486 ;;		line 476 in file "AWS_PIC_RTC_Timer_V1.c"
  4487 ;; Parameters:    Size  Location     Type
  4488 ;;  bcd             1    wreg     unsigned char 
  4489 ;; Auto vars:     Size  Location     Type
  4490 ;;  bcd             1    8[COMMON] unsigned char 
  4491 ;;  ones            1    7[COMMON] unsigned char 
  4492 ;;  tens            1    6[COMMON] unsigned char 
  4493 ;; Return value:  Size  Location     Type
  4494 ;;                  1    wreg      unsigned char 
  4495 ;; Registers used:
  4496 ;;		wreg, status,2, status,0, pclath, cstack
  4497 ;; Tracked objects:
  4498 ;;		On entry : 0/0
  4499 ;;		On exit  : 0/0
  4500 ;;		Unchanged: 0/0
  4501 ;; Data sizes:     COMMON   BANK0   BANK1
  4502 ;;      Params:         0       0       0
  4503 ;;      Locals:         3       0       0
  4504 ;;      Temps:          2       0       0
  4505 ;;      Totals:         5       0       0
  4506 ;;Total ram usage:        5 bytes
  4507 ;; Hardware stack levels used:    1
  4508 ;; Hardware stack levels required when called:    1
  4509 ;; This function calls:
  4510 ;;		___bmul
  4511 ;; This function is called by:
  4512 ;;		_DS3231_ReadTime
  4513 ;; This function uses a non-reentrant model
  4514 ;;
  4515                           
  4516                           
  4517                           ;psect for function _BCD_To_Dec
  4518  0433                     _BCD_To_Dec:
  4519                           
  4520                           ;incstack = 0
  4521                           ; Regs used in _BCD_To_Dec: [wreg+status,2+status,0+pclath+cstack]
  4522                           ;BCD_To_Dec@bcd stored from wreg
  4523  0433  00F8               	movwf	BCD_To_Dec@bcd
  4524  0434                     l1708:
  4525                           
  4526                           ;AWS_PIC_RTC_Timer_V1.c: 476: static uint8_t BCD_To_Dec(uint8_t bcd);AWS_PIC_RTC_Timer_V
      +                          1.c: 477: {;AWS_PIC_RTC_Timer_V1.c: 478:     uint8_t tens;;AWS_PIC_RTC_Timer_V1.c: 479: 
      +                              uint8_t ones;;AWS_PIC_RTC_Timer_V1.c: 481:     tens = (uint8_t)((bcd >> 4) & 0x0F);
  4527  0434  0878               	movf	BCD_To_Dec@bcd,w
  4528  0435  00F4               	movwf	??_BCD_To_Dec
  4529  0436  3004               	movlw	4
  4530  0437                     u945:
  4531  0437  1003               	clrc
  4532  0438  0CF4               	rrf	??_BCD_To_Dec,f
  4533  0439  3EFF               	addlw	-1
  4534  043A  1D03               	skipz
  4535  043B  2C37               	goto	u945
  4536  043C  0874               	movf	??_BCD_To_Dec,w
  4537  043D  390F               	andlw	15
  4538  043E  00F5               	movwf	??_BCD_To_Dec+1
  4539  043F  0875               	movf	??_BCD_To_Dec+1,w
  4540  0440  00F6               	movwf	BCD_To_Dec@tens
  4541  0441                     l1710:
  4542                           
  4543                           ;AWS_PIC_RTC_Timer_V1.c: 482:     ones = (uint8_t)(bcd & 0x0F);
  4544  0441  0878               	movf	BCD_To_Dec@bcd,w
  4545  0442  390F               	andlw	15
  4546  0443  00F4               	movwf	??_BCD_To_Dec
  4547  0444  0874               	movf	??_BCD_To_Dec,w
  4548  0445  00F7               	movwf	BCD_To_Dec@ones
  4549  0446                     l1712:
  4550                           
  4551                           ;AWS_PIC_RTC_Timer_V1.c: 484:     return (uint8_t)((tens * 10) + ones);
  4552  0446  300A               	movlw	10
  4553  0447  00F4               	movwf	??_BCD_To_Dec
  4554  0448  0874               	movf	??_BCD_To_Dec,w
  4555  0449  00F0               	movwf	___bmul@multiplicand
  4556  044A  0876               	movf	BCD_To_Dec@tens,w
  4557  044B  2498               	fcall	___bmul
  4558  044C  0777               	addwf	BCD_To_Dec@ones,w
  4559  044D                     l119:
  4560  044D  0008               	return
  4561  044E                     __end_of_BCD_To_Dec:
  4562                           
  4563                           	psect	text36
  4564  0498                     __ptext36:	
  4565 ;; *************** function ___bmul *****************
  4566 ;; Defined at:
  4567 ;;		line 4 in file "C:\Program Files\Microchip\xc8\v2.31\pic\sources\c90\common\Umul8.c"
  4568 ;; Parameters:    Size  Location     Type
  4569 ;;  multiplier      1    wreg     unsigned char 
  4570 ;;  multiplicand    1    0[COMMON] unsigned char 
  4571 ;; Auto vars:     Size  Location     Type
  4572 ;;  multiplier      1    3[COMMON] unsigned char 
  4573 ;;  product         1    2[COMMON] unsigned char 
  4574 ;; Return value:  Size  Location     Type
  4575 ;;                  1    wreg      unsigned char 
  4576 ;; Registers used:
  4577 ;;		wreg, status,2, status,0
  4578 ;; Tracked objects:
  4579 ;;		On entry : 0/0
  4580 ;;		On exit  : 0/0
  4581 ;;		Unchanged: 0/0
  4582 ;; Data sizes:     COMMON   BANK0   BANK1
  4583 ;;      Params:         1       0       0
  4584 ;;      Locals:         2       0       0
  4585 ;;      Temps:          1       0       0
  4586 ;;      Totals:         4       0       0
  4587 ;;Total ram usage:        4 bytes
  4588 ;; Hardware stack levels used:    1
  4589 ;; This function calls:
  4590 ;;		Nothing
  4591 ;; This function is called by:
  4592 ;;		_BCD_To_Dec
  4593 ;; This function uses a non-reentrant model
  4594 ;;
  4595                           
  4596                           
  4597                           ;psect for function ___bmul
  4598  0498                     ___bmul:
  4599                           
  4600                           ;incstack = 0
  4601                           ; Regs used in ___bmul: [wreg+status,2+status,0]
  4602                           ;___bmul@multiplier stored from wreg
  4603  0498  00F3               	movwf	___bmul@multiplier
  4604  0499                     l1582:
  4605  0499  01F2               	clrf	___bmul@product
  4606  049A                     l1584:
  4607  049A  1C73               	btfss	___bmul@multiplier,0
  4608  049B  2C9D               	goto	u841
  4609  049C  2C9E               	goto	u840
  4610  049D                     u841:
  4611  049D  2CA2               	goto	l1588
  4612  049E                     u840:
  4613  049E                     l1586:
  4614  049E  0870               	movf	___bmul@multiplicand,w
  4615  049F  00F1               	movwf	??___bmul
  4616  04A0  0871               	movf	??___bmul,w
  4617  04A1  07F2               	addwf	___bmul@product,f
  4618  04A2                     l1588:
  4619  04A2  1003               	clrc
  4620  04A3  0DF0               	rlf	___bmul@multiplicand,f
  4621  04A4                     l1590:
  4622  04A4  1003               	clrc
  4623  04A5  0CF3               	rrf	___bmul@multiplier,f
  4624  04A6  0873               	movf	___bmul@multiplier,w
  4625  04A7  1D03               	btfss	3,2
  4626  04A8  2CAA               	goto	u851
  4627  04A9  2CAB               	goto	u850
  4628  04AA                     u851:
  4629  04AA  2C9A               	goto	l1584
  4630  04AB                     u850:
  4631  04AB                     l1592:
  4632  04AB  0872               	movf	___bmul@product,w
  4633  04AC                     l378:
  4634  04AC  0008               	return
  4635  04AD                     __end_of___bmul:
  4636                           
  4637                           	psect	text37
  4638  032B                     __ptext37:	
  4639 ;; *************** function _Already_Triggered_This_Minute *****************
  4640 ;; Defined at:
  4641 ;;		line 1040 in file "AWS_PIC_RTC_Timer_V1.c"
  4642 ;; Parameters:    Size  Location     Type
  4643 ;;  now             1    wreg     PTR const struct .
  4644 ;;		 -> main@after_trigger_time(7), main@now(7), 
  4645 ;;  last_hour       1    0[COMMON] unsigned char 
  4646 ;;  last_minute     1    1[COMMON] unsigned char 
  4647 ;;  last_date       1    2[COMMON] unsigned char 
  4648 ;;  last_month      1    3[COMMON] unsigned char 
  4649 ;;  last_year       1    4[COMMON] unsigned char 
  4650 ;; Auto vars:     Size  Location     Type
  4651 ;;  now             1    5[COMMON] PTR const struct .
  4652 ;;		 -> main@after_trigger_time(7), main@now(7), 
  4653 ;; Return value:  Size  Location     Type
  4654 ;;                  1    wreg      _Bool 
  4655 ;; Registers used:
  4656 ;;		wreg, fsr0l, fsr0h, status,2, status,0
  4657 ;; Tracked objects:
  4658 ;;		On entry : 0/0
  4659 ;;		On exit  : 0/0
  4660 ;;		Unchanged: 0/0
  4661 ;; Data sizes:     COMMON   BANK0   BANK1
  4662 ;;      Params:         5       0       0
  4663 ;;      Locals:         1       0       0
  4664 ;;      Temps:          0       0       0
  4665 ;;      Totals:         6       0       0
  4666 ;;Total ram usage:        6 bytes
  4667 ;; Hardware stack levels used:    1
  4668 ;; This function calls:
  4669 ;;		Nothing
  4670 ;; This function is called by:
  4671 ;;		_main
  4672 ;; This function uses a non-reentrant model
  4673 ;;
  4674                           
  4675                           
  4676                           ;psect for function _Already_Triggered_This_Minute
  4677  032B                     _Already_Triggered_This_Minute:
  4678                           
  4679                           ;incstack = 0
  4680                           ; Regs used in _Already_Triggered_This_Minute: [wreg-fsr0h+status,2+status,0]
  4681                           ;Already_Triggered_This_Minute@now stored from wreg
  4682  032B  00F5               	movwf	Already_Triggered_This_Minute@now
  4683  032C                     l2100:
  4684                           
  4685                           ;AWS_PIC_RTC_Timer_V1.c: 1040: static _Bool Already_Triggered_This_Minute(const RTC_Time
      +                           *now,;AWS_PIC_RTC_Timer_V1.c: 1041:                                           uint8_t l
      +                          ast_hour,;AWS_PIC_RTC_Timer_V1.c: 1042:                                           uint8_
      +                          t last_minute,;AWS_PIC_RTC_Timer_V1.c: 1043:                                           u
      +                          int8_t last_date,;AWS_PIC_RTC_Timer_V1.c: 1044:                                         
      +                            uint8_t last_month,;AWS_PIC_RTC_Timer_V1.c: 1045:                                     
      +                                uint8_t last_year)
  4686  032C  0875               	movf	Already_Triggered_This_Minute@now,w
  4687  032D  3E02               	addlw	2
  4688  032E  0084               	movwf	4
  4689  032F  1383               	bcf	3,7	;select IRP bank0
  4690  0330  0800               	movf	0,w
  4691  0331  0670               	xorwf	Already_Triggered_This_Minute@last_hour,w
  4692  0332  1903               	skipnz
  4693  0333  2B35               	goto	u1501
  4694  0334  2B36               	goto	u1500
  4695  0335                     u1501:
  4696  0335  2B38               	goto	l2106
  4697  0336                     u1500:
  4698  0336                     l2102:
  4699                           
  4700                           ;AWS_PIC_RTC_Timer_V1.c: 1048:     {;AWS_PIC_RTC_Timer_V1.c: 1049:         return 0;
  4701  0336  3000               	movlw	0
  4702  0337  2B60               	goto	l234
  4703  0338                     l2106:
  4704                           
  4705                           ;AWS_PIC_RTC_Timer_V1.c: 1052:     if (now->minute != last_minute)
  4706  0338  0A75               	incf	Already_Triggered_This_Minute@now,w
  4707  0339  0084               	movwf	4
  4708  033A  0800               	movf	0,w
  4709  033B  0671               	xorwf	Already_Triggered_This_Minute@last_minute,w
  4710  033C  1903               	skipnz
  4711  033D  2B3F               	goto	u1511
  4712  033E  2B40               	goto	u1510
  4713  033F                     u1511:
  4714  033F  2B41               	goto	l2112
  4715  0340                     u1510:
  4716  0340  2B36               	goto	l2102
  4717  0341                     l2112:
  4718                           
  4719                           ;AWS_PIC_RTC_Timer_V1.c: 1057:     if (now->date != last_date)
  4720  0341  0875               	movf	Already_Triggered_This_Minute@now,w
  4721  0342  3E04               	addlw	4
  4722  0343  0084               	movwf	4
  4723  0344  0800               	movf	0,w
  4724  0345  0672               	xorwf	Already_Triggered_This_Minute@last_date,w
  4725  0346  1903               	skipnz
  4726  0347  2B49               	goto	u1521
  4727  0348  2B4A               	goto	u1520
  4728  0349                     u1521:
  4729  0349  2B4B               	goto	l2118
  4730  034A                     u1520:
  4731  034A  2B36               	goto	l2102
  4732  034B                     l2118:
  4733                           
  4734                           ;AWS_PIC_RTC_Timer_V1.c: 1062:     if (now->month != last_month)
  4735  034B  0875               	movf	Already_Triggered_This_Minute@now,w
  4736  034C  3E05               	addlw	5
  4737  034D  0084               	movwf	4
  4738  034E  0800               	movf	0,w
  4739  034F  0673               	xorwf	Already_Triggered_This_Minute@last_month,w
  4740  0350  1903               	skipnz
  4741  0351  2B53               	goto	u1531
  4742  0352  2B54               	goto	u1530
  4743  0353                     u1531:
  4744  0353  2B55               	goto	l2124
  4745  0354                     u1530:
  4746  0354  2B36               	goto	l2102
  4747  0355                     l2124:
  4748                           
  4749                           ;AWS_PIC_RTC_Timer_V1.c: 1067:     if (now->year != last_year)
  4750  0355  0875               	movf	Already_Triggered_This_Minute@now,w
  4751  0356  3E06               	addlw	6
  4752  0357  0084               	movwf	4
  4753  0358  0800               	movf	0,w
  4754  0359  0674               	xorwf	Already_Triggered_This_Minute@last_year,w
  4755  035A  1903               	skipnz
  4756  035B  2B5D               	goto	u1541
  4757  035C  2B5E               	goto	u1540
  4758  035D                     u1541:
  4759  035D  2B5F               	goto	l2130
  4760  035E                     u1540:
  4761  035E  2B36               	goto	l2102
  4762  035F                     l2130:
  4763                           
  4764                           ;AWS_PIC_RTC_Timer_V1.c: 1072:     return 1;
  4765  035F  3001               	movlw	1
  4766  0360                     l234:
  4767  0360  0008               	return
  4768  0361                     __end_of_Already_Triggered_This_Minute:
  4769  007E                     btemp	set	126	;btemp
  4770  007E                     wtemp0	set	126
  4771                           
  4772                           	psect	config
  4773                           
  4774                           ;Config register CONFIG @ 0x2007
  4775                           ;	Oscillator Selection bits
  4776                           ;	FOSC = INTOSCIO, INTOSCIO oscillator: I/O function on RA4/OSC2/CLKOUT pin, I/O functio
      +                          n on RA5/OSC1/CLKIN
  4777                           ;	Watchdog Timer Enable bit
  4778                           ;	WDTE = OFF, WDT disabled
  4779                           ;	Power-up Timer Enable bit
  4780                           ;	PWRTE = ON, PWRT enabled
  4781                           ;	MCLR Pin Function Select bit
  4782                           ;	MCLRE = OFF, MCLR pin function is digital input, MCLR internally tied to VDD
  4783                           ;	Code Protection bit
  4784                           ;	CP = OFF, Program memory code protection is disabled
  4785                           ;	Data Code Protection bit
  4786                           ;	CPD = OFF, Data memory code protection is disabled
  4787                           ;	Brown Out Detect
  4788                           ;	BOREN = ON, BOR enabled
  4789                           ;	Internal External Switchover bit
  4790                           ;	IESO = 0x1, unprogrammed default
  4791                           ;	Fail-Safe Clock Monitor Enabled bit
  4792                           ;	FCMEN = 0x1, unprogrammed default
  4793  2007                     	org	8199
  4794  2007  3FC4               	dw	16324

Data Sizes:
    Strings     0
    Constant    0
    Data        0
    BSS         0
    Persistent  0
    Stack       0

Auto Spaces:
    Space          Size  Autos    Used
    COMMON           14     14      14
    BANK0            80     37      37
    BANK1            32      0       0

Pointer List with Targets:

    Already_Triggered_This_Minute@now	PTR const struct . size(1) Largest target is 7
		 -> main@after_trigger_time(BANK0[7]), main@now(BANK0[7]), 

    Is_Scheduled_Restart_Time@now	PTR const struct . size(1) Largest target is 7
		 -> main@now(BANK0[7]), 

    Is_Night_Mode_Relay_On_Time@now	PTR const struct . size(1) Largest target is 7
		 -> main@now(BANK0[7]), 

    DS3231_ReadTime_With_Retry@time	PTR struct . size(1) Largest target is 7
		 -> main@after_trigger_time(BANK0[7]), main@now(BANK0[7]), 

    RTC_Time_Is_Valid@time	PTR const struct . size(1) Largest target is 7
		 -> main@after_trigger_time(BANK0[7]), main@now(BANK0[7]), 

    DS3231_ReadTime@time	PTR struct . size(1) Largest target is 7
		 -> main@after_trigger_time(BANK0[7]), main@now(BANK0[7]), 

    EEPROM_Load_Last_Trigger@last_year	PTR unsigned char  size(1) Largest target is 1
		 -> main@last_trigger_year(BANK0[1]), 

    EEPROM_Load_Last_Trigger@last_month	PTR unsigned char  size(1) Largest target is 1
		 -> main@last_trigger_month(BANK0[1]), 

    EEPROM_Load_Last_Trigger@last_date	PTR unsigned char  size(1) Largest target is 1
		 -> main@last_trigger_date(BANK0[1]), 

    EEPROM_Load_Last_Trigger@last_minute	PTR unsigned char  size(1) Largest target is 1
		 -> main@last_trigger_minute(BANK0[1]), 

    EEPROM_Load_Last_Trigger@last_hour	PTR unsigned char  size(1) Largest target is 1
		 -> main@last_trigger_hour(BANK0[1]), 


Critical Paths under _main in COMMON

    _main->_EEPROM_Save_Last_Trigger
    _Relay_Reset_Pulse->_Delay_Seconds
    _Delay_Seconds->_Delay_Approx_1s
    _Is_Scheduled_Restart_Time->_Is_Mode1_Hour
    _Is_Scheduled_Restart_Time->_Is_Mode2_Hour
    _Is_Scheduled_Restart_Time->_Is_Mode3_Hour
    _EEPROM_Save_Last_Trigger->_Trigger_Checksum
    _EEPROM_WriteByte->_EEPROM_ReadByte
    _EEPROM_Load_Last_Trigger->_Trigger_Checksum
    _DS3231_ReadTime_With_Retry->_DS3231_ReadTime
    _I2C_Init->_I2C_Delay
    _DS3231_ReadTime->_BCD_To_Dec
    _I2C_WriteByte->_I2C_Delay
    _I2C_Stop->_I2C_Delay
    _I2C_Start->_I2C_Delay
    _I2C_ReadByte->_I2C_Delay
    _BCD_To_Dec->___bmul

Critical Paths under _main in BANK0

    _DS3231_ReadTime_With_Retry->_DS3231_ReadTime

Critical Paths under _main in BANK1

    None.

Call Graph Tables:

 ---------------------------------------------------------------------------------
 (Depth) Function   	        Calls       Base Space   Used Autos Params    Refs
 ---------------------------------------------------------------------------------
 (0) _main                                                27    27      0    8073
                                             10 BANK0     27    27      0
      _Already_Triggered_This_Minute
         _DS3231_ReadTime_With_Retry
                    _Delay_Approx_1s
                 _Delay_Approx_250ms
                      _Delay_Seconds
           _EEPROM_Load_Last_Trigger
           _EEPROM_Save_Last_Trigger
                           _I2C_Init
                        _Init_Device
        _Is_Night_Mode_Relay_On_Time
          _Is_Scheduled_Restart_Time
                 _Read_Selected_Mode
                          _Relay_Off
                           _Relay_On
                  _Relay_Reset_Pulse
 ---------------------------------------------------------------------------------
 (1) _Relay_Reset_Pulse                                    0     0      0      69
                      _Delay_Seconds
                          _Relay_Off
                           _Relay_On
 ---------------------------------------------------------------------------------
 (2) _Relay_On                                             0     0      0       0
 ---------------------------------------------------------------------------------
 (2) _Delay_Seconds                                        1     1      0      69
                                              2 COMMON     1     1      0
                    _Delay_Approx_1s
 ---------------------------------------------------------------------------------
 (3) _Delay_Approx_1s                                      2     2      0      46
                                              0 COMMON     2     2      0
                  _Delay_Approx_65ms
 ---------------------------------------------------------------------------------
 (1) _Read_Selected_Mode                                   2     2      0     134
                                              0 COMMON     2     2      0
 ---------------------------------------------------------------------------------
 (1) _Is_Scheduled_Restart_Time                            4     3      1     362
                                              1 COMMON     4     3      1
                      _Is_Mode1_Hour
                      _Is_Mode2_Hour
                      _Is_Mode3_Hour
 ---------------------------------------------------------------------------------
 (2) _Is_Mode3_Hour                                        1     1      0      22
                                              0 COMMON     1     1      0
 ---------------------------------------------------------------------------------
 (2) _Is_Mode2_Hour                                        1     1      0      44
                                              0 COMMON     1     1      0
 ---------------------------------------------------------------------------------
 (2) _Is_Mode1_Hour                                        1     1      0      66
                                              0 COMMON     1     1      0
 ---------------------------------------------------------------------------------
 (1) _Is_Night_Mode_Relay_On_Time                          1     1      0      77
                                              0 COMMON     1     1      0
 ---------------------------------------------------------------------------------
 (1) _Init_Device                                          0     0      0       0
                          _Relay_Off
                        _SCL_Release
                        _SDA_Release
              _Timer0_Init_For_Delay
 ---------------------------------------------------------------------------------
 (2) _Timer0_Init_For_Delay                                0     0      0       0
 ---------------------------------------------------------------------------------
 (1) _EEPROM_Save_Last_Trigger                            11     7      4    2006
                                              5 COMMON     9     5      4
                                              0 BANK0      2     2      0
                   _EEPROM_WriteByte
                   _Trigger_Checksum
 ---------------------------------------------------------------------------------
 (2) _EEPROM_WriteByte                                     3     2      1     741
                                              1 COMMON     3     2      1
                    _EEPROM_ReadByte
 ---------------------------------------------------------------------------------
 (1) _EEPROM_Load_Last_Trigger                            15    11      4    1589
                                              5 COMMON     8     4      4
                                              0 BANK0      7     7      0
                    _EEPROM_ReadByte
                   _Trigger_Checksum
 ---------------------------------------------------------------------------------
 (2) _Trigger_Checksum                                     5     1      4     718
                                              0 COMMON     5     1      4
 ---------------------------------------------------------------------------------
 (3) _EEPROM_ReadByte                                      1     1      0      22
                                              0 COMMON     1     1      0
 ---------------------------------------------------------------------------------
 (1) _DS3231_ReadTime_With_Retry                           3     3      0    1711
                                             10 COMMON     3     3      0
                    _DS3231_ReadTime
                 _Delay_Approx_250ms
                           _I2C_Init
                  _RTC_Time_Is_Valid
                          _Relay_Off
 ---------------------------------------------------------------------------------
 (2) _Relay_Off                                            0     0      0       0
 ---------------------------------------------------------------------------------
 (2) _RTC_Time_Is_Valid                                    1     1      0     253
                                              0 COMMON     1     1      0
 ---------------------------------------------------------------------------------
 (1) _I2C_Init                                             0     0      0      46
                          _I2C_Delay
                        _SCL_Release
                        _SDA_Release
 ---------------------------------------------------------------------------------
 (1) _Delay_Approx_250ms                                   2     2      0      46
                                              0 COMMON     2     2      0
                  _Delay_Approx_65ms
 ---------------------------------------------------------------------------------
 (4) _Delay_Approx_65ms                                    0     0      0       0
 ---------------------------------------------------------------------------------
 (2) _DS3231_ReadTime                                     11    11      0    1177
                                              9 COMMON     1     1      0
                                              0 BANK0     10    10      0
                         _BCD_To_Dec
                       _I2C_ReadByte
                          _I2C_Start
                           _I2C_Stop
                      _I2C_WriteByte
 ---------------------------------------------------------------------------------
 (3) _I2C_WriteByte                                        4     4      0     138
                                              2 COMMON     4     4      0
                          _I2C_Delay
                            _SCL_Low
                        _SCL_Release
                            _SDA_Low
                           _SDA_Read
                        _SDA_Release
 ---------------------------------------------------------------------------------
 (3) _I2C_Stop                                             0     0      0      46
                          _I2C_Delay
                        _SCL_Release
                            _SDA_Low
                        _SDA_Release
 ---------------------------------------------------------------------------------
 (3) _I2C_Start                                            0     0      0      46
                          _I2C_Delay
                            _SCL_Low
                        _SCL_Release
                            _SDA_Low
                        _SDA_Release
 ---------------------------------------------------------------------------------
 (3) _I2C_ReadByte                                         4     4      0     139
                                              2 COMMON     4     4      0
                          _I2C_Delay
                            _SCL_Low
                        _SCL_Release
                            _SDA_Low
                           _SDA_Read
                        _SDA_Release
 ---------------------------------------------------------------------------------
 (2) _SDA_Release                                          0     0      0       0
 ---------------------------------------------------------------------------------
 (4) _SDA_Read                                             0     0      0       0
 ---------------------------------------------------------------------------------
 (4) _SDA_Low                                              0     0      0       0
 ---------------------------------------------------------------------------------
 (2) _SCL_Release                                          0     0      0       0
 ---------------------------------------------------------------------------------
 (4) _SCL_Low                                              0     0      0       0
 ---------------------------------------------------------------------------------
 (2) _I2C_Delay                                            2     2      0      46
                                              0 COMMON     2     2      0
 ---------------------------------------------------------------------------------
 (3) _BCD_To_Dec                                           5     5      0     258
                                              4 COMMON     5     5      0
                             ___bmul
 ---------------------------------------------------------------------------------
 (4) ___bmul                                               4     3      1     168
                                              0 COMMON     4     3      1
 ---------------------------------------------------------------------------------
 (1) _Already_Triggered_This_Minute                        6     1      5    1046
                                              0 COMMON     6     1      5
 ---------------------------------------------------------------------------------
 Estimated maximum stack depth 4
 ---------------------------------------------------------------------------------

 Call Graph Graphs:

 _main (ROOT)
   _Already_Triggered_This_Minute
   _DS3231_ReadTime_With_Retry
     _DS3231_ReadTime
       _BCD_To_Dec
         ___bmul
       _I2C_ReadByte
         _I2C_Delay
         _SCL_Low
         _SCL_Release
         _SDA_Low
         _SDA_Read
         _SDA_Release
       _I2C_Start
         _I2C_Delay
         _SCL_Low
         _SCL_Release
         _SDA_Low
         _SDA_Release
       _I2C_Stop
         _I2C_Delay
         _SCL_Release
         _SDA_Low
         _SDA_Release
       _I2C_WriteByte
         _I2C_Delay
         _SCL_Low
         _SCL_Release
         _SDA_Low
         _SDA_Read
         _SDA_Release
     _Delay_Approx_250ms
       _Delay_Approx_65ms
     _I2C_Init
       _I2C_Delay
       _SCL_Release
       _SDA_Release
     _RTC_Time_Is_Valid
     _Relay_Off
   _Delay_Approx_1s
     _Delay_Approx_65ms
   _Delay_Approx_250ms
     _Delay_Approx_65ms
   _Delay_Seconds
     _Delay_Approx_1s
       _Delay_Approx_65ms
   _EEPROM_Load_Last_Trigger
     _EEPROM_ReadByte
     _Trigger_Checksum
   _EEPROM_Save_Last_Trigger
     _EEPROM_WriteByte
       _EEPROM_ReadByte
     _Trigger_Checksum
   _I2C_Init
     _I2C_Delay
     _SCL_Release
     _SDA_Release
   _Init_Device
     _Relay_Off
     _SCL_Release
     _SDA_Release
     _Timer0_Init_For_Delay
   _Is_Night_Mode_Relay_On_Time
   _Is_Scheduled_Restart_Time
     _Is_Mode1_Hour
     _Is_Mode2_Hour
     _Is_Mode3_Hour
   _Read_Selected_Mode
   _Relay_Off
   _Relay_On
   _Relay_Reset_Pulse
     _Delay_Seconds
       _Delay_Approx_1s
         _Delay_Approx_65ms
     _Relay_Off
     _Relay_On

 Address spaces:
Name               Size   Autos  Total    Cost      Usage
BITCOMMON            E      0       0       0        0.0%
EEDATA             100      0       0       0        0.0%
NULL                 0      0       0       0        0.0%
CODE                 0      0       0       0        0.0%
COMMON               E      E       E       1      100.0%
BITSFR0              0      0       0       1        0.0%
SFR0                 0      0       0       1        0.0%
BITSFR1              0      0       0       2        0.0%
SFR1                 0      0       0       2        0.0%
STACK                0      0       0       2        0.0%
BITBANK0            50      0       0       3        0.0%
BANK0               50     25      25       4       46.2%
BANK1               20      0       0       5        0.0%
ABS                  0      0       0       6        0.0%
BITBANK1            20      0       0       7        0.0%
DATA                 0      0       0       8        0.0%


Microchip Technology PIC Macro Assembler V2.31 build 20201012212115 
Symbol Table                                                                                   Mon Jun 29 11:42:45 2026

                        ?_Delay_Approx_1s 0070                        __size_of_I2C_Delay 000E  
                          ___bmul@product 0072                        ?_Delay_Approx_65ms 0070  
                      __size_of_I2C_Start 0008                                        l41 0534  
                                      l50 0520                                        l35 0549  
                                      l44 0510                                        l60 04D9  
                                      l38 054C                                        l47 051C  
                                      l55 04E6                                        l80 0539  
                                      l66 04F1                                        l83 054F  
                                      l92 0546                                        l77 04CC  
                                      l86 053E                                        l95 0542  
                                      l89 0552                                        l98 0528  
                     ?_Delay_Approx_250ms 0070                           ??_Is_Mode1_Hour 0070  
                         ??_Is_Mode2_Hour 0070                           ??_Is_Mode3_Hour 0070  
                                     l101 052F                                       l104 0392  
                                     l201 0466                                       l122 04FE  
                                     l130 03F1                                       l116 03E7  
                                     l108 03BC                                       l212 04FC  
                                     l125 0507                                       l133 0405  
                                     l119 044D                                       l143 023A  
                                     l135 0409                                       l207 04BE  
                                     l223 032A                                       l160 01A6  
                                     l216 047F                                       l129 0410  
                                     l241 0497                                       l234 0360  
                                     l139 0518                                       l172 029B  
                                     l156 02E3                                       l191 0432  
                                     l168 017A                                       l195 038F  
                                     l378 04AC                                       u900 03B6  
                                     u820 0520                                       u821 051F  
                                     u830 04C6                                       u910 03CB  
                                     u831 04C5                                       u911 03CA  
                                     u840 049E                                       u920 03D8  
                                     u841 049D                                       u921 03D7  
                                     u850 04AB                                       u930 03DD  
                                     u851 04AA                                       u931 03DC  
                                     u860 04D9                                       u861 04D8  
                                     u870 0396                                       u950 0503  
                                     u871 0395                                       u951 0502  
                                     u880 03AA                                       u960 04F1  
                                     u945 0437                                       u881 03A9  
                                     u961 04F0                                       u890 03B5  
                                     u970 04E6                                       u891 03B3  
                                     u971 04E5                                       u980 03F0  
                                     u981 03EF                                       u990 03F6  
                                     u991 03F5                       ??_Delay_Approx_65ms 0070  
                                     fsr0 0004                                       indf 0000  
                     __size_of_BCD_To_Dec 001B         DS3231_ReadTime_With_Retry@attempt 007B  
  Already_Triggered_This_Minute@last_date 0072    Already_Triggered_This_Minute@last_hour 0070  
  Already_Triggered_This_Minute@last_year 0074                                      l2000 042B  
                                    l2002 0431                                      l2010 036F  
                                    l2100 032C                                      l2020 0380  
                                    l2012 0374                                      l2102 0336  
                                    l2006 0361                                      l2112 0341  
                                    l2032 038E                                      l2024 0382  
                                    l2016 0376                                      l2008 036A  
                                    l2200 0087                                      l2130 035F  
                                    l2106 0338                                      l2042 0474  
                                    l2026 0387                                      l2018 037B  
                                    l2210 00AA                                      l2202 0099  
                                    l2124 0355                                      l2140 048B  
                                    l2036 0468                                      l2060 02F0  
                                    l2052 02E5                                      l2028 038C  
                                    l2220 00D3                                      l2212 00AE  
                                    l2204 009E                                      l2118 034B  
                                    l2150 0492                                      l2142 048C  
                                    l2134 0480                                      l2038 0472  
                                    l2070 02FF                                      l2054 02E6  
                                    l2230 00D8                                      l2222 00D4  
                                    l2214 00AF                                      l2206 00A2  
                                    l2152 0493                                      l2144 048E  
                                    l2136 0484                                      l2048 047E  
                                    l2080 030E                                      l2064 02F6  
                                    l2056 02EE                                      l2216 00B6  
                                    l2208 00A6                                      l2232 00D9  
                                    l1610 0523                                      l2154 0495  
                                    l2146 0490                                      l2138 0486  
                                    l2074 0305                                      l1602 04CE  
                                    l2226 00D6                                      l2170 001E  
                                    l1700 03E3                                      l1612 0524  
                                    l1620 052A                                      l2156 0496  
                                    l2148 0491                                      l1604 04CF  
                                    l2228 00D7                                      l2180 0038  
                                    l2172 0031                                      l2164 0007  
                                    l1710 0441                                      l1702 03E4  
                                    l1614 0526                                      l1622 052B  
                                    l2254 031C                                      l2094 0314  
                                    l1606 04D3                                      l2190 0058  
                                    l2182 003F                                      l2174 0034  
                                    l2166 001C                                      l1712 0446  
                                    l1560 04BF                                      l1704 03E6  
                                    l1616 0527                                      l1608 0521  
                                    l1624 052D                                      l1640 039A  
                                    l1720 0505                                      l2192 005A  
                                    l2184 0044                                      l2176 0035  
                                    l2168 001D                                      l1562 04C0  
                                    l1570 0535                                      l1626 052E  
                                    l1618 0529                                      l1650 03A4  
                                    l1642 039C                                      l1634 0396  
                                    l1810 013A                                      l1730 04E9  
                                    l2194 005C                                      l2186 004B  
                                    l2178 0036                                      l1708 0434  
                                    l1572 054D                                      l1660 03BA  
                                    l1652 03AA                                      l1644 039D  
                                    l1636 0398                                      l1628 0391  
                                    l1820 0159                                      l1812 013E  
                                    l1804 00FA                                      l1556 0519  
                                    l1716 04FE                                      l1732 04EA  
                                    l1724 0547                                      l2196 0067  
                                    l2188 0051                                      l1590 04A4  
                                    l1582 0499                                      l1566 04C7  
                                    l1574 053A                                      l1670 03C0  
                                    l1662 03BB                                      l1654 03AB  
                                    l1646 039E                                      l1638 0399  
                                    l1830 01A5                                      l1822 015F  
                                    l1814 0145                                      l1806 0125  
                                    l1558 051B                                      l1750 053F  
                                    l1726 054A                                      l1718 0503  
                                    l1910 04B4                                      l1734 04EC  
                                    l2198 0082                                      l1592 04AB  
                                    l1584 049A                                      l1576 0550  
                                    l1680 03CB                                      l1656 03AC  
                                    l1648 03A0                                      l1824 0165  
                                    l1816 014E                                      l1808 0130  
                                    l1744 04DB                                      l1752 0541  
                                    l1840 0247                                      l1760 03FA  
                                    l1736 0508                                      l1904 0465  
                                    l1920 04BD                                      l1728 04E8  
                                    l1586 049E                                      l1578 0543  
                                    l1690 03D8                                      l1682 03CC  
                                    l1666 03BE                                      l1658 03B9  
                                    l1826 0166                                      l1818 0153  
                                    l1746 04DC                                      l1738 04DA  
                                    l1834 023C                                      l1770 0404  
                                    l1762 03FB                                      l1754 03E9  
                                    l1914 04B6                                      l1930 04FB  
                                    l1588 04A2                                      l1692 03DD  
                                    l1684 03CD                                      l1676 03C1  
                                    l1668 03BF                                      l1828 016F  
                                    l1780 00DE                                      l1748 04E0  
                                    l1860 026C                                      l1852 025A  
                                    l1836 0245                                      l1940 01A9  
                                    l1772 040A                                      l1764 03FF  
                                    l1908 04AE                                      l1924 04F3  
                                    l1596 04CD                                      l1694 03DF  
                                    l1686 03CE                                      l1678 03C3  
                                    l1782 00E6                                      l1870 0286  
                                    l1862 0274                                      l1854 0262  
                                    l1846 0250                                      l1950 01EE  
                                    l1774 040F                                      l1766 0400  
                                    l1758 03F6                                      l1926 04F9  
                                    l1934 0530                                      l1696 03E0  
                                    l1688 03D2                                      l1784 00E7  
                                    l1776 0512                                      l1960 0201  
                                    l1944 01B1                                      l1768 0402  
                                    l1936 0531                                      l1698 03E1  
                                    l1882 029A                                      l1970 021B  
                                    l1962 0208                                      l1954 01F5  
                                    l1946 01D5                                      l1938 0533  
                                    l1796 00F1                                      l1788 00E9  
                                    l1876 0290                                      l1868 027E  
                                    l1964 020D                                      l1892 0457  
                                    l1982 0413                                      l1966 0214  
                                    l1958 01FC                                      l1974 029E  
                                    l1886 044F                                      l1992 0424  
                                    l1984 0414                                      l1976 0412  
                                    l1888 0455                                      l1994 0425  
                                    l1986 041B                                      l1898 045E  
                                    l1996 0426                                      l1988 0422  
                                    l1998 0427                                      u1000 0409  
                                    u1001 0408                                      u1010 040F  
                                    u1011 040E                                      u1100 0165  
                                    u1020 00E6                                      u1101 0164  
                                    u1021 00E5                                      u1030 00F0  
                                    u1110 0245                                      u1031 00EF  
                                    u1111 0244                                      u1040 00F9  
                                    u1200 0299                                      u1120 024F  
                                    u1041 00F8                                      u1201 0298  
                                    u1121 024E                                      u1050 013E  
                                    u1130 0259                                      u1210 0455  
                                    u1051 013D                                      u1131 0258  
                                    u1211 0454                                      u1060 014A  
                                    u1140 0262                                      u1300 01FB  
                                    u1220 045D                                      u1061 0148  
                                    u1141 0261                                      u1301 01FA  
                                    u1221 045C                                      u1070 014B  
                                    u1150 026B                                      u1310 0201  
                                    u1230 0464                                      u1151 026A  
                                    u1311 0200                                      u1231 0463  
                                    u1080 0153                                      u1160 0274  
                                    u1320 0207                                      u1240 04B4  
                                    u1400 0374                                      u1081 0152  
                                    u1161 0273                                      u1321 0206  
                                    u1241 04B3                                      u1401 0373  
                                    u1090 0159                                      u1170 027D  
                                    u1330 020D                                      u1250 04BC  
                                    u1410 037B                                      u1091 0158  
                                    u1171 027C                                      u1331 020C  
                                    u1251 04BB                                      u1411 037A  
                                    u1500 0336                                      u1180 0286  
                                    u1340 0213                                      u1260 04F9  
                                    u1420 0380                                      u1501 0335  
                                    u1181 0285                                      u1341 0212  
                                    u1261 04F8                                      u1421 037F  
                                    u1510 0340                                      u1190 028F  
                                    u1350 021A                                      u1270 01B0  
                                    u1430 0387                                      u1511 033F  
                                    u1191 028E                                      u1351 0219  
                                    u1271 01AF                                      u1431 0386  
                                    u1520 034A                                      u1360 041B  
                                    u1280 01ED                                      u1440 038C  
                                    u1600 0087                                      u1521 0349  
                                    u1361 041A                                      u1281 01EC  
                                    u1441 038B                                      u1601 0086  
                                    u1530 0354                                      u1370 0422  
                                    u1290 01F4                                      u1450 0472  
                                    u1610 00B6                                      u1531 0353  
                                    u1371 0421                                      u1291 01F3  
                                    u1451 0471                                      u1611 00B5  
                                    u1540 035E                                      u1380 0431  
                                    u1460 047D                                      u1620 00D2  
                                    u1541 035D                                      u1381 0430  
                                    u1461 047C                                      u1621 00D1  
                                    u1470 02EE                                      u1390 036F  
                                    u1550 003F                                      u1471 02ED  
                                    u1391 036E                                      u1551 003E  
                                    u1480 02FE                                      u1560 004B  
                                    u1481 02FD                                      u1561 004A  
                                    _GPIO 0005                                      u1490 030D  
                                    u1570 0051                                      u1491 030C  
                                    u1571 0050                                      u1580 0058  
                                    u1581 0057                                      u1590 0067  
                                    u1591 0066                      ??_Delay_Approx_250ms 0070  
                                    _TMR0 0001                           __end_of_SDA_Low 053A  
                         __end_of_SCL_Low 053F                     __size_of_I2C_ReadByte 002B  
        EEPROM_Load_Last_Trigger@checksum 0020                                      _main 0007  
                        __end_of_I2C_Init 0543                                      btemp 007E  
                        __end_of_I2C_Stop 0530                                      start 0004  
               __end_of_Delay_Approx_65ms 0521                             ??_Init_Device 0070  
        EEPROM_Save_Last_Trigger@checksum 0020                  __size_of_EEPROM_ReadByte 000B  
      EEPROM_Load_Last_Trigger@last_month 0077                         ___bmul@multiplier 0073  
       __size_of_EEPROM_Save_Last_Trigger 0048                 ?_EEPROM_Save_Last_Trigger 0075  
                       ??_DS3231_ReadTime 0079                                     ?_main 0070  
                                   _EEADR 009B                                     _EEDAT 009A  
                                   _ANSEL 009F           ??_Already_Triggered_This_Minute 0075  
                        __end_of_SDA_Read 0547                __size_of_RTC_Time_Is_Valid 0061  
                            _I2C_ReadByte 03BD                         __end_of_I2C_Delay 04CD  
                       __end_of_I2C_Start 0529           EEPROM_WriteByte@gie_was_enabled 0072  
                   EEPROM_WriteByte@value 0071                                     status 0003  
           EEPROM_Load_Last_Trigger@month 0026                                     wtemp0 007E  
          DS3231_ReadTime_With_Retry@time 007C                           __initialization 0005  
                            ?_SDA_Release 0070                              __end_of_main 00DC  
                     __end_of_Init_Device 0498                                    ??_main 002A  
                        __end_of_Relay_On 054A                          Delay_Approx_1s@i 0071  
                               ??_SDA_Low 0070               ?_DS3231_ReadTime_With_Retry 0070  
              ?_Is_Scheduled_Restart_Time 0071                                 ??_SCL_Low 0070  
                                  _ADCON0 001F                              ?_SCL_Release 0070  
                  __size_of_I2C_WriteByte 002D                                    _EECON2 009D  
                                  _CMCON0 0019       __end_of_Is_Night_Mode_Relay_On_Time 0480  
             _Is_Night_Mode_Relay_On_Time 0467                              ??_BCD_To_Dec 0074  
            EEPROM_Save_Last_Trigger@date 0076                __size_of_Delay_Approx_65ms 0008  
            EEPROM_Save_Last_Trigger@hour 0021              EEPROM_Save_Last_Trigger@year 0078  
                   RTC_Time_Is_Valid@time 0070                                    ___bmul 0498  
                      __size_of_Relay_Off 0003                         ??_EEPROM_ReadByte 0070  
               __size_of_Trigger_Checksum 0008             Is_Scheduled_Restart_Time@mode 0074  
                __end_of_EEPROM_WriteByte 0411                                 ?_I2C_Init 0070  
                               ?_I2C_Stop 0070                        __end_of_BCD_To_Dec 044E  
       __end_of_Is_Scheduled_Restart_Time 032B     __end_of_Already_Triggered_This_Minute 0361  
  __size_of_Already_Triggered_This_Minute 0036             _Already_Triggered_This_Minute 032B  
             __size_of_Read_Selected_Mode 002F                 DS3231_ReadTime@raw_minute 0021  
               DS3231_ReadTime@raw_second 0020                   __end_of__initialization 0005  
       __size_of_EEPROM_Load_Last_Trigger 0094                 ?_EEPROM_Load_Last_Trigger 0075  
            EEPROM_Load_Last_Trigger@date 0025                       ___bmul@multiplicand 0070  
            EEPROM_Load_Last_Trigger@hour 0022              EEPROM_Load_Last_Trigger@year 0024  
                             _Init_Device 0480                                 ?_SDA_Read 0070  
                          __pcstackCOMMON 0070                             _I2C_WriteByte 0390  
                     Delay_Approx_250ms@i 0071                                ??_I2C_Init 0072  
                          _OPTION_REGbits 0081                    Trigger_Checksum@minute 0070  
                              ??_I2C_Stop 0072                         __end_of_Relay_Off 054D  
        __end_of_EEPROM_Save_Last_Trigger 02E4                     _Timer0_Init_For_Delay 0508  
                              I2C_Delay@i 0071                           _DS3231_ReadTime 00DC  
                               ?_Relay_On 0070                                ??_SDA_Read 0070  
                              __pmaintext 0007                            ?_I2C_WriteByte 0070  
                                 ?___bmul 0070                      __size_of_SDA_Release 0003  
                       _Relay_Reset_Pulse 0530                    __size_of_Delay_Seconds 000B  
                   __end_of_Is_Mode1_Hour 0467                     __end_of_Is_Mode2_Hour 04BF  
                   __end_of_Is_Mode3_Hour 04FD                        ?_Relay_Reset_Pulse 0070  
                __size_of_Delay_Approx_1s 000D                         main@selected_mode 0031  
                                 _SDA_Low 0535                                   _SCL_Low 053A  
                     ??_Relay_Reset_Pulse 0073                      I2C_ReadByte@send_ack 0073  
             __size_of_Delay_Approx_250ms 000D                      __size_of_SCL_Release 0003  
                               _I2C_Delay 04BF             EEPROM_Save_Last_Trigger@month 0077  
          ?_Already_Triggered_This_Minute 0070                                 _I2C_Start 0521  
                              ??_Relay_On 0070                          I2C_ReadByte@data 0074  
                         __size_of___bmul 0015                 __end_of_Relay_Reset_Pulse 0535  
                 DS3231_ReadTime@raw_date 0023                   DS3231_ReadTime@raw_hour 0027  
                 DS3231_ReadTime@raw_year 0025                          _Trigger_Checksum 0511  
                                 __ptext1 0530                                   __ptext2 0547  
                                 __ptext3 04E7                                   __ptext4 04CD  
                                 __ptext5 0361                                   __ptext6 02E4  
                                 __ptext7 04F2                                   __ptext8 04AD  
                                 __ptext9 044E                    EEPROM_ReadByte@address 0070  
                    DS3231_ReadTime@is_pm 0026                    main@after_trigger_time 0037  
             ??_Is_Scheduled_Restart_Time 0072                     main@already_triggered 0030  
                 EEPROM_WriteByte@address 0073                                   main@now 003E  
                 __end_of_DS3231_ReadTime 01A7                      end_of_initialization 0005  
                           _Delay_Seconds 04E7                    ?_Timer0_Init_For_Delay 0070  
                              ?_I2C_Delay 0070                                ?_I2C_Start 0070  
                         _EEPROM_ReadByte 04FD                           ??_I2C_WriteByte 0072  
                _EEPROM_Save_Last_Trigger 029C      __size_of_Is_Night_Mode_Relay_On_Time 0019  
                       ?_EEPROM_WriteByte 0071          __end_of_EEPROM_Load_Last_Trigger 023B  
                        I2C_WriteByte@ack 0074                        ??_EEPROM_WriteByte 0072  
                       __size_of_I2C_Init 0004                         __size_of_I2C_Stop 0007  
                       ??_Delay_Approx_1s 0070                            ?_Delay_Seconds 0070  
                            ?_Init_Device 0070                 _Is_Scheduled_Restart_Time 02E4  
              __size_of_Relay_Reset_Pulse 0005                         __size_of_SDA_Read 0004  
                          __end_of___bmul 04AD                       start_initialization 0005  
              __end_of_Read_Selected_Mode 0390                   __end_of_EEPROM_ReadByte 0508  
                        ?_DS3231_ReadTime 0070                               ??_I2C_Delay 0070  
                               _Relay_Off 054A                               ??_I2C_Start 0072  
                       __size_of_Relay_On 0003                                  ??___bmul 0071  
            Is_Scheduled_Restart_Time@now 0071                            I2C_WriteByte@i 0075  
                               ___latbits 0000                             __pcstackBANK0 0020  
                           ?_I2C_ReadByte 0070                                  ?_SDA_Low 0070  
                                ?_SCL_Low 0070                           ??_Delay_Seconds 0072  
                _EEPROM_Load_Last_Trigger 01A7                     Trigger_Checksum@month 0072  
                __end_of_Trigger_Checksum 0519                                ?_Relay_Off 0070  
                           ??_SDA_Release 0070   Already_Triggered_This_Minute@last_month 0073  
                           I2C_ReadByte@i 0075                                  _I2C_Init 053F  
                                _I2C_Stop 0529                            ??_I2C_ReadByte 0072  
                       Is_Mode1_Hour@hour 0070                    DS3231_ReadTime@hour_12 0028  
                           ??_SCL_Release 0070                __end_of_Delay_Approx_250ms 04E7  
            ??_DS3231_ReadTime_With_Retry 007A                    DS3231_ReadTime@raw_day 0022  
                 ??_Timer0_Init_For_Delay 0070                          ?_EEPROM_ReadByte 0070  
              ??_EEPROM_Save_Last_Trigger 0079                       DS3231_ReadTime@time 0029  
                       Is_Mode2_Hour@hour 0070       EEPROM_Load_Last_Trigger@last_minute 0075  
                                _GPIObits 0005              ?_Is_Night_Mode_Relay_On_Time 0070  
                  __size_of_Is_Mode1_Hour 0019                    __size_of_Is_Mode2_Hour 0012  
                  __size_of_Is_Mode3_Hour 000B                         Is_Mode3_Hour@hour 0070  
                                _SDA_Read 0543         EEPROM_Load_Last_Trigger@last_date 0076  
       EEPROM_Load_Last_Trigger@last_hour 0021         EEPROM_Load_Last_Trigger@last_year 0078  
                    __size_of_Init_Device 0018                       __end_of_SDA_Release 0550  
                         _Delay_Approx_1s 04CD          Already_Triggered_This_Minute@now 0075  
     __size_of_DS3231_ReadTime_With_Retry 0022        __size_of_Is_Scheduled_Restart_Time 0047  
             Read_Selected_Mode@dip1_high 0070               Read_Selected_Mode@dip2_high 0071  
                        __size_of_SDA_Low 0005            EEPROM_Save_Last_Trigger@minute 0075  
                        __size_of_SCL_Low 0005            Is_Night_Mode_Relay_On_Time@now 0070  
               __size_of_EEPROM_WriteByte 0029                               ??_Relay_Off 0070  
                     __end_of_SCL_Release 0553                                _EECON1bits 009C  
                              _BCD_To_Dec 0433                                  _Relay_On 0547  
           ??_Is_Night_Mode_Relay_On_Time 0070                     __end_of_I2C_WriteByte 03BD  
                    Trigger_Checksum@date 0071                      Trigger_Checksum@hour 0074  
                    Trigger_Checksum@year 0073                             _Is_Mode1_Hour 044E  
                           _Is_Mode2_Hour 04AD                             _Is_Mode3_Hour 04F2  
                DS3231_ReadTime@raw_month 0024            EEPROM_Load_Last_Trigger@minute 0023  
                                __ptext10 0467                                  __ptext11 0480  
                                __ptext20 023B                                  __ptext12 0508  
                                __ptext21 053F                                  __ptext13 029C  
                                __ptext30 0543                                  __ptext22 04DA  
                                __ptext14 03E8                                  __ptext31 0535  
                                __ptext23 0519                                  __ptext15 01A7  
                                __ptext32 0550                                  __ptext24 00DC  
                                __ptext16 0511                                  __ptext33 053A  
                                __ptext25 0390                                  __ptext17 04FD  
                                __ptext34 04BF                                  __ptext26 0529  
                                __ptext18 0411                                  __ptext35 0433  
                                __ptext27 0521                                  __ptext19 054A  
                                __ptext36 0498                                  __ptext28 03BD  
                                __ptext37 032B                                  __ptext29 054D  
                           __size_of_main 00D5                        _Read_Selected_Mode 0361  
                    __end_of_I2C_ReadByte 03E8                   __end_of_Delay_Approx_1s 04DA  
                             _SDA_Release 054D                       ?_Read_Selected_Mode 0070  
                          BCD_To_Dec@ones 0077                            BCD_To_Dec@tens 0076  
                          ?_Is_Mode1_Hour 0070                            ?_Is_Mode2_Hour 0070  
              ??_EEPROM_Load_Last_Trigger 0079                            ?_Is_Mode3_Hour 0070  
                              _INTCONbits 000B        __end_of_DS3231_ReadTime_With_Retry 0433  
              _DS3231_ReadTime_With_Retry 0411                      ??_Read_Selected_Mode 0070  
                             _SCL_Release 0550                         _RTC_Time_Is_Valid 023B  
                      ?_RTC_Time_Is_Valid 0070                         ?_Trigger_Checksum 0070  
                             ?_BCD_To_Dec 0070                        ??_Trigger_Checksum 0074  
                              _OSCCONbits 008F                  __size_of_DS3231_ReadTime 00CB  
                     ??_RTC_Time_Is_Valid 0070  Already_Triggered_This_Minute@last_minute 0071  
                           BCD_To_Dec@bcd 0078                 __end_of_RTC_Time_Is_Valid 029C  
                 main@last_trigger_minute 0033                      Delay_Seconds@seconds 0072  
                   __end_of_Delay_Seconds 04F2            __size_of_Timer0_Init_For_Delay 0009  
           __end_of_Timer0_Init_For_Delay 0511                          _EEPROM_WriteByte 03E8  
                  main@last_trigger_month 0035                     main@last_trigger_date 0034  
                       I2C_WriteByte@data 0073                     main@last_trigger_hour 0032  
                   main@last_trigger_year 0036                                _TRISIObits 0085  
                      _Delay_Approx_250ms 04DA                         _Delay_Approx_65ms 0519  
