

Microchip MPLAB XC8 Assembler V2.31 build 20201012212115 
                                                                                               Sat May 16 12:59:43 2026

Microchip MPLAB XC8 C Compiler v2.31 (Free license) build 20201012212115 Og1 
     1                           	processor	12F683
     2                           	pagewidth 120
     3                           	opt	flic
     4                           	psect	cinit,global,class=CODE,merge=1,delta=2
     5                           	psect	cstackCOMMON,global,class=COMMON,space=1,delta=1,noexec
     6                           	psect	cstackBANK0,global,class=BANK0,space=1,delta=1,noexec
     7                           	psect	maintext,global,class=CODE,split=1,delta=2
     8                           	psect	text1,local,class=CODE,merge=1,delta=2
     9                           	psect	text2,local,class=CODE,merge=1,delta=2
    10                           	psect	text3,local,class=CODE,merge=1,delta=2
    11                           	psect	text4,local,class=CODE,merge=1,delta=2
    12                           	psect	text5,local,class=CODE,merge=1,delta=2
    13                           	psect	text6,local,class=CODE,merge=1,delta=2
    14                           	psect	text7,local,class=CODE,merge=1,delta=2
    15                           	psect	text8,local,class=CODE,merge=1,delta=2
    16                           	psect	text9,local,class=CODE,merge=1,delta=2
    17                           	psect	text10,local,class=CODE,merge=1,delta=2
    18                           	psect	text11,local,class=CODE,merge=1,delta=2
    19                           	psect	text12,local,class=CODE,merge=1,delta=2
    20                           	psect	text13,local,class=CODE,merge=1,delta=2
    21                           	psect	text14,local,class=CODE,merge=1,delta=2
    22                           	psect	text15,local,class=CODE,merge=1,delta=2
    23                           	psect	text16,local,class=CODE,merge=1,delta=2
    24                           	psect	text17,local,class=CODE,merge=1,delta=2
    25                           	psect	text18,local,class=CODE,merge=1,delta=2
    26                           	psect	text19,local,class=CODE,merge=1,delta=2
    27                           	psect	text20,local,class=CODE,merge=1,delta=2
    28                           	psect	text21,local,class=CODE,merge=1,delta=2
    29                           	psect	text22,local,class=CODE,merge=1,delta=2
    30                           	psect	text23,local,class=CODE,merge=1,delta=2
    31                           	psect	text24,local,class=CODE,merge=1,delta=2
    32                           	psect	text25,local,class=CODE,merge=1,delta=2
    33                           	psect	text26,local,class=CODE,merge=1,delta=2
    34                           	psect	text27,local,class=CODE,merge=1,delta=2
    35                           	psect	text28,local,class=CODE,merge=1,delta=2
    36                           	psect	text29,local,class=CODE,merge=1,delta=2,group=1
    37                           	psect	text30,local,class=CODE,merge=1,delta=2
    38                           	psect	config,global,abs,ovrld,class=CONFIG,space=4,delta=2,noexec
    39                           	dabs	1,0x7E,2
    40  0000                     
    41                           ; Generated 17/08/2023 GMT
    42                           ; 
    43                           ; Copyright © 2023, Microchip Technology Inc. and its subsidiaries ("Microchip")
    44                           ; All rights reserved.
    45                           ; 
    46                           ; This software is developed by Microchip Technology Inc. and its subsidiaries ("Microch
      +                          ip").
    47                           ; 
    48                           ; Redistribution and use in source and binary forms, with or without modification, are
    49                           ; permitted provided that the following conditions are met:
    50                           ; 
    51                           ;     1. Redistributions of source code must retain the above copyright notice, this lis
      +                          t of
    52                           ;        conditions and the following disclaimer.
    53                           ; 
    54                           ;     2. Redistributions in binary form must reproduce the above copyright notice, this 
      +                          list
    55                           ;        of conditions and the following disclaimer in the documentation and/or other
    56                           ;        materials provided with the distribution. Publication is not required when
    57                           ;        this file is used in an embedded application.
    58                           ; 
    59                           ;     3. Microchip's name may not be used to endorse or promote products derived from th
      +                          is
    60                           ;        software without specific prior written permission.
    61                           ; 
    62                           ; THIS SOFTWARE IS PROVIDED BY MICROCHIP "AS IS" AND ANY EXPRESS OR IMPLIED WARRANTIES,
    63                           ; INCLUDING, BUT NOT LIMITED TO, THE IMPLIED WARRANTIES OF MERCHANTABILITY AND FITNESS F
      +                          OR
    64                           ; PURPOSE ARE DISCLAIMED.  IN NO EVENT SHALL MICROCHIP BE LIABLE FOR ANY DIRECT, INDIREC
      +                          T,
    65                           ; INCIDENTAL, SPECIAL, EXEMPLARY, OR CONSEQUENTIAL DAMAGES (INCLUDING BUT NOT LIMITED TO
    66                           ; PROCUREMENT OF SUBSTITUTE GOODS OR SERVICES; LOSS OF USE, DATA OR PROFITS; OR BUSINESS
    67                           ; INTERRUPTION) HOWSOEVER CAUSED AND ON ANY THEORY OF LIABILITY, WHETHER IN CONTRACT, ST
      +                          RICT
    68                           ; LIABILITY, OR TORT (INCLUDING NEGLIGENCE OR OTHERWISE) ARISING IN ANY WAY OUT OF THE U
      +                          SE OF
    69                           ; THIS SOFTWARE, EVEN IF ADVISED OF THE POSSIBILITY OF SUCH DAMAGE.
    70                           ; 
    71                           ; 
    72                           ; Code-generator required, PIC12F683 Definitions
    73                           ; 
    74                           ; SFR Addresses
    75  0000                     	;# 
    76  0001                     	;# 
    77  0002                     	;# 
    78  0003                     	;# 
    79  0004                     	;# 
    80  0005                     	;# 
    81  000A                     	;# 
    82  000B                     	;# 
    83  000C                     	;# 
    84  000E                     	;# 
    85  000E                     	;# 
    86  000F                     	;# 
    87  0010                     	;# 
    88  0011                     	;# 
    89  0012                     	;# 
    90  0013                     	;# 
    91  0013                     	;# 
    92  0014                     	;# 
    93  0015                     	;# 
    94  0018                     	;# 
    95  0019                     	;# 
    96  001A                     	;# 
    97  001E                     	;# 
    98  001F                     	;# 
    99  0081                     	;# 
   100  0085                     	;# 
   101  008C                     	;# 
   102  008E                     	;# 
   103  008F                     	;# 
   104  0090                     	;# 
   105  0092                     	;# 
   106  0095                     	;# 
   107  0095                     	;# 
   108  0096                     	;# 
   109  0096                     	;# 
   110  0099                     	;# 
   111  009A                     	;# 
   112  009A                     	;# 
   113  009B                     	;# 
   114  009C                     	;# 
   115  009D                     	;# 
   116  009E                     	;# 
   117  009F                     	;# 
   118  0000                     	;# 
   119  0001                     	;# 
   120  0002                     	;# 
   121  0003                     	;# 
   122  0004                     	;# 
   123  0005                     	;# 
   124  000A                     	;# 
   125  000B                     	;# 
   126  000C                     	;# 
   127  000E                     	;# 
   128  000E                     	;# 
   129  000F                     	;# 
   130  0010                     	;# 
   131  0011                     	;# 
   132  0012                     	;# 
   133  0013                     	;# 
   134  0013                     	;# 
   135  0014                     	;# 
   136  0015                     	;# 
   137  0018                     	;# 
   138  0019                     	;# 
   139  001A                     	;# 
   140  001E                     	;# 
   141  001F                     	;# 
   142  0081                     	;# 
   143  0085                     	;# 
   144  008C                     	;# 
   145  008E                     	;# 
   146  008F                     	;# 
   147  0090                     	;# 
   148  0092                     	;# 
   149  0095                     	;# 
   150  0095                     	;# 
   151  0096                     	;# 
   152  0096                     	;# 
   153  0099                     	;# 
   154  009A                     	;# 
   155  009A                     	;# 
   156  009B                     	;# 
   157  009C                     	;# 
   158  009D                     	;# 
   159  009E                     	;# 
   160  009F                     	;# 
   161  0005                     _GPIO	set	5
   162  0019                     _CMCON0	set	25
   163  001F                     _ADCON0	set	31
   164  0001                     _TMR0	set	1
   165  000B                     _INTCONbits	set	11
   166  0005                     _GPIObits	set	5
   167  0085                     _TRISIO	set	133
   168  008F                     _OSCCONbits	set	143
   169  009F                     _ANSEL	set	159
   170  0085                     _TRISIObits	set	133
   171  0081                     _OPTION_REGbits	set	129
   172                           
   173                           	psect	cinit
   174  0005                     start_initialization:	
   175                           ; #config settings
   176                           
   177  0005                     __initialization:
   178  0005                     end_of_initialization:	
   179                           ;End of C runtime variable initialization code
   180                           
   181  0005                     __end_of__initialization:
   182  0005  0183               	clrf	3
   183  0006  28D2               	ljmp	_main	;jump to C main() function
   184                           
   185                           	psect	cstackCOMMON
   186  0070                     __pcstackCOMMON:
   187  0070                     ?_Delay_Seconds:
   188  0070                     ?_Relay_On:	
   189                           ; 1 bytes @ 0x0
   190                           
   191  0070                     ??_Relay_On:	
   192                           ; 1 bytes @ 0x0
   193                           
   194  0070                     ?_Relay_Off:	
   195                           ; 1 bytes @ 0x0
   196                           
   197  0070                     ??_Relay_Off:	
   198                           ; 1 bytes @ 0x0
   199                           
   200  0070                     ?_Relay_Reset_Pulse:	
   201                           ; 1 bytes @ 0x0
   202                           
   203  0070                     ?_Timer0_Init_For_Delay:	
   204                           ; 1 bytes @ 0x0
   205                           
   206  0070                     ??_Timer0_Init_For_Delay:	
   207                           ; 1 bytes @ 0x0
   208                           
   209  0070                     ?_Delay_Approx_65ms:	
   210                           ; 1 bytes @ 0x0
   211                           
   212  0070                     ??_Delay_Approx_65ms:	
   213                           ; 1 bytes @ 0x0
   214                           
   215  0070                     ?_Delay_Approx_250ms:	
   216                           ; 1 bytes @ 0x0
   217                           
   218  0070                     ??_Delay_Approx_250ms:	
   219                           ; 1 bytes @ 0x0
   220                           
   221  0070                     ?_Delay_Approx_1s:	
   222                           ; 1 bytes @ 0x0
   223                           
   224  0070                     ??_Delay_Approx_1s:	
   225                           ; 1 bytes @ 0x0
   226                           
   227  0070                     ?_Error_Blink_Slow_Forever:	
   228                           ; 1 bytes @ 0x0
   229                           
   230  0070                     ?_I2C_Delay:	
   231                           ; 1 bytes @ 0x0
   232                           
   233  0070                     ??_I2C_Delay:	
   234                           ; 1 bytes @ 0x0
   235                           
   236  0070                     ?_SDA_Low:	
   237                           ; 1 bytes @ 0x0
   238                           
   239  0070                     ??_SDA_Low:	
   240                           ; 1 bytes @ 0x0
   241                           
   242  0070                     ?_SDA_Release:	
   243                           ; 1 bytes @ 0x0
   244                           
   245  0070                     ??_SDA_Release:	
   246                           ; 1 bytes @ 0x0
   247                           
   248  0070                     ?_SCL_Low:	
   249                           ; 1 bytes @ 0x0
   250                           
   251  0070                     ??_SCL_Low:	
   252                           ; 1 bytes @ 0x0
   253                           
   254  0070                     ?_SCL_Release:	
   255                           ; 1 bytes @ 0x0
   256                           
   257  0070                     ??_SCL_Release:	
   258                           ; 1 bytes @ 0x0
   259                           
   260  0070                     ?_SDA_Read:	
   261                           ; 1 bytes @ 0x0
   262                           
   263  0070                     ??_SDA_Read:	
   264                           ; 1 bytes @ 0x0
   265                           
   266  0070                     ?_I2C_Init:	
   267                           ; 1 bytes @ 0x0
   268                           
   269  0070                     ?_I2C_Start:	
   270                           ; 1 bytes @ 0x0
   271                           
   272  0070                     ?_I2C_Stop:	
   273                           ; 1 bytes @ 0x0
   274                           
   275  0070                     ?_I2C_WriteByte:	
   276                           ; 1 bytes @ 0x0
   277                           
   278  0070                     ?_I2C_ReadByte:	
   279                           ; 1 bytes @ 0x0
   280                           
   281  0070                     ?_BCD_To_Dec:	
   282                           ; 1 bytes @ 0x0
   283                           
   284  0070                     ?_DS3231_ReadTime:	
   285                           ; 1 bytes @ 0x0
   286                           
   287  0070                     ?_Read_Selected_Mode:	
   288                           ; 1 bytes @ 0x0
   289                           
   290  0070                     ??_Read_Selected_Mode:	
   291                           ; 1 bytes @ 0x0
   292                           
   293  0070                     ?_Is_Mode1_Hour:	
   294                           ; 1 bytes @ 0x0
   295                           
   296  0070                     ??_Is_Mode1_Hour:	
   297                           ; 1 bytes @ 0x0
   298                           
   299  0070                     ?_Is_Mode2_Hour:	
   300                           ; 1 bytes @ 0x0
   301                           
   302  0070                     ??_Is_Mode2_Hour:	
   303                           ; 1 bytes @ 0x0
   304                           
   305  0070                     ?_Is_Mode3_Hour:	
   306                           ; 1 bytes @ 0x0
   307                           
   308  0070                     ??_Is_Mode3_Hour:	
   309                           ; 1 bytes @ 0x0
   310                           
   311  0070                     ?_Already_Triggered_This_Minute:	
   312                           ; 1 bytes @ 0x0
   313                           
   314  0070                     ?_Init_Device:	
   315                           ; 1 bytes @ 0x0
   316                           
   317  0070                     ??_Init_Device:	
   318                           ; 1 bytes @ 0x0
   319                           
   320  0070                     ?_main:	
   321                           ; 1 bytes @ 0x0
   322                           
   323  0070                     ?___bmul:	
   324                           ; 1 bytes @ 0x0
   325                           
   326  0070                     Read_Selected_Mode@dip1_high:	
   327                           ; 1 bytes @ 0x0
   328                           
   329  0070                     Is_Mode1_Hour@hour:	
   330                           ; 1 bytes @ 0x0
   331                           
   332  0070                     Is_Mode2_Hour@hour:	
   333                           ; 1 bytes @ 0x0
   334                           
   335  0070                     Is_Mode3_Hour@hour:	
   336                           ; 1 bytes @ 0x0
   337                           
   338  0070                     Already_Triggered_This_Minute@last_hour:	
   339                           ; 1 bytes @ 0x0
   340                           
   341  0070                     ___bmul@multiplicand:	
   342                           ; 1 bytes @ 0x0
   343                           
   344                           
   345                           ; 1 bytes @ 0x0
   346  0070                     	ds	1
   347  0071                     ?_Is_Scheduled_Restart_Time:
   348  0071                     ??___bmul:	
   349                           ; 1 bytes @ 0x1
   350                           
   351  0071                     Delay_Approx_250ms@i:	
   352                           ; 1 bytes @ 0x1
   353                           
   354  0071                     Delay_Approx_1s@i:	
   355                           ; 1 bytes @ 0x1
   356                           
   357  0071                     I2C_Delay@i:	
   358                           ; 1 bytes @ 0x1
   359                           
   360  0071                     Read_Selected_Mode@dip2_high:	
   361                           ; 1 bytes @ 0x1
   362                           
   363  0071                     Is_Scheduled_Restart_Time@now:	
   364                           ; 1 bytes @ 0x1
   365                           
   366  0071                     Already_Triggered_This_Minute@last_minute:	
   367                           ; 1 bytes @ 0x1
   368                           
   369                           
   370                           ; 1 bytes @ 0x1
   371  0071                     	ds	1
   372  0072                     ??_Delay_Seconds:
   373  0072                     ??_Error_Blink_Slow_Forever:	
   374                           ; 1 bytes @ 0x2
   375                           
   376  0072                     ??_I2C_Init:	
   377                           ; 1 bytes @ 0x2
   378                           
   379  0072                     ??_I2C_Start:	
   380                           ; 1 bytes @ 0x2
   381                           
   382  0072                     ??_I2C_Stop:	
   383                           ; 1 bytes @ 0x2
   384                           
   385  0072                     ??_I2C_WriteByte:	
   386                           ; 1 bytes @ 0x2
   387                           
   388  0072                     ??_I2C_ReadByte:	
   389                           ; 1 bytes @ 0x2
   390                           
   391  0072                     ??_Is_Scheduled_Restart_Time:	
   392                           ; 1 bytes @ 0x2
   393                           
   394  0072                     Delay_Seconds@seconds:	
   395                           ; 1 bytes @ 0x2
   396                           
   397  0072                     Already_Triggered_This_Minute@last_date:	
   398                           ; 1 bytes @ 0x2
   399                           
   400  0072                     ___bmul@product:	
   401                           ; 1 bytes @ 0x2
   402                           
   403                           
   404                           ; 1 bytes @ 0x2
   405  0072                     	ds	1
   406  0073                     ??_Relay_Reset_Pulse:
   407  0073                     I2C_WriteByte@data:	
   408                           ; 1 bytes @ 0x3
   409                           
   410  0073                     I2C_ReadByte@send_ack:	
   411                           ; 1 bytes @ 0x3
   412                           
   413  0073                     Already_Triggered_This_Minute@last_month:	
   414                           ; 1 bytes @ 0x3
   415                           
   416  0073                     ___bmul@multiplier:	
   417                           ; 1 bytes @ 0x3
   418                           
   419                           
   420                           ; 1 bytes @ 0x3
   421  0073                     	ds	1
   422  0074                     ??_BCD_To_Dec:
   423  0074                     I2C_WriteByte@ack:	
   424                           ; 1 bytes @ 0x4
   425                           
   426  0074                     I2C_ReadByte@data:	
   427                           ; 1 bytes @ 0x4
   428                           
   429  0074                     Is_Scheduled_Restart_Time@mode:	
   430                           ; 1 bytes @ 0x4
   431                           
   432  0074                     Already_Triggered_This_Minute@last_year:	
   433                           ; 1 bytes @ 0x4
   434                           
   435                           
   436                           ; 1 bytes @ 0x4
   437  0074                     	ds	1
   438  0075                     ??_Already_Triggered_This_Minute:
   439  0075                     I2C_WriteByte@i:	
   440                           ; 1 bytes @ 0x5
   441                           
   442  0075                     I2C_ReadByte@i:	
   443                           ; 1 bytes @ 0x5
   444                           
   445  0075                     Already_Triggered_This_Minute@now:	
   446                           ; 1 bytes @ 0x5
   447                           
   448                           
   449                           ; 1 bytes @ 0x5
   450  0075                     	ds	1
   451  0076                     BCD_To_Dec@tens:
   452                           
   453                           ; 1 bytes @ 0x6
   454  0076                     	ds	1
   455  0077                     BCD_To_Dec@ones:
   456                           
   457                           ; 1 bytes @ 0x7
   458  0077                     	ds	1
   459  0078                     BCD_To_Dec@bcd:
   460                           
   461                           ; 1 bytes @ 0x8
   462  0078                     	ds	1
   463  0079                     ??_DS3231_ReadTime:
   464                           
   465                           ; 1 bytes @ 0x9
   466  0079                     	ds	1
   467                           
   468                           	psect	cstackBANK0
   469  0020                     __pcstackBANK0:
   470  0020                     DS3231_ReadTime@raw_second:
   471                           
   472                           ; 1 bytes @ 0x0
   473  0020                     	ds	1
   474  0021                     DS3231_ReadTime@raw_minute:
   475                           
   476                           ; 1 bytes @ 0x1
   477  0021                     	ds	1
   478  0022                     DS3231_ReadTime@raw_day:
   479                           
   480                           ; 1 bytes @ 0x2
   481  0022                     	ds	1
   482  0023                     DS3231_ReadTime@raw_date:
   483                           
   484                           ; 1 bytes @ 0x3
   485  0023                     	ds	1
   486  0024                     DS3231_ReadTime@raw_month:
   487                           
   488                           ; 1 bytes @ 0x4
   489  0024                     	ds	1
   490  0025                     DS3231_ReadTime@raw_year:
   491                           
   492                           ; 1 bytes @ 0x5
   493  0025                     	ds	1
   494  0026                     DS3231_ReadTime@is_pm:
   495                           
   496                           ; 1 bytes @ 0x6
   497  0026                     	ds	1
   498  0027                     DS3231_ReadTime@raw_hour:
   499                           
   500                           ; 1 bytes @ 0x7
   501  0027                     	ds	1
   502  0028                     DS3231_ReadTime@hour_12:
   503                           
   504                           ; 1 bytes @ 0x8
   505  0028                     	ds	1
   506  0029                     DS3231_ReadTime@time:
   507                           
   508                           ; 1 bytes @ 0x9
   509  0029                     	ds	1
   510  002A                     ??_main:
   511                           
   512                           ; 1 bytes @ 0xA
   513  002A                     	ds	6
   514  0030                     main@selected_mode:
   515                           
   516                           ; 1 bytes @ 0x10
   517  0030                     	ds	1
   518  0031                     main@already_triggered:
   519                           
   520                           ; 1 bytes @ 0x11
   521  0031                     	ds	1
   522  0032                     main@last_trigger_hour:
   523                           
   524                           ; 1 bytes @ 0x12
   525  0032                     	ds	1
   526  0033                     main@last_trigger_minute:
   527                           
   528                           ; 1 bytes @ 0x13
   529  0033                     	ds	1
   530  0034                     main@last_trigger_date:
   531                           
   532                           ; 1 bytes @ 0x14
   533  0034                     	ds	1
   534  0035                     main@last_trigger_month:
   535                           
   536                           ; 1 bytes @ 0x15
   537  0035                     	ds	1
   538  0036                     main@last_trigger_year:
   539                           
   540                           ; 1 bytes @ 0x16
   541  0036                     	ds	1
   542  0037                     main@now:
   543                           
   544                           ; 7 bytes @ 0x17
   545  0037                     	ds	7
   546                           
   547                           	psect	maintext
   548  00D2                     __pmaintext:	
   549 ;;
   550 ;;Main: autosize = 0, tempsize = 6, incstack = 0, save=0
   551 ;;
   552 ;; *************** function _main *****************
   553 ;; Defined at:
   554 ;;		line 848 in file "EAS_Lift_Timer_V2.c"
   555 ;; Parameters:    Size  Location     Type
   556 ;;		None
   557 ;; Auto vars:     Size  Location     Type
   558 ;;  already_trig    1   17[BANK0 ] _Bool 
   559 ;;  now             7   23[BANK0 ] struct .
   560 ;;  last_trigger    1   22[BANK0 ] unsigned char 
   561 ;;  last_trigger    1   21[BANK0 ] unsigned char 
   562 ;;  last_trigger    1   20[BANK0 ] unsigned char 
   563 ;;  last_trigger    1   19[BANK0 ] unsigned char 
   564 ;;  last_trigger    1   18[BANK0 ] unsigned char 
   565 ;;  selected_mod    1   16[BANK0 ] enum E663
   566 ;; Return value:  Size  Location     Type
   567 ;;                  1    wreg      void 
   568 ;; Registers used:
   569 ;;		wreg, fsr0l, fsr0h, status,2, status,0, pclath, cstack
   570 ;; Tracked objects:
   571 ;;		On entry : B00/0
   572 ;;		On exit  : 0/0
   573 ;;		Unchanged: 0/0
   574 ;; Data sizes:     COMMON   BANK0   BANK1
   575 ;;      Params:         0       0       0
   576 ;;      Locals:         0      14       0
   577 ;;      Temps:          0       6       0
   578 ;;      Totals:         0      20       0
   579 ;;Total ram usage:       20 bytes
   580 ;; Hardware stack levels required when called:    4
   581 ;; This function calls:
   582 ;;		_Already_Triggered_This_Minute
   583 ;;		_DS3231_ReadTime
   584 ;;		_Delay_Approx_250ms
   585 ;;		_Delay_Seconds
   586 ;;		_Error_Blink_Slow_Forever
   587 ;;		_I2C_Init
   588 ;;		_Init_Device
   589 ;;		_Is_Scheduled_Restart_Time
   590 ;;		_Read_Selected_Mode
   591 ;;		_Relay_Reset_Pulse
   592 ;; This function is called by:
   593 ;;		Startup code after reset
   594 ;; This function uses a non-reentrant model
   595 ;;
   596                           
   597                           
   598                           ;psect for function _main
   599  00D2                     _main:
   600  00D2                     l1713:	
   601                           ;incstack = 0
   602                           ; Regs used in _main: [wreg-fsr0h+status,2+status,0+pclath+cstack]
   603                           
   604                           
   605                           ;EAS_Lift_Timer_V2.c: 850:     RTC_Time now;;EAS_Lift_Timer_V2.c: 851:     Reset_Mode se
      +                          lected_mode;;EAS_Lift_Timer_V2.c: 853:     uint8_t last_trigger_hour = 0xFF;
   606  00D2  30FF               	movlw	255
   607  00D3  1283               	bcf	3,5	;RP0=0, select bank0
   608  00D4  00AA               	movwf	??_main
   609  00D5  082A               	movf	??_main,w
   610  00D6  00B2               	movwf	main@last_trigger_hour
   611                           
   612                           ;EAS_Lift_Timer_V2.c: 854:     uint8_t last_trigger_minute = 0xFF;
   613  00D7  30FF               	movlw	255
   614  00D8  00AA               	movwf	??_main
   615  00D9  082A               	movf	??_main,w
   616  00DA  00B3               	movwf	main@last_trigger_minute
   617                           
   618                           ;EAS_Lift_Timer_V2.c: 855:     uint8_t last_trigger_date = 0xFF;
   619  00DB  30FF               	movlw	255
   620  00DC  00AA               	movwf	??_main
   621  00DD  082A               	movf	??_main,w
   622  00DE  00B4               	movwf	main@last_trigger_date
   623                           
   624                           ;EAS_Lift_Timer_V2.c: 856:     uint8_t last_trigger_month = 0xFF;
   625  00DF  30FF               	movlw	255
   626  00E0  00AA               	movwf	??_main
   627  00E1  082A               	movf	??_main,w
   628  00E2  00B5               	movwf	main@last_trigger_month
   629                           
   630                           ;EAS_Lift_Timer_V2.c: 857:     uint8_t last_trigger_year = 0xFF;
   631  00E3  30FF               	movlw	255
   632  00E4  00AA               	movwf	??_main
   633  00E5  082A               	movf	??_main,w
   634  00E6  00B6               	movwf	main@last_trigger_year
   635  00E7                     l1715:
   636                           
   637                           ;EAS_Lift_Timer_V2.c: 859:     Init_Device();
   638  00E7  2254               	fcall	_Init_Device
   639  00E8                     l1717:
   640                           
   641                           ;EAS_Lift_Timer_V2.c: 860:     I2C_Init();
   642  00E8  2321               	fcall	_I2C_Init
   643  00E9                     l1719:
   644                           
   645                           ;EAS_Lift_Timer_V2.c: 886:     Delay_Seconds(1);
   646  00E9  3001               	movlw	1
   647  00EA  22D6               	fcall	_Delay_Seconds
   648  00EB                     l1721:
   649                           
   650                           ;EAS_Lift_Timer_V2.c: 888:     if (!DS3231_ReadTime(&now))
   651  00EB  3037               	movlw	(low (main@now| 0))& (0+255)
   652  00EC  2007               	fcall	_DS3231_ReadTime
   653  00ED  3A00               	xorlw	0
   654  00EE  1D03               	skipz
   655  00EF  28F1               	goto	u891
   656  00F0  28F2               	goto	u890
   657  00F1                     u891:
   658  00F1  28F3               	goto	l178
   659  00F2                     u890:
   660  00F2                     l1723:
   661                           
   662                           ;EAS_Lift_Timer_V2.c: 889:     {;EAS_Lift_Timer_V2.c: 892:         Error_Blink_Slow_Fore
      +                          ver();
   663  00F2  230C               	fcall	_Error_Blink_Slow_Forever
   664  00F3                     l178:	
   665                           ;EAS_Lift_Timer_V2.c: 895:     while (1)
   666                           
   667                           
   668                           ;EAS_Lift_Timer_V2.c: 896:     {;EAS_Lift_Timer_V2.c: 897:         selected_mode = Read_
      +                          Selected_Mode();
   669  00F3  21B2               	fcall	_Read_Selected_Mode
   670  00F4  1283               	bcf	3,5	;RP0=0, select bank0
   671  00F5  00AA               	movwf	??_main
   672  00F6  082A               	movf	??_main,w
   673  00F7  00B0               	movwf	main@selected_mode
   674  00F8                     l1725:
   675                           
   676                           ;EAS_Lift_Timer_V2.c: 899:         if (DS3231_ReadTime(&now))
   677  00F8  3037               	movlw	(low (main@now| 0))& (0+255)
   678  00F9  2007               	fcall	_DS3231_ReadTime
   679  00FA  3A00               	xorlw	0
   680  00FB  1903               	skipnz
   681  00FC  28FE               	goto	u901
   682  00FD  28FF               	goto	u900
   683  00FE                     u901:
   684  00FE  2942               	goto	l1745
   685  00FF                     u900:
   686  00FF                     l1727:
   687                           
   688                           ;EAS_Lift_Timer_V2.c: 900:         {;EAS_Lift_Timer_V2.c: 901:             if (Is_Schedu
      +                          led_Restart_Time(selected_mode, &now))
   689  00FF  3037               	movlw	(low (main@now| 0))& (0+255)
   690  0100  1283               	bcf	3,5	;RP0=0, select bank0
   691  0101  00AA               	movwf	??_main
   692  0102  082A               	movf	??_main,w
   693  0103  00F1               	movwf	Is_Scheduled_Restart_Time@now
   694  0104  0830               	movf	main@selected_mode,w
   695  0105  2146               	fcall	_Is_Scheduled_Restart_Time
   696  0106  3A00               	xorlw	0
   697  0107  1903               	skipnz
   698  0108  290A               	goto	u911
   699  0109  290B               	goto	u910
   700  010A                     u911:
   701  010A  2943               	goto	l182
   702  010B                     u910:
   703  010B                     l1729:
   704                           
   705                           ;EAS_Lift_Timer_V2.c: 902:             {;EAS_Lift_Timer_V2.c: 903:                 _Bool
      +                           already_triggered;;EAS_Lift_Timer_V2.c: 905:                 already_triggered = Alread
      +                          y_Triggered_This_Minute(&now,
   706  010B  1283               	bcf	3,5	;RP0=0, select bank0
   707  010C  0832               	movf	main@last_trigger_hour,w
   708  010D  00AA               	movwf	??_main
   709  010E  082A               	movf	??_main,w
   710  010F  00F0               	movwf	Already_Triggered_This_Minute@last_hour
   711  0110  0833               	movf	main@last_trigger_minute,w
   712  0111  00AB               	movwf	??_main+1
   713  0112  082B               	movf	??_main+1,w
   714  0113  00F1               	movwf	Already_Triggered_This_Minute@last_minute
   715  0114  0834               	movf	main@last_trigger_date,w
   716  0115  00AC               	movwf	??_main+2
   717  0116  082C               	movf	??_main+2,w
   718  0117  00F2               	movwf	Already_Triggered_This_Minute@last_date
   719  0118  0835               	movf	main@last_trigger_month,w
   720  0119  00AD               	movwf	??_main+3
   721  011A  082D               	movf	??_main+3,w
   722  011B  00F3               	movwf	Already_Triggered_This_Minute@last_month
   723  011C  0836               	movf	main@last_trigger_year,w
   724  011D  00AE               	movwf	??_main+4
   725  011E  082E               	movf	??_main+4,w
   726  011F  00F4               	movwf	Already_Triggered_This_Minute@last_year
   727  0120  3037               	movlw	(low (main@now| 0))& (0+255)
   728  0121  217C               	fcall	_Already_Triggered_This_Minute
   729  0122  1283               	bcf	3,5	;RP0=0, select bank0
   730  0123  00AF               	movwf	??_main+5
   731  0124  082F               	movf	??_main+5,w
   732  0125  00B1               	movwf	main@already_triggered
   733  0126                     l1731:
   734                           
   735                           ;EAS_Lift_Timer_V2.c: 912:                 if (!already_triggered)
   736  0126  0831               	movf	main@already_triggered,w
   737  0127  1D03               	btfss	3,2
   738  0128  292A               	goto	u921
   739  0129  292B               	goto	u920
   740  012A                     u921:
   741  012A  2943               	goto	l182
   742  012B                     u920:
   743  012B                     l1733:
   744                           
   745                           ;EAS_Lift_Timer_V2.c: 913:                 {;EAS_Lift_Timer_V2.c: 914:                  
      +                             Relay_Reset_Pulse();
   746  012B  2312               	fcall	_Relay_Reset_Pulse
   747  012C                     l1735:
   748                           
   749                           ;EAS_Lift_Timer_V2.c: 916:                     last_trigger_hour = now.hour;
   750  012C  1283               	bcf	3,5	;RP0=0, select bank0
   751  012D  0839               	movf	main@now+2,w
   752  012E  00AA               	movwf	??_main
   753  012F  082A               	movf	??_main,w
   754  0130  00B2               	movwf	main@last_trigger_hour
   755  0131                     l1737:
   756                           
   757                           ;EAS_Lift_Timer_V2.c: 917:                     last_trigger_minute = now.minute;
   758  0131  0838               	movf	main@now+1,w
   759  0132  00AA               	movwf	??_main
   760  0133  082A               	movf	??_main,w
   761  0134  00B3               	movwf	main@last_trigger_minute
   762  0135                     l1739:
   763                           
   764                           ;EAS_Lift_Timer_V2.c: 918:                     last_trigger_date = now.date;
   765  0135  083B               	movf	main@now+4,w
   766  0136  00AA               	movwf	??_main
   767  0137  082A               	movf	??_main,w
   768  0138  00B4               	movwf	main@last_trigger_date
   769  0139                     l1741:
   770                           
   771                           ;EAS_Lift_Timer_V2.c: 919:                     last_trigger_month = now.month;
   772  0139  083C               	movf	main@now+5,w
   773  013A  00AA               	movwf	??_main
   774  013B  082A               	movf	??_main,w
   775  013C  00B5               	movwf	main@last_trigger_month
   776  013D                     l1743:
   777                           
   778                           ;EAS_Lift_Timer_V2.c: 920:                     last_trigger_year = now.year;
   779  013D  083D               	movf	main@now+6,w
   780  013E  00AA               	movwf	??_main
   781  013F  082A               	movf	??_main,w
   782  0140  00B6               	movwf	main@last_trigger_year
   783  0141  2943               	goto	l182
   784  0142                     l1745:
   785                           
   786                           ;EAS_Lift_Timer_V2.c: 925:         {;EAS_Lift_Timer_V2.c: 927:             Error_Blink_S
      +                          low_Forever();
   787  0142  230C               	fcall	_Error_Blink_Slow_Forever
   788  0143                     l182:	
   789                           ;EAS_Lift_Timer_V2.c: 928:         }
   790                           
   791                           
   792                           ;EAS_Lift_Timer_V2.c: 930:         Delay_Approx_250ms();
   793  0143  22C9               	fcall	_Delay_Approx_250ms
   794  0144  28F3               	goto	l178
   795  0145  2804               	ljmp	start
   796  0146                     __end_of_main:
   797                           
   798                           	psect	text1
   799  0312                     __ptext1:	
   800 ;; *************** function _Relay_Reset_Pulse *****************
   801 ;; Defined at:
   802 ;;		line 191 in file "EAS_Lift_Timer_V2.c"
   803 ;; Parameters:    Size  Location     Type
   804 ;;		None
   805 ;; Auto vars:     Size  Location     Type
   806 ;;		None
   807 ;; Return value:  Size  Location     Type
   808 ;;                  1    wreg      void 
   809 ;; Registers used:
   810 ;;		wreg, status,2, status,0, pclath, cstack
   811 ;; Tracked objects:
   812 ;;		On entry : 0/0
   813 ;;		On exit  : 0/0
   814 ;;		Unchanged: 0/0
   815 ;; Data sizes:     COMMON   BANK0   BANK1
   816 ;;      Params:         0       0       0
   817 ;;      Locals:         0       0       0
   818 ;;      Temps:          0       0       0
   819 ;;      Totals:         0       0       0
   820 ;;Total ram usage:        0 bytes
   821 ;; Hardware stack levels used:    1
   822 ;; Hardware stack levels required when called:    3
   823 ;; This function calls:
   824 ;;		_Delay_Seconds
   825 ;;		_Relay_Off
   826 ;;		_Relay_On
   827 ;; This function is called by:
   828 ;;		_main
   829 ;; This function uses a non-reentrant model
   830 ;;
   831                           
   832                           
   833                           ;psect for function _Relay_Reset_Pulse
   834  0312                     _Relay_Reset_Pulse:
   835  0312                     l1499:	
   836                           ;incstack = 0
   837                           ; Regs used in _Relay_Reset_Pulse: [wreg+status,2+status,0+pclath+cstack]
   838                           
   839                           
   840                           ;EAS_Lift_Timer_V2.c: 193:     Relay_On();
   841  0312  2329               	fcall	_Relay_On
   842  0313                     l1501:
   843                           
   844                           ;EAS_Lift_Timer_V2.c: 194:     Delay_Seconds(3);
   845  0313  3003               	movlw	3
   846  0314  22D6               	fcall	_Delay_Seconds
   847  0315                     l1503:
   848                           
   849                           ;EAS_Lift_Timer_V2.c: 195:     Relay_Off();
   850  0315  232C               	fcall	_Relay_Off
   851  0316                     l33:
   852  0316  0008               	return
   853  0317                     __end_of_Relay_Reset_Pulse:
   854                           
   855                           	psect	text2
   856  02D6                     __ptext2:	
   857 ;; *************** function _Delay_Seconds *****************
   858 ;; Defined at:
   859 ;;		line 245 in file "EAS_Lift_Timer_V2.c"
   860 ;; Parameters:    Size  Location     Type
   861 ;;  seconds         1    wreg     unsigned char 
   862 ;; Auto vars:     Size  Location     Type
   863 ;;  seconds         1    2[COMMON] unsigned char 
   864 ;; Return value:  Size  Location     Type
   865 ;;                  1    wreg      void 
   866 ;; Registers used:
   867 ;;		wreg, status,2, status,0, pclath, cstack
   868 ;; Tracked objects:
   869 ;;		On entry : 0/0
   870 ;;		On exit  : 0/0
   871 ;;		Unchanged: 0/0
   872 ;; Data sizes:     COMMON   BANK0   BANK1
   873 ;;      Params:         0       0       0
   874 ;;      Locals:         1       0       0
   875 ;;      Temps:          0       0       0
   876 ;;      Totals:         1       0       0
   877 ;;Total ram usage:        1 bytes
   878 ;; Hardware stack levels used:    1
   879 ;; Hardware stack levels required when called:    2
   880 ;; This function calls:
   881 ;;		_Delay_Approx_1s
   882 ;; This function is called by:
   883 ;;		_Relay_Reset_Pulse
   884 ;;		_main
   885 ;; This function uses a non-reentrant model
   886 ;;
   887                           
   888                           
   889                           ;psect for function _Delay_Seconds
   890  02D6                     _Delay_Seconds:
   891                           
   892                           ;incstack = 0
   893                           ; Regs used in _Delay_Seconds: [wreg+status,2+status,0+pclath+cstack]
   894                           ;Delay_Seconds@seconds stored from wreg
   895  02D6  00F2               	movwf	Delay_Seconds@seconds
   896  02D7                     l1333:
   897                           
   898                           ;EAS_Lift_Timer_V2.c: 245: static void Delay_Seconds(uint8_t seconds);EAS_Lift_Timer_V2.
      +                          c: 246: {;EAS_Lift_Timer_V2.c: 247:     while (seconds > 0)
   899  02D7  2ADB               	goto	l1339
   900  02D8                     l1335:
   901                           
   902                           ;EAS_Lift_Timer_V2.c: 248:     {;EAS_Lift_Timer_V2.c: 249:         Delay_Approx_1s();
   903  02D8  22BC               	fcall	_Delay_Approx_1s
   904  02D9                     l1337:
   905                           
   906                           ;EAS_Lift_Timer_V2.c: 250:         seconds--;
   907  02D9  3001               	movlw	1
   908  02DA  02F2               	subwf	Delay_Seconds@seconds,f
   909  02DB                     l1339:
   910                           
   911                           ;EAS_Lift_Timer_V2.c: 247:     while (seconds > 0)
   912  02DB  0872               	movf	Delay_Seconds@seconds,w
   913  02DC  1D03               	btfss	3,2
   914  02DD  2ADF               	goto	u521
   915  02DE  2AE0               	goto	u520
   916  02DF                     u521:
   917  02DF  2AD8               	goto	l1335
   918  02E0                     u520:
   919  02E0                     l58:
   920  02E0  0008               	return
   921  02E1                     __end_of_Delay_Seconds:
   922                           
   923                           	psect	text3
   924  01B2                     __ptext3:	
   925 ;; *************** function _Read_Selected_Mode *****************
   926 ;; Defined at:
   927 ;;		line 631 in file "EAS_Lift_Timer_V2.c"
   928 ;; Parameters:    Size  Location     Type
   929 ;;		None
   930 ;; Auto vars:     Size  Location     Type
   931 ;;  dip2_high       1    1[COMMON] _Bool 
   932 ;;  dip1_high       1    0[COMMON] _Bool 
   933 ;; Return value:  Size  Location     Type
   934 ;;                  1    wreg      enum E663
   935 ;; Registers used:
   936 ;;		wreg, status,2, status,0
   937 ;; Tracked objects:
   938 ;;		On entry : 0/0
   939 ;;		On exit  : 0/0
   940 ;;		Unchanged: 0/0
   941 ;; Data sizes:     COMMON   BANK0   BANK1
   942 ;;      Params:         0       0       0
   943 ;;      Locals:         2       0       0
   944 ;;      Temps:          0       0       0
   945 ;;      Totals:         2       0       0
   946 ;;Total ram usage:        2 bytes
   947 ;; Hardware stack levels used:    1
   948 ;; This function calls:
   949 ;;		Nothing
   950 ;; This function is called by:
   951 ;;		_main
   952 ;; This function uses a non-reentrant model
   953 ;;
   954                           
   955                           
   956                           ;psect for function _Read_Selected_Mode
   957  01B2                     _Read_Selected_Mode:
   958  01B2                     l1581:	
   959                           ;incstack = 0
   960                           ; Regs used in _Read_Selected_Mode: [wreg+status,2+status,0]
   961                           
   962                           
   963                           ;EAS_Lift_Timer_V2.c: 633:     _Bool dip1_high;;EAS_Lift_Timer_V2.c: 634:     _Bool dip2
      +                          _high;;EAS_Lift_Timer_V2.c: 636:     dip1_high = (GPIObits.GP4 == 1);
   964  01B2  3000               	movlw	0
   965  01B3  1283               	bcf	3,5	;RP0=0, select bank0
   966  01B4  1A05               	btfsc	5,4	;volatile
   967  01B5  3001               	movlw	1
   968  01B6  00F0               	movwf	Read_Selected_Mode@dip1_high
   969                           
   970                           ;EAS_Lift_Timer_V2.c: 637:     dip2_high = (GPIObits.GP5 == 1);
   971  01B7  3000               	movlw	0
   972  01B8  1A85               	btfsc	5,5	;volatile
   973  01B9  3001               	movlw	1
   974  01BA  00F1               	movwf	Read_Selected_Mode@dip2_high
   975  01BB                     l1583:
   976                           
   977                           ;EAS_Lift_Timer_V2.c: 639:     if ((dip1_high == 1) && (dip2_high == 0))
   978  01BB  0370               	decf	Read_Selected_Mode@dip1_high,w
   979  01BC  1D03               	btfss	3,2
   980  01BD  29BF               	goto	u771
   981  01BE  29C0               	goto	u770
   982  01BF                     u771:
   983  01BF  29C7               	goto	l1591
   984  01C0                     u770:
   985  01C0                     l1585:
   986  01C0  0871               	movf	Read_Selected_Mode@dip2_high,w
   987  01C1  1D03               	btfss	3,2
   988  01C2  29C4               	goto	u781
   989  01C3  29C5               	goto	u780
   990  01C4                     u781:
   991  01C4  29C7               	goto	l1591
   992  01C5                     u780:
   993  01C5                     l1587:
   994                           
   995                           ;EAS_Lift_Timer_V2.c: 640:     {;EAS_Lift_Timer_V2.c: 641:         return RESET_MODE_1;
   996  01C5  3001               	movlw	1
   997  01C6  29E0               	goto	l133
   998  01C7                     l1591:
   999                           
  1000                           ;EAS_Lift_Timer_V2.c: 644:     if ((dip1_high == 0) && (dip2_high == 1))
  1001  01C7  0870               	movf	Read_Selected_Mode@dip1_high,w
  1002  01C8  1D03               	btfss	3,2
  1003  01C9  29CB               	goto	u791
  1004  01CA  29CC               	goto	u790
  1005  01CB                     u791:
  1006  01CB  29D3               	goto	l1599
  1007  01CC                     u790:
  1008  01CC                     l1593:
  1009  01CC  0371               	decf	Read_Selected_Mode@dip2_high,w
  1010  01CD  1D03               	btfss	3,2
  1011  01CE  29D0               	goto	u801
  1012  01CF  29D1               	goto	u800
  1013  01D0                     u801:
  1014  01D0  29D3               	goto	l1599
  1015  01D1                     u800:
  1016  01D1                     l1595:
  1017                           
  1018                           ;EAS_Lift_Timer_V2.c: 645:     {;EAS_Lift_Timer_V2.c: 646:         return RESET_MODE_2;
  1019  01D1  3002               	movlw	2
  1020  01D2  29E0               	goto	l133
  1021  01D3                     l1599:
  1022                           
  1023                           ;EAS_Lift_Timer_V2.c: 649:     if ((dip1_high == 1) && (dip2_high == 1))
  1024  01D3  0370               	decf	Read_Selected_Mode@dip1_high,w
  1025  01D4  1D03               	btfss	3,2
  1026  01D5  29D7               	goto	u811
  1027  01D6  29D8               	goto	u810
  1028  01D7                     u811:
  1029  01D7  29DF               	goto	l1607
  1030  01D8                     u810:
  1031  01D8                     l1601:
  1032  01D8  0371               	decf	Read_Selected_Mode@dip2_high,w
  1033  01D9  1D03               	btfss	3,2
  1034  01DA  29DC               	goto	u821
  1035  01DB  29DD               	goto	u820
  1036  01DC                     u821:
  1037  01DC  29DF               	goto	l1607
  1038  01DD                     u820:
  1039  01DD                     l1603:
  1040                           
  1041                           ;EAS_Lift_Timer_V2.c: 650:     {;EAS_Lift_Timer_V2.c: 651:         return RESET_MODE_3;
  1042  01DD  3003               	movlw	3
  1043  01DE  29E0               	goto	l133
  1044  01DF                     l1607:
  1045                           
  1046                           ;EAS_Lift_Timer_V2.c: 654:     return RESET_MODE_TEST;
  1047  01DF  3000               	movlw	0
  1048  01E0                     l133:
  1049  01E0  0008               	return
  1050  01E1                     __end_of_Read_Selected_Mode:
  1051                           
  1052                           	psect	text4
  1053  0146                     __ptext4:	
  1054 ;; *************** function _Is_Scheduled_Restart_Time *****************
  1055 ;; Defined at:
  1056 ;;		line 714 in file "EAS_Lift_Timer_V2.c"
  1057 ;; Parameters:    Size  Location     Type
  1058 ;;  mode            1    wreg     enum E663
  1059 ;;  now             1    1[COMMON] PTR const struct .
  1060 ;;		 -> main@now(7), 
  1061 ;; Auto vars:     Size  Location     Type
  1062 ;;  mode            1    4[COMMON] enum E663
  1063 ;; Return value:  Size  Location     Type
  1064 ;;                  1    wreg      _Bool 
  1065 ;; Registers used:
  1066 ;;		wreg, fsr0l, fsr0h, status,2, status,0, pclath, cstack
  1067 ;; Tracked objects:
  1068 ;;		On entry : 0/0
  1069 ;;		On exit  : 0/0
  1070 ;;		Unchanged: 0/0
  1071 ;; Data sizes:     COMMON   BANK0   BANK1
  1072 ;;      Params:         1       0       0
  1073 ;;      Locals:         1       0       0
  1074 ;;      Temps:          2       0       0
  1075 ;;      Totals:         4       0       0
  1076 ;;Total ram usage:        4 bytes
  1077 ;; Hardware stack levels used:    1
  1078 ;; Hardware stack levels required when called:    1
  1079 ;; This function calls:
  1080 ;;		_Is_Mode1_Hour
  1081 ;;		_Is_Mode2_Hour
  1082 ;;		_Is_Mode3_Hour
  1083 ;; This function is called by:
  1084 ;;		_main
  1085 ;; This function uses a non-reentrant model
  1086 ;;
  1087                           
  1088                           
  1089                           ;psect for function _Is_Scheduled_Restart_Time
  1090  0146                     _Is_Scheduled_Restart_Time:
  1091                           
  1092                           ;incstack = 0
  1093                           ; Regs used in _Is_Scheduled_Restart_Time: [wreg-fsr0h+status,2+status,0+pclath+cstack]
  1094                           ;Is_Scheduled_Restart_Time@mode stored from wreg
  1095  0146  00F4               	movwf	Is_Scheduled_Restart_Time@mode
  1096  0147                     l1611:
  1097                           
  1098                           ;EAS_Lift_Timer_V2.c: 714: static _Bool Is_Scheduled_Restart_Time(Reset_Mode mode, const
      +                           RTC_Time *now);EAS_Lift_Timer_V2.c: 715: {;EAS_Lift_Timer_V2.c: 749:     if (now->minut
      +                          e != 0)
  1099  0147  0A71               	incf	Is_Scheduled_Restart_Time@now,w
  1100  0148  0084               	movwf	4
  1101  0149  1383               	bcf	3,7	;select IRP bank0
  1102  014A  0800               	movf	0,w
  1103  014B  1903               	btfsc	3,2
  1104  014C  294E               	goto	u831
  1105  014D  294F               	goto	u830
  1106  014E                     u831:
  1107  014E  2965               	goto	l1639
  1108  014F                     u830:
  1109  014F                     l1613:
  1110                           
  1111                           ;EAS_Lift_Timer_V2.c: 750:     {;EAS_Lift_Timer_V2.c: 751:         return 0;
  1112  014F  3000               	movlw	0
  1113  0150  297B               	goto	l154
  1114  0151                     l1617:
  1115                           
  1116                           ;EAS_Lift_Timer_V2.c: 757:             return Is_Mode1_Hour(now->hour);
  1117  0151  0871               	movf	Is_Scheduled_Restart_Time@now,w
  1118  0152  3E02               	addlw	2
  1119  0153  0084               	movwf	4
  1120  0154  0800               	movf	0,w
  1121  0155  226E               	fcall	_Is_Mode1_Hour
  1122  0156  297B               	goto	l154
  1123  0157                     l1621:
  1124                           
  1125                           ;EAS_Lift_Timer_V2.c: 760:             return Is_Mode2_Hour(now->hour);
  1126  0157  0871               	movf	Is_Scheduled_Restart_Time@now,w
  1127  0158  3E02               	addlw	2
  1128  0159  0084               	movwf	4
  1129  015A  0800               	movf	0,w
  1130  015B  229C               	fcall	_Is_Mode2_Hour
  1131  015C  297B               	goto	l154
  1132  015D                     l1625:
  1133                           
  1134                           ;EAS_Lift_Timer_V2.c: 763:             return Is_Mode3_Hour(now->hour);
  1135  015D  0871               	movf	Is_Scheduled_Restart_Time@now,w
  1136  015E  3E02               	addlw	2
  1137  015F  0084               	movwf	4
  1138  0160  0800               	movf	0,w
  1139  0161  22E1               	fcall	_Is_Mode3_Hour
  1140  0162  297B               	goto	l154
  1141  0163                     l1629:
  1142                           
  1143                           ;EAS_Lift_Timer_V2.c: 768:             return 1;
  1144  0163  3001               	movlw	1
  1145  0164  297B               	goto	l154
  1146  0165                     l1639:
  1147  0165  0874               	movf	Is_Scheduled_Restart_Time@mode,w
  1148  0166  00F2               	movwf	??_Is_Scheduled_Restart_Time
  1149  0167  01F3               	clrf	??_Is_Scheduled_Restart_Time+1
  1150                           
  1151                           ; Switch on 2 bytes has been partitioned into a top level switch of size 1, and 1 sub-sw
      +                          itches
  1152                           ; Switch size 1, requested type "simple"
  1153                           ; Number of cases is 1, Range of values is 0 to 0
  1154                           ; switch strategies available:
  1155                           ; Name         Instructions Cycles
  1156                           ; simple_byte            4     3 (average)
  1157                           ; direct_byte            7     6 (fixed)
  1158                           ; jumptable            260     6 (fixed)
  1159                           ;	Chosen strategy is simple_byte
  1160  0168  0873               	movf	??_Is_Scheduled_Restart_Time+1,w
  1161  0169  3A00               	xorlw	0	; case 0
  1162  016A  1903               	skipnz
  1163  016B  296D               	goto	l1777
  1164  016C  294F               	goto	l1613
  1165  016D                     l1777:
  1166                           
  1167                           ; Switch size 1, requested type "simple"
  1168                           ; Number of cases is 4, Range of values is 0 to 3
  1169                           ; switch strategies available:
  1170                           ; Name         Instructions Cycles
  1171                           ; direct_byte           10     6 (fixed)
  1172                           ; simple_byte           13     7 (average)
  1173                           ; jumptable            260     6 (fixed)
  1174                           ;	Chosen strategy is simple_byte
  1175  016D  0872               	movf	??_Is_Scheduled_Restart_Time,w
  1176  016E  3A00               	xorlw	0	; case 0
  1177  016F  1903               	skipnz
  1178  0170  2963               	goto	l1629
  1179  0171  3A01               	xorlw	1	; case 1
  1180  0172  1903               	skipnz
  1181  0173  2951               	goto	l1617
  1182  0174  3A03               	xorlw	3	; case 2
  1183  0175  1903               	skipnz
  1184  0176  2957               	goto	l1621
  1185  0177  3A01               	xorlw	1	; case 3
  1186  0178  1903               	skipnz
  1187  0179  295D               	goto	l1625
  1188  017A  294F               	goto	l1613
  1189  017B                     l154:
  1190  017B  0008               	return
  1191  017C                     __end_of_Is_Scheduled_Restart_Time:
  1192                           
  1193                           	psect	text5
  1194  02E1                     __ptext5:	
  1195 ;; *************** function _Is_Mode3_Hour *****************
  1196 ;; Defined at:
  1197 ;;		line 699 in file "EAS_Lift_Timer_V2.c"
  1198 ;; Parameters:    Size  Location     Type
  1199 ;;  hour            1    wreg     unsigned char 
  1200 ;; Auto vars:     Size  Location     Type
  1201 ;;  hour            1    0[COMMON] unsigned char 
  1202 ;; Return value:  Size  Location     Type
  1203 ;;                  1    wreg      _Bool 
  1204 ;; Registers used:
  1205 ;;		wreg, status,2, status,0
  1206 ;; Tracked objects:
  1207 ;;		On entry : 0/0
  1208 ;;		On exit  : 0/0
  1209 ;;		Unchanged: 0/0
  1210 ;; Data sizes:     COMMON   BANK0   BANK1
  1211 ;;      Params:         0       0       0
  1212 ;;      Locals:         1       0       0
  1213 ;;      Temps:          0       0       0
  1214 ;;      Totals:         1       0       0
  1215 ;;Total ram usage:        1 bytes
  1216 ;; Hardware stack levels used:    1
  1217 ;; This function calls:
  1218 ;;		Nothing
  1219 ;; This function is called by:
  1220 ;;		_Is_Scheduled_Restart_Time
  1221 ;; This function uses a non-reentrant model
  1222 ;;
  1223                           
  1224                           
  1225                           ;psect for function _Is_Mode3_Hour
  1226  02E1                     _Is_Mode3_Hour:
  1227                           
  1228                           ;incstack = 0
  1229                           ; Regs used in _Is_Mode3_Hour: [wreg+status,2+status,0]
  1230                           ;Is_Mode3_Hour@hour stored from wreg
  1231  02E1  00F0               	movwf	Is_Mode3_Hour@hour
  1232  02E2                     l1489:
  1233                           
  1234                           ;EAS_Lift_Timer_V2.c: 699: static _Bool Is_Mode3_Hour(uint8_t hour);EAS_Lift_Timer_V2.c:
      +                           700: {;EAS_Lift_Timer_V2.c: 703:     if (hour == 10)
  1235  02E2  300A               	movlw	10
  1236  02E3  0670               	xorwf	Is_Mode3_Hour@hour,w
  1237  02E4  1D03               	btfss	3,2
  1238  02E5  2AE7               	goto	u661
  1239  02E6  2AE8               	goto	u660
  1240  02E7                     u661:
  1241  02E7  2AEA               	goto	l1495
  1242  02E8                     u660:
  1243  02E8                     l1491:
  1244                           
  1245                           ;EAS_Lift_Timer_V2.c: 704:     {;EAS_Lift_Timer_V2.c: 705:         return 1;
  1246  02E8  3001               	movlw	1
  1247  02E9  2AEB               	goto	l150
  1248  02EA                     l1495:
  1249                           
  1250                           ;EAS_Lift_Timer_V2.c: 708:     return 0;
  1251  02EA  3000               	movlw	0
  1252  02EB                     l150:
  1253  02EB  0008               	return
  1254  02EC                     __end_of_Is_Mode3_Hour:
  1255                           
  1256                           	psect	text6
  1257  029C                     __ptext6:	
  1258 ;; *************** function _Is_Mode2_Hour *****************
  1259 ;; Defined at:
  1260 ;;		line 682 in file "EAS_Lift_Timer_V2.c"
  1261 ;; Parameters:    Size  Location     Type
  1262 ;;  hour            1    wreg     unsigned char 
  1263 ;; Auto vars:     Size  Location     Type
  1264 ;;  hour            1    0[COMMON] unsigned char 
  1265 ;; Return value:  Size  Location     Type
  1266 ;;                  1    wreg      _Bool 
  1267 ;; Registers used:
  1268 ;;		wreg, status,2, status,0
  1269 ;; Tracked objects:
  1270 ;;		On entry : 0/0
  1271 ;;		On exit  : 0/0
  1272 ;;		Unchanged: 0/0
  1273 ;; Data sizes:     COMMON   BANK0   BANK1
  1274 ;;      Params:         0       0       0
  1275 ;;      Locals:         1       0       0
  1276 ;;      Temps:          0       0       0
  1277 ;;      Totals:         1       0       0
  1278 ;;Total ram usage:        1 bytes
  1279 ;; Hardware stack levels used:    1
  1280 ;; This function calls:
  1281 ;;		Nothing
  1282 ;; This function is called by:
  1283 ;;		_Is_Scheduled_Restart_Time
  1284 ;; This function uses a non-reentrant model
  1285 ;;
  1286                           
  1287                           
  1288                           ;psect for function _Is_Mode2_Hour
  1289  029C                     _Is_Mode2_Hour:
  1290                           
  1291                           ;incstack = 0
  1292                           ; Regs used in _Is_Mode2_Hour: [wreg+status,2+status,0]
  1293                           ;Is_Mode2_Hour@hour stored from wreg
  1294  029C  00F0               	movwf	Is_Mode2_Hour@hour
  1295  029D                     l1473:
  1296                           
  1297                           ;EAS_Lift_Timer_V2.c: 682: static _Bool Is_Mode2_Hour(uint8_t hour);EAS_Lift_Timer_V2.c:
      +                           683: {;EAS_Lift_Timer_V2.c: 686:     if (hour == 10)
  1298  029D  300A               	movlw	10
  1299  029E  0670               	xorwf	Is_Mode2_Hour@hour,w
  1300  029F  1D03               	btfss	3,2
  1301  02A0  2AA2               	goto	u641
  1302  02A1  2AA3               	goto	u640
  1303  02A2                     u641:
  1304  02A2  2AA5               	goto	l1479
  1305  02A3                     u640:
  1306  02A3                     l1475:
  1307                           
  1308                           ;EAS_Lift_Timer_V2.c: 687:     {;EAS_Lift_Timer_V2.c: 688:         return 1;
  1309  02A3  3001               	movlw	1
  1310  02A4  2AAD               	goto	l145
  1311  02A5                     l1479:
  1312                           
  1313                           ;EAS_Lift_Timer_V2.c: 691:     if (hour == 22)
  1314  02A5  3016               	movlw	22
  1315  02A6  0670               	xorwf	Is_Mode2_Hour@hour,w
  1316  02A7  1D03               	btfss	3,2
  1317  02A8  2AAA               	goto	u651
  1318  02A9  2AAB               	goto	u650
  1319  02AA                     u651:
  1320  02AA  2AAC               	goto	l1485
  1321  02AB                     u650:
  1322  02AB  2AA3               	goto	l1475
  1323  02AC                     l1485:
  1324                           
  1325                           ;EAS_Lift_Timer_V2.c: 696:     return 0;
  1326  02AC  3000               	movlw	0
  1327  02AD                     l145:
  1328  02AD  0008               	return
  1329  02AE                     __end_of_Is_Mode2_Hour:
  1330                           
  1331                           	psect	text7
  1332  026E                     __ptext7:	
  1333 ;; *************** function _Is_Mode1_Hour *****************
  1334 ;; Defined at:
  1335 ;;		line 660 in file "EAS_Lift_Timer_V2.c"
  1336 ;; Parameters:    Size  Location     Type
  1337 ;;  hour            1    wreg     unsigned char 
  1338 ;; Auto vars:     Size  Location     Type
  1339 ;;  hour            1    0[COMMON] unsigned char 
  1340 ;; Return value:  Size  Location     Type
  1341 ;;                  1    wreg      _Bool 
  1342 ;; Registers used:
  1343 ;;		wreg, status,2, status,0
  1344 ;; Tracked objects:
  1345 ;;		On entry : 0/0
  1346 ;;		On exit  : 0/0
  1347 ;;		Unchanged: 0/0
  1348 ;; Data sizes:     COMMON   BANK0   BANK1
  1349 ;;      Params:         0       0       0
  1350 ;;      Locals:         1       0       0
  1351 ;;      Temps:          0       0       0
  1352 ;;      Totals:         1       0       0
  1353 ;;Total ram usage:        1 bytes
  1354 ;; Hardware stack levels used:    1
  1355 ;; This function calls:
  1356 ;;		Nothing
  1357 ;; This function is called by:
  1358 ;;		_Is_Scheduled_Restart_Time
  1359 ;; This function uses a non-reentrant model
  1360 ;;
  1361                           
  1362                           
  1363                           ;psect for function _Is_Mode1_Hour
  1364  026E                     _Is_Mode1_Hour:
  1365                           
  1366                           ;incstack = 0
  1367                           ; Regs used in _Is_Mode1_Hour: [wreg+status,2+status,0]
  1368                           ;Is_Mode1_Hour@hour stored from wreg
  1369  026E  00F0               	movwf	Is_Mode1_Hour@hour
  1370  026F                     l1451:
  1371                           
  1372                           ;EAS_Lift_Timer_V2.c: 660: static _Bool Is_Mode1_Hour(uint8_t hour);EAS_Lift_Timer_V2.c:
      +                           661: {;EAS_Lift_Timer_V2.c: 664:     if (hour == 7)
  1373  026F  3007               	movlw	7
  1374  0270  0670               	xorwf	Is_Mode1_Hour@hour,w
  1375  0271  1D03               	btfss	3,2
  1376  0272  2A74               	goto	u611
  1377  0273  2A75               	goto	u610
  1378  0274                     u611:
  1379  0274  2A77               	goto	l1457
  1380  0275                     u610:
  1381  0275                     l1453:
  1382                           
  1383                           ;EAS_Lift_Timer_V2.c: 665:     {;EAS_Lift_Timer_V2.c: 666:         return 1;
  1384  0275  3001               	movlw	1
  1385  0276  2A86               	goto	l139
  1386  0277                     l1457:
  1387                           
  1388                           ;EAS_Lift_Timer_V2.c: 669:     if (hour == 15)
  1389  0277  300F               	movlw	15
  1390  0278  0670               	xorwf	Is_Mode1_Hour@hour,w
  1391  0279  1D03               	btfss	3,2
  1392  027A  2A7C               	goto	u621
  1393  027B  2A7D               	goto	u620
  1394  027C                     u621:
  1395  027C  2A7E               	goto	l1463
  1396  027D                     u620:
  1397  027D  2A75               	goto	l1453
  1398  027E                     l1463:
  1399                           
  1400                           ;EAS_Lift_Timer_V2.c: 674:     if (hour == 23)
  1401  027E  3017               	movlw	23
  1402  027F  0670               	xorwf	Is_Mode1_Hour@hour,w
  1403  0280  1D03               	btfss	3,2
  1404  0281  2A83               	goto	u631
  1405  0282  2A84               	goto	u630
  1406  0283                     u631:
  1407  0283  2A85               	goto	l1469
  1408  0284                     u630:
  1409  0284  2A75               	goto	l1453
  1410  0285                     l1469:
  1411                           
  1412                           ;EAS_Lift_Timer_V2.c: 679:     return 0;
  1413  0285  3000               	movlw	0
  1414  0286                     l139:
  1415  0286  0008               	return
  1416  0287                     __end_of_Is_Mode1_Hour:
  1417                           
  1418                           	psect	text8
  1419  0254                     __ptext8:	
  1420 ;; *************** function _Init_Device *****************
  1421 ;; Defined at:
  1422 ;;		line 814 in file "EAS_Lift_Timer_V2.c"
  1423 ;; Parameters:    Size  Location     Type
  1424 ;;		None
  1425 ;; Auto vars:     Size  Location     Type
  1426 ;;		None
  1427 ;; Return value:  Size  Location     Type
  1428 ;;                  1    wreg      void 
  1429 ;; Registers used:
  1430 ;;		wreg, status,2, status,0, pclath, cstack
  1431 ;; Tracked objects:
  1432 ;;		On entry : 0/0
  1433 ;;		On exit  : 0/0
  1434 ;;		Unchanged: 0/0
  1435 ;; Data sizes:     COMMON   BANK0   BANK1
  1436 ;;      Params:         0       0       0
  1437 ;;      Locals:         0       0       0
  1438 ;;      Temps:          0       0       0
  1439 ;;      Totals:         0       0       0
  1440 ;;Total ram usage:        0 bytes
  1441 ;; Hardware stack levels used:    1
  1442 ;; Hardware stack levels required when called:    1
  1443 ;; This function calls:
  1444 ;;		_Relay_Off
  1445 ;;		_SCL_Release
  1446 ;;		_SDA_Release
  1447 ;;		_Timer0_Init_For_Delay
  1448 ;; This function is called by:
  1449 ;;		_main
  1450 ;; This function uses a non-reentrant model
  1451 ;;
  1452                           
  1453                           
  1454                           ;psect for function _Init_Device
  1455  0254                     _Init_Device:
  1456  0254                     l1681:	
  1457                           ;incstack = 0
  1458                           ; Regs used in _Init_Device: [wreg+status,2+status,0+pclath+cstack]
  1459                           
  1460                           
  1461                           ;EAS_Lift_Timer_V2.c: 816:     ANSEL = 0x00;
  1462  0254  1683               	bsf	3,5	;RP0=1, select bank1
  1463  0255  019F               	clrf	31	;volatile
  1464                           
  1465                           ;EAS_Lift_Timer_V2.c: 817:     ADCON0 = 0x00;
  1466  0256  1283               	bcf	3,5	;RP0=0, select bank0
  1467  0257  019F               	clrf	31	;volatile
  1468  0258                     l1683:
  1469                           
  1470                           ;EAS_Lift_Timer_V2.c: 818:     CMCON0 = 0x07;
  1471  0258  3007               	movlw	7
  1472  0259  0099               	movwf	25	;volatile
  1473  025A                     l1685:
  1474                           
  1475                           ;EAS_Lift_Timer_V2.c: 820:     OSCCONbits.IRCF = 0b110;
  1476  025A  1683               	bsf	3,5	;RP0=1, select bank1
  1477  025B  080F               	movf	15,w	;volatile
  1478  025C  398F               	andlw	-113
  1479  025D  3860               	iorlw	96
  1480  025E  008F               	movwf	15	;volatile
  1481  025F                     l1687:
  1482                           
  1483                           ;EAS_Lift_Timer_V2.c: 821:     OSCCONbits.SCS = 1;
  1484  025F  140F               	bsf	15,0	;volatile
  1485  0260                     l1689:
  1486                           
  1487                           ;EAS_Lift_Timer_V2.c: 829:     TRISIO = 0b11111110;
  1488  0260  30FE               	movlw	254
  1489  0261  0085               	movwf	5	;volatile
  1490  0262                     l1691:
  1491                           
  1492                           ;EAS_Lift_Timer_V2.c: 831:     GPIO = 0x00;
  1493  0262  1283               	bcf	3,5	;RP0=0, select bank0
  1494  0263  0185               	clrf	5	;volatile
  1495  0264                     l1693:
  1496                           
  1497                           ;EAS_Lift_Timer_V2.c: 833:     TRISIObits.TRISIO0 = 0;
  1498  0264  1683               	bsf	3,5	;RP0=1, select bank1
  1499  0265  1005               	bcf	5,0	;volatile
  1500  0266                     l1695:
  1501                           
  1502                           ;EAS_Lift_Timer_V2.c: 834:     Relay_Off();
  1503  0266  232C               	fcall	_Relay_Off
  1504  0267                     l1697:
  1505                           
  1506                           ;EAS_Lift_Timer_V2.c: 836:     TRISIObits.TRISIO4 = 1;
  1507  0267  1683               	bsf	3,5	;RP0=1, select bank1
  1508  0268  1605               	bsf	5,4	;volatile
  1509  0269                     l1699:
  1510                           
  1511                           ;EAS_Lift_Timer_V2.c: 837:     TRISIObits.TRISIO5 = 1;
  1512  0269  1685               	bsf	5,5	;volatile
  1513  026A                     l1701:
  1514                           
  1515                           ;EAS_Lift_Timer_V2.c: 839:     SDA_Release();
  1516  026A  232F               	fcall	_SDA_Release
  1517  026B                     l1703:
  1518                           
  1519                           ;EAS_Lift_Timer_V2.c: 840:     SCL_Release();
  1520  026B  2332               	fcall	_SCL_Release
  1521  026C                     l1705:
  1522                           
  1523                           ;EAS_Lift_Timer_V2.c: 842:     Timer0_Init_For_Delay();
  1524  026C  22EC               	fcall	_Timer0_Init_For_Delay
  1525  026D                     l172:
  1526  026D  0008               	return
  1527  026E                     __end_of_Init_Device:
  1528                           
  1529                           	psect	text9
  1530  02EC                     __ptext9:	
  1531 ;; *************** function _Timer0_Init_For_Delay *****************
  1532 ;; Defined at:
  1533 ;;		line 201 in file "EAS_Lift_Timer_V2.c"
  1534 ;; Parameters:    Size  Location     Type
  1535 ;;		None
  1536 ;; Auto vars:     Size  Location     Type
  1537 ;;		None
  1538 ;; Return value:  Size  Location     Type
  1539 ;;                  1    wreg      void 
  1540 ;; Registers used:
  1541 ;;		None
  1542 ;; Tracked objects:
  1543 ;;		On entry : 0/0
  1544 ;;		On exit  : 0/0
  1545 ;;		Unchanged: 0/0
  1546 ;; Data sizes:     COMMON   BANK0   BANK1
  1547 ;;      Params:         0       0       0
  1548 ;;      Locals:         0       0       0
  1549 ;;      Temps:          0       0       0
  1550 ;;      Totals:         0       0       0
  1551 ;;Total ram usage:        0 bytes
  1552 ;; Hardware stack levels used:    1
  1553 ;; This function calls:
  1554 ;;		Nothing
  1555 ;; This function is called by:
  1556 ;;		_Init_Device
  1557 ;; This function uses a non-reentrant model
  1558 ;;
  1559                           
  1560                           
  1561                           ;psect for function _Timer0_Init_For_Delay
  1562  02EC                     _Timer0_Init_For_Delay:
  1563  02EC                     l1341:	
  1564                           ;incstack = 0
  1565                           ; Regs used in _Timer0_Init_For_Delay: []
  1566                           
  1567                           
  1568                           ;EAS_Lift_Timer_V2.c: 203:     OPTION_REGbits.T0CS = 0;
  1569  02EC  1683               	bsf	3,5	;RP0=1, select bank1
  1570  02ED  1281               	bcf	1,5	;volatile
  1571                           
  1572                           ;EAS_Lift_Timer_V2.c: 204:     OPTION_REGbits.PSA = 0;
  1573  02EE  1181               	bcf	1,3	;volatile
  1574                           
  1575                           ;EAS_Lift_Timer_V2.c: 206:     OPTION_REGbits.PS2 = 1;
  1576  02EF  1501               	bsf	1,2	;volatile
  1577                           
  1578                           ;EAS_Lift_Timer_V2.c: 207:     OPTION_REGbits.PS1 = 1;
  1579  02F0  1481               	bsf	1,1	;volatile
  1580                           
  1581                           ;EAS_Lift_Timer_V2.c: 208:     OPTION_REGbits.PS0 = 1;
  1582  02F1  1401               	bsf	1,0	;volatile
  1583                           
  1584                           ;EAS_Lift_Timer_V2.c: 210:     INTCONbits.T0IE = 0;
  1585  02F2  128B               	bcf	11,5	;volatile
  1586                           
  1587                           ;EAS_Lift_Timer_V2.c: 211:     INTCONbits.T0IF = 0;
  1588  02F3  110B               	bcf	11,2	;volatile
  1589  02F4                     l36:
  1590  02F4  0008               	return
  1591  02F5                     __end_of_Timer0_Init_For_Delay:
  1592                           
  1593                           	psect	text10
  1594  0321                     __ptext10:	
  1595 ;; *************** function _I2C_Init *****************
  1596 ;; Defined at:
  1597 ;;		line 329 in file "EAS_Lift_Timer_V2.c"
  1598 ;; Parameters:    Size  Location     Type
  1599 ;;		None
  1600 ;; Auto vars:     Size  Location     Type
  1601 ;;		None
  1602 ;; Return value:  Size  Location     Type
  1603 ;;                  1    wreg      void 
  1604 ;; Registers used:
  1605 ;;		wreg, status,2, status,0, pclath, cstack
  1606 ;; Tracked objects:
  1607 ;;		On entry : 0/0
  1608 ;;		On exit  : 0/0
  1609 ;;		Unchanged: 0/0
  1610 ;; Data sizes:     COMMON   BANK0   BANK1
  1611 ;;      Params:         0       0       0
  1612 ;;      Locals:         0       0       0
  1613 ;;      Temps:          0       0       0
  1614 ;;      Totals:         0       0       0
  1615 ;;Total ram usage:        0 bytes
  1616 ;; Hardware stack levels used:    1
  1617 ;; Hardware stack levels required when called:    1
  1618 ;; This function calls:
  1619 ;;		_I2C_Delay
  1620 ;;		_SCL_Release
  1621 ;;		_SDA_Release
  1622 ;; This function is called by:
  1623 ;;		_main
  1624 ;; This function uses a non-reentrant model
  1625 ;;
  1626                           
  1627                           
  1628                           ;psect for function _I2C_Init
  1629  0321                     _I2C_Init:
  1630  0321                     l1523:	
  1631                           ;incstack = 0
  1632                           ; Regs used in _I2C_Init: [wreg+status,2+status,0+pclath+cstack]
  1633                           
  1634                           
  1635                           ;EAS_Lift_Timer_V2.c: 331:     SDA_Release();
  1636  0321  232F               	fcall	_SDA_Release
  1637                           
  1638                           ;EAS_Lift_Timer_V2.c: 332:     SCL_Release();
  1639  0322  2332               	fcall	_SCL_Release
  1640  0323                     l1525:
  1641                           
  1642                           ;EAS_Lift_Timer_V2.c: 333:     I2C_Delay();
  1643  0323  22AE               	fcall	_I2C_Delay
  1644  0324                     l93:
  1645  0324  0008               	return
  1646  0325                     __end_of_I2C_Init:
  1647                           
  1648                           	psect	text11
  1649  030C                     __ptext11:	
  1650 ;; *************** function _Error_Blink_Slow_Forever *****************
  1651 ;; Defined at:
  1652 ;;		line 271 in file "EAS_Lift_Timer_V2.c"
  1653 ;; Parameters:    Size  Location     Type
  1654 ;;		None
  1655 ;; Auto vars:     Size  Location     Type
  1656 ;;		None
  1657 ;; Return value:  Size  Location     Type
  1658 ;;                  1    wreg      void 
  1659 ;; Registers used:
  1660 ;;		wreg, status,2, status,0, pclath, cstack
  1661 ;; Tracked objects:
  1662 ;;		On entry : 0/0
  1663 ;;		On exit  : 0/0
  1664 ;;		Unchanged: 0/0
  1665 ;; Data sizes:     COMMON   BANK0   BANK1
  1666 ;;      Params:         0       0       0
  1667 ;;      Locals:         0       0       0
  1668 ;;      Temps:          0       0       0
  1669 ;;      Totals:         0       0       0
  1670 ;;Total ram usage:        0 bytes
  1671 ;; Hardware stack levels used:    1
  1672 ;; Hardware stack levels required when called:    2
  1673 ;; This function calls:
  1674 ;;		_Delay_Approx_1s
  1675 ;;		_Relay_Off
  1676 ;;		_Relay_On
  1677 ;; This function is called by:
  1678 ;;		_main
  1679 ;; This function uses a non-reentrant model
  1680 ;;
  1681                           
  1682                           
  1683                           ;psect for function _Error_Blink_Slow_Forever
  1684  030C                     _Error_Blink_Slow_Forever:
  1685  030C                     l67:	
  1686                           ;incstack = 0
  1687                           ; Regs used in _Error_Blink_Slow_Forever: [wreg+status,2+status,0+pclath+cstack]
  1688                           ;EAS_Lift_Timer_V2.c: 273:     while (1)
  1689                           
  1690  030C                     l1517:
  1691                           
  1692                           ;EAS_Lift_Timer_V2.c: 274:     {;EAS_Lift_Timer_V2.c: 275:         Relay_On();
  1693  030C  2329               	fcall	_Relay_On
  1694  030D                     l1519:
  1695                           
  1696                           ;EAS_Lift_Timer_V2.c: 276:         Delay_Approx_1s();
  1697  030D  22BC               	fcall	_Delay_Approx_1s
  1698  030E                     l1521:
  1699                           
  1700                           ;EAS_Lift_Timer_V2.c: 278:         Relay_Off();
  1701  030E  232C               	fcall	_Relay_Off
  1702                           
  1703                           ;EAS_Lift_Timer_V2.c: 279:         Delay_Approx_1s();
  1704  030F  22BC               	fcall	_Delay_Approx_1s
  1705  0310  2B0C               	goto	l67
  1706  0311  0008               	return
  1707  0312                     __end_of_Error_Blink_Slow_Forever:
  1708                           
  1709                           	psect	text12
  1710  0329                     __ptext12:	
  1711 ;; *************** function _Relay_On *****************
  1712 ;; Defined at:
  1713 ;;		line 181 in file "EAS_Lift_Timer_V2.c"
  1714 ;; Parameters:    Size  Location     Type
  1715 ;;		None
  1716 ;; Auto vars:     Size  Location     Type
  1717 ;;		None
  1718 ;; Return value:  Size  Location     Type
  1719 ;;                  1    wreg      void 
  1720 ;; Registers used:
  1721 ;;		None
  1722 ;; Tracked objects:
  1723 ;;		On entry : 0/0
  1724 ;;		On exit  : 0/0
  1725 ;;		Unchanged: 0/0
  1726 ;; Data sizes:     COMMON   BANK0   BANK1
  1727 ;;      Params:         0       0       0
  1728 ;;      Locals:         0       0       0
  1729 ;;      Temps:          0       0       0
  1730 ;;      Totals:         0       0       0
  1731 ;;Total ram usage:        0 bytes
  1732 ;; Hardware stack levels used:    1
  1733 ;; This function calls:
  1734 ;;		Nothing
  1735 ;; This function is called by:
  1736 ;;		_Relay_Reset_Pulse
  1737 ;;		_Error_Blink_Slow_Forever
  1738 ;;		_Error_Blink_Fast_Forever
  1739 ;; This function uses a non-reentrant model
  1740 ;;
  1741                           
  1742                           
  1743                           ;psect for function _Relay_On
  1744  0329                     _Relay_On:
  1745  0329                     l1329:	
  1746                           ;incstack = 0
  1747                           ; Regs used in _Relay_On: []
  1748                           
  1749                           
  1750                           ;EAS_Lift_Timer_V2.c: 183:     GPIObits.GP0 = 1;
  1751  0329  1283               	bcf	3,5	;RP0=0, select bank0
  1752  032A  1405               	bsf	5,0	;volatile
  1753  032B                     l27:
  1754  032B  0008               	return
  1755  032C                     __end_of_Relay_On:
  1756                           
  1757                           	psect	text13
  1758  032C                     __ptext13:	
  1759 ;; *************** function _Relay_Off *****************
  1760 ;; Defined at:
  1761 ;;		line 186 in file "EAS_Lift_Timer_V2.c"
  1762 ;; Parameters:    Size  Location     Type
  1763 ;;		None
  1764 ;; Auto vars:     Size  Location     Type
  1765 ;;		None
  1766 ;; Return value:  Size  Location     Type
  1767 ;;                  1    wreg      void 
  1768 ;; Registers used:
  1769 ;;		None
  1770 ;; Tracked objects:
  1771 ;;		On entry : 0/0
  1772 ;;		On exit  : 0/0
  1773 ;;		Unchanged: 0/0
  1774 ;; Data sizes:     COMMON   BANK0   BANK1
  1775 ;;      Params:         0       0       0
  1776 ;;      Locals:         0       0       0
  1777 ;;      Temps:          0       0       0
  1778 ;;      Totals:         0       0       0
  1779 ;;Total ram usage:        0 bytes
  1780 ;; Hardware stack levels used:    1
  1781 ;; This function calls:
  1782 ;;		Nothing
  1783 ;; This function is called by:
  1784 ;;		_Relay_Reset_Pulse
  1785 ;;		_Error_Blink_Slow_Forever
  1786 ;;		_Init_Device
  1787 ;;		_Error_Blink_Fast_Forever
  1788 ;; This function uses a non-reentrant model
  1789 ;;
  1790                           
  1791                           
  1792                           ;psect for function _Relay_Off
  1793  032C                     _Relay_Off:
  1794  032C                     l1331:	
  1795                           ;incstack = 0
  1796                           ; Regs used in _Relay_Off: []
  1797                           
  1798                           
  1799                           ;EAS_Lift_Timer_V2.c: 188:     GPIObits.GP0 = 0;
  1800  032C  1283               	bcf	3,5	;RP0=0, select bank0
  1801  032D  1005               	bcf	5,0	;volatile
  1802  032E                     l30:
  1803  032E  0008               	return
  1804  032F                     __end_of_Relay_Off:
  1805                           
  1806                           	psect	text14
  1807  02BC                     __ptext14:	
  1808 ;; *************** function _Delay_Approx_1s *****************
  1809 ;; Defined at:
  1810 ;;		line 235 in file "EAS_Lift_Timer_V2.c"
  1811 ;; Parameters:    Size  Location     Type
  1812 ;;		None
  1813 ;; Auto vars:     Size  Location     Type
  1814 ;;  i               1    1[COMMON] unsigned char 
  1815 ;; Return value:  Size  Location     Type
  1816 ;;                  1    wreg      void 
  1817 ;; Registers used:
  1818 ;;		wreg, status,2, status,0, pclath, cstack
  1819 ;; Tracked objects:
  1820 ;;		On entry : 0/0
  1821 ;;		On exit  : 0/0
  1822 ;;		Unchanged: 0/0
  1823 ;; Data sizes:     COMMON   BANK0   BANK1
  1824 ;;      Params:         0       0       0
  1825 ;;      Locals:         1       0       0
  1826 ;;      Temps:          1       0       0
  1827 ;;      Totals:         2       0       0
  1828 ;;Total ram usage:        2 bytes
  1829 ;; Hardware stack levels used:    1
  1830 ;; Hardware stack levels required when called:    1
  1831 ;; This function calls:
  1832 ;;		_Delay_Approx_65ms
  1833 ;; This function is called by:
  1834 ;;		_Delay_Seconds
  1835 ;;		_Error_Blink_Slow_Forever
  1836 ;; This function uses a non-reentrant model
  1837 ;;
  1838                           
  1839                           
  1840                           ;psect for function _Delay_Approx_1s
  1841  02BC                     _Delay_Approx_1s:
  1842  02BC                     l1281:	
  1843                           ;incstack = 0
  1844                           ; Regs used in _Delay_Approx_1s: [wreg+status,2+status,0+pclath+cstack]
  1845                           
  1846                           
  1847                           ;EAS_Lift_Timer_V2.c: 237:     uint8_t i;;EAS_Lift_Timer_V2.c: 239:     for (i = 0; i < 
      +                          16; i++)
  1848  02BC  01F1               	clrf	Delay_Approx_1s@i
  1849  02BD                     l1287:
  1850                           
  1851                           ;EAS_Lift_Timer_V2.c: 240:     {;EAS_Lift_Timer_V2.c: 241:         Delay_Approx_65ms();
  1852  02BD  22F5               	fcall	_Delay_Approx_65ms
  1853  02BE                     l1289:
  1854                           
  1855                           ;EAS_Lift_Timer_V2.c: 242:     }
  1856  02BE  3001               	movlw	1
  1857  02BF  00F0               	movwf	??_Delay_Approx_1s
  1858  02C0  0870               	movf	??_Delay_Approx_1s,w
  1859  02C1  07F1               	addwf	Delay_Approx_1s@i,f
  1860  02C2                     l1291:
  1861  02C2  3010               	movlw	16
  1862  02C3  0271               	subwf	Delay_Approx_1s@i,w
  1863  02C4  1C03               	skipc
  1864  02C5  2AC7               	goto	u481
  1865  02C6  2AC8               	goto	u480
  1866  02C7                     u481:
  1867  02C7  2ABD               	goto	l1287
  1868  02C8                     u480:
  1869  02C8                     l52:
  1870  02C8  0008               	return
  1871  02C9                     __end_of_Delay_Approx_1s:
  1872                           
  1873                           	psect	text15
  1874  02C9                     __ptext15:	
  1875 ;; *************** function _Delay_Approx_250ms *****************
  1876 ;; Defined at:
  1877 ;;		line 225 in file "EAS_Lift_Timer_V2.c"
  1878 ;; Parameters:    Size  Location     Type
  1879 ;;		None
  1880 ;; Auto vars:     Size  Location     Type
  1881 ;;  i               1    1[COMMON] unsigned char 
  1882 ;; Return value:  Size  Location     Type
  1883 ;;                  1    wreg      void 
  1884 ;; Registers used:
  1885 ;;		wreg, status,2, status,0, pclath, cstack
  1886 ;; Tracked objects:
  1887 ;;		On entry : 0/0
  1888 ;;		On exit  : 0/0
  1889 ;;		Unchanged: 0/0
  1890 ;; Data sizes:     COMMON   BANK0   BANK1
  1891 ;;      Params:         0       0       0
  1892 ;;      Locals:         1       0       0
  1893 ;;      Temps:          1       0       0
  1894 ;;      Totals:         2       0       0
  1895 ;;Total ram usage:        2 bytes
  1896 ;; Hardware stack levels used:    1
  1897 ;; Hardware stack levels required when called:    1
  1898 ;; This function calls:
  1899 ;;		_Delay_Approx_65ms
  1900 ;; This function is called by:
  1901 ;;		_main
  1902 ;;		_Error_Blink_Fast_Forever
  1903 ;; This function uses a non-reentrant model
  1904 ;;
  1905                           
  1906                           
  1907                           ;psect for function _Delay_Approx_250ms
  1908  02C9                     _Delay_Approx_250ms:
  1909  02C9                     l1505:	
  1910                           ;incstack = 0
  1911                           ; Regs used in _Delay_Approx_250ms: [wreg+status,2+status,0+pclath+cstack]
  1912                           
  1913                           
  1914                           ;EAS_Lift_Timer_V2.c: 227:     uint8_t i;;EAS_Lift_Timer_V2.c: 229:     for (i = 0; i < 
      +                          4; i++)
  1915  02C9  01F1               	clrf	Delay_Approx_250ms@i
  1916  02CA                     l1511:
  1917                           
  1918                           ;EAS_Lift_Timer_V2.c: 230:     {;EAS_Lift_Timer_V2.c: 231:         Delay_Approx_65ms();
  1919  02CA  22F5               	fcall	_Delay_Approx_65ms
  1920  02CB                     l1513:
  1921                           
  1922                           ;EAS_Lift_Timer_V2.c: 232:     }
  1923  02CB  3001               	movlw	1
  1924  02CC  00F0               	movwf	??_Delay_Approx_250ms
  1925  02CD  0870               	movf	??_Delay_Approx_250ms,w
  1926  02CE  07F1               	addwf	Delay_Approx_250ms@i,f
  1927  02CF                     l1515:
  1928  02CF  3004               	movlw	4
  1929  02D0  0271               	subwf	Delay_Approx_250ms@i,w
  1930  02D1  1C03               	skipc
  1931  02D2  2AD4               	goto	u671
  1932  02D3  2AD5               	goto	u670
  1933  02D4                     u671:
  1934  02D4  2ACA               	goto	l1511
  1935  02D5                     u670:
  1936  02D5                     l47:
  1937  02D5  0008               	return
  1938  02D6                     __end_of_Delay_Approx_250ms:
  1939                           
  1940                           	psect	text16
  1941  02F5                     __ptext16:	
  1942 ;; *************** function _Delay_Approx_65ms *****************
  1943 ;; Defined at:
  1944 ;;		line 214 in file "EAS_Lift_Timer_V2.c"
  1945 ;; Parameters:    Size  Location     Type
  1946 ;;		None
  1947 ;; Auto vars:     Size  Location     Type
  1948 ;;		None
  1949 ;; Return value:  Size  Location     Type
  1950 ;;                  1    wreg      void 
  1951 ;; Registers used:
  1952 ;;		status,2
  1953 ;; Tracked objects:
  1954 ;;		On entry : 0/0
  1955 ;;		On exit  : 0/0
  1956 ;;		Unchanged: 0/0
  1957 ;; Data sizes:     COMMON   BANK0   BANK1
  1958 ;;      Params:         0       0       0
  1959 ;;      Locals:         0       0       0
  1960 ;;      Temps:          0       0       0
  1961 ;;      Totals:         0       0       0
  1962 ;;Total ram usage:        0 bytes
  1963 ;; Hardware stack levels used:    1
  1964 ;; This function calls:
  1965 ;;		Nothing
  1966 ;; This function is called by:
  1967 ;;		_Delay_Approx_250ms
  1968 ;;		_Delay_Approx_1s
  1969 ;; This function uses a non-reentrant model
  1970 ;;
  1971                           
  1972                           
  1973                           ;psect for function _Delay_Approx_65ms
  1974  02F5                     _Delay_Approx_65ms:
  1975  02F5                     l1277:	
  1976                           ;incstack = 0
  1977                           ; Regs used in _Delay_Approx_65ms: [status,2]
  1978                           
  1979                           
  1980                           ;EAS_Lift_Timer_V2.c: 216:     TMR0 = 0;
  1981  02F5  1283               	bcf	3,5	;RP0=0, select bank0
  1982  02F6  0181               	clrf	1	;volatile
  1983  02F7                     l1279:
  1984                           
  1985                           ;EAS_Lift_Timer_V2.c: 217:     INTCONbits.T0IF = 0;
  1986  02F7  110B               	bcf	11,2	;volatile
  1987  02F8                     l39:	
  1988                           ;EAS_Lift_Timer_V2.c: 220:     {;EAS_Lift_Timer_V2.c: 222:     }
  1989                           
  1990                           
  1991                           ;EAS_Lift_Timer_V2.c: 219:     while (INTCONbits.T0IF == 0)
  1992  02F8  1D0B               	btfss	11,2	;volatile
  1993  02F9  2AFB               	goto	u471
  1994  02FA  2AFC               	goto	u470
  1995  02FB                     u471:
  1996  02FB  2AF8               	goto	l39
  1997  02FC                     u470:
  1998  02FC                     l42:
  1999  02FC  0008               	return
  2000  02FD                     __end_of_Delay_Approx_65ms:
  2001                           
  2002                           	psect	text17
  2003  0007                     __ptext17:	
  2004 ;; *************** function _DS3231_ReadTime *****************
  2005 ;; Defined at:
  2006 ;;		line 477 in file "EAS_Lift_Timer_V2.c"
  2007 ;; Parameters:    Size  Location     Type
  2008 ;;  time            1    wreg     PTR struct .
  2009 ;;		 -> main@now(7), 
  2010 ;; Auto vars:     Size  Location     Type
  2011 ;;  time            1    9[BANK0 ] PTR struct .
  2012 ;;		 -> main@now(7), 
  2013 ;;  hour_12         1    8[BANK0 ] unsigned char 
  2014 ;;  is_pm           1    6[BANK0 ] _Bool 
  2015 ;;  raw_hour        1    7[BANK0 ] unsigned char 
  2016 ;;  raw_year        1    5[BANK0 ] unsigned char 
  2017 ;;  raw_month       1    4[BANK0 ] unsigned char 
  2018 ;;  raw_date        1    3[BANK0 ] unsigned char 
  2019 ;;  raw_day         1    2[BANK0 ] unsigned char 
  2020 ;;  raw_minute      1    1[BANK0 ] unsigned char 
  2021 ;;  raw_second      1    0[BANK0 ] unsigned char 
  2022 ;; Return value:  Size  Location     Type
  2023 ;;                  1    wreg      _Bool 
  2024 ;; Registers used:
  2025 ;;		wreg, fsr0l, fsr0h, status,2, status,0, pclath, cstack
  2026 ;; Tracked objects:
  2027 ;;		On entry : 0/0
  2028 ;;		On exit  : 0/0
  2029 ;;		Unchanged: 0/0
  2030 ;; Data sizes:     COMMON   BANK0   BANK1
  2031 ;;      Params:         0       0       0
  2032 ;;      Locals:         0      10       0
  2033 ;;      Temps:          1       0       0
  2034 ;;      Totals:         1      10       0
  2035 ;;Total ram usage:       11 bytes
  2036 ;; Hardware stack levels used:    1
  2037 ;; Hardware stack levels required when called:    2
  2038 ;; This function calls:
  2039 ;;		_BCD_To_Dec
  2040 ;;		_I2C_ReadByte
  2041 ;;		_I2C_Start
  2042 ;;		_I2C_Stop
  2043 ;;		_I2C_WriteByte
  2044 ;; This function is called by:
  2045 ;;		_main
  2046 ;; This function uses a non-reentrant model
  2047 ;;
  2048                           
  2049                           
  2050                           ;psect for function _DS3231_ReadTime
  2051  0007                     _DS3231_ReadTime:
  2052                           
  2053                           ;incstack = 0
  2054                           ; Regs used in _DS3231_ReadTime: [wreg-fsr0h+status,2+status,0+pclath+cstack]
  2055                           ;DS3231_ReadTime@time stored from wreg
  2056  0007  1283               	bcf	3,5	;RP0=0, select bank0
  2057  0008  00A9               	movwf	DS3231_ReadTime@time
  2058  0009                     l1527:
  2059                           
  2060                           ;EAS_Lift_Timer_V2.c: 477: static _Bool DS3231_ReadTime(RTC_Time *time);EAS_Lift_Timer_V
      +                          2.c: 478: {;EAS_Lift_Timer_V2.c: 479:     uint8_t raw_second;;EAS_Lift_Timer_V2.c: 480: 
      +                              uint8_t raw_minute;;EAS_Lift_Timer_V2.c: 481:     uint8_t raw_hour;;EAS_Lift_Timer_V
      +                          2.c: 482:     uint8_t raw_day;;EAS_Lift_Timer_V2.c: 483:     uint8_t raw_date;;EAS_Lift_
      +                          Timer_V2.c: 484:     uint8_t raw_month;;EAS_Lift_Timer_V2.c: 485:     uint8_t raw_year;;
      +                          EAS_Lift_Timer_V2.c: 487:     I2C_Start();
  2061  0009  22FD               	fcall	_I2C_Start
  2062                           
  2063                           ;EAS_Lift_Timer_V2.c: 489:     if (!I2C_WriteByte(((0x68 << 1) | 0)))
  2064  000A  30D0               	movlw	208
  2065  000B  21E1               	fcall	_I2C_WriteByte
  2066  000C  3A00               	xorlw	0
  2067  000D  1D03               	skipz
  2068  000E  2810               	goto	u681
  2069  000F  2811               	goto	u680
  2070  0010                     u681:
  2071  0010  2814               	goto	l1535
  2072  0011                     u680:
  2073  0011                     l1529:
  2074                           
  2075                           ;EAS_Lift_Timer_V2.c: 490:     {;EAS_Lift_Timer_V2.c: 491:         I2C_Stop();
  2076  0011  2305               	fcall	_I2C_Stop
  2077  0012                     l1531:
  2078                           
  2079                           ;EAS_Lift_Timer_V2.c: 492:         return 0;
  2080  0012  3000               	movlw	0
  2081  0013  28D1               	goto	l121
  2082  0014                     l1535:
  2083                           
  2084                           ;EAS_Lift_Timer_V2.c: 495:     if (!I2C_WriteByte(0x00))
  2085  0014  3000               	movlw	0
  2086  0015  21E1               	fcall	_I2C_WriteByte
  2087  0016  3A00               	xorlw	0
  2088  0017  1D03               	skipz
  2089  0018  281A               	goto	u691
  2090  0019  281B               	goto	u690
  2091  001A                     u691:
  2092  001A  281C               	goto	l1543
  2093  001B                     u690:
  2094  001B  2811               	goto	l1529
  2095  001C                     l1543:
  2096                           
  2097                           ;EAS_Lift_Timer_V2.c: 501:     I2C_Start();
  2098  001C  22FD               	fcall	_I2C_Start
  2099                           
  2100                           ;EAS_Lift_Timer_V2.c: 503:     if (!I2C_WriteByte(((0x68 << 1) | 1)))
  2101  001D  30D1               	movlw	209
  2102  001E  21E1               	fcall	_I2C_WriteByte
  2103  001F  3A00               	xorlw	0
  2104  0020  1D03               	skipz
  2105  0021  2823               	goto	u701
  2106  0022  2824               	goto	u700
  2107  0023                     u701:
  2108  0023  2825               	goto	l1551
  2109  0024                     u700:
  2110  0024  2811               	goto	l1529
  2111  0025                     l1551:
  2112                           
  2113                           ;EAS_Lift_Timer_V2.c: 509:     raw_second = I2C_ReadByte(1);
  2114  0025  3001               	movlw	1
  2115  0026  220E               	fcall	_I2C_ReadByte
  2116  0027  00F9               	movwf	??_DS3231_ReadTime
  2117  0028  0879               	movf	??_DS3231_ReadTime,w
  2118  0029  1283               	bcf	3,5	;RP0=0, select bank0
  2119  002A  00A0               	movwf	DS3231_ReadTime@raw_second
  2120                           
  2121                           ;EAS_Lift_Timer_V2.c: 510:     raw_minute = I2C_ReadByte(1);
  2122  002B  3001               	movlw	1
  2123  002C  220E               	fcall	_I2C_ReadByte
  2124  002D  00F9               	movwf	??_DS3231_ReadTime
  2125  002E  0879               	movf	??_DS3231_ReadTime,w
  2126  002F  1283               	bcf	3,5	;RP0=0, select bank0
  2127  0030  00A1               	movwf	DS3231_ReadTime@raw_minute
  2128                           
  2129                           ;EAS_Lift_Timer_V2.c: 511:     raw_hour = I2C_ReadByte(1);
  2130  0031  3001               	movlw	1
  2131  0032  220E               	fcall	_I2C_ReadByte
  2132  0033  00F9               	movwf	??_DS3231_ReadTime
  2133  0034  0879               	movf	??_DS3231_ReadTime,w
  2134  0035  1283               	bcf	3,5	;RP0=0, select bank0
  2135  0036  00A7               	movwf	DS3231_ReadTime@raw_hour
  2136                           
  2137                           ;EAS_Lift_Timer_V2.c: 512:     raw_day = I2C_ReadByte(1);
  2138  0037  3001               	movlw	1
  2139  0038  220E               	fcall	_I2C_ReadByte
  2140  0039  00F9               	movwf	??_DS3231_ReadTime
  2141  003A  0879               	movf	??_DS3231_ReadTime,w
  2142  003B  1283               	bcf	3,5	;RP0=0, select bank0
  2143  003C  00A2               	movwf	DS3231_ReadTime@raw_day
  2144                           
  2145                           ;EAS_Lift_Timer_V2.c: 513:     raw_date = I2C_ReadByte(1);
  2146  003D  3001               	movlw	1
  2147  003E  220E               	fcall	_I2C_ReadByte
  2148  003F  00F9               	movwf	??_DS3231_ReadTime
  2149  0040  0879               	movf	??_DS3231_ReadTime,w
  2150  0041  1283               	bcf	3,5	;RP0=0, select bank0
  2151  0042  00A3               	movwf	DS3231_ReadTime@raw_date
  2152                           
  2153                           ;EAS_Lift_Timer_V2.c: 514:     raw_month = I2C_ReadByte(1);
  2154  0043  3001               	movlw	1
  2155  0044  220E               	fcall	_I2C_ReadByte
  2156  0045  00F9               	movwf	??_DS3231_ReadTime
  2157  0046  0879               	movf	??_DS3231_ReadTime,w
  2158  0047  1283               	bcf	3,5	;RP0=0, select bank0
  2159  0048  00A4               	movwf	DS3231_ReadTime@raw_month
  2160                           
  2161                           ;EAS_Lift_Timer_V2.c: 515:     raw_year = I2C_ReadByte(0);
  2162  0049  3000               	movlw	0
  2163  004A  220E               	fcall	_I2C_ReadByte
  2164  004B  00F9               	movwf	??_DS3231_ReadTime
  2165  004C  0879               	movf	??_DS3231_ReadTime,w
  2166  004D  1283               	bcf	3,5	;RP0=0, select bank0
  2167  004E  00A5               	movwf	DS3231_ReadTime@raw_year
  2168                           
  2169                           ;EAS_Lift_Timer_V2.c: 517:     I2C_Stop();
  2170  004F  2305               	fcall	_I2C_Stop
  2171  0050                     l1553:
  2172                           
  2173                           ;EAS_Lift_Timer_V2.c: 519:     time->second = BCD_To_Dec((uint8_t)(raw_second & 0x7F));
  2174  0050  1283               	bcf	3,5	;RP0=0, select bank0
  2175  0051  0820               	movf	DS3231_ReadTime@raw_second,w
  2176  0052  397F               	andlw	127
  2177  0053  2239               	fcall	_BCD_To_Dec
  2178  0054  00F9               	movwf	??_DS3231_ReadTime
  2179  0055  1283               	bcf	3,5	;RP0=0, select bank0
  2180  0056  0829               	movf	DS3231_ReadTime@time,w
  2181  0057  0084               	movwf	4
  2182  0058  0879               	movf	??_DS3231_ReadTime,w
  2183  0059  1383               	bcf	3,7	;select IRP bank0
  2184  005A  0080               	movwf	0
  2185  005B                     l1555:
  2186                           
  2187                           ;EAS_Lift_Timer_V2.c: 520:     time->minute = BCD_To_Dec((uint8_t)(raw_minute & 0x7F));
  2188  005B  0821               	movf	DS3231_ReadTime@raw_minute,w
  2189  005C  397F               	andlw	127
  2190  005D  2239               	fcall	_BCD_To_Dec
  2191  005E  00F9               	movwf	??_DS3231_ReadTime
  2192  005F  1283               	bcf	3,5	;RP0=0, select bank0
  2193  0060  0A29               	incf	DS3231_ReadTime@time,w
  2194  0061  0084               	movwf	4
  2195  0062  0879               	movf	??_DS3231_ReadTime,w
  2196  0063  1383               	bcf	3,7	;select IRP bank0
  2197  0064  0080               	movwf	0
  2198  0065                     l1557:
  2199                           
  2200                           ;EAS_Lift_Timer_V2.c: 522:     if ((raw_hour & 0x40) != 0)
  2201  0065  1F27               	btfss	DS3231_ReadTime@raw_hour,6
  2202  0066  2868               	goto	u711
  2203  0067  2869               	goto	u710
  2204  0068                     u711:
  2205  0068  289A               	goto	l1575
  2206  0069                     u710:
  2207  0069                     l1559:
  2208                           
  2209                           ;EAS_Lift_Timer_V2.c: 523:     {;EAS_Lift_Timer_V2.c: 524:         uint8_t hour_12;;EAS_
      +                          Lift_Timer_V2.c: 525:         _Bool is_pm;;EAS_Lift_Timer_V2.c: 527:         hour_12 = B
      +                          CD_To_Dec((uint8_t)(raw_hour & 0x1F));
  2210  0069  0827               	movf	DS3231_ReadTime@raw_hour,w
  2211  006A  391F               	andlw	31
  2212  006B  2239               	fcall	_BCD_To_Dec
  2213  006C  00F9               	movwf	??_DS3231_ReadTime
  2214  006D  0879               	movf	??_DS3231_ReadTime,w
  2215  006E  1283               	bcf	3,5	;RP0=0, select bank0
  2216  006F  00A8               	movwf	DS3231_ReadTime@hour_12
  2217  0070                     l1561:
  2218                           
  2219                           ;EAS_Lift_Timer_V2.c: 528:         is_pm = ((raw_hour & 0x20) != 0);
  2220  0070  1AA7               	btfsc	DS3231_ReadTime@raw_hour,5
  2221  0071  2873               	goto	u721
  2222  0072  2875               	goto	u720
  2223  0073                     u721:
  2224  0073  3001               	movlw	1
  2225  0074  2876               	goto	u730
  2226  0075                     u720:
  2227  0075  3000               	movlw	0
  2228  0076                     u730:
  2229  0076  00F9               	movwf	??_DS3231_ReadTime
  2230  0077  0879               	movf	??_DS3231_ReadTime,w
  2231  0078  00A6               	movwf	DS3231_ReadTime@is_pm
  2232  0079                     l1563:
  2233                           
  2234                           ;EAS_Lift_Timer_V2.c: 530:         if (is_pm)
  2235  0079  0826               	movf	DS3231_ReadTime@is_pm,w
  2236  007A  1903               	btfsc	3,2
  2237  007B  287D               	goto	u741
  2238  007C  287E               	goto	u740
  2239  007D                     u741:
  2240  007D  288A               	goto	l1569
  2241  007E                     u740:
  2242  007E                     l1565:
  2243                           
  2244                           ;EAS_Lift_Timer_V2.c: 531:         {;EAS_Lift_Timer_V2.c: 532:             if (hour_12 !
      +                          = 12)
  2245  007E  300C               	movlw	12
  2246  007F  0628               	xorwf	DS3231_ReadTime@hour_12,w
  2247  0080  1903               	btfsc	3,2
  2248  0081  2883               	goto	u751
  2249  0082  2884               	goto	u750
  2250  0083                     u751:
  2251  0083  2891               	goto	l1573
  2252  0084                     u750:
  2253  0084                     l1567:
  2254                           
  2255                           ;EAS_Lift_Timer_V2.c: 533:             {;EAS_Lift_Timer_V2.c: 534:                 hour_
      +                          12 = (uint8_t)(hour_12 + 12);
  2256  0084  0828               	movf	DS3231_ReadTime@hour_12,w
  2257  0085  3E0C               	addlw	12
  2258  0086  00F9               	movwf	??_DS3231_ReadTime
  2259  0087  0879               	movf	??_DS3231_ReadTime,w
  2260  0088  00A8               	movwf	DS3231_ReadTime@hour_12
  2261  0089  2891               	goto	l1573
  2262  008A                     l1569:
  2263                           
  2264                           ;EAS_Lift_Timer_V2.c: 538:         {;EAS_Lift_Timer_V2.c: 539:             if (hour_12 =
      +                          = 12)
  2265  008A  300C               	movlw	12
  2266  008B  0628               	xorwf	DS3231_ReadTime@hour_12,w
  2267  008C  1D03               	btfss	3,2
  2268  008D  288F               	goto	u761
  2269  008E  2890               	goto	u760
  2270  008F                     u761:
  2271  008F  2891               	goto	l1573
  2272  0090                     u760:
  2273  0090                     l1571:
  2274                           
  2275                           ;EAS_Lift_Timer_V2.c: 540:             {;EAS_Lift_Timer_V2.c: 541:                 hour_
      +                          12 = 0;
  2276  0090  01A8               	clrf	DS3231_ReadTime@hour_12
  2277  0091                     l1573:
  2278                           
  2279                           ;EAS_Lift_Timer_V2.c: 545:         time->hour = hour_12;
  2280  0091  0828               	movf	DS3231_ReadTime@hour_12,w
  2281  0092  00F9               	movwf	??_DS3231_ReadTime
  2282  0093  0829               	movf	DS3231_ReadTime@time,w
  2283  0094  3E02               	addlw	2
  2284  0095  0084               	movwf	4
  2285  0096  0879               	movf	??_DS3231_ReadTime,w
  2286  0097  1383               	bcf	3,7	;select IRP bank0
  2287  0098  0080               	movwf	0
  2288                           
  2289                           ;EAS_Lift_Timer_V2.c: 546:     }
  2290  0099  28A5               	goto	l129
  2291  009A                     l1575:
  2292                           
  2293                           ;EAS_Lift_Timer_V2.c: 548:     {;EAS_Lift_Timer_V2.c: 549:         time->hour = BCD_To_D
      +                          ec((uint8_t)(raw_hour & 0x3F));
  2294  009A  0827               	movf	DS3231_ReadTime@raw_hour,w
  2295  009B  393F               	andlw	63
  2296  009C  2239               	fcall	_BCD_To_Dec
  2297  009D  00F9               	movwf	??_DS3231_ReadTime
  2298  009E  1283               	bcf	3,5	;RP0=0, select bank0
  2299  009F  0829               	movf	DS3231_ReadTime@time,w
  2300  00A0  3E02               	addlw	2
  2301  00A1  0084               	movwf	4
  2302  00A2  0879               	movf	??_DS3231_ReadTime,w
  2303  00A3  1383               	bcf	3,7	;select IRP bank0
  2304  00A4  0080               	movwf	0
  2305  00A5                     l129:	
  2306                           ;EAS_Lift_Timer_V2.c: 550:     }
  2307                           
  2308                           
  2309                           ;EAS_Lift_Timer_V2.c: 552:     time->day_of_week = BCD_To_Dec((uint8_t)(raw_day & 0x07))
      +                          ;
  2310  00A5  0822               	movf	DS3231_ReadTime@raw_day,w
  2311  00A6  3907               	andlw	7
  2312  00A7  2239               	fcall	_BCD_To_Dec
  2313  00A8  00F9               	movwf	??_DS3231_ReadTime
  2314  00A9  1283               	bcf	3,5	;RP0=0, select bank0
  2315  00AA  0829               	movf	DS3231_ReadTime@time,w
  2316  00AB  3E03               	addlw	3
  2317  00AC  0084               	movwf	4
  2318  00AD  0879               	movf	??_DS3231_ReadTime,w
  2319  00AE  1383               	bcf	3,7	;select IRP bank0
  2320  00AF  0080               	movwf	0
  2321                           
  2322                           ;EAS_Lift_Timer_V2.c: 553:     time->date = BCD_To_Dec((uint8_t)(raw_date & 0x3F));
  2323  00B0  0823               	movf	DS3231_ReadTime@raw_date,w
  2324  00B1  393F               	andlw	63
  2325  00B2  2239               	fcall	_BCD_To_Dec
  2326  00B3  00F9               	movwf	??_DS3231_ReadTime
  2327  00B4  1283               	bcf	3,5	;RP0=0, select bank0
  2328  00B5  0829               	movf	DS3231_ReadTime@time,w
  2329  00B6  3E04               	addlw	4
  2330  00B7  0084               	movwf	4
  2331  00B8  0879               	movf	??_DS3231_ReadTime,w
  2332  00B9  1383               	bcf	3,7	;select IRP bank0
  2333  00BA  0080               	movwf	0
  2334                           
  2335                           ;EAS_Lift_Timer_V2.c: 554:     time->month = BCD_To_Dec((uint8_t)(raw_month & 0x1F));
  2336  00BB  0824               	movf	DS3231_ReadTime@raw_month,w
  2337  00BC  391F               	andlw	31
  2338  00BD  2239               	fcall	_BCD_To_Dec
  2339  00BE  00F9               	movwf	??_DS3231_ReadTime
  2340  00BF  1283               	bcf	3,5	;RP0=0, select bank0
  2341  00C0  0829               	movf	DS3231_ReadTime@time,w
  2342  00C1  3E05               	addlw	5
  2343  00C2  0084               	movwf	4
  2344  00C3  0879               	movf	??_DS3231_ReadTime,w
  2345  00C4  1383               	bcf	3,7	;select IRP bank0
  2346  00C5  0080               	movwf	0
  2347                           
  2348                           ;EAS_Lift_Timer_V2.c: 555:     time->year = BCD_To_Dec(raw_year);
  2349  00C6  0825               	movf	DS3231_ReadTime@raw_year,w
  2350  00C7  2239               	fcall	_BCD_To_Dec
  2351  00C8  00F9               	movwf	??_DS3231_ReadTime
  2352  00C9  1283               	bcf	3,5	;RP0=0, select bank0
  2353  00CA  0829               	movf	DS3231_ReadTime@time,w
  2354  00CB  3E06               	addlw	6
  2355  00CC  0084               	movwf	4
  2356  00CD  0879               	movf	??_DS3231_ReadTime,w
  2357  00CE  1383               	bcf	3,7	;select IRP bank0
  2358  00CF  0080               	movwf	0
  2359  00D0                     l1577:
  2360                           
  2361                           ;EAS_Lift_Timer_V2.c: 557:     return 1;
  2362  00D0  3001               	movlw	1
  2363  00D1                     l121:
  2364  00D1  0008               	return
  2365  00D2                     __end_of_DS3231_ReadTime:
  2366                           
  2367                           	psect	text18
  2368  01E1                     __ptext18:	
  2369 ;; *************** function _I2C_WriteByte *****************
  2370 ;; Defined at:
  2371 ;;		line 361 in file "EAS_Lift_Timer_V2.c"
  2372 ;; Parameters:    Size  Location     Type
  2373 ;;  data            1    wreg     unsigned char 
  2374 ;; Auto vars:     Size  Location     Type
  2375 ;;  data            1    3[COMMON] unsigned char 
  2376 ;;  i               1    5[COMMON] unsigned char 
  2377 ;;  ack             1    4[COMMON] _Bool 
  2378 ;; Return value:  Size  Location     Type
  2379 ;;                  1    wreg      _Bool 
  2380 ;; Registers used:
  2381 ;;		wreg, status,2, status,0, pclath, cstack
  2382 ;; Tracked objects:
  2383 ;;		On entry : 0/0
  2384 ;;		On exit  : 0/0
  2385 ;;		Unchanged: 0/0
  2386 ;; Data sizes:     COMMON   BANK0   BANK1
  2387 ;;      Params:         0       0       0
  2388 ;;      Locals:         3       0       0
  2389 ;;      Temps:          1       0       0
  2390 ;;      Totals:         4       0       0
  2391 ;;Total ram usage:        4 bytes
  2392 ;; Hardware stack levels used:    1
  2393 ;; Hardware stack levels required when called:    1
  2394 ;; This function calls:
  2395 ;;		_I2C_Delay
  2396 ;;		_SCL_Low
  2397 ;;		_SCL_Release
  2398 ;;		_SDA_Low
  2399 ;;		_SDA_Read
  2400 ;;		_SDA_Release
  2401 ;; This function is called by:
  2402 ;;		_DS3231_ReadTime
  2403 ;; This function uses a non-reentrant model
  2404 ;;
  2405                           
  2406                           
  2407                           ;psect for function _I2C_WriteByte
  2408  01E1                     _I2C_WriteByte:
  2409                           
  2410                           ;incstack = 0
  2411                           ; Regs used in _I2C_WriteByte: [wreg+status,2+status,0+pclath+cstack]
  2412                           ;I2C_WriteByte@data stored from wreg
  2413  01E1  00F3               	movwf	I2C_WriteByte@data
  2414  01E2                     l1363:
  2415                           
  2416                           ;EAS_Lift_Timer_V2.c: 361: static _Bool I2C_WriteByte(uint8_t data);EAS_Lift_Timer_V2.c:
      +                           362: {;EAS_Lift_Timer_V2.c: 363:     uint8_t i;;EAS_Lift_Timer_V2.c: 364:     _Bool ack
      +                          ;;EAS_Lift_Timer_V2.c: 366:     for (i = 0; i < 8; i++)
  2417  01E2  01F5               	clrf	I2C_WriteByte@i
  2418  01E3                     l102:
  2419                           
  2420                           ;EAS_Lift_Timer_V2.c: 367:     {;EAS_Lift_Timer_V2.c: 368:         if ((data & 0x80) != 
      +                          0)
  2421  01E3  1FF3               	btfss	I2C_WriteByte@data,7
  2422  01E4  29E6               	goto	u531
  2423  01E5  29E7               	goto	u530
  2424  01E6                     u531:
  2425  01E6  29E9               	goto	l1371
  2426  01E7                     u530:
  2427  01E7                     l1369:
  2428                           
  2429                           ;EAS_Lift_Timer_V2.c: 369:         {;EAS_Lift_Timer_V2.c: 370:             SDA_Release()
      +                          ;
  2430  01E7  232F               	fcall	_SDA_Release
  2431                           
  2432                           ;EAS_Lift_Timer_V2.c: 371:         }
  2433  01E8  29EA               	goto	l1373
  2434  01E9                     l1371:
  2435                           
  2436                           ;EAS_Lift_Timer_V2.c: 373:         {;EAS_Lift_Timer_V2.c: 374:             SDA_Low();
  2437  01E9  2317               	fcall	_SDA_Low
  2438  01EA                     l1373:
  2439                           
  2440                           ;EAS_Lift_Timer_V2.c: 377:         I2C_Delay();
  2441  01EA  22AE               	fcall	_I2C_Delay
  2442  01EB                     l1375:
  2443                           
  2444                           ;EAS_Lift_Timer_V2.c: 379:         SCL_Release();
  2445  01EB  2332               	fcall	_SCL_Release
  2446                           
  2447                           ;EAS_Lift_Timer_V2.c: 380:         I2C_Delay();
  2448  01EC  22AE               	fcall	_I2C_Delay
  2449  01ED                     l1377:
  2450                           
  2451                           ;EAS_Lift_Timer_V2.c: 382:         SCL_Low();
  2452  01ED  231C               	fcall	_SCL_Low
  2453  01EE                     l1379:
  2454                           
  2455                           ;EAS_Lift_Timer_V2.c: 383:         I2C_Delay();
  2456  01EE  22AE               	fcall	_I2C_Delay
  2457  01EF                     l1381:
  2458                           
  2459                           ;EAS_Lift_Timer_V2.c: 385:         data <<= 1;
  2460  01EF  1003               	clrc
  2461  01F0  0DF3               	rlf	I2C_WriteByte@data,f
  2462  01F1                     l1383:
  2463                           
  2464                           ;EAS_Lift_Timer_V2.c: 386:     }
  2465  01F1  3001               	movlw	1
  2466  01F2  00F2               	movwf	??_I2C_WriteByte
  2467  01F3  0872               	movf	??_I2C_WriteByte,w
  2468  01F4  07F5               	addwf	I2C_WriteByte@i,f
  2469  01F5                     l1385:
  2470  01F5  3008               	movlw	8
  2471  01F6  0275               	subwf	I2C_WriteByte@i,w
  2472  01F7  1C03               	skipc
  2473  01F8  29FA               	goto	u541
  2474  01F9  29FB               	goto	u540
  2475  01FA                     u541:
  2476  01FA  29E3               	goto	l102
  2477  01FB                     u540:
  2478  01FB                     l1387:
  2479                           
  2480                           ;EAS_Lift_Timer_V2.c: 388:     SDA_Release();
  2481  01FB  232F               	fcall	_SDA_Release
  2482  01FC                     l1389:
  2483                           
  2484                           ;EAS_Lift_Timer_V2.c: 389:     I2C_Delay();
  2485  01FC  22AE               	fcall	_I2C_Delay
  2486  01FD                     l1391:
  2487                           
  2488                           ;EAS_Lift_Timer_V2.c: 391:     SCL_Release();
  2489  01FD  2332               	fcall	_SCL_Release
  2490                           
  2491                           ;EAS_Lift_Timer_V2.c: 392:     I2C_Delay();
  2492  01FE  22AE               	fcall	_I2C_Delay
  2493                           
  2494                           ;EAS_Lift_Timer_V2.c: 394:     ack = (SDA_Read() == 0);
  2495  01FF  2325               	fcall	_SDA_Read
  2496  0200  3A00               	xorlw	0
  2497  0201  1903               	skipnz
  2498  0202  2A04               	goto	u551
  2499  0203  2A06               	goto	u550
  2500  0204                     u551:
  2501  0204  3001               	movlw	1
  2502  0205  2A07               	goto	u560
  2503  0206                     u550:
  2504  0206  3000               	movlw	0
  2505  0207                     u560:
  2506  0207  00F2               	movwf	??_I2C_WriteByte
  2507  0208  0872               	movf	??_I2C_WriteByte,w
  2508  0209  00F4               	movwf	I2C_WriteByte@ack
  2509  020A                     l1393:
  2510                           
  2511                           ;EAS_Lift_Timer_V2.c: 396:     SCL_Low();
  2512  020A  231C               	fcall	_SCL_Low
  2513  020B                     l1395:
  2514                           
  2515                           ;EAS_Lift_Timer_V2.c: 397:     I2C_Delay();
  2516  020B  22AE               	fcall	_I2C_Delay
  2517  020C                     l1397:
  2518                           
  2519                           ;EAS_Lift_Timer_V2.c: 399:     return ack;
  2520  020C  0874               	movf	I2C_WriteByte@ack,w
  2521  020D                     l106:
  2522  020D  0008               	return
  2523  020E                     __end_of_I2C_WriteByte:
  2524                           
  2525                           	psect	text19
  2526  0305                     __ptext19:	
  2527 ;; *************** function _I2C_Stop *****************
  2528 ;; Defined at:
  2529 ;;		line 349 in file "EAS_Lift_Timer_V2.c"
  2530 ;; Parameters:    Size  Location     Type
  2531 ;;		None
  2532 ;; Auto vars:     Size  Location     Type
  2533 ;;		None
  2534 ;; Return value:  Size  Location     Type
  2535 ;;                  1    wreg      void 
  2536 ;; Registers used:
  2537 ;;		wreg, status,2, status,0, pclath, cstack
  2538 ;; Tracked objects:
  2539 ;;		On entry : 0/0
  2540 ;;		On exit  : 0/0
  2541 ;;		Unchanged: 0/0
  2542 ;; Data sizes:     COMMON   BANK0   BANK1
  2543 ;;      Params:         0       0       0
  2544 ;;      Locals:         0       0       0
  2545 ;;      Temps:          0       0       0
  2546 ;;      Totals:         0       0       0
  2547 ;;Total ram usage:        0 bytes
  2548 ;; Hardware stack levels used:    1
  2549 ;; Hardware stack levels required when called:    1
  2550 ;; This function calls:
  2551 ;;		_I2C_Delay
  2552 ;;		_SCL_Release
  2553 ;;		_SDA_Low
  2554 ;;		_SDA_Release
  2555 ;; This function is called by:
  2556 ;;		_DS3231_ReadTime
  2557 ;; This function uses a non-reentrant model
  2558 ;;
  2559                           
  2560                           
  2561                           ;psect for function _I2C_Stop
  2562  0305                     _I2C_Stop:
  2563  0305                     l1353:	
  2564                           ;incstack = 0
  2565                           ; Regs used in _I2C_Stop: [wreg+status,2+status,0+pclath+cstack]
  2566                           
  2567                           
  2568                           ;EAS_Lift_Timer_V2.c: 351:     SDA_Low();
  2569  0305  2317               	fcall	_SDA_Low
  2570  0306                     l1355:
  2571                           
  2572                           ;EAS_Lift_Timer_V2.c: 352:     I2C_Delay();
  2573  0306  22AE               	fcall	_I2C_Delay
  2574  0307                     l1357:
  2575                           
  2576                           ;EAS_Lift_Timer_V2.c: 354:     SCL_Release();
  2577  0307  2332               	fcall	_SCL_Release
  2578                           
  2579                           ;EAS_Lift_Timer_V2.c: 355:     I2C_Delay();
  2580  0308  22AE               	fcall	_I2C_Delay
  2581  0309                     l1359:
  2582                           
  2583                           ;EAS_Lift_Timer_V2.c: 357:     SDA_Release();
  2584  0309  232F               	fcall	_SDA_Release
  2585  030A                     l1361:
  2586                           
  2587                           ;EAS_Lift_Timer_V2.c: 358:     I2C_Delay();
  2588  030A  22AE               	fcall	_I2C_Delay
  2589  030B                     l99:
  2590  030B  0008               	return
  2591  030C                     __end_of_I2C_Stop:
  2592                           
  2593                           	psect	text20
  2594  02FD                     __ptext20:	
  2595 ;; *************** function _I2C_Start *****************
  2596 ;; Defined at:
  2597 ;;		line 336 in file "EAS_Lift_Timer_V2.c"
  2598 ;; Parameters:    Size  Location     Type
  2599 ;;		None
  2600 ;; Auto vars:     Size  Location     Type
  2601 ;;		None
  2602 ;; Return value:  Size  Location     Type
  2603 ;;                  1    wreg      void 
  2604 ;; Registers used:
  2605 ;;		wreg, status,2, status,0, pclath, cstack
  2606 ;; Tracked objects:
  2607 ;;		On entry : 0/0
  2608 ;;		On exit  : 0/0
  2609 ;;		Unchanged: 0/0
  2610 ;; Data sizes:     COMMON   BANK0   BANK1
  2611 ;;      Params:         0       0       0
  2612 ;;      Locals:         0       0       0
  2613 ;;      Temps:          0       0       0
  2614 ;;      Totals:         0       0       0
  2615 ;;Total ram usage:        0 bytes
  2616 ;; Hardware stack levels used:    1
  2617 ;; Hardware stack levels required when called:    1
  2618 ;; This function calls:
  2619 ;;		_I2C_Delay
  2620 ;;		_SCL_Low
  2621 ;;		_SCL_Release
  2622 ;;		_SDA_Low
  2623 ;;		_SDA_Release
  2624 ;; This function is called by:
  2625 ;;		_DS3231_ReadTime
  2626 ;; This function uses a non-reentrant model
  2627 ;;
  2628                           
  2629                           
  2630                           ;psect for function _I2C_Start
  2631  02FD                     _I2C_Start:
  2632  02FD                     l1343:	
  2633                           ;incstack = 0
  2634                           ; Regs used in _I2C_Start: [wreg+status,2+status,0+pclath+cstack]
  2635                           
  2636                           
  2637                           ;EAS_Lift_Timer_V2.c: 338:     SDA_Release();
  2638  02FD  232F               	fcall	_SDA_Release
  2639                           
  2640                           ;EAS_Lift_Timer_V2.c: 339:     SCL_Release();
  2641  02FE  2332               	fcall	_SCL_Release
  2642  02FF                     l1345:
  2643                           
  2644                           ;EAS_Lift_Timer_V2.c: 340:     I2C_Delay();
  2645  02FF  22AE               	fcall	_I2C_Delay
  2646  0300                     l1347:
  2647                           
  2648                           ;EAS_Lift_Timer_V2.c: 342:     SDA_Low();
  2649  0300  2317               	fcall	_SDA_Low
  2650                           
  2651                           ;EAS_Lift_Timer_V2.c: 343:     I2C_Delay();
  2652  0301  22AE               	fcall	_I2C_Delay
  2653  0302                     l1349:
  2654                           
  2655                           ;EAS_Lift_Timer_V2.c: 345:     SCL_Low();
  2656  0302  231C               	fcall	_SCL_Low
  2657  0303                     l1351:
  2658                           
  2659                           ;EAS_Lift_Timer_V2.c: 346:     I2C_Delay();
  2660  0303  22AE               	fcall	_I2C_Delay
  2661  0304                     l96:
  2662  0304  0008               	return
  2663  0305                     __end_of_I2C_Start:
  2664                           
  2665                           	psect	text21
  2666  020E                     __ptext21:	
  2667 ;; *************** function _I2C_ReadByte *****************
  2668 ;; Defined at:
  2669 ;;		line 402 in file "EAS_Lift_Timer_V2.c"
  2670 ;; Parameters:    Size  Location     Type
  2671 ;;  send_ack        1    wreg     _Bool 
  2672 ;; Auto vars:     Size  Location     Type
  2673 ;;  send_ack        1    3[COMMON] _Bool 
  2674 ;;  i               1    5[COMMON] unsigned char 
  2675 ;;  data            1    4[COMMON] unsigned char 
  2676 ;; Return value:  Size  Location     Type
  2677 ;;                  1    wreg      unsigned char 
  2678 ;; Registers used:
  2679 ;;		wreg, status,2, status,0, pclath, cstack
  2680 ;; Tracked objects:
  2681 ;;		On entry : 0/0
  2682 ;;		On exit  : 0/0
  2683 ;;		Unchanged: 0/0
  2684 ;; Data sizes:     COMMON   BANK0   BANK1
  2685 ;;      Params:         0       0       0
  2686 ;;      Locals:         3       0       0
  2687 ;;      Temps:          1       0       0
  2688 ;;      Totals:         4       0       0
  2689 ;;Total ram usage:        4 bytes
  2690 ;; Hardware stack levels used:    1
  2691 ;; Hardware stack levels required when called:    1
  2692 ;; This function calls:
  2693 ;;		_I2C_Delay
  2694 ;;		_SCL_Low
  2695 ;;		_SCL_Release
  2696 ;;		_SDA_Low
  2697 ;;		_SDA_Read
  2698 ;;		_SDA_Release
  2699 ;; This function is called by:
  2700 ;;		_DS3231_ReadTime
  2701 ;; This function uses a non-reentrant model
  2702 ;;
  2703                           
  2704                           
  2705                           ;psect for function _I2C_ReadByte
  2706  020E                     _I2C_ReadByte:
  2707                           
  2708                           ;incstack = 0
  2709                           ; Regs used in _I2C_ReadByte: [wreg+status,2+status,0+pclath+cstack]
  2710                           ;I2C_ReadByte@send_ack stored from wreg
  2711  020E  00F3               	movwf	I2C_ReadByte@send_ack
  2712  020F                     l1401:
  2713                           
  2714                           ;EAS_Lift_Timer_V2.c: 402: static uint8_t I2C_ReadByte(_Bool send_ack);EAS_Lift_Timer_V2
      +                          .c: 403: {;EAS_Lift_Timer_V2.c: 404:     uint8_t i;;EAS_Lift_Timer_V2.c: 405:     uint8_
      +                          t data = 0;
  2715  020F  01F4               	clrf	I2C_ReadByte@data
  2716  0210                     l1403:
  2717                           
  2718                           ;EAS_Lift_Timer_V2.c: 407:     SDA_Release();
  2719  0210  232F               	fcall	_SDA_Release
  2720  0211                     l1405:
  2721                           
  2722                           ;EAS_Lift_Timer_V2.c: 409:     for (i = 0; i < 8; i++)
  2723  0211  01F5               	clrf	I2C_ReadByte@i
  2724  0212                     l1411:
  2725                           
  2726                           ;EAS_Lift_Timer_V2.c: 410:     {;EAS_Lift_Timer_V2.c: 411:         data <<= 1;
  2727  0212  1003               	clrc
  2728  0213  0DF4               	rlf	I2C_ReadByte@data,f
  2729  0214                     l1413:
  2730                           
  2731                           ;EAS_Lift_Timer_V2.c: 413:         SCL_Release();
  2732  0214  2332               	fcall	_SCL_Release
  2733                           
  2734                           ;EAS_Lift_Timer_V2.c: 414:         I2C_Delay();
  2735  0215  22AE               	fcall	_I2C_Delay
  2736                           
  2737                           ;EAS_Lift_Timer_V2.c: 416:         if (SDA_Read() != 0)
  2738  0216  2325               	fcall	_SDA_Read
  2739  0217  3A00               	xorlw	0
  2740  0218  1903               	skipnz
  2741  0219  2A1B               	goto	u571
  2742  021A  2A1C               	goto	u570
  2743  021B                     u571:
  2744  021B  2A1D               	goto	l1417
  2745  021C                     u570:
  2746  021C                     l1415:
  2747                           
  2748                           ;EAS_Lift_Timer_V2.c: 417:         {;EAS_Lift_Timer_V2.c: 418:             data |= 1;
  2749  021C  1474               	bsf	I2C_ReadByte@data,0
  2750  021D                     l1417:
  2751                           
  2752                           ;EAS_Lift_Timer_V2.c: 421:         SCL_Low();
  2753  021D  231C               	fcall	_SCL_Low
  2754  021E                     l1419:
  2755                           
  2756                           ;EAS_Lift_Timer_V2.c: 422:         I2C_Delay();
  2757  021E  22AE               	fcall	_I2C_Delay
  2758  021F                     l1421:
  2759                           
  2760                           ;EAS_Lift_Timer_V2.c: 423:     }
  2761  021F  3001               	movlw	1
  2762  0220  00F2               	movwf	??_I2C_ReadByte
  2763  0221  0872               	movf	??_I2C_ReadByte,w
  2764  0222  07F5               	addwf	I2C_ReadByte@i,f
  2765  0223                     l1423:
  2766  0223  3008               	movlw	8
  2767  0224  0275               	subwf	I2C_ReadByte@i,w
  2768  0225  1C03               	skipc
  2769  0226  2A28               	goto	u581
  2770  0227  2A29               	goto	u580
  2771  0228                     u581:
  2772  0228  2A12               	goto	l1411
  2773  0229                     u580:
  2774  0229                     l1425:
  2775                           
  2776                           ;EAS_Lift_Timer_V2.c: 425:     if (send_ack)
  2777  0229  0873               	movf	I2C_ReadByte@send_ack,w
  2778  022A  1903               	btfsc	3,2
  2779  022B  2A2D               	goto	u591
  2780  022C  2A2E               	goto	u590
  2781  022D                     u591:
  2782  022D  2A30               	goto	l1429
  2783  022E                     u590:
  2784  022E                     l1427:
  2785                           
  2786                           ;EAS_Lift_Timer_V2.c: 426:     {;EAS_Lift_Timer_V2.c: 427:         SDA_Low();
  2787  022E  2317               	fcall	_SDA_Low
  2788                           
  2789                           ;EAS_Lift_Timer_V2.c: 428:     }
  2790  022F  2A31               	goto	l1431
  2791  0230                     l1429:
  2792                           
  2793                           ;EAS_Lift_Timer_V2.c: 430:     {;EAS_Lift_Timer_V2.c: 431:         SDA_Release();
  2794  0230  232F               	fcall	_SDA_Release
  2795  0231                     l1431:
  2796                           
  2797                           ;EAS_Lift_Timer_V2.c: 434:     I2C_Delay();
  2798  0231  22AE               	fcall	_I2C_Delay
  2799  0232                     l1433:
  2800                           
  2801                           ;EAS_Lift_Timer_V2.c: 436:     SCL_Release();
  2802  0232  2332               	fcall	_SCL_Release
  2803                           
  2804                           ;EAS_Lift_Timer_V2.c: 437:     I2C_Delay();
  2805  0233  22AE               	fcall	_I2C_Delay
  2806  0234                     l1435:
  2807                           
  2808                           ;EAS_Lift_Timer_V2.c: 439:     SCL_Low();
  2809  0234  231C               	fcall	_SCL_Low
  2810  0235                     l1437:
  2811                           
  2812                           ;EAS_Lift_Timer_V2.c: 440:     I2C_Delay();
  2813  0235  22AE               	fcall	_I2C_Delay
  2814                           
  2815                           ;EAS_Lift_Timer_V2.c: 442:     SDA_Release();
  2816  0236  232F               	fcall	_SDA_Release
  2817  0237                     l1439:
  2818                           
  2819                           ;EAS_Lift_Timer_V2.c: 444:     return data;
  2820  0237  0874               	movf	I2C_ReadByte@data,w
  2821  0238                     l114:
  2822  0238  0008               	return
  2823  0239                     __end_of_I2C_ReadByte:
  2824                           
  2825                           	psect	text22
  2826  032F                     __ptext22:	
  2827 ;; *************** function _SDA_Release *****************
  2828 ;; Defined at:
  2829 ;;		line 305 in file "EAS_Lift_Timer_V2.c"
  2830 ;; Parameters:    Size  Location     Type
  2831 ;;		None
  2832 ;; Auto vars:     Size  Location     Type
  2833 ;;		None
  2834 ;; Return value:  Size  Location     Type
  2835 ;;                  1    wreg      void 
  2836 ;; Registers used:
  2837 ;;		None
  2838 ;; Tracked objects:
  2839 ;;		On entry : 0/0
  2840 ;;		On exit  : 0/0
  2841 ;;		Unchanged: 0/0
  2842 ;; Data sizes:     COMMON   BANK0   BANK1
  2843 ;;      Params:         0       0       0
  2844 ;;      Locals:         0       0       0
  2845 ;;      Temps:          0       0       0
  2846 ;;      Totals:         0       0       0
  2847 ;;Total ram usage:        0 bytes
  2848 ;; Hardware stack levels used:    1
  2849 ;; This function calls:
  2850 ;;		Nothing
  2851 ;; This function is called by:
  2852 ;;		_I2C_Init
  2853 ;;		_I2C_Start
  2854 ;;		_I2C_Stop
  2855 ;;		_I2C_WriteByte
  2856 ;;		_I2C_ReadByte
  2857 ;;		_Init_Device
  2858 ;; This function uses a non-reentrant model
  2859 ;;
  2860                           
  2861                           
  2862                           ;psect for function _SDA_Release
  2863  032F                     _SDA_Release:
  2864  032F                     l1305:	
  2865                           ;incstack = 0
  2866                           ; Regs used in _SDA_Release: []
  2867                           
  2868                           
  2869                           ;EAS_Lift_Timer_V2.c: 307:     TRISIObits.TRISIO1 = 1;
  2870  032F  1683               	bsf	3,5	;RP0=1, select bank1
  2871  0330  1485               	bsf	5,1	;volatile
  2872  0331                     l81:
  2873  0331  0008               	return
  2874  0332                     __end_of_SDA_Release:
  2875                           
  2876                           	psect	text23
  2877  0325                     __ptext23:	
  2878 ;; *************** function _SDA_Read *****************
  2879 ;; Defined at:
  2880 ;;		line 321 in file "EAS_Lift_Timer_V2.c"
  2881 ;; Parameters:    Size  Location     Type
  2882 ;;		None
  2883 ;; Auto vars:     Size  Location     Type
  2884 ;;		None
  2885 ;; Return value:  Size  Location     Type
  2886 ;;                  1    wreg      unsigned char 
  2887 ;; Registers used:
  2888 ;;		wreg, status,2, status,0
  2889 ;; Tracked objects:
  2890 ;;		On entry : 0/0
  2891 ;;		On exit  : 0/0
  2892 ;;		Unchanged: 0/0
  2893 ;; Data sizes:     COMMON   BANK0   BANK1
  2894 ;;      Params:         0       0       0
  2895 ;;      Locals:         0       0       0
  2896 ;;      Temps:          0       0       0
  2897 ;;      Totals:         0       0       0
  2898 ;;Total ram usage:        0 bytes
  2899 ;; Hardware stack levels used:    1
  2900 ;; This function calls:
  2901 ;;		Nothing
  2902 ;; This function is called by:
  2903 ;;		_I2C_WriteByte
  2904 ;;		_I2C_ReadByte
  2905 ;; This function uses a non-reentrant model
  2906 ;;
  2907                           
  2908                           
  2909                           ;psect for function _SDA_Read
  2910  0325                     _SDA_Read:
  2911  0325                     l1311:	
  2912                           ;incstack = 0
  2913                           ; Regs used in _SDA_Read: [wreg+status,2+status,0]
  2914                           
  2915                           
  2916                           ;EAS_Lift_Timer_V2.c: 323:     return GPIObits.GP1;
  2917  0325  1283               	bcf	3,5	;RP0=0, select bank0
  2918  0326  0C05               	rrf	5,w	;volatile
  2919  0327  3901               	andlw	1
  2920  0328                     l90:
  2921  0328  0008               	return
  2922  0329                     __end_of_SDA_Read:
  2923                           
  2924                           	psect	text24
  2925  0317                     __ptext24:	
  2926 ;; *************** function _SDA_Low *****************
  2927 ;; Defined at:
  2928 ;;		line 299 in file "EAS_Lift_Timer_V2.c"
  2929 ;; Parameters:    Size  Location     Type
  2930 ;;		None
  2931 ;; Auto vars:     Size  Location     Type
  2932 ;;		None
  2933 ;; Return value:  Size  Location     Type
  2934 ;;                  1    wreg      void 
  2935 ;; Registers used:
  2936 ;;		None
  2937 ;; Tracked objects:
  2938 ;;		On entry : 0/0
  2939 ;;		On exit  : 0/0
  2940 ;;		Unchanged: 0/0
  2941 ;; Data sizes:     COMMON   BANK0   BANK1
  2942 ;;      Params:         0       0       0
  2943 ;;      Locals:         0       0       0
  2944 ;;      Temps:          0       0       0
  2945 ;;      Totals:         0       0       0
  2946 ;;Total ram usage:        0 bytes
  2947 ;; Hardware stack levels used:    1
  2948 ;; This function calls:
  2949 ;;		Nothing
  2950 ;; This function is called by:
  2951 ;;		_I2C_Start
  2952 ;;		_I2C_Stop
  2953 ;;		_I2C_WriteByte
  2954 ;;		_I2C_ReadByte
  2955 ;; This function uses a non-reentrant model
  2956 ;;
  2957                           
  2958                           
  2959                           ;psect for function _SDA_Low
  2960  0317                     _SDA_Low:
  2961  0317                     l1303:	
  2962                           ;incstack = 0
  2963                           ; Regs used in _SDA_Low: []
  2964                           
  2965                           
  2966                           ;EAS_Lift_Timer_V2.c: 301:     GPIObits.GP1 = 0;
  2967  0317  1283               	bcf	3,5	;RP0=0, select bank0
  2968  0318  1085               	bcf	5,1	;volatile
  2969                           
  2970                           ;EAS_Lift_Timer_V2.c: 302:     TRISIObits.TRISIO1 = 0;
  2971  0319  1683               	bsf	3,5	;RP0=1, select bank1
  2972  031A  1085               	bcf	5,1	;volatile
  2973  031B                     l78:
  2974  031B  0008               	return
  2975  031C                     __end_of_SDA_Low:
  2976                           
  2977                           	psect	text25
  2978  0332                     __ptext25:	
  2979 ;; *************** function _SCL_Release *****************
  2980 ;; Defined at:
  2981 ;;		line 316 in file "EAS_Lift_Timer_V2.c"
  2982 ;; Parameters:    Size  Location     Type
  2983 ;;		None
  2984 ;; Auto vars:     Size  Location     Type
  2985 ;;		None
  2986 ;; Return value:  Size  Location     Type
  2987 ;;                  1    wreg      void 
  2988 ;; Registers used:
  2989 ;;		None
  2990 ;; Tracked objects:
  2991 ;;		On entry : 0/0
  2992 ;;		On exit  : 0/0
  2993 ;;		Unchanged: 0/0
  2994 ;; Data sizes:     COMMON   BANK0   BANK1
  2995 ;;      Params:         0       0       0
  2996 ;;      Locals:         0       0       0
  2997 ;;      Temps:          0       0       0
  2998 ;;      Totals:         0       0       0
  2999 ;;Total ram usage:        0 bytes
  3000 ;; Hardware stack levels used:    1
  3001 ;; This function calls:
  3002 ;;		Nothing
  3003 ;; This function is called by:
  3004 ;;		_I2C_Init
  3005 ;;		_I2C_Start
  3006 ;;		_I2C_Stop
  3007 ;;		_I2C_WriteByte
  3008 ;;		_I2C_ReadByte
  3009 ;;		_Init_Device
  3010 ;; This function uses a non-reentrant model
  3011 ;;
  3012                           
  3013                           
  3014                           ;psect for function _SCL_Release
  3015  0332                     _SCL_Release:
  3016  0332                     l1309:	
  3017                           ;incstack = 0
  3018                           ; Regs used in _SCL_Release: []
  3019                           
  3020                           
  3021                           ;EAS_Lift_Timer_V2.c: 318:     TRISIObits.TRISIO2 = 1;
  3022  0332  1683               	bsf	3,5	;RP0=1, select bank1
  3023  0333  1505               	bsf	5,2	;volatile
  3024  0334                     l87:
  3025  0334  0008               	return
  3026  0335                     __end_of_SCL_Release:
  3027                           
  3028                           	psect	text26
  3029  031C                     __ptext26:	
  3030 ;; *************** function _SCL_Low *****************
  3031 ;; Defined at:
  3032 ;;		line 310 in file "EAS_Lift_Timer_V2.c"
  3033 ;; Parameters:    Size  Location     Type
  3034 ;;		None
  3035 ;; Auto vars:     Size  Location     Type
  3036 ;;		None
  3037 ;; Return value:  Size  Location     Type
  3038 ;;                  1    wreg      void 
  3039 ;; Registers used:
  3040 ;;		None
  3041 ;; Tracked objects:
  3042 ;;		On entry : 0/0
  3043 ;;		On exit  : 0/0
  3044 ;;		Unchanged: 0/0
  3045 ;; Data sizes:     COMMON   BANK0   BANK1
  3046 ;;      Params:         0       0       0
  3047 ;;      Locals:         0       0       0
  3048 ;;      Temps:          0       0       0
  3049 ;;      Totals:         0       0       0
  3050 ;;Total ram usage:        0 bytes
  3051 ;; Hardware stack levels used:    1
  3052 ;; This function calls:
  3053 ;;		Nothing
  3054 ;; This function is called by:
  3055 ;;		_I2C_Start
  3056 ;;		_I2C_WriteByte
  3057 ;;		_I2C_ReadByte
  3058 ;; This function uses a non-reentrant model
  3059 ;;
  3060                           
  3061                           
  3062                           ;psect for function _SCL_Low
  3063  031C                     _SCL_Low:
  3064  031C                     l1307:	
  3065                           ;incstack = 0
  3066                           ; Regs used in _SCL_Low: []
  3067                           
  3068                           
  3069                           ;EAS_Lift_Timer_V2.c: 312:     GPIObits.GP2 = 0;
  3070  031C  1283               	bcf	3,5	;RP0=0, select bank0
  3071  031D  1105               	bcf	5,2	;volatile
  3072                           
  3073                           ;EAS_Lift_Timer_V2.c: 313:     TRISIObits.TRISIO2 = 0;
  3074  031E  1683               	bsf	3,5	;RP0=1, select bank1
  3075  031F  1105               	bcf	5,2	;volatile
  3076  0320                     l84:
  3077  0320  0008               	return
  3078  0321                     __end_of_SCL_Low:
  3079                           
  3080                           	psect	text27
  3081  02AE                     __ptext27:	
  3082 ;; *************** function _I2C_Delay *****************
  3083 ;; Defined at:
  3084 ;;		line 286 in file "EAS_Lift_Timer_V2.c"
  3085 ;; Parameters:    Size  Location     Type
  3086 ;;		None
  3087 ;; Auto vars:     Size  Location     Type
  3088 ;;  i               1    1[COMMON] volatile unsigned char 
  3089 ;; Return value:  Size  Location     Type
  3090 ;;                  1    wreg      void 
  3091 ;; Registers used:
  3092 ;;		wreg, status,2, status,0
  3093 ;; Tracked objects:
  3094 ;;		On entry : 0/0
  3095 ;;		On exit  : 0/0
  3096 ;;		Unchanged: 0/0
  3097 ;; Data sizes:     COMMON   BANK0   BANK1
  3098 ;;      Params:         0       0       0
  3099 ;;      Locals:         1       0       0
  3100 ;;      Temps:          1       0       0
  3101 ;;      Totals:         2       0       0
  3102 ;;Total ram usage:        2 bytes
  3103 ;; Hardware stack levels used:    1
  3104 ;; This function calls:
  3105 ;;		Nothing
  3106 ;; This function is called by:
  3107 ;;		_I2C_Init
  3108 ;;		_I2C_Start
  3109 ;;		_I2C_Stop
  3110 ;;		_I2C_WriteByte
  3111 ;;		_I2C_ReadByte
  3112 ;; This function uses a non-reentrant model
  3113 ;;
  3114                           
  3115                           
  3116                           ;psect for function _I2C_Delay
  3117  02AE                     _I2C_Delay:
  3118  02AE                     l1293:	
  3119                           ;incstack = 0
  3120                           ; Regs used in _I2C_Delay: [wreg+status,2+status,0]
  3121                           
  3122                           
  3123                           ;EAS_Lift_Timer_V2.c: 288:     volatile uint8_t i;;EAS_Lift_Timer_V2.c: 290:     for (i 
      +                          = 0; i < 50; i++)
  3124  02AE  01F1               	clrf	I2C_Delay@i	;volatile
  3125  02AF                     l1295:
  3126  02AF  3032               	movlw	50
  3127  02B0  0271               	subwf	I2C_Delay@i,w	;volatile
  3128  02B1  1C03               	skipc
  3129  02B2  2AB4               	goto	u491
  3130  02B3  2AB5               	goto	u490
  3131  02B4                     u491:
  3132  02B4  2AB6               	goto	l1299
  3133  02B5                     u490:
  3134  02B5  2ABB               	goto	l75
  3135  02B6                     l1299:
  3136                           
  3137                           ;EAS_Lift_Timer_V2.c: 291:     {;EAS_Lift_Timer_V2.c: 293:     }
  3138  02B6  3001               	movlw	1
  3139  02B7  00F0               	movwf	??_I2C_Delay
  3140  02B8  0870               	movf	??_I2C_Delay,w
  3141  02B9  07F1               	addwf	I2C_Delay@i,f	;volatile
  3142  02BA  2AAF               	goto	l1295
  3143  02BB                     l75:
  3144  02BB  0008               	return
  3145  02BC                     __end_of_I2C_Delay:
  3146                           
  3147                           	psect	text28
  3148  0239                     __ptext28:	
  3149 ;; *************** function _BCD_To_Dec *****************
  3150 ;; Defined at:
  3151 ;;		line 450 in file "EAS_Lift_Timer_V2.c"
  3152 ;; Parameters:    Size  Location     Type
  3153 ;;  bcd             1    wreg     unsigned char 
  3154 ;; Auto vars:     Size  Location     Type
  3155 ;;  bcd             1    8[COMMON] unsigned char 
  3156 ;;  ones            1    7[COMMON] unsigned char 
  3157 ;;  tens            1    6[COMMON] unsigned char 
  3158 ;; Return value:  Size  Location     Type
  3159 ;;                  1    wreg      unsigned char 
  3160 ;; Registers used:
  3161 ;;		wreg, status,2, status,0, pclath, cstack
  3162 ;; Tracked objects:
  3163 ;;		On entry : 0/0
  3164 ;;		On exit  : 0/0
  3165 ;;		Unchanged: 0/0
  3166 ;; Data sizes:     COMMON   BANK0   BANK1
  3167 ;;      Params:         0       0       0
  3168 ;;      Locals:         3       0       0
  3169 ;;      Temps:          2       0       0
  3170 ;;      Totals:         5       0       0
  3171 ;;Total ram usage:        5 bytes
  3172 ;; Hardware stack levels used:    1
  3173 ;; Hardware stack levels required when called:    1
  3174 ;; This function calls:
  3175 ;;		___bmul
  3176 ;; This function is called by:
  3177 ;;		_DS3231_ReadTime
  3178 ;; This function uses a non-reentrant model
  3179 ;;
  3180                           
  3181                           
  3182                           ;psect for function _BCD_To_Dec
  3183  0239                     _BCD_To_Dec:
  3184                           
  3185                           ;incstack = 0
  3186                           ; Regs used in _BCD_To_Dec: [wreg+status,2+status,0+pclath+cstack]
  3187                           ;BCD_To_Dec@bcd stored from wreg
  3188  0239  00F8               	movwf	BCD_To_Dec@bcd
  3189  023A                     l1443:
  3190                           
  3191                           ;EAS_Lift_Timer_V2.c: 450: static uint8_t BCD_To_Dec(uint8_t bcd);EAS_Lift_Timer_V2.c: 4
      +                          51: {;EAS_Lift_Timer_V2.c: 452:     uint8_t tens;;EAS_Lift_Timer_V2.c: 453:     uint8_t 
      +                          ones;;EAS_Lift_Timer_V2.c: 455:     tens = (uint8_t)((bcd >> 4) & 0x0F);
  3192  023A  0878               	movf	BCD_To_Dec@bcd,w
  3193  023B  00F4               	movwf	??_BCD_To_Dec
  3194  023C  3004               	movlw	4
  3195  023D                     u605:
  3196  023D  1003               	clrc
  3197  023E  0CF4               	rrf	??_BCD_To_Dec,f
  3198  023F  3EFF               	addlw	-1
  3199  0240  1D03               	skipz
  3200  0241  2A3D               	goto	u605
  3201  0242  0874               	movf	??_BCD_To_Dec,w
  3202  0243  390F               	andlw	15
  3203  0244  00F5               	movwf	??_BCD_To_Dec+1
  3204  0245  0875               	movf	??_BCD_To_Dec+1,w
  3205  0246  00F6               	movwf	BCD_To_Dec@tens
  3206  0247                     l1445:
  3207                           
  3208                           ;EAS_Lift_Timer_V2.c: 456:     ones = (uint8_t)(bcd & 0x0F);
  3209  0247  0878               	movf	BCD_To_Dec@bcd,w
  3210  0248  390F               	andlw	15
  3211  0249  00F4               	movwf	??_BCD_To_Dec
  3212  024A  0874               	movf	??_BCD_To_Dec,w
  3213  024B  00F7               	movwf	BCD_To_Dec@ones
  3214  024C                     l1447:
  3215                           
  3216                           ;EAS_Lift_Timer_V2.c: 458:     return (uint8_t)((tens * 10) + ones);
  3217  024C  300A               	movlw	10
  3218  024D  00F4               	movwf	??_BCD_To_Dec
  3219  024E  0874               	movf	??_BCD_To_Dec,w
  3220  024F  00F0               	movwf	___bmul@multiplicand
  3221  0250  0876               	movf	BCD_To_Dec@tens,w
  3222  0251  2287               	fcall	___bmul
  3223  0252  0777               	addwf	BCD_To_Dec@ones,w
  3224  0253                     l117:
  3225  0253  0008               	return
  3226  0254                     __end_of_BCD_To_Dec:
  3227                           
  3228                           	psect	text29
  3229  0287                     __ptext29:	
  3230 ;; *************** function ___bmul *****************
  3231 ;; Defined at:
  3232 ;;		line 4 in file "C:\Program Files\Microchip\xc8\v2.31\pic\sources\c90\common\Umul8.c"
  3233 ;; Parameters:    Size  Location     Type
  3234 ;;  multiplier      1    wreg     unsigned char 
  3235 ;;  multiplicand    1    0[COMMON] unsigned char 
  3236 ;; Auto vars:     Size  Location     Type
  3237 ;;  multiplier      1    3[COMMON] unsigned char 
  3238 ;;  product         1    2[COMMON] unsigned char 
  3239 ;; Return value:  Size  Location     Type
  3240 ;;                  1    wreg      unsigned char 
  3241 ;; Registers used:
  3242 ;;		wreg, status,2, status,0
  3243 ;; Tracked objects:
  3244 ;;		On entry : 0/0
  3245 ;;		On exit  : 0/0
  3246 ;;		Unchanged: 0/0
  3247 ;; Data sizes:     COMMON   BANK0   BANK1
  3248 ;;      Params:         1       0       0
  3249 ;;      Locals:         2       0       0
  3250 ;;      Temps:          1       0       0
  3251 ;;      Totals:         4       0       0
  3252 ;;Total ram usage:        4 bytes
  3253 ;; Hardware stack levels used:    1
  3254 ;; This function calls:
  3255 ;;		Nothing
  3256 ;; This function is called by:
  3257 ;;		_BCD_To_Dec
  3258 ;; This function uses a non-reentrant model
  3259 ;;
  3260                           
  3261                           
  3262                           ;psect for function ___bmul
  3263  0287                     ___bmul:
  3264                           
  3265                           ;incstack = 0
  3266                           ; Regs used in ___bmul: [wreg+status,2+status,0]
  3267                           ;___bmul@multiplier stored from wreg
  3268  0287  00F3               	movwf	___bmul@multiplier
  3269  0288                     l1315:
  3270  0288  01F2               	clrf	___bmul@product
  3271  0289                     l1317:
  3272  0289  1C73               	btfss	___bmul@multiplier,0
  3273  028A  2A8C               	goto	u501
  3274  028B  2A8D               	goto	u500
  3275  028C                     u501:
  3276  028C  2A91               	goto	l1321
  3277  028D                     u500:
  3278  028D                     l1319:
  3279  028D  0870               	movf	___bmul@multiplicand,w
  3280  028E  00F1               	movwf	??___bmul
  3281  028F  0871               	movf	??___bmul,w
  3282  0290  07F2               	addwf	___bmul@product,f
  3283  0291                     l1321:
  3284  0291  1003               	clrc
  3285  0292  0DF0               	rlf	___bmul@multiplicand,f
  3286  0293                     l1323:
  3287  0293  1003               	clrc
  3288  0294  0CF3               	rrf	___bmul@multiplier,f
  3289  0295  0873               	movf	___bmul@multiplier,w
  3290  0296  1D03               	btfss	3,2
  3291  0297  2A99               	goto	u511
  3292  0298  2A9A               	goto	u510
  3293  0299                     u511:
  3294  0299  2A89               	goto	l1317
  3295  029A                     u510:
  3296  029A                     l1325:
  3297  029A  0872               	movf	___bmul@product,w
  3298  029B                     l297:
  3299  029B  0008               	return
  3300  029C                     __end_of___bmul:
  3301                           
  3302                           	psect	text30
  3303  017C                     __ptext30:	
  3304 ;; *************** function _Already_Triggered_This_Minute *****************
  3305 ;; Defined at:
  3306 ;;		line 776 in file "EAS_Lift_Timer_V2.c"
  3307 ;; Parameters:    Size  Location     Type
  3308 ;;  now             1    wreg     PTR const struct .
  3309 ;;		 -> main@now(7), 
  3310 ;;  last_hour       1    0[COMMON] unsigned char 
  3311 ;;  last_minute     1    1[COMMON] unsigned char 
  3312 ;;  last_date       1    2[COMMON] unsigned char 
  3313 ;;  last_month      1    3[COMMON] unsigned char 
  3314 ;;  last_year       1    4[COMMON] unsigned char 
  3315 ;; Auto vars:     Size  Location     Type
  3316 ;;  now             1    5[COMMON] PTR const struct .
  3317 ;;		 -> main@now(7), 
  3318 ;; Return value:  Size  Location     Type
  3319 ;;                  1    wreg      _Bool 
  3320 ;; Registers used:
  3321 ;;		wreg, fsr0l, fsr0h, status,2, status,0
  3322 ;; Tracked objects:
  3323 ;;		On entry : 0/0
  3324 ;;		On exit  : 0/0
  3325 ;;		Unchanged: 0/0
  3326 ;; Data sizes:     COMMON   BANK0   BANK1
  3327 ;;      Params:         5       0       0
  3328 ;;      Locals:         1       0       0
  3329 ;;      Temps:          0       0       0
  3330 ;;      Totals:         6       0       0
  3331 ;;Total ram usage:        6 bytes
  3332 ;; Hardware stack levels used:    1
  3333 ;; This function calls:
  3334 ;;		Nothing
  3335 ;; This function is called by:
  3336 ;;		_main
  3337 ;; This function uses a non-reentrant model
  3338 ;;
  3339                           
  3340                           
  3341                           ;psect for function _Already_Triggered_This_Minute
  3342  017C                     _Already_Triggered_This_Minute:
  3343                           
  3344                           ;incstack = 0
  3345                           ; Regs used in _Already_Triggered_This_Minute: [wreg-fsr0h+status,2+status,0]
  3346                           ;Already_Triggered_This_Minute@now stored from wreg
  3347  017C  00F5               	movwf	Already_Triggered_This_Minute@now
  3348  017D                     l1647:
  3349                           
  3350                           ;EAS_Lift_Timer_V2.c: 776: static _Bool Already_Triggered_This_Minute(const RTC_Time *no
      +                          w,;EAS_Lift_Timer_V2.c: 777:                                           uint8_t last_hour
      +                          ,;EAS_Lift_Timer_V2.c: 778:                                           uint8_t last_minut
      +                          e,;EAS_Lift_Timer_V2.c: 779:                                           uint8_t last_date
      +                          ,;EAS_Lift_Timer_V2.c: 780:                                           uint8_t last_month
      +                          ,;EAS_Lift_Timer_V2.c: 781:                                           uint8_t last_year)
  3351  017D  0875               	movf	Already_Triggered_This_Minute@now,w
  3352  017E  3E02               	addlw	2
  3353  017F  0084               	movwf	4
  3354  0180  1383               	bcf	3,7	;select IRP bank0
  3355  0181  0800               	movf	0,w
  3356  0182  0670               	xorwf	Already_Triggered_This_Minute@last_hour,w
  3357  0183  1903               	skipnz
  3358  0184  2986               	goto	u841
  3359  0185  2987               	goto	u840
  3360  0186                     u841:
  3361  0186  2989               	goto	l1653
  3362  0187                     u840:
  3363  0187                     l1649:
  3364                           
  3365                           ;EAS_Lift_Timer_V2.c: 784:     {;EAS_Lift_Timer_V2.c: 785:         return 0;
  3366  0187  3000               	movlw	0
  3367  0188  29B1               	goto	l165
  3368  0189                     l1653:
  3369                           
  3370                           ;EAS_Lift_Timer_V2.c: 788:     if (now->minute != last_minute)
  3371  0189  0A75               	incf	Already_Triggered_This_Minute@now,w
  3372  018A  0084               	movwf	4
  3373  018B  0800               	movf	0,w
  3374  018C  0671               	xorwf	Already_Triggered_This_Minute@last_minute,w
  3375  018D  1903               	skipnz
  3376  018E  2990               	goto	u851
  3377  018F  2991               	goto	u850
  3378  0190                     u851:
  3379  0190  2992               	goto	l1659
  3380  0191                     u850:
  3381  0191  2987               	goto	l1649
  3382  0192                     l1659:
  3383                           
  3384                           ;EAS_Lift_Timer_V2.c: 793:     if (now->date != last_date)
  3385  0192  0875               	movf	Already_Triggered_This_Minute@now,w
  3386  0193  3E04               	addlw	4
  3387  0194  0084               	movwf	4
  3388  0195  0800               	movf	0,w
  3389  0196  0672               	xorwf	Already_Triggered_This_Minute@last_date,w
  3390  0197  1903               	skipnz
  3391  0198  299A               	goto	u861
  3392  0199  299B               	goto	u860
  3393  019A                     u861:
  3394  019A  299C               	goto	l1665
  3395  019B                     u860:
  3396  019B  2987               	goto	l1649
  3397  019C                     l1665:
  3398                           
  3399                           ;EAS_Lift_Timer_V2.c: 798:     if (now->month != last_month)
  3400  019C  0875               	movf	Already_Triggered_This_Minute@now,w
  3401  019D  3E05               	addlw	5
  3402  019E  0084               	movwf	4
  3403  019F  0800               	movf	0,w
  3404  01A0  0673               	xorwf	Already_Triggered_This_Minute@last_month,w
  3405  01A1  1903               	skipnz
  3406  01A2  29A4               	goto	u871
  3407  01A3  29A5               	goto	u870
  3408  01A4                     u871:
  3409  01A4  29A6               	goto	l1671
  3410  01A5                     u870:
  3411  01A5  2987               	goto	l1649
  3412  01A6                     l1671:
  3413                           
  3414                           ;EAS_Lift_Timer_V2.c: 803:     if (now->year != last_year)
  3415  01A6  0875               	movf	Already_Triggered_This_Minute@now,w
  3416  01A7  3E06               	addlw	6
  3417  01A8  0084               	movwf	4
  3418  01A9  0800               	movf	0,w
  3419  01AA  0674               	xorwf	Already_Triggered_This_Minute@last_year,w
  3420  01AB  1903               	skipnz
  3421  01AC  29AE               	goto	u881
  3422  01AD  29AF               	goto	u880
  3423  01AE                     u881:
  3424  01AE  29B0               	goto	l1677
  3425  01AF                     u880:
  3426  01AF  2987               	goto	l1649
  3427  01B0                     l1677:
  3428                           
  3429                           ;EAS_Lift_Timer_V2.c: 808:     return 1;
  3430  01B0  3001               	movlw	1
  3431  01B1                     l165:
  3432  01B1  0008               	return
  3433  01B2                     __end_of_Already_Triggered_This_Minute:
  3434  007E                     btemp	set	126	;btemp
  3435  007E                     wtemp0	set	126
  3436                           
  3437                           	psect	config
  3438                           
  3439                           ;Config register CONFIG @ 0x2007
  3440                           ;	Oscillator Selection bits
  3441                           ;	FOSC = INTOSCIO, INTOSCIO oscillator: I/O function on RA4/OSC2/CLKOUT pin, I/O functio
      +                          n on RA5/OSC1/CLKIN
  3442                           ;	Watchdog Timer Enable bit
  3443                           ;	WDTE = OFF, WDT disabled
  3444                           ;	Power-up Timer Enable bit
  3445                           ;	PWRTE = ON, PWRT enabled
  3446                           ;	MCLR Pin Function Select bit
  3447                           ;	MCLRE = OFF, MCLR pin function is digital input, MCLR internally tied to VDD
  3448                           ;	Code Protection bit
  3449                           ;	CP = OFF, Program memory code protection is disabled
  3450                           ;	Data Code Protection bit
  3451                           ;	CPD = OFF, Data memory code protection is disabled
  3452                           ;	Brown Out Detect
  3453                           ;	BOREN = ON, BOR enabled
  3454                           ;	Internal External Switchover bit
  3455                           ;	IESO = 0x1, unprogrammed default
  3456                           ;	Fail-Safe Clock Monitor Enabled bit
  3457                           ;	FCMEN = 0x1, unprogrammed default
  3458  2007                     	org	8199
  3459  2007  3FC4               	dw	16324

Data Sizes:
    Strings     0
    Constant    0
    Data        0
    BSS         0
    Persistent  0
    Stack       0

Auto Spaces:
    Space          Size  Autos    Used
    COMMON           14     10      10
    BANK0            80     30      30
    BANK1            32      0       0

Pointer List with Targets:

    Already_Triggered_This_Minute@now	PTR const struct . size(1) Largest target is 7
		 -> main@now(BANK0[7]), 

    Is_Scheduled_Restart_Time@now	PTR const struct . size(1) Largest target is 7
		 -> main@now(BANK0[7]), 

    DS3231_ReadTime@time	PTR struct . size(1) Largest target is 7
		 -> main@now(BANK0[7]), 


Critical Paths under _main in COMMON

    _main->_DS3231_ReadTime
    _Relay_Reset_Pulse->_Delay_Seconds
    _Delay_Seconds->_Delay_Approx_1s
    _Is_Scheduled_Restart_Time->_Is_Mode1_Hour
    _Is_Scheduled_Restart_Time->_Is_Mode2_Hour
    _Is_Scheduled_Restart_Time->_Is_Mode3_Hour
    _I2C_Init->_I2C_Delay
    _Error_Blink_Slow_Forever->_Delay_Approx_1s
    _DS3231_ReadTime->_BCD_To_Dec
    _I2C_WriteByte->_I2C_Delay
    _I2C_Stop->_I2C_Delay
    _I2C_Start->_I2C_Delay
    _I2C_ReadByte->_I2C_Delay
    _BCD_To_Dec->___bmul

Critical Paths under _main in BANK0

    _main->_DS3231_ReadTime

Critical Paths under _main in BANK1

    None.

Call Graph Tables:

 ---------------------------------------------------------------------------------
 (Depth) Function   	        Calls       Base Space   Used Autos Params    Refs
 ---------------------------------------------------------------------------------
 (0) _main                                                20    20      0    2965
                                             10 BANK0     20    20      0
      _Already_Triggered_This_Minute
                    _DS3231_ReadTime
                 _Delay_Approx_250ms
                      _Delay_Seconds
           _Error_Blink_Slow_Forever
                           _I2C_Init
                        _Init_Device
          _Is_Scheduled_Restart_Time
                 _Read_Selected_Mode
                  _Relay_Reset_Pulse
 ---------------------------------------------------------------------------------
 (1) _Relay_Reset_Pulse                                    0     0      0      69
                      _Delay_Seconds
                          _Relay_Off
                           _Relay_On
 ---------------------------------------------------------------------------------
 (2) _Delay_Seconds                                        1     1      0      69
                                              2 COMMON     1     1      0
                    _Delay_Approx_1s
 ---------------------------------------------------------------------------------
 (1) _Read_Selected_Mode                                   2     2      0     134
                                              0 COMMON     2     2      0
 ---------------------------------------------------------------------------------
 (1) _Is_Scheduled_Restart_Time                            4     3      1     318
                                              1 COMMON     4     3      1
                      _Is_Mode1_Hour
                      _Is_Mode2_Hour
                      _Is_Mode3_Hour
 ---------------------------------------------------------------------------------
 (2) _Is_Mode3_Hour                                        1     1      0      22
                                              0 COMMON     1     1      0
 ---------------------------------------------------------------------------------
 (2) _Is_Mode2_Hour                                        1     1      0      44
                                              0 COMMON     1     1      0
 ---------------------------------------------------------------------------------
 (2) _Is_Mode1_Hour                                        1     1      0      66
                                              0 COMMON     1     1      0
 ---------------------------------------------------------------------------------
 (1) _Init_Device                                          0     0      0       0
                          _Relay_Off
                        _SCL_Release
                        _SDA_Release
              _Timer0_Init_For_Delay
 ---------------------------------------------------------------------------------
 (2) _Timer0_Init_For_Delay                                0     0      0       0
 ---------------------------------------------------------------------------------
 (1) _I2C_Init                                             0     0      0      46
                          _I2C_Delay
                        _SCL_Release
                        _SDA_Release
 ---------------------------------------------------------------------------------
 (1) _Error_Blink_Slow_Forever                             0     0      0      46
                    _Delay_Approx_1s
                          _Relay_Off
                           _Relay_On
 ---------------------------------------------------------------------------------
 (2) _Relay_On                                             0     0      0       0
 ---------------------------------------------------------------------------------
 (2) _Relay_Off                                            0     0      0       0
 ---------------------------------------------------------------------------------
 (3) _Delay_Approx_1s                                      2     2      0      46
                                              0 COMMON     2     2      0
                  _Delay_Approx_65ms
 ---------------------------------------------------------------------------------
 (1) _Delay_Approx_250ms                                   2     2      0      46
                                              0 COMMON     2     2      0
                  _Delay_Approx_65ms
 ---------------------------------------------------------------------------------
 (4) _Delay_Approx_65ms                                    0     0      0       0
 ---------------------------------------------------------------------------------
 (1) _DS3231_ReadTime                                     11    11      0    1210
                                              9 COMMON     1     1      0
                                              0 BANK0     10    10      0
                         _BCD_To_Dec
                       _I2C_ReadByte
                          _I2C_Start
                           _I2C_Stop
                      _I2C_WriteByte
 ---------------------------------------------------------------------------------
 (2) _I2C_WriteByte                                        4     4      0     138
                                              2 COMMON     4     4      0
                          _I2C_Delay
                            _SCL_Low
                        _SCL_Release
                            _SDA_Low
                           _SDA_Read
                        _SDA_Release
 ---------------------------------------------------------------------------------
 (2) _I2C_Stop                                             0     0      0      46
                          _I2C_Delay
                        _SCL_Release
                            _SDA_Low
                        _SDA_Release
 ---------------------------------------------------------------------------------
 (2) _I2C_Start                                            0     0      0      46
                          _I2C_Delay
                            _SCL_Low
                        _SCL_Release
                            _SDA_Low
                        _SDA_Release
 ---------------------------------------------------------------------------------
 (2) _I2C_ReadByte                                         4     4      0     139
                                              2 COMMON     4     4      0
                          _I2C_Delay
                            _SCL_Low
                        _SCL_Release
                            _SDA_Low
                           _SDA_Read
                        _SDA_Release
 ---------------------------------------------------------------------------------
 (2) _SDA_Release                                          0     0      0       0
 ---------------------------------------------------------------------------------
 (3) _SDA_Read                                             0     0      0       0
 ---------------------------------------------------------------------------------
 (3) _SDA_Low                                              0     0      0       0
 ---------------------------------------------------------------------------------
 (2) _SCL_Release                                          0     0      0       0
 ---------------------------------------------------------------------------------
 (3) _SCL_Low                                              0     0      0       0
 ---------------------------------------------------------------------------------
 (2) _I2C_Delay                                            2     2      0      46
                                              0 COMMON     2     2      0
 ---------------------------------------------------------------------------------
 (2) _BCD_To_Dec                                           5     5      0     258
                                              4 COMMON     5     5      0
                             ___bmul
 ---------------------------------------------------------------------------------
 (3) ___bmul                                               4     3      1     168
                                              0 COMMON     4     3      1
 ---------------------------------------------------------------------------------
 (1) _Already_Triggered_This_Minute                        6     1      5     633
                                              0 COMMON     6     1      5
 ---------------------------------------------------------------------------------
 Estimated maximum stack depth 4
 ---------------------------------------------------------------------------------

 Call Graph Graphs:

 _main (ROOT)
   _Already_Triggered_This_Minute
   _DS3231_ReadTime
     _BCD_To_Dec
       ___bmul
     _I2C_ReadByte
       _I2C_Delay
       _SCL_Low
       _SCL_Release
       _SDA_Low
       _SDA_Read
       _SDA_Release
     _I2C_Start
       _I2C_Delay
       _SCL_Low
       _SCL_Release
       _SDA_Low
       _SDA_Release
     _I2C_Stop
       _I2C_Delay
       _SCL_Release
       _SDA_Low
       _SDA_Release
     _I2C_WriteByte
       _I2C_Delay
       _SCL_Low
       _SCL_Release
       _SDA_Low
       _SDA_Read
       _SDA_Release
   _Delay_Approx_250ms
     _Delay_Approx_65ms
   _Delay_Seconds
     _Delay_Approx_1s
       _Delay_Approx_65ms
   _Error_Blink_Slow_Forever
     _Delay_Approx_1s
       _Delay_Approx_65ms
     _Relay_Off
     _Relay_On
   _I2C_Init
     _I2C_Delay
     _SCL_Release
     _SDA_Release
   _Init_Device
     _Relay_Off
     _SCL_Release
     _SDA_Release
     _Timer0_Init_For_Delay
   _Is_Scheduled_Restart_Time
     _Is_Mode1_Hour
     _Is_Mode2_Hour
     _Is_Mode3_Hour
   _Read_Selected_Mode
   _Relay_Reset_Pulse
     _Delay_Seconds
       _Delay_Approx_1s
         _Delay_Approx_65ms
     _Relay_Off
     _Relay_On

 Address spaces:
Name               Size   Autos  Total    Cost      Usage
BITCOMMON            E      0       0       0        0.0%
EEDATA             100      0       0       0        0.0%
NULL                 0      0       0       0        0.0%
CODE                 0      0       0       0        0.0%
COMMON               E      A       A       1       71.4%
BITSFR0              0      0       0       1        0.0%
SFR0                 0      0       0       1        0.0%
BITSFR1              0      0       0       2        0.0%
SFR1                 0      0       0       2        0.0%
STACK                0      0       0       2        0.0%
BITBANK0            50      0       0       3        0.0%
BANK0               50     1E      1E       4       37.5%
BANK1               20      0       0       5        0.0%
ABS                  0      0       0       6        0.0%
BITBANK1            20      0       0       7        0.0%
DATA                 0      0       0       8        0.0%


Microchip Technology PIC Macro Assembler V2.31 build 20201012212115 
Symbol Table                                                                                   Sat May 16 12:59:43 2026

                        ?_Delay_Approx_1s 0070                        __size_of_I2C_Delay 000E  
                          ___bmul@product 0072                        ?_Delay_Approx_65ms 0070  
                      __size_of_I2C_Start 0008                                        l30 032E  
                                      l33 0316                                        l42 02FC  
                                      l27 032B                                        l52 02C8  
                                      l36 02F4                                        l39 02F8  
                                      l47 02D5                                        l81 0331  
                                      l90 0328                                        l58 02E0  
                                      l75 02BB                                        l67 030C  
                                      l84 0320                                        l93 0324  
                                      l78 031B                                        l87 0334  
                                      l96 0304                                        l99 030B  
                     ?_Delay_Approx_250ms 0070                           ??_Is_Mode1_Hour 0070  
                         ??_Is_Mode2_Hour 0070                           ??_Is_Mode3_Hour 0070  
                                     l102 01E3                                       l121 00D1  
                                     l114 0238                                       l106 020D  
                                     l117 0253                                       l133 01E0  
                                     l150 02EB                                       l129 00A5  
                                     l145 02AD                                       l154 017B  
                                     l139 0286                                       l172 026D  
                                     l165 01B1                                       l182 0143  
                                     l178 00F3                                       l297 029B  
                                     u500 028D                                       u501 028C  
                                     u510 029A                                       u511 0299  
                                     u520 02E0                                       u521 02DF  
                                     u530 01E7                                       u610 0275  
                                     u531 01E6                                       u611 0274  
                                     u540 01FB                                       u700 0024  
                                     u620 027D                                       u605 023D  
                                     u541 01FA                                       u701 0023  
                                     u621 027C                                       u550 0206  
                                     u710 0069                                       u470 02FC  
                                     u630 0284                                       u551 0204  
                                     u711 0068                                       u471 02FB  
                                     u631 0283                                       u560 0207  
                                     u720 0075                                       u480 02C8  
                                     u640 02A3                                       u800 01D1  
                                     u721 0073                                       u481 02C7  
                                     u641 02A2                                       u801 01D0  
                                     u490 02B5                                       u570 021C  
                                     u730 0076                                       u650 02AB  
                                     u810 01D8                                       u491 02B4  
                                     u571 021B                                       u651 02AA  
                                     u811 01D7                                       u580 0229  
                                     u740 007E                                       u660 02E8  
                                     u820 01DD                                       u900 00FF  
                                     u581 0228                                       u741 007D  
                                     u661 02E7                                       u821 01DC  
                                     u901 00FE                                       u590 022E  
                                     u750 0084                                       u670 02D5  
                                     u830 014F                                       u910 010B  
                                     u591 022D                                       u751 0083  
                                     u671 02D4                                       u831 014E  
                                     u911 010A                                       u840 0187  
                                     u760 0090                                       u680 0011  
                                     u920 012B                                       u841 0186  
                                     u761 008F                                       u681 0010  
                                     u921 012A                                       u850 0191  
                                     u690 001B                                       u770 01C0  
                                     u851 0190                                       u691 001A  
                                     u771 01BF                                       u860 019B  
                                     u780 01C5                                       u861 019A  
                                     u781 01C4                                       u870 01A5  
                                     u790 01CC                                       u871 01A4  
                                     u791 01CB                                       u880 01AF  
                                     u881 01AE                                       u890 00F2  
                                     u891 00F1                       ??_Delay_Approx_65ms 0070  
                                     fsr0 0004                                       indf 0000  
                     __size_of_BCD_To_Dec 001B    Already_Triggered_This_Minute@last_date 0072  
  Already_Triggered_This_Minute@last_hour 0070    Already_Triggered_This_Minute@last_year 0074  
                                    l1303 0317                                      l1311 0325  
                                    l1321 0291                                      l1305 032F  
                                    l1401 020F                                      l1323 0293  
                                    l1315 0288                                      l1307 031C  
                                    l1411 0212                                      l1403 0210  
                                    l1331 032C                                      l1325 029A  
                                    l1317 0289                                      l1309 0332  
                                    l1421 021F                                      l1413 0214  
                                    l1405 0211                                      l1341 02EC  
                                    l1333 02D7                                      l1501 0313  
                                    l1319 028D                                      l1431 0231  
                                    l1423 0223                                      l1415 021C  
                                    l1351 0303                                      l1343 02FD  
                                    l1511 02CA                                      l1335 02D8  
                                    l1503 0315                                      l1433 0232  
                                    l1425 0229                                      l1417 021D  
                                    l1345 02FF                                      l1361 030A  
                                    l1353 0305                                      l1513 02CB  
                                    l1505 02C9                                      l1281 02BC  
                                    l1329 0329                                      l1521 030E  
                                    l1601 01D8                                      l1337 02D9  
                                    l1443 023A                                      l1435 0234  
                                    l1427 022E                                      l1419 021E  
                                    l1347 0300                                      l1355 0306  
                                    l1371 01E9                                      l1363 01E2  
                                    l1531 0012                                      l1515 02CF  
                                    l1291 02C2                                      l1523 0321  
                                    l1451 026F                                      l1611 0147  
                                    l1603 01DD                                      l1339 02DB  
                                    l1445 0247                                      l1293 02AE  
                                    l1437 0235                                      l1429 0230  
                                    l1349 0302                                      l1357 0307  
                                    l1381 01EF                                      l1373 01EA  
                                    l1277 02F5                                      l1517 030C  
                                    l1525 0323                                      l1701 026A  
                                    l1453 0275                                      l1621 0157  
                                    l1613 014F                                      l1447 024C  
                                    l1295 02AF                                      l1439 0237  
                                    l1359 0309                                      l1391 01FD  
                                    l1383 01F1                                      l1375 01EB  
                                    l1551 0025                                      l1543 001C  
                                    l1535 0014                                      l1527 0009  
                                    l1279 02F7                                      l1287 02BD  
                                    l1519 030D                                      l1703 026B  
                                    l1463 027E                                      l1607 01DF  
                                    l1393 020A                                      l1385 01F5  
                                    l1377 01ED                                      l1369 01E7  
                                    l1561 0070                                      l1553 0050  
                                    l1529 0011                                      l1289 02BE  
                                    l1705 026C                                      l1457 0277  
                                    l1473 029D                                      l1625 015D  
                                    l1617 0151                                      l1721 00EB  
                                    l1713 00D2                                      l1299 02B6  
                                    l1395 020B                                      l1387 01FB  
                                    l1379 01EE                                      l1571 0090  
                                    l1563 0079                                      l1555 005B  
                                    l1475 02A3                                      l1491 02E8  
                                    l1731 0126                                      l1723 00F2  
                                    l1715 00E7                                      l1653 0189  
                                    l1397 020C                                      l1389 01FC  
                                    l1573 0091                                      l1565 007E  
                                    l1557 0065                                      l1469 0285  
                                    l1485 02AC                                      l1629 0163  
                                    l1581 01B2                                      l1741 0139  
                                    l1733 012B                                      l1725 00F8  
                                    l1717 00E8                                      l1671 01A6  
                                    l1647 017D                                      l1567 0084  
                                    l1559 0069                                      l1575 009A  
                                    l1479 02A5                                      l1495 02EA  
                                    l1639 0165                                      l1591 01C7  
                                    l1583 01BB                                      l1743 013D  
                                    l1735 012C                                      l1727 00FF  
                                    l1719 00E9                                      l1665 019C  
                                    l1649 0187                                      l1577 00D0  
                                    l1569 008A                                      l1681 0254  
                                    l1489 02E2                                      l1593 01CC  
                                    l1585 01C0                                      l1737 0131  
                                    l1729 010B                                      l1745 0142  
                                    l1659 0192                                      l1691 0262  
                                    l1683 0258                                      l1595 01D1  
                                    l1587 01C5                                      l1499 0312  
                                    l1739 0135                                      l1677 01B0  
                                    l1693 0264                                      l1685 025A  
                                    l1695 0266                                      l1687 025F  
                                    l1599 01D3                                      l1697 0267  
                                    l1689 0260                                      l1777 016D  
                                    l1699 0269                                      _GPIO 0005  
                    ??_Delay_Approx_250ms 0070                                      _TMR0 0001  
                         __end_of_SDA_Low 031C                           __end_of_SCL_Low 0321  
                   __size_of_I2C_ReadByte 002B                                      _main 00D2  
                        __end_of_I2C_Init 0325                                      btemp 007E  
                        __end_of_I2C_Stop 030C                                      start 0004  
               __end_of_Delay_Approx_65ms 02FD                             ??_Init_Device 0070  
                       ___bmul@multiplier 0073                         ??_DS3231_ReadTime 0079  
                                   ?_main 0070                                     _ANSEL 009F  
         ??_Already_Triggered_This_Minute 0075                          __end_of_SDA_Read 0329  
                            _I2C_ReadByte 020E                         __end_of_I2C_Delay 02BC  
                       __end_of_I2C_Start 0305                                     status 0003  
                                   wtemp0 007E                           __initialization 0005  
                            ?_SDA_Release 0070                              __end_of_main 0146  
              ??_Error_Blink_Slow_Forever 0072                       __end_of_Init_Device 026E  
                                  ??_main 002A                          __end_of_Relay_On 032C  
                        Delay_Approx_1s@i 0071                                 ??_SDA_Low 0070  
              ?_Is_Scheduled_Restart_Time 0071                                 ??_SCL_Low 0070  
                                  _ADCON0 001F                              ?_SCL_Release 0070  
                  __size_of_I2C_WriteByte 002D                                    _CMCON0 0019  
                                  _TRISIO 0085                              ??_BCD_To_Dec 0074  
              __size_of_Delay_Approx_65ms 0008                                    ___bmul 0287  
                      __size_of_Relay_Off 0003             Is_Scheduled_Restart_Time@mode 0074  
                               ?_I2C_Init 0070                                 ?_I2C_Stop 0070  
                      __end_of_BCD_To_Dec 0254         __end_of_Is_Scheduled_Restart_Time 017C  
   __end_of_Already_Triggered_This_Minute 01B2    __size_of_Already_Triggered_This_Minute 0036  
           _Already_Triggered_This_Minute 017C               __size_of_Read_Selected_Mode 002F  
               DS3231_ReadTime@raw_minute 0021                 DS3231_ReadTime@raw_second 0020  
                 __end_of__initialization 0005                       ___bmul@multiplicand 0070  
                             _Init_Device 0254                                 ?_SDA_Read 0070  
                          __pcstackCOMMON 0070                             _I2C_WriteByte 01E1  
                     Delay_Approx_250ms@i 0071                                ??_I2C_Init 0072  
                          _OPTION_REGbits 0081                                ??_I2C_Stop 0072  
                       __end_of_Relay_Off 032F                     _Timer0_Init_For_Delay 02EC  
                              I2C_Delay@i 0071                           _DS3231_ReadTime 0007  
                               ?_Relay_On 0070                                ??_SDA_Read 0070  
                              __pmaintext 00D2                            ?_I2C_WriteByte 0070  
                                 ?___bmul 0070                      __size_of_SDA_Release 0003  
                       _Relay_Reset_Pulse 0312                    __size_of_Delay_Seconds 000B  
                   __end_of_Is_Mode1_Hour 0287                     __end_of_Is_Mode2_Hour 02AE  
                   __end_of_Is_Mode3_Hour 02EC                        ?_Relay_Reset_Pulse 0070  
                __size_of_Delay_Approx_1s 000D                         main@selected_mode 0030  
                                 _SDA_Low 0317                                   _SCL_Low 031C  
                     ??_Relay_Reset_Pulse 0073                      I2C_ReadByte@send_ack 0073  
             __size_of_Delay_Approx_250ms 000D                      __size_of_SCL_Release 0003  
                               _I2C_Delay 02AE            ?_Already_Triggered_This_Minute 0070  
                               _I2C_Start 02FD                                ??_Relay_On 0070  
                        I2C_ReadByte@data 0074                           __size_of___bmul 0015  
               __end_of_Relay_Reset_Pulse 0317                   DS3231_ReadTime@raw_date 0023  
                 DS3231_ReadTime@raw_hour 0027                   DS3231_ReadTime@raw_year 0025  
                                 __ptext1 0312                                   __ptext2 02D6  
                                 __ptext3 01B2                                   __ptext4 0146  
                                 __ptext5 02E1                                   __ptext6 029C  
                                 __ptext7 026E                                   __ptext8 0254  
                                 __ptext9 02EC                      DS3231_ReadTime@is_pm 0026  
             ??_Is_Scheduled_Restart_Time 0072                     main@already_triggered 0031  
                                 main@now 0037                   __end_of_DS3231_ReadTime 00D2  
                    end_of_initialization 0005                             _Delay_Seconds 02D6  
                  ?_Timer0_Init_For_Delay 0070                                ?_I2C_Delay 0070  
                              ?_I2C_Start 0070                           ??_I2C_WriteByte 0072  
                        I2C_WriteByte@ack 0074                         __size_of_I2C_Init 0004  
                       __size_of_I2C_Stop 0007                         ??_Delay_Approx_1s 0070  
                          ?_Delay_Seconds 0070         __size_of_Error_Blink_Slow_Forever 0006  
               ?_Error_Blink_Slow_Forever 0070                              ?_Init_Device 0070  
               _Is_Scheduled_Restart_Time 0146                __size_of_Relay_Reset_Pulse 0005  
                       __size_of_SDA_Read 0004                            __end_of___bmul 029C  
                     start_initialization 0005                __end_of_Read_Selected_Mode 01E1  
                        ?_DS3231_ReadTime 0070                               ??_I2C_Delay 0070  
                               _Relay_Off 032C                               ??_I2C_Start 0072  
                       __size_of_Relay_On 0003                                  ??___bmul 0071  
            Is_Scheduled_Restart_Time@now 0071                            I2C_WriteByte@i 0075  
                               ___latbits 0000                             __pcstackBANK0 0020  
                           ?_I2C_ReadByte 0070                                  ?_SDA_Low 0070  
                                ?_SCL_Low 0070                           ??_Delay_Seconds 0072  
                              ?_Relay_Off 0070                             ??_SDA_Release 0070  
 Already_Triggered_This_Minute@last_month 0073                             I2C_ReadByte@i 0075  
                                _I2C_Init 0321                                  _I2C_Stop 0305  
                          ??_I2C_ReadByte 0072                         Is_Mode1_Hour@hour 0070  
                  DS3231_ReadTime@hour_12 0028                             ??_SCL_Release 0070  
              __end_of_Delay_Approx_250ms 02D6                    DS3231_ReadTime@raw_day 0022  
                 ??_Timer0_Init_For_Delay 0070                       DS3231_ReadTime@time 0029  
                       Is_Mode2_Hour@hour 0070                                  _GPIObits 0005  
                  __size_of_Is_Mode1_Hour 0019                    __size_of_Is_Mode2_Hour 0012  
                  __size_of_Is_Mode3_Hour 000B                         Is_Mode3_Hour@hour 0070  
                                _SDA_Read 0325                      __size_of_Init_Device 001A  
                     __end_of_SDA_Release 0332                           _Delay_Approx_1s 02BC  
        Already_Triggered_This_Minute@now 0075          __end_of_Error_Blink_Slow_Forever 0312  
      __size_of_Is_Scheduled_Restart_Time 0036               Read_Selected_Mode@dip1_high 0070  
             Read_Selected_Mode@dip2_high 0071                          __size_of_SDA_Low 0005  
                        __size_of_SCL_Low 0005                               ??_Relay_Off 0070  
                     __end_of_SCL_Release 0335                                _BCD_To_Dec 0239  
                                _Relay_On 0329                     __end_of_I2C_WriteByte 020E  
                           _Is_Mode1_Hour 026E                             _Is_Mode2_Hour 029C  
                           _Is_Mode3_Hour 02E1                  DS3231_ReadTime@raw_month 0024  
                                __ptext10 0321                                  __ptext11 030C  
                                __ptext20 02FD                                  __ptext12 0329  
                                __ptext21 020E                                  __ptext13 032C  
                                __ptext30 017C                                  __ptext22 032F  
                                __ptext14 02BC                                  __ptext23 0325  
                                __ptext15 02C9                                  __ptext24 0317  
                                __ptext16 02F5                                  __ptext25 0332  
                                __ptext17 0007                                  __ptext26 031C  
                                __ptext18 01E1                                  __ptext27 02AE  
                                __ptext19 0305                                  __ptext28 0239  
                                __ptext29 0287                             __size_of_main 0074  
                      _Read_Selected_Mode 01B2                      __end_of_I2C_ReadByte 0239  
                 __end_of_Delay_Approx_1s 02C9                               _SDA_Release 032F  
                     ?_Read_Selected_Mode 0070                            BCD_To_Dec@ones 0077  
                          BCD_To_Dec@tens 0076                            ?_Is_Mode1_Hour 0070  
                          ?_Is_Mode2_Hour 0070                            ?_Is_Mode3_Hour 0070  
                              _INTCONbits 000B                  _Error_Blink_Slow_Forever 030C  
                    ??_Read_Selected_Mode 0070                               _SCL_Release 0332  
                             ?_BCD_To_Dec 0070                                _OSCCONbits 008F  
                __size_of_DS3231_ReadTime 00CB  Already_Triggered_This_Minute@last_minute 0071  
                           BCD_To_Dec@bcd 0078                   main@last_trigger_minute 0033  
                    Delay_Seconds@seconds 0072                     __end_of_Delay_Seconds 02E1  
          __size_of_Timer0_Init_For_Delay 0009             __end_of_Timer0_Init_For_Delay 02F5  
                  main@last_trigger_month 0035                     main@last_trigger_date 0034  
                       I2C_WriteByte@data 0073                     main@last_trigger_hour 0032  
                   main@last_trigger_year 0036                                _TRISIObits 0085  
                      _Delay_Approx_250ms 02C9                         _Delay_Approx_65ms 02F5  
