sno,username,vehicle_no,rf_id,empty_weight
2,"AVADI DUMPING YARD","TN 20 DB 8930",E28069952000400662D3666E,3480
8,"AVADI DUMPING YARD","TN 12 V 9608",E28069952000400662D72E6F,7310
10,"AVADI DUMPING YARD","TN 20 DD 4484",E28069952000400662D5B26E,3350
12,"AVADI DUMPING YARD","TN 20 CX 4156",E28069952000400662D78272,7870
13,"AVADI DUMPING YARD","TN 20 DB 5229",E28069952000500662D6CA6F,3290
14,"AVADI DUMPING YARD","TN 20 AQ 5302",E28069952000400662D4866E,4160
15,"AVADI DUMPING YARD","TN 20 DB 0247",E28069952000400662D4FE6E,3310
16,"AVADI DUMPING YARD","TN 20 DE 0351",E28069952000500662D20272,3460
17,"AVADI DUMPING YARD","TN 20 DB 6418",E28069952000400662D5E66F,3760
18,"AVADI DUMPING YARD","TN 20 DF 3202",E28069952000500662D8166F,3250
19,"AVADI DUMPING YARD","TN 20 DD 0723",E28069952000400662D4AA71,3660
20,"AVADI DUMPING YARD","TN 73 AV 7954",E28069952000500662D62670,3600
21,"AVADI DUMPING YARD","TN 19 B 4296 ",E28069952000400662D68270,8060
22,"AVADI DUMPING YARD","TN 12 V 9522",E28069952000400662D39A70,10520
23,"AVADI DUMPING YARD","TN 20 DB 0213",E28069952000400662D5826E,3590
24,"AVADI DUMPING YARD","TN 20 DB 6579",E28069952000500662D42E70,3410
25,"AVADI DUMPING YARD","TN 20 DE 7024",E28069952000500662D64A6E,3360
26,"AVADI DUMPING YARD","TN 73 P 7636",E28069952000500662D80A70,3550
27,"AVADI DUMPING YARD","TN 20 DE 0625",E28069952000500662D3726F,3370
29,"AVADI DUMPING YARD","TN 20 DE 8076",E28069952000400662D20A72,3240
30,"AVADI DUMPING YARD","TN 20 DA 7333",E28069952000400662D32A71,3350
32,"AVADI DUMPING YARD","TN 73 X 2118",invalid,3570
34,tuty,"TN 69 AF 8403(DUMPER)",E28069952000400662D6BA6F,1000
37,tuty,"TN 69 BJ 6459",E28069952000500662D81E70,1300
39,tuty,"TN 69 BF 7932",E28069952000400662D55272,1270
40,tuty,"TN 69 BE 4475",E28069952000400662D2366F,1365
41,tuty,"TN 69 BJ 6469",E28069952000500662D5A66F,1300
42,tuty,"TN 69 BJ 6462",E28069952000400662D5AE6F,1345
43,tuty,"TN 69 BF 8881",E28069952000400662D4BE71,1400
44,tuty,"TN 69 BF 7978",E28069952000500662D65270,1300
45,tuty,"TN 69 BF 8869",E28069952000400662D7EE6F,1345
46,tuty,"TN 69 BH 8578",E28069952000500662D32670,2050
47,tuty,"TN 69 BJ 6431",E28069952000500662D82270,1400
48,tuty,"TN 69 BJ 6448",E28069952000500662D6A671,1400
49,tuty,"TN 69 BF 8863",E28069952000500662D76670,1390
50,tuty,"TN 69 BJ 6513",E28069952000500662D6E272,1360
51,tuty,"TN 69 BJ 6460",E28069952000400662D70671,1375
52,tuty,"TN 69 BF 8826",E28069952000400662D1BA6E,1350
53,tuty,"TN 69 BF 8870",E28069952000400662D78E6F,1375
54,tuty,"TN 69 BF 8878",E28069952000500662D66270,1250
55,tuty,"TN 69 BQ 1518",E28069952000400662D5AA70,1480
57,"AVADI DUMPING YARD","TN 22 CC 6125",E28069952000400662D49A72,7480
58,tuty,"TN 69 BS 5146",E28069952000400662D61671,1150
60,"AVADI DUMPING YARD","TN 18 BB 1578",E28069952000500662D7C26F,6720
61,"AVADI DUMPING YARD","TN 20 BC 5305",E28069952000500662D6EA70,3190
62,tuty,"TN 69 AH 2831",E28069952000400662D6066E,4475
63,tuty,"TN 69 AA 4826",E28069952000400662D6026F,4405
65,tuty,"TN 69 AH 1564",E28069952000400662D30E71,4470
66,tuty,"TN 69 BQ 9149",E28069952000400662D1FA6F,5810
67,"AVADI DUMPING YARD","TN 73 Z 1343",E28069952000400662D72272,3230
68,tuty,"TN 69 BF 8085",E28069952000500662D3CE6E,1200
69,tuty,"TN 69 BE 6027",E28069952000400662D8426F,1200
70,tuty,"TN 69 BE 7915",E28069952000400662D3FE6F,1200
71,tuty,"TN 69 BE 6054",E28069952000400662D74E6F,1140
72,tuty,"TN 69 BE 4410",E28069952000400662D71A70,1200
74,tuty,"TN 69 BE 7828",E28069952000400662D5E26E,1200
75,tuty,"TN 69 BH 2413",E28069952000500662D5E670,1200
77,tuty,"TN 69 BE 4438",E28069952000400662D59E6F,1200
79,tuty,"TN 69 BE 7848",E28069952000500662D5DE6F,1150
80,tuty,"TN 69 BH 2414",E28069952000500662D54E6F,1260
81,tuty,"TN 69 BE 6085",E28069952000500662D8326F,1200
82,tuty,"TN 69 BJ 6404",E28069952000500662D3D66E,1150
83,"AVADI DUMPING YARD","TN 12 V 9533",E28069952000400662D6F670,10380
95,"MMC DUMPER","TN59 BA 7344 (TATA)",E28069952000500662D5FE6E,5555
96,"MMC DUMPER","TN 59 AK 3816",E28069952000400662D24A6E,5660
97,"MMC DUMPER","TN 59 AK 4088",E28069952000500662D1FE71,9980
98,"MMC DUMPER","TN 59 AK 8582 (N)",E28069952000400662D58A71,5635
99,"MMC DUMPER","TN 59 AK 0967(N)",E28069952000400662D76E70,5630
100,"MMC DUMPER","TN59 BA 6626 (TATA)",E28069952000400662D2E271,5655
101,"MMC DUMPER","TN 59 AK 3304",E28069952000400662D1EE6F,5665
104,"MMC DUMPER","TN59 BA 7427(S) ",E28069952000400662D2FA72,5290
105,"MMC DUMPER","TN 59 BA 7432",E28069952000400662D5EE70,5495
107,"MMC DUMPER","TN 59 BA 7402(N)",E28069952000500662D61A70,5330
108,"MMC DUMPER","TN59 BR 4801 (COMPAC)",E28069952000500662D3766E,8340
112,"MMC DUMPER","TN 59 BB 3216",E28069952000400662D63A6E,5580
113,"MMC DUMPER","TN 59 CM 5512",E28069952000500662D4B690,9810
114,"MMC DUMPER","TN 59 AJ 1404 (N)",E28069952000500662D79A70,5620
115,"MMC DUMPER","TN 59 AK 0658 (N)",E28069952000400662D53E72,6175
116,"MMC DUMPER","TN59 BA 6527(S)",E28069952000400662D81E6F,5405
117,"MMC DUMPER"," TN 59 BB 3169 (N)",E28069952000400662D7366F,5420
118,"MMC DUMPER","TN 64 T 5223(N)",E28069952000500662D6566F,7530
120,"MMC DUMPER","TN59 BA 6636(S)",E28069952000500662D72270,5560
122,"MMC DUMPER","TN59 BB 3171 (TATA)",E28069952000400662D51A72,5700
124,"MMC DUMPER","TN 59 AJ 8983",E28069952000400662D5CE6F,5540
125,"MMC DUMPER","TN59 BA 7324 (TATA) (N)",E28069952000400662D6E670,5430
126,"MMC DUMPER","TN59 AK 0987 (ECOMET) ",E28069952000400662D22E72,5515
128,"MMC DUMPER","TN 59 BA 6563(N)",E28069952000500662D48E70,5550
129,"MMC DUMPER","TN59 BA 7385(S)",E28069952000500662D65E70,5505
130,"MMC DUMPER","TN 59 BB 3199",E28069952000400662D33A70,5235
131,"MMC DUMPER","TN 59 BB 3207(N)",E28069952000500662D81672,5360
132,"MMC DUMPER","TN 59 BA 7396",E28069952000400662D6BA72,5395
133,"MMC LCV","TN 59 CR 7367",E28069952000500662D50A6F,1305
135,"MMC DUMPER","TN 59 AJ 1407",E28069952000500662D6466E,5740
136,"MMC DUMPER","TN 59 AK 3423 (N)",E28069952000400662D83E70,5570
137,"MMC DUMPER","TN59 BQ 4046 (COMPAC) ",E28069952000400662D79270,9895
141,"MMC DUMPER","TN59 AF9096 (CAMPACK)",E28069952000400662D3FA70,9915
144,maduraitractor,"TN 58 M 0474",E28069952000400662D3CA70,3055
146,"MMC DUMPER","TN 59 AD 1729",E28069952000500662D6F270,4535
147,"MMC DUMPER","TN58 R 4932(TRACTOR)",E28069952000500662D7866F,3060
148,maduraitractor,"TN 59 AZ 3260",E28069952000400662D57A6F,3065
149,maduraitractor,"TN 69 X 1019",E28069952000500662D29A6E,3250
152,maduraitractor,"TN 50 AY 0092",E28069952000500662D81A71,3075
153,maduraitractor,"TN 57 F 1283",E28069952000500662D2D26E,2915
154,maduraitractor,"TN 45 BY 7040",E28069952000500662D76E72,3230
155,maduraitractor,"TN 73 W 0435",E28069952000400662D6B26E,3050
156,maduraitractor,"TN 65 E 3184",E28069952000400662D4CE70,2755
157,maduraitractor,"TN 63 C 7347",E28069952000400662D2726F,2885
158,maduraitractor,"TN 67 H 0088",E28069952000400662D6226E,2840
164,maduraitractor,"TN 49 AC 8780",E28069952000400662D77E71,2975
165,maduraitractor,"TN 25 W 9117(N)",E28069952000500662D5FA72,2940
168,"MMC LCV","TN 59 CR 4191",E28069952000500662D7C271,1100
170,"MMC DUMPER","TN59 AK 0677 (TIPPER) ",E28069952000400662D5FE72,6285
171,"MMC LCV","TN 59 CR 7345",E28069952000500662D64670,1340
172,maduraitractor,"TN 49 BR 2082",E28069952000500662D3A66F,2995
175,"MMC DUMPER","TN 59 BB 3172 (N)",E28069952000400662D3DA6F,5315
176,"MMC DUMPER","TN59 BL 6676 (TRACTOR)",E28069952000400662D46E6E,2985
177,maduraitractor,"TN 59 AD 8185",E28069952000500662D59671,2975
178,maduraitractor,"TN 57 D 8050(N)",E28069952000400662D25A71,2740
179,maduraitractor,"TN 55 M 9216 NN",E28069952000400662D2AA71,3055
180,maduraitractor,"TN 65 B 4682",E28069952000400662D6566E,2955
181,maduraitractor,"TN 55 AZ 0635",E28069952000400662D21271,3005
187,"MMC LCV","TN 59 CE 5218",E28069952000400662D43A72,1100
189,"MMC LCV","TN 59 CE 6458 (N)",E28069952000500662D68272,1235
191,"MMC LCV","TN 59 CE 5265",E28069952000500662D22A72,1100
198,maduraitractor,"TN 57 S 8278",E28069952000500662D5EA70,3100
199,"MMC DUMPER","TN59 BL 6672 (TRACTOR)",E28069952000400662D28E72,3065
200,maduraitractor,"TN 63 AX 1329",E28069952000500662D4A26F,3195
201,"MMC LCV","TN 59 CR 4729",E28069952000400662D24E6F,1170
208,maduraitractor,"TN 49 AP 4763",E28069952000500662D68271,3000
216,"MMC DUMPER","TN59AD9639(TRACTOR) (N)",E28069952000500662D33270,3135
217,maduraitractor,"TN 57 L 1714",E28069952000500662D3C66F,3015
218,maduraitractor,"TN 60 W 0729 N",E28069952000400662D3E671,2990
220,"MMC DUMPER","TN59 AK 0916 (ECOMET)",E28069952000400662D3EE6E,5645
221,"MMC DUMPER","TN59 AK 0349 (TIPPER)",E28069952000500662D43A6E,6330
222,"MMC DUMPER","TN59 BL 6640 (TRACTOR)",E28069952000500662D48671,2700
231,maduraitractor,"TN 67 H 1908",E28069952000400662D6EA71,3290
234,maduraitractor,"TN 59 M 4169",E28069952000400662D4426F,2980
235,"MMC LCV","TN 59 CM 5380",E28069952000500662D82A6F,1235
238,"MMC LCV","TN 59 CE 6448",E28069952000400662D63271,1225
239,"MMC LCV","TN 59 CM 5312",E28069952000400662D55290,1100
241,maduraitractor,"TN 57 L 3830",E28069952000400662D29672,3095
242,maduraitractor,"TN 63 M 1489",E28069952000500662D3826F,2835
243,"MMC DUMPER","TN59 BA 7372(S)",E28069952000400662D40E70,5235
245,"MMC LCV","TN 59 CM 5320",E28069952000400662D81271,1300
252,"MMC LCV","TN 59 CR 2755",E28069952000500662D27672,1350
257,maduraitractor,"TN 63 P 8430",E28069952000400662D6BE6E,2880
265,"MMC DUMPER","TN 59 BB 3193",E28069952000500662D4466F,5430
274,Ourland,"TN 64 AA 6679",E28069952000400662D1CE6E,7310
275,Ourland,"TN 64 AA 6778",E28069952000400662D4226F,1490
276,Ourland,"TN 64 AA 6662",E28069952000500662D5EE71,1535
277,Ourland,"TN 64 AA 6619",E28069952000400662D29270,1390
278,Ourland,"TN 64 AA 6791",E28069952000500662D5A672,1350
281,Ourland,"TN 64 AA 6746",E28069952000400662D23270,1390
282,Ourland,"TN 64 AA 6670",E2806894000A6006EF07D9D2,7390
283,"MMC NO GPS",TN59AK3798,E28069952000400662D3F66E,5580
284,Ourland,"TN 64 AA 6690",E28069952000500662D1E270,1800
285,Ourland,"TN 64 AA 6629",E28069952000500662D81A72,7165
286,Ourland,"TN 64 AA 6644",E28069952000400662D67A71,7310
287,Ourland,"TN 64 AA 6683",E28069952000500662D56A72,10065
288,Ourland,"TN 64 AA 6618",E28069952000400662D45A6F,1415
289,Ourland,"TN 64 AA 6636",E28069952000400662D6426E,10165
290,Ourland,"TN 64 AA 6649",E28069952000400662D6666E,1410
291,Ourland,"TN 64 AA 6741",E28069952000500662D4B66F,1475
292,"MMC NO GPS","TN 59 AJ 1382",E28069952000500662D7D66F,5580
293,Ourland,"TN 64 AA 6760",E28069952000400662D82E72,1375
294,"MMC NO GPS","TN 59 AK 3812",E28069952000500662D3AE6E,5550
296,"MMC NO GPS","TN 59 AJ 9157",E28069952000500662D20A70,5645
297,Ourland,"TN 64 AA 6680",E28069952000400662D3F26F,1440
298,Ourland,"TN 64 AA 6601",E28069952000500662D35671,1410
302,Ourland,"TN 38 DF 4551",E28069952000400662D24271,9590
303,Ourland,"TN 38 DF 4577",E28069952000500662D4D26E,9590
304,Ourland,"TN 64 AA 6631",E28069952000500662D70271,1610
305,Ourland,"TN 64 AA 6773",E28069952000500662D3AA6F,1360
306,Ourland,"TN 64 AA 6799",E28069952000500662D2DA6F,1365
307,"MMC LCV","TN 59 CR 4117",E28069952000500662D21671,1100
308,Ourland,"TN 64 AA 6685",E28069952000400662D65A6E,1320
309,"MMC DUMPER","TN59 AK 3472",E28069952000400662D4EA6E,5515
310,Ourland,"TN 64 AA 6611",E28069952000500662D24671,1360
311,Ourland,"TN 64 AA 6627",E28069952000500662D5D272,1385
314,Ourland,"TN 64 AA 6684",E28069952000500662D45A6E,1485
316,"MMC LCV","TN 59 CR 4155",E28069952000400662D2826F,1265
318,"AVADI DUMPING YARD","TN 20 DC 2916",E28069952000400662D45A72,3350
319,Ourland,"TN 64 AA 6757",E28069952000400662D4AA6F,1395
320,Ourland,"TN 64 AA 6423",E28069952000400662D2BE71,3110
328,hosur,"TN 29 V 4734",E28069952000400662D68A72,3860
329,hosur,"TN 70 AC 0591",E2806894000A6006EF088175,4200
330,hosur,"TN 70 V  1209",E28069952000400662D3A272,3840
331,hosur,"TN 70 H 5515",E28069952000400662D38E6E,3660
332,hosur,"MH 24 BL 4861",E28069952000400662D54A72,4170
333,hosur,"TN 70 S 3750",E2806894000A7006EF02895D,3750
337,hosur,"TN 70 H 3129",E28069952000400662D35E71,3810
340,hosur,"TN 70 V 6134",E28069952000400662D55E6F,3690
341,hosur,"KA 17 TA 1806",E280691500005020ED9588BD,3750
342,hosur,"KA 32 TC 3594",E28069952000500662D3626E,4250
344,hosur,"MH 24 L 5372",E28069952000400662D5DE70,3830
350,hosur,"MH 24 BR 1895",E28069952000400662D30E72,4110
351,hosur,"TN 70 AP 5077",E28069952000500662D35270,4000
352,"MMC DUMPER","TN59 BA 6540",E28069952000400662D23E70,5285
353,hosur,"TN 70 P 1521",E28069952000400662D38E70,3920
355,hosur,"KA 36 AT 9205",E28069952000500662D5966F,4060
356,hosur,"TN 70 V 8389",E280699520004006E70,3700
357,hosur,"TN 70 H 3136",E28069952000500662D4126E,3790
358,Ourland,"TN 38 DF 6260",E28069952000400662D4A66F,7300
359,hosur,"TN 29 CZ 6583",E28069952000500662D52E90,3820
360,Ourland,"TN 64 AA 7663",E28069952000400662D49E70,1395
361,Ourland,"TN 64 AA 7621",E28069952000500662D2B671,1390
362,Ourland,"TN 64 AA 7543",E28069952000500662D3EA70,1390
363,Ourland,"TN 09 DA 4087",E28069952000400662D58671,11855
370,hosur,"TN 29 AH 7480",E2806894000A6006EF07B60A,3900
372,Ourland,"TN 64 AA 8192",E28069952000400662D30A70,15000
373,maduraitractor,"TN 68 U 9855",E28069952000400662D69A70,2955
374,Ourland,"TN 64 AA 8179",E28069952000400662D40270,10165
375,Ourland,"TN 64 AA 8129",E28069952000500662D77671,10195
377,hosur,"TN 70 H 9590",E28069952000500662D45670,4060
378,Ourland,"TN 64 AA 7551",E28069952000500662D28671,8265
380,maduraitractor,"TN 51 E 5796",E28069952000500662D69671,3195
381,Ourland,"TN 64 AA 8167",E28069952000400662D7FA71,13530
382,Ourland,"TN 64 AA 8106",E28069952000400662D42670,13000
383,"MMC DUMPER","TN59 BR 4851 (COMPAC)",E28069952000400662D27E71,8320
384,Ourland,"TN 64 AA 6412",E28069952000500662D49272,3100
385,tuty,"TN 69 BE 7868",E28069952000500662D83A70,1150
411,tuty,"TN 69 BF 8815 N",E28069952000500662D84671,1250
412,tuty,"TN 69 BF 8784 N",E28069952000400662D3466F,1300
413,tuty,"TN 69 BE 7898",E28069952000500662D25272,1300
414,tuty,"TN 69 BE 7851",E28069952000500662D1FA70,1250
415,tuty,"TN 69 BE 6084",E28069952000400662D20A6F,1270
416,tuty,"TN 69 BF 8788",E28069952000500662D1C271,1300
418,tuty,"TN 69 BS 5162",E28069952000400662D45671,1200
421,tuty,"TN 69 BF 8803",E28069952000400662D5DA71,1300
422,tuty,"TN 69 BE 7877",E28069952000400662D59A70,1300
423,tuty,"TN 69 BJ 6439",E28069952000500662D4DE70,1300
424,tuty,"TN 69 BS 3495",E28069952000500662D55A72,1100
425,tuty,"TN 69 BS 3475",E28069952000500662D85271,1100
426,tuty,"TN 69 BE 7893",E28069952000400662D2EE6F,1300
427,tuty,"TN 69 BJ 6478",E28069952000400662D2F671,1200
429,tuty,"TN 69 BE 7859",E28069952000400662D3866F,1300
430,tuty,"TN 69 BQ 1593",E28069952000500662D36672,1350
431,tuty,"TN 69 BS 3486",E28069952000400662D50A6E,1200
436,tuty,"TN 69 BE 6071",E28069952000400662D52270,1180
437,tuty,"TN 69 BE 5987",E28069952000500662D5666F,1100
438,tuty,"TN 69 BE 6031",E28069952000500662D7DE70,1200
440,tuty,"TN 20 BB 2317",E28069952000400662D84E71,3150
441,tuty,"TN 72 B 3754",E28069952000500662D78672,2895
443,tuty,"TN 51 Z 5846",E28069952000400662D1FE70,2890
445,tuty,"TN 69 A 4433",E28069952000500662D26271,3485
447,tuty,"TN 69 B 1058",E28069952000400662D25E6E,2910
448,tuty,"TN 36 L 9607",E28069952000500662D2CE71,6330
449,tuty,"TN 65 B 1896",E28069952000400662D22E71,2770
452,tuty,"TN 46 D 3416",E28069952000500662D30E6E,3095
453,rts_testing,testing,rts_testing,10
454,tuty,"TN 67 5152",E28069952000500662D39A6F,2765
455,tuty,"TN 67 A 4686",E28069952000400662D25A6F,2585
456,tuty,"TN 67 8758",E28069952000400662D7BE71,2820
460,tuty,"TN 65 C 0922",E28069952000500662D2366E,2780
462,tuty,"TN 48 C 0997",E28069952000500662D6C270,3015
463,tuty,"TN 69 K 5280",E28069952000500662D7526F,3155
464,tuty,"TN 65 A 8599",E28069952000400662D79671,2930
466,"MMC DUMPER","TN 59 CM 5548",E28069952000500662D5C671,9965
467,tuty,"TN 69 BE 6080",E28069952000400662D29A71,1300
468,tuty,"TN 69 BJ 6451",E28069952000400662D6FE72,1250
469,tuty,"TN 69 BH 8600",E28069952000400662D79A6F,1115
471,tuty,"TN 69 BJ 6468",E28069952000400662D3DA72,1250
472,tuty,"TN 69 BE 7836",E28069952000400662D3C272,1100
473,tuty,"TN 69 BS 5127",E28069952000500662D71672,1150
476,tuty,"TN 69 BJ 6415",E28069952000400662D2DE72,1300
477,tuty,"TN 69 BE 7830",E28069952000500662D4A271,1200
478,tuty,"TN 69 BF 8805",E28069952000500662D5866E,1150
479,tuty,"TN 69 BE 6088",E28069952000500662D6FA6F,1250
480,tuty,"TN 69 BE 7837",E28069952000500662D35E70,1250
481,tuty,"TN 69 BS 3445",E28069952000500662D55E70,1100
482,tuty,"TN 69 BS 3470",E28069952000400662D83270,1100
483,tuty,"TN 69 BS 3458",E28069952000500662D3DE71,1100
485,rts_testing_micro,testing2,E28069952000400662D6DA6F,1
486,tuty,"TN 69 BE 4393",E28069952000500662D45E6F,1250
487,"MMC DUMPER","TN59 BA 6541(S)",E28069952000500662D61670,5380
488,tuty,"TN 69 BE 7871",E28069952000400662D6AA6E,1250
489,tuty,"TN 69 BJ 6420",E28069952000500662D6B272,1200
490,tuty,"TN 69 BE 6019",E28069952000500662D43272,1200
491,tuty,"TN 69 BJ 6402",E28069952000500662D24E70,1200
492,tuty,"TN 69 BJ 6428",E28069952000500662D67E72,1300
494,tuty,"TN 69 BE 6049",E28069952000500662D65A72,1300
495,tuty,"TN 69 BE 4383",E28069952000400662D73E70,1300
497,tuty,"TN 69 BQ 1576",E28069952000400662D3BE6E,1300
498,tuty,"TN 69 BE 4405",E28069952000500662D28672,1250
499,tuty,"TN 69 BF 8898",E28069952000500662D31272,1390
500,tuty,"TN 69 BF 7765",E28069952000500662D58272,1300
502,tuty,"TN 69 BF 8790",E28069952000400662D7CE70,1250
503,tuty,"TN 69 BS 5149",E28069952000500662D4D66F,1100
504,tuty,"TN 69 BJ 6483",E28069952000400662D6E66F,1200
505,tuty,"TN 69 BJ 6441",E28069952000500662D52A70,1359
506,tuty,"TN 69 BJ 6410",E28069952000500662D2FA6E,1300
507,tuty,"TN 69 BF 8796",E28069952000400662D3166F,1200
508,Ourland,"TN 69 BT 2787",E28069952000400662D43A6F,3100
509,tuty,"TN 69 BF 8159",E28069952000500662D39E6E,1350
510,tuty,"TN 69 BF 8105",E28069952000400662D48A6E,1350
511,tuty,"TN 69 BS 3414",E28069952000400662D2926E,1100
512,tuty,"TN 69 BS 5163",E28069952000400662D6D671,1150
513,tuty,"TN 69 BE 7854 N",E28069952000400662D7F672,1386
514,tuty,"TN 69 BJ 6422",E28069952000400662D3766F,1300
515,tuty,"TN 69 BH 4330",E28069952000500662D81671,1350
516,tuty,"TN 69 BF 8862",E28069952000400662D65A70,1250
517,tuty,"TN 69 BJ 6471",E28069952000400662D5326F,1250
518,tuty,"TN 69 BS 3799",E28069952000500662D6EE71,1150
519,tuty,"TN 69 BF 8856",E28069952000400662D56E6F,1300
520,tuty,"TN 69 BF 8876",E28069952000500662D33A72,1300
521,tuty,"TN 69 BE 4468",E28069952000400662D1B66E,1350
522,tuty,"TN 69 BE 4414",E28069952000400662D28E71,1200
523,tuty,"TN 69 BF 7959",E28069952000400662D49671,1350
524,tuty,"TN 69 BJ 6449",E28069952000400662D6866F,1300
525,tuty,"TN 69 BF 8859",E28069952000400662D68E6E,1300
526,tuty,"TN 69 BE 6018 N",E28069952000400662D1E66E,1300
527,tuty,"TN 69 BE 4441",E28069952000400662D65272,1250
529,tuty,"TN 69 BS 3472",E28069952000400662D42A6E,1178
530,Ourland,"TN 69 BT 2729",E28069952000400662D5926F,3100
531,Ourland,"TN 69 BT 2736",E28069952000500662D2CA70,3100
532,Ourland,"TN 69 BT 2713",E28069952000400662D4266E,3100
533,tuty,"TN 69 BH 8235",E28069952000500662D74E70,2000
534,tuty,"TN 69 BF 8827",E28069952000400662D41670,1300
535,Ourland,"TN 69 BT 2704",E28069952000500662D54A70,3100
536,Ourland,"TN 69 BT 2759",E28069952000500662D53A72,3100
537,tuty,"TN 69 BS 3461",E28069952000400662D6CE72,1200
538,Ourland,"TN 69 BT 2711",E28069952000500662D33672,3100
540,"MMC DUMPER","TN59 BB 3213(S)",E28069952000500662D2E270,5300
541,Ourland,"TN 09 CT 6426",E28069952000500662D5DE71,11145
542,Ourland,"TN 69 BT 2764",E28069952000500662D27E6E,3100
545,REALTECH,testing,E28069952000400662D1FE6E,3100
546,tuty,"TN 69 BS 3433",E28069952000400662D52690,1100
547,tuty,"TN 69 BF 8867",E28069952000400662D7B272,1360
549,tuty,"TN 69 BS 5123",E28069952000500662D6A270,1205
559,tuty,"TN 69 BS 3423",E28069952000500662D78671,1060
580,tuty,"TN 69 BE 7839",E28069952000500662D25E71,1200
584,Ourland,"TN 59 CT 9617",E28069952000400662D4B26F,7500
608,Ourland,"TN 59 CT 9662",E28069952000500662D54E90,7500
621,tuty,"TN 69 BS 3442",E28069952000400662D71271,1180
632,tuty,"TN 69 BJ 6409",E28069952000400662D2E26F,1350
633,tuty,"TN 69 BF 8816",E28069952000400662D82E71,1300
635,tuty,"TN 69 BE 4390",E28069952000400662D39271,1300
636,tuty,"TN 69 BH 8286",E28069952000500662D2C670,2000
638,tuty,"TN 69 BJ 6413",E28069952000500662D65671,1250
639,tuty,"TN 69 BE 4402",E28069952000500662D3326E,1350
640,tuty,"TN 50 A 7612",E28069952000500662D3366F,3085
642,tuty,"TN 65 AW 6171",E28069952000400662D2E670,3180
647,tuty,"TN 69 BF 8823",E28069952000500662D3CA6F,1250
650,tuty,"TN 69 BE 6024",E28069952000400662D49A71,1300
661,tuty,"TN 69 BE 4381 N",E28069952000500662D23E6F,1300
662,tuty,"TN 69 BF 8811",E28069952000500662D3E26F,1210
663,tuty,"TN 69 BJ 6500",E28069952000400662D7F671,1300
665,tuty,"TN 69 BH 2448",E28069952000400662D76672,1350
666,tuty,"TN 69 BF 8850",E28069952000500662D2026F,1270
668,tuty,"TN 69 BH 8543",E28069952000400662D84E72,2000
670,tuty,"TN 69 BF 7905",E28069952000500662D4DA6F,1350
671,tuty,"TN 69 BJ 6432",E28069952000400662D2A26E,1250
672,"AVADI DUMPING YARD","TN 20 DB 0276",E28069952000500662D31E71,1350
673,tuty,"TN 69 BH 8563",E28069952000400662D3D672,1900
682,tuty,"TN 69 BS 3727 (K)",E28069952000400662D37671,1100
683,tuty,"TN 69 BH 2435 (K)",E28069952000400662D24A70,1250
684,tuty,"TN 69 BS 3493 (K)",E28069952000500662D48A71,1070
685,tuty,"TN 69 BE 4483 (K)",E28069952000500662D3A270,1200
686,tuty,"TN 69 BF 8179 ",E28069952000400662D51A71,1250
687,tuty,"TN 69 BS 4029 (K)",E28069952000400662D2CE6E,1150
688,tuty,"TN 69 BJ 6494 (K)",E28069952000500662D76E71,1200
689,tuty,"TN 69 BS 5137 (K)",E28069952000400662D7FA72,1070
690,tuty,"TN 69 BS 3407 (K)",E28069952000400662D1EE71,1164
691,tuty,"TN 69 BE 4426 (K)",E28069952000500662D3EE71,1200
692,"MMC DUMPER","TN59 BA 6537 (TATA)",E28069952000400662D82670,5330
695,tuty,"TN 69 BF 8151",E28069952000400662D69E71,1350
696,tuty,"TN 69 BS 3418 (K)",E28069952000500662D32271,1050
699,tuty,"TN 69 BJ 6418 (K)",E28069952000400662D25270,1200
700,tuty,"TN 69 BH 2453 (K)",E28069952000500662D52E71,1356
701,tuty,"TN 69 BS 3499",E28069952000400662D43672,1100
702,tuty,"TN 24 U 4433",E28069952000500662D4BA6F,3300
703,tuty,"TN 18 1859",E28069952000500662D6E26F,3400
704,tuty,"TN 69 BF 8865",E28069952000500662D45E72,1200
705,tuty,"TN 49 AH 6493",E28069952000400662D7D272,3500
706,tuty,"TN 65 B 9871",E28069952000400662D77670,3000
707,tuty,"TN 60 1660",E28069952000400662D31A71,2500
708,"MMC DUMPER","TN59 BA 6612(S)",E28069952000400662D3AA70,5300
711,tuty,"TN 69 T 1197",E28069952000400662D78E71,3500
715,tuty,"TN 69 BS 5193",E28069952000500662D2BE70,1100
716,tuty,"TN 69 BH 2464 (K)",E28069952000500662D1DE6E,1356
718,tuty,"TN 55 AM 3114",E28069952000400662D4B290,1350
719,tuty,"TN 41 M 0644",E28069952000400662D4166E,1335
720,tiruppur,TN42AM5520,E28069952000500662D51A6E,8070
723,tiruppur,TN42R6949,E28069952000500662D61E6F,8500
725,tiruppur,TN42AM5639,E28069952000500662D35672,7970
727,tiruppur,TN30BB1338,E28069952000400662D5F670,7300
729,tiruppur,TN42AM2770,E28069952000400662D6DA72,8250
731,tiruppur,TN42R6782,E28069952000400662D4526E,8430
732,tiruppur,TN12B3315,E28069952000400662D84E6F,10280
733,tiruppur,"TN 42 AM 5629",E2806894000A7006EF06C591,7910
734,tiruppur,TN38AW5470,E28069952000500662D5DA6E,7670
735,tiruppur,TN42AM7443,E280691500004020ED92A8BC,9240
736,tiruppur,TN42AM7441,E28069952000400662D74670,9220
737,tiruppur,TN30K1366,E28069952000400662D33E71,9140
738,tiruppur,TN42AM2712,E28069952000400662D36A70,10250
739,tiruppur,TN42AM5517,E28069952000400662D53E71,8050
741,tiruppur,TN42AM3819,E28069952000400662D67672,10180
742,tiruppur,TN42R2364,E28069952000400662D5EA6F,8430
743,tiruppur,TN42AM2731,E28069952000500662D51E72,8150
744,tiruppur,TN56Q5617,E28069952000400662D44272,7860
746,tiruppur,TN42AM2970,E28069952000500662D7F26F,8040
748,tiruppur,TN39TP5126,E28069952000500662D4826E,3510
751,tiruppur,TN42AM5632,E28069952000500662D70E71,8020
752,tuty,"TN 69 BS 3701",E28069952000400662D6C26F,1335
753,tuty,"TN 69 BE 4392",E28069952000400662D38A6F,1350
754,tuty,"TN 69 BF 8134",E28069952000500662D2FA70,1300
755,tuty,"TN 69 BS 4011",E28069952000500662D4D671,1170
756,tuty,"TN 69 BF 8834",E28069952000400662D1C66F,1300
757,tuty,"TN 69 BE 6094",E28069952000500662D78E70,1335
758,tuty,"TN 69 BE 6087",E28069950000400662D7A66F,1335
759,tuty,"TN 69 BF 8161",E28069952000500662D3566F,1335
760,tuty,"TN 69 BE 4384",E28069952000400662D77272,1350
761,tuty,"TN 69 BS 5161",E28069952000400662D70A72,1335
762,tuty,"TN 69 BS 5180",E28069952000500662D5026E,1335
763,tuty,"TN 69 BS 4084",E28069952000500662D20670,1335
764,tuty,"TN 69 BS 3478",E28069952000500662D5266E,1150
765,tuty,"TN 69 BH 8564",E28069952000400662D50A70,1500
766,tuty,"TN 69 BS 5166",E28069952000400662D77A70,1300
767,tuty,"TN 69 BH 8550",E28069952000500662D4EA6F,1550
768,tuty,"TN 69 BF 8843 (K)",E28069952000500662D73E72,1335
769,tuty,"TN 69 BS 4095",E28069952000500662D38271,1350
770,tuty,"TN 69 BS 3613 ",E28069952000500662D57E71,1300
771,tuty,"TN 69 BS 3639",E28069952000500662D4AA6E,1300
772,tuty,"TN 69 BE 6025",E28069952000400662D4DE6F,1350
773,tuty,"TN 69 BF 8113",E28069952000500662D6426F,1230
774,tiruppur,"TN45 BF 2134",E2806894000A7006EF07E9A4,9650
781,hosur,"TN 31 AR 7111",E28069952000400662D28A6E,3680
787,tiruppur,TN42AM7476,E28069952000500662D6966F,9280
788,tiruppur,TN12C4086,E28069952000500662D3466F,7990
789,tiruppur,TN45BF1908,E28069952000400662D4D26F,8130
790,tiruppur,TN42AM5635,E28069952000500662D46A6E,7990
791,tiruppur,TN42R2367,E28069952000400662D4326E,8450
792,tiruppur,TN36J7966,E28069952000500662D33E6E,3770
793,tiruppur,TN42AM5524,E28069952000400662D60E72,8030
794,tiruppur,TN42AM5542,E28069952000500662D72A6F,7940
797,tiruppur,TN42J9046,E28069952000400662D4B272,10450
798,tiruppur,TN39BE6531,E28069952000400662D7E670,5300
799,tiruppur,TN38CL5396,E28069952000400662D60A70,3250
800,tiruppur,TN452976,E28069952000500662D60E70,7890
801,tiruppur,TN42AM2759,E28069952000500662D6826F,10170
802,tiruppur,TN39BH0657,E28069952000500662D64671,3500
803,tiruppur,TN42S0393,E28069952000400662D4926E,8540
804,tuty,"TN 23 AL 4722",E28069952000400662D51672,2500
810,Ourland,"TN 64 AA 6430",E28069952000500662D4026F,3110
811,Ourland,"TN 50 C 9675",E28069952000400662D28271,2980
812,tuty,"TN 69 BS 3438",E28069952000400662D5C272,1320
813,Ourland,"TN 48 AQ 2390",E28069952000500662D57E6F,12600
815,tuty,"TN 69 BH 8518",E28069952000500662D35A6F,1950
816,tuty,"TN 69 BS 3416",E28069952000400662D62672,1200
817,Ourland,"TN 31 BF 8118",E28069952000400662D55E72,11700
818,tiruppur,TN42J9041,E28069952000500662D83672,10460
819,tiruppur,"TN 42 J 9041",E28069952000500662D82672,10460
820,rts_testing,testing2,E28069952000400662D66E6F,100
821,"MMC DUMPER","TN 18 AR 7563",E28069952000400662D75A72,11400
824,tiruppur_mini,tiruppur_test,E28069952000500662D47672,0
825,tiruppur,"TN 42 AM 5632",E28069952000400662D8366F,8020
826,tiruppur,"TN 42 AM 5542",E28069952000400662D4A672,8030
827,tiruppur,"TN 39 BH 0657",E28069952000400662D59670,3500
828,tiruppur_mini,"TN 38 BK 3415",E28069952000500662D3DE72,0
829,hosur,"TN 70 V 1209",E28069952000500662D3FE70,3860
830,hosur,"TN 83 U 9059",E28069952000500662D24270,3530
832,tuty,"TN 58 E 0694",E28069952000500662D72672,2500
833,tuty,"TN 69 AH 6493",E28069952000400662D67671,2500
834,tuty,"TN 49 AH 6493",E28069952000500662D5126F,2500
835,tiruppur,TN42S0437,E28069952000400662D24670,8390
836,tiruppur,TN39BE6567,E28069952000400662D3F271,5140
837,Ourland,"TN 59 BT 6051",E28069952000500662D3CE70,11400
838,hosur,"KA 05 T 2125",E28069952000400662D3A66E,3710
839,Ourland,"TN 67 BX 2863",E28069952000500662D33333,11400
840,kodaikanal,"TN 57 CV 0309",E20047057AD06426ABDA0111,1930
841,kodaikanal,"TN 57 AU 3862",E20047063EE06426B81B010F,5170
842,kodaikanal,"TN 57 BU 3276",E2004704EFC06426A3290113,1170
843,kodaikanal,"TN 57 CV 0392",E20047053FC06426A8290110,1870
844,kodaikanal,"TN 57 CV 0387",E200470637606426B7A3010E,1910
845,kodaikanal,"TN 57 BU 3253",E20047054C706426A8F4010D,1250
846,kodaikanal,"TN 57 CV 0385",E20047068D206426BCFF010D,1970
847,kodaikanal,"TN 57 AU 3416",E2004704BC8064269FF5010F,5070
848,kodaikanal,"TN 57 CV 0322",E200470637206426B79F0111,1940
849,kodaikanal,"TN 57 W 9357",E200470501806426A4450110,6260
850,tiruppur,TN88W2325,E28069952000500662D7CA70,7160
851,kodaikanal,"TN 57 CV 0320",E20047064CE06426B8FB010C,1910
852,kodaikanal,"TN 65 AY 3116",E2004704E7C06426A2A9010C,8010
853,kodaikanal,"TN 57 BZ  9234",E200470647606426B8A30111,2100
854,kodaikanal,"TN 57 BU 3265",E20047063EB06426B818010D,1150
855,kodaikanal,"TN 37 CV 3252",E20047052D806426A7050106,1120
857,tuty,"TN 38 DF 8386 (Sand)",E28069952000500662D79E72,8600
858,kodaikanal_mini,"TN 37 CV 3252",E20047052D806426A7050106,1120
859,kodaikanal_mini,"TN 57 BU 3265",E20047063EB06426B818010D,1150
860,kodaikanal_mini,"TN 57 BZ  9234",E200470647606426B8A30111,2100
861,kodaikanal_mini,"TN 57 CV 0320",E20047064CE06426B8FB010C,1910
862,kodaikanal_mini,"TN 57 CV 0322",E200470637206426B79F0111,1940
863,kodaikanal_mini,"TN 57 CV 0385",E20047068D206426BCFF010D,1970
864,kodaikanal_mini,"TN 57 BU 3253",E20047054C706426A8F4010D,1250
865,kodaikanal_mini,"TN 57 CV 0387",E200470637606426B7A3010E,1910
866,kodaikanal_mini,"TN 57 CV 0392",E20047053FC06426A8290110,1870
867,kodaikanal_mini,"TN 57 BU 3276",E2004704EFC06426A3290113,1170
868,kodaikanal_mini,"TN 57 CV 0309",E200470559F06426A9CC0113,1930
870,tuty,"TN 69 BU 6935",E28069952000500662D2E672,2500
871,tuty,"TN 69 BU 6941",E28069952000400662D3B671,2550
872,tiruppur,"TN 42 AM 5639",E28069952000500662D7AA70,8030
873,vellore_mini,TESTING,E20047063AB06426B7D8010B,50
874,tuty,"TN 69 BU 6907",E28069952000400662D61672,2500
875,tuty,"TN 69 BU 6924",E28069952000500662D49670,2500
876,vellore_mini,"BOV 18",E20047051F806426A6250112,500
877,vellore_mini,4,E200470649A06426B8C7010A,0
878,vellore_mini,"BOV 3",E20047050D006426A4FD0107,0
879,vellore_mini,"BOV 2",E20047052D006426A6FD010E,0
880,vellore_mini,"BOV 1",E200470636E06426B79B0110,0
881,tuty,"TN 69 BU 6943",E2004703EE5064269312010D,2500
882,tuty,"TN 69 BU 6982",E28069952000400662D2C671,2500
883,tuty,"TN 69 BU 6958",E28069952000400662D37270,2550
884,tiruppur,TN42S0455,E28069952000500662D5F671,8590
885,kodaikanal,"TN 57 BU 3292",E20047065CE06426B9FB0113,1200
886,kodaikanal_mini,"TN 57 BU 3292",E20047065CE06426B9FB0113,1200
887,tuty,"TN 63 V 7497",E28069952000500662D71A6F,2550
888,vellore_mini,"BOV 5",E2004704BA8064269FD5010E,0
889,vellore_mini,"tricycle 2",E200470551306426A940010C,0
890,vellore_mini,"TN 23 DB 5571",E2004704D0006426A1ED010F,0
891,vellore_mini,"tricycle 3",E200470513706426A5640111,0
892,tiruppur,TN32T8141,E28069952000400662D3F272,8530
893,tiruppur,TN42R6754,E28069952000500662D28E6E,8570
894,"AVADI DUMPING YARD",TN46U5360,E28069952000400662D76A6F76A6F,3840
895,tiruppur,TN42AM2707,E28069952000500662D41A71,10090
896,tiruppur,TN42AM2998,E28069952000500662D27A6F,8190
897,tiruppur,TN12B3396,E28069952000500662D3B26F,7960
898,tiruppur,"TN 56 Q 5617",E28069952000400662D4E26F,7860
899,tiruppur,TN57J4554,E28069952000500662D41E70,8130
900,tuty,"TN 49 L 2710",E28069952000500662D64E72,1500
901,tuty,"TN 69 BU 6962",E28069952000400662D2AE6E,2500
902,,nallurtesting,E28069952000500662D7EA72,0000
903,,,Testing_Tag3B66F,1000
904,tiruppur,"testing Tiruppur ",E28069952000400662D4C66F,0000
905,tiruppur,"Tiruppur RTS ",E28069952000400662D3B66F,0000
906,tiruppur,"TN 12 C 4086",E28069952000500662D3466E,8070
909,Ourland,"TN 64 AA 5161",E28069952000500662D1FE6F,1100
910,"MMC LCV","TN 59 CR 4126",E28069952000500662D7FE72,1100
911,tiruppur,"TN 12 D 9860",E28069950000400662D40672,0000
912,tiruppur,TN12D9860,E28069952000400662D40672,8050
913,tiruppur,TN39BE8274,E28069952000500662D62271,5130
914,tiruppur,TN12A9951,E2806894000A7006EF0901E8,9800
915,tiruppur,TN30BH3544,E28069952000400662D21E6F,13530
916,tiruppur,TN33AU1656,E28069952000400662D7D271,8070
917,tiruppur,TN12B0054,E28069952000500662D4326F,0000
920,tiruppur,"tn 46",155552455441,1000
921,tiruppur,"tn 461044",11111,50000
922,tiruppur,"TN 33 AW 3800",2345566677778,1000
923,tuty,1234,E28069952000400662D4A270,1000
925,tuty,"TN 69 BU 6918",E28069952000500662D4B672,2500
926,tiruppur,TN57AT6285,E28069952000500662D4526E,8440
927,tiruppur,TN30V6066,E28069950000400662D3B66F,8220
928,tiruppur,"TN 57 AT 6285",E28069952000500662D4526F,8440
929,tiruppur,TN63AH2323,E28069952000500662D66A72,8690
930,tiruppur,TN39BT6148,E28069952000400662D81E72,0000
931,tiruppur,TN34AE2489,E28069952000500662D55E4A,0000
932,tiruppur,TN48V5038,E28069950000400662D4DA6E,8000
933,tiruppur,"PRIVATE VEHICLE NERU",E28069952000400662D4DA6E,8000
934,tiruppur,"PRIVATE VEHICLE NALLUR",E28069952000500662D8466F,8000
937,Ourland,"TN 18 H 1076",E28069952000500662D11111,8590
938,kodaikanal,"testing - tag - 1",E28069952000400662D61E70,2400
939,hosur,"TN 29 CS 4117",E2806894000A6006EF0669B7,3950
940,kodaikanal,"TN 57 CV 0411",E2004703DB50642691E20110,1740
943,Ourland,"TN 64 M  7294",E28069952000400662D1E26F,6800
944,Ourland,"TN 79 K 4499",E28069952000400662D5C271,6800
945,Ourland,"TN 64 L 8593",E28069952000400662D4F670,7000
947,Ourland,"TN 57 D 8050",E28069952000500662D20A6E,1300
948,Ourland,"TN 39 DW 5041",E28069952000500662D6DE71,0
949,tuty,"TN 69 BS 3615",E200470551C06426A949010F,1200
950,tiruppur,TN42AM5517,E28069952000400662D44670,8050
951,tiruppur,"Tirupur mcc",E28069952000500662D3EE72,0
953,kodaikanal,"TN 65 W 0802",E2004706AB606426BEE3010E,5020
955,"AVADI DUMPING YARD","TN 06AH 5855",E2806894000A6006EF094136,2320
956,"AVADI DUMPING YARD","TN 06 AH 5865",E2806894000A7006EF076D26,2320
957,"AVADI DUMPING YARD","TN 06 AH 5934",E2806894000A6006EF08397A,2330
958,"AVADI DUMPING YARD","TN 06 AH 5951",E2806894000A7006EF07D265,2310
959,"AVADI DUMPING YARD","TN 06 AH 5830",E2806894000A7006EF012A1C,2340
960,"AVADI DUMPING YARD","TN 06 AH 5909",E2806894000A6006EF05B8CF,2320
962,"AVADI DUMPING YARD","TN 06 AH 5802",E2806894000A6006EF07B606,2330
963,"AVADI DUMPING YARD","TN 06 AH 5835",E2806894000A6006EF07D146,2230
964,"AVADI DUMPING YARD","TN 06 AH 5960",E2806894000A6006EF0931B6,2340
965,"AVADI DUMPING YARD","TN 06 AH 5976",E2806894000A7006EF05965D,2320
966,"AVADI DUMPING YARD","TN 06 AH 4573",E28069952000500662D5B26F,2320
967,"AVADI DUMPING YARD","TN 06 AH 5836",E2806894000A7006EF065D11,2320
968,"AVADI DUMPING YARD","TN 06 AH 5987",E28069952000400662D4F24A,2320
969,"AVADI DUMPING YARD","TN 06 AH 5900",E2806894000A7006EF070D83,2220
970,"AVADI DUMPING YARD","TN 06 AH 5916",E28069952000500662D60A6F,2320
971,"AVADI DUMPING YARD","TN 06 AH 5837",E2806894000A6006EF0208FA,2330
972,"AVADI DUMPING YARD","TN 06 AH 5810",E2806894000A6006EF082C95,2320
973,"AVADI DUMPING YARD","TN 06 AH 5861",E2806894000A6006EF00FA0F,2320
974,Ourland,"TN 64 Y 8834",E28069952000400662D7EE72,11300
978,"testing ","Testing Tag ",E2806894000A6006EF092E1F,2000
979,"MMC DUMPER","MMC Testing Tag",E2806894000A7006EF07A077,2500
980,tambaram_micro,"TN 11 BA 1894",E2806894000A7006EF07E9BF,1265
981,tambaram,"TN 09 DC 7351",E2806894000A4015691459B9,1170
982,tambaram,"TN 11 AZ 8924",E2806894000A7006EF0509AE,1290
983,tambaram,"TN 11 BA 1863",E2806894000A7006EF09416B,1320
984,tambaram,"TN 09 DC 7362",E2806894000A6006EF08DA2D,1195
985,tambaram,"TN 22 CB 6775",E2806894000A7006EF04295D,1380
986,tambaram,"TN 09 DE 1155",E2806894000A6006EF062637,1425
987,tambaram,"TN 09 DC 7399",E2806894000A6006EF02385F,1135
988,tambaram,"TN 05 AS 7750",E2806894000A6006EF08E240,1330
989,tambaram,"TN 09 DE 1170",E2806894000A6006EF04CCE3,1415
990,tambaram,"TN 09 BC 7383",E2806894000A7006EF074E65,1100
991,tambaram,"TN 69 BS 3615",E2806894000A6006EF096572,1225
992,tambaram,"TN 09 DC 7418",E2806894000A7006EF07AD32,1205
993,tambaram,"TN 09 BB 6550",E2806894000A7006EF0629A3,1255
994,tambaram,"TN 22 AL 5343",E2806894000A7006EF01D975,1260
995,tambaram,"TN 11 BK 7020",E2806894000A7006EF02D182,1990
996,tambaram,"TN 20 BQ 9855",E2806894000A6006EF09CD8F,1320
997,tambaram,"TN 11 BK 7069",E2806894000A6006EF0154EB,1975
998,tambaram,"TN 11 AK 5457",E2806894000A7006EF0900D9,1270
999,tambaram,"TN 11 AV 6133",E2806894000A7006EF0636AD,2075
1000,tambaram,"TN 11 BA 1809",E2806894000A6006EF08285E,1330
1001,tuty,"TN 38 DK 8556 (Sand)",E28069952000400662D26672,9100
1002,tuty,"TN 38 DK 8512 (Sand)",E28069952000500662D79E6F,9100
1004,tambaram,"TN 09 DE 1135",E2806894000A6006EF08362A,1375
1005,tambaram,"TN 11BK 7027",E2806894000A6006EF07B220,1920
1006,tambaram,"TN 11 BK 8071",E2806894000A6006EF08E102,2015
1007,tambaram,"TN 09 DC 7308",E2806894000A6006EF0254FC,1195
1008,tambaram,"TN 12 BB 1823",E2806894000A6006EF04FD3C,3040
1009,tambaram,"TN 11 BK 7978",E2806894000A6006EF067DB8,1950
1010,tambaram,"TN 11 AZ 8908",E2806894000A6006EF019A2F,1245
1011,tambaram,"TN 11 BK 7911",E2806894000A7006EF030147,2035
1015,"AVADI DUMPING YARD","TN 12 BD 2868",E28069952000400662D23E6E,7610
1016,"AVADI DUMPING YARD","TN 12 BD 2812",E28069952000400662D2D66E,7640
1018,tambaram,"TN 45 U 0084",E2806894000A7006EF06F2A9,3670
1019,tambaram,"TN 11 BK 5427",E2806894000A6006EF0249F5,1245
1020,tambaram,"TN 11 BA 1834",E2806894000A6006EF061124,1265
1021,tambaram,"TN 09  DE 1132",E2806894000A6006EF085991,1365
1022,tambaram,"TN 11 BK 6624",E2806894000A7006EF018D6C,1980
1023,tambaram,"TN 06 E 1553",E2806894000A6006EF02059B,1265
1024,tambaram,"TN 11 BK 7976",E2806894000A6006EF010199,1955
1025,tambaram,"TN 11 BK 7918",E2806894000A7006EF0239BD,1965
1026,tambaram,"TN 09 DC 7363",E2806894000A6006EF0945B9,1120
1027,tambaram,"TN 11 BK 6697",E2806894000A6006EF0805D0,1950
1028,tambaram,"TN 11 H 4016",E2806894000A6006EF07F5BF,1640
1029,tambaram,"TN 11 AK 5496",E2806894000A7006EF08421D,1200
1030,tambaram,"TN 19 X 8129",E2806894000A7006EF02BA92,1225
1031,tambaram,"TN 22 CC 2919",E2806894000A7006EF08787D,1375
1032,tambaram,"TN 64 AA 6655",E2806894000A6006EF09C151,1480
1033,tambaram,"TN 09 DC 7373",E2806894000A7006EF089999,1260
1034,tambaram,"TN 32 L 2113",E2806894000A7006EF087926,1100
1035,tambaram,"TN 11 BK 6630",E2806894000A7006EF03801E,1970
1036,tambaram,"TN 11 AZ 8985",E2806894000A7006EF07F918,1285
1037,tambaram,"TN 11 BK 7094",E2806894000A6006EF029610,2000
1038,tambaram,"TN 11 BD 7790",E2806894000A6006EF032256,740
1039,tambaram,"TN 11 BK 6664",E2806894000A6006EF08ACBF,1915
1040,tambaram,"TN 12 U 2778",E2806894000A6006EF02E59A,1340
1041,tambaram,"TN 20 BY 0943",E2806894000A7006EF01B5A1,1170
1042,tambaram,"TN 47 BZ 9588",E2806894000A6006EF02FC51,3280
1043,tambaram,"TN 11 BK 7015",E2806894000A6006EF07A667,2000
1044,tambaram,"TN 16 V 8814",E2806894000A6006EF090993,1830
1045,tambaram,"TN 64 AA 7529",E2806894000A7006EF04F45E,1430
1046,tambaram,"TN 11 BK 6611",E2806894000A7006EF0878E2,1965
1047,tambaram,"TN 12 BB 1801",E2806894000A7006EF0581A7,3390
1048,tambaram,"TN 11 AK 5446",E2806894000A6006EF063A56,1240
1049,tambaram,"TN 22 BV 6936",E2806894000A6006EF067895,1225
1050,tambaram,"TN 11 BP 8606",E2806894000A6006EF05589D,11030
1051,tambaram,"TN 12 BB 2280",E2806894000A7006EF0090FD,3610
1052,tambaram,"TN 11 AY 9369",E2806894000A7006EF01C21F,1335
1053,tambaram,"TN 11 AZ 8951",E2806894000A6006EF0314D2,1295
1054,tambaram,"TN 11 BA 1891",E2806894000A6006EF07F1B8,1345
1055,tambaram,"TN 12 BB 1895",E2806894000A6006EF0841E0,3280
1056,tambaram,"TN 12 BB 1867",E2806894000A7006EF068208,3360
1057,tambaram,"TN 11 AZ 8944",E2806894000A6006EF07BD43,1350
1058,tambaram,"TN 11 BK 7098",E2806894000A7006EF08E594,1975
1059,tambaram,"TN 11 BK 7045",E2806894000A6006EF020C98,1950
1060,tambaram,"TN 11 BD 7229",E2806894000A6006EF07FC7C,600
1061,tambaram,"TN 09 BD 2840",E2806894000A6006EF0998F2,1290
1062,tambaram,"TN 11 AZ 8956",E2806894000A7006EF0785CD,1270
1063,tambaram,"TN 22 BY 8303",E2806894000A7006EF0618C7,1225
1064,tambaram,"TN 09 DC 3819",E2806894000A6006EF0940BF,1215
1065,tambaram,"TN 22 DK 5664",E2806894000A7006EF08D23A,10840
1066,tambaram,"TN 09 DE 1180",E2806894000A6006EF0229AA,1480
1067,tambaram,"TN 11 BC 4295",E2806894000A7006EF01FE58,1365
1068,tambaram,"TN 11 S 7065",E2806894000A6006EF06D21D,3500
1069,tambaram,"TN 22 BY 7330",E2806894000A7006EF0809D7,1200
1070,tambaram,"TN 11 BK 7915",E2806894000A6006EF02A5EC,2035
1071,tambaram,"TN 11 AZ 8986",E2806894000A7006EF083D6D,1305
1072,tambaram,"TN 11 AR 4817",E2806894000A6006EF062D74,1295
1073,tambaram,"TN 22 BZ 9132",E2806894000A7006EF087986,1200
1074,tambaram,"TN 11 BK 7947",E2806894000A6006EF05513B,1995
1075,tambaram,"TN 22 CX 3942",E2806894000A7006EF097966,1325
1076,tambaram,"TN 05 Y 8409",E2806894000A6006EF044C27,1200
1077,tambaram,"TN 11 AK 5411",E2806894000A6006EF021E23,1200
1080,tambaram,"TN 72 AY 5933",E2806894000A6006EF061A20,1265
1081,tambaram,"TN 09 DE 1101",E2806894000A6006EF0170B1,1370
1082,tambaram,"TN 09 DC 7357",E2806894000A7006EF09D595,1010
1083,tambaram,"TN 22 BV 9087",E2806894000A6006EF07BCE7,1260
1084,tambaram,"TN 22 CW 5325",E2806894000A6006EF082678,1305
1085,tambaram,"TN 07 AM 1073",E2806894000A6006EF01413D,1200
1086,tambaram,"TN 09 DC 7375",E2806894000A7006EF0788D1,1350
1087,tambaram,"TN 21 AU 9537",E2806894000A6006EF0674F9,1345
1088,tambaram,"TN 12 BB 1838",E2806894000A7006EF08E992,3370
1089,tambaram,"TN 11 BA 1810",E2806894000A6006EF0358A2,1305
1090,tambaram,"TN 22 AZ 2363",E2806894000A6006EF01D238,1260
1091,tambaram,"TN 22 BQ 9011",E2806894000A7006EF09817C,1200
1092,tambaram,"TN 11 AZ 8983",E2806894000A6006EF074CC0,1305
1093,tambaram,"TN 09 DE 1130",E2806894000A7006EF09A57F,1320
1094,tambaram,"TN 09 DC 3820",E2806894000A6006EF091554,1185
1095,tambaram,"TN 22 CZ 1877",E2806894000A6006EF0991D6,1260
1096,tambaram,"TN 11 AZ 8996",E2806894000A6006EF04449D,1215
1097,tambaram,"TN 20 BA 2025",E2806894000A6006EF06AC6F,1240
1098,tambaram,"TN 21 X 6318",E2806894000A7006EF02D9AE,3480
1099,tambaram,"TN 22 BU 6404",E2806894000A7006EF0979D7,1205
1100,tambaram,"TN 11 BF 5314",E2806894000A7006EF01D156,1235
1101,tambaram,"TN 11 AP 7368",E2806894000A7006EF0128F0,1160
1102,tambaram,"TN 07 BC 0217",E2806894000A6006EF0311E2,1325
1103,tambaram,"TN 11 AJ 8201",E2806894000A7006EF07DA3E,1190
1104,tambaram,"TN 11 BK 7097",E2806894000A7006EF01AE23,1985
1105,tambaram,"TN 11 AZ 8939",E2806894000A6006EF03B487,1295
1106,tambaram,"TN 09 DE 1173",E2806894000A7006EF019509,1405
1107,tambaram,"TN 18 P 4093",E2806894000A6006EF09E97C,1320
1108,tambaram,"TN 11 BA 1868",E2806894000A7006EF08AA2B,1255
1109,tambaram,"TN 11 BA 1884",E2806894000A7006EF084D09,1260
1110,tambaram,"TN 11 AZ 8968",E2806894000A7006EF084E1E,1295
1111,tambaram,"TN 11 AK 5430",E2806894000A7006EF02C1D6,1325
1112,tambaram,"TN 19 AQ 6827",E2806894000A7006EF071646,3570
1113,tambaram,"TN 11 BK 7038",E2806894000A7006EF0299FC,2025
1114,tambaram,"TN 11 AZ 8952",E2806894000A6006EF08EE01,1295
1115,tambaram,"TN 09 AW 4937",E2806894000A7006EF096515,1255
1116,tambaram,"TN 11 AK 5497",E2806894000A7006EF079087,1120
1117,tambaram,"TN 18 L 9984",E2806894000A6006EF024894,1205
1118,tambaram,"TN 09 DC 7463",E2806894000A7006EF0921DA,1255
1119,tambaram,"TN 11 BA 1867",E2806894000A6006EF0821F8,1325
1120,tambaram,"TN 11 AZ 8980",E2806894000A7006EF018CA1,1320
1121,tambaram,"TN 12 BB 1897",E2806894000A6006EF01BA21,3510
1122,tambaram,"TN 11 BK 7081",E2806894000A6006EF0168AA,1910
1123,tambaram,"TN  09 DC 3890",E2806894000A6006EF07F487,1300
1124,tambaram,"TN 11 AH 5713",E2806894000A6006EF065D91,1135
1125,tambaram,"TN 11 AH 5766",E2806894000A6006EF0908D6,1165
1126,tambaram,"TN 11 BK 6639",E2806894000A7006EF06D123,1925
1127,tambaram,"TN 64 AA 6648",E2806894000A6006EF091952,1355
1128,tambaram,"TN 11 BA 1887",E2806894000A6006EF06AE50,1285
1129,tambaram,"TN 11 AZ 8978",E2806894000A7006EF06EE13,1215
1130,tambaram,"TN 11 AY 9320",E2806894000A7006EF064993,1200
1131,tambaram,"TN 11 BB 0722",E2806894000A6006EF072955,1710
1132,tambaram,"TN 18 CZ5724",E2806894000A6006EF02C218,3450
1133,"AVADI DUMPING YARD","TN 12 BD 2851",E28069952000500662D4F66E,7770
1137,Ourland,"TN 45 BM 8859 ",E28069952000500662D66A6F,11015
1138,Ourland,"TN 09 CZ 3349",E28069952000400662D26671,10070
1139,Ourland,"TN 55 BY 7961",E28069952000400662D32E70,11300
1142,trichy_mini,"Trichy Testing Tag",E2806894000A7006EF08BCAD,2500
1143,"AVADI DUMPING YARD","TN 12 V 9533",E28069952000400662D8566F,10200
1144,"AVADI DUMPING YARD","TN 12 V 9608",E28069952000500662D6AA72,7120
1145,Ourland,"TN 09 DH 4770",E28069952000500662D6226F,8400
1149,Ourland,"TN 06 AH 8375",,0
1150,"MMC NO GPS","Arapalayam Testing Tag ",E20047067BA06426BBE70112,2500
1151,"MMC LCV","TN 59 CR 4171 ",E2004703EC90642692F6010A,1100
1152,tambaram,"TN 09 DE 1158",E2806894000A6006EF021605,1445
1153,tambaram,"TN 11 AH 5785",E2806894000A7006EF012507,1185
1154,tambaram,"TN 11 BA 1845",E2806894000A6006EF08E492,1370
1155,tambaram,"TN 11 BK 7933",E2806894000A7006EF01C145,1995
1156,tambaram,"TN 11 AY 9370",E2806894000A7006EF031157,1350
1157,tambaram,"TN 11 BK 8060",E2806894000A7006EF09A925,1990
1158,tambaram,"TN 11 AY 9360",E2806894000A7006EF022E21,1325
1159,tambaram,"TN 11 AY 8156",E2806894000A6006EF063072,1350
1160,tambaram,"TN 85 H 5089",E2806894000A7006EF0255BB,1100
1161,tambaram,"TN 09 DE 1125",E2806894000A6006EF02C86F,1455
1162,tambaram,"TN 11 AY 8122",E2806894000A7006EF08DC97,1350
1163,tambaram,"TN 11 BK 6607",E2806894000A6006EF08A60B,2015
1164,tambaram,"TN 11 AZ 8922",E2806894000A6006EF0324DD,1300
1165,tambaram,"TN 22 AW 8210",E2806894000A7006EF00DD10,1315
1166,tambaram,"TN 11 BD 7502",E2806894000A6006EF0275FC,705
1167,tambaram,"TN 11 BK 7957",E2806894000A6006EF02761D,2050
1168,tambaram,"TN 09 DC 7449",E2806894000A6006EF08C4E8,1155
1169,tambaram,"TN 69 BS 5127",E2806894000A7006EF0171AA,1135
1170,tambaram,"TN 11 AZ 8904",E2806894000A7006EF03E434,1310
1171,tambaram,"TN 11 AZ 8993",E2806894000A6006EF049A94,1300
1173,tambaram,"TN 64 AA 6675",E2806894000A6006EF07708B,1300
1174,tambaram,"TN 09 DE 1179",E2806894000A6006EF019654,1275
1175,tambaram,"TN 64 AA 6689",E2806894000A7006EF07CA4B,1370
1176,tambaram,"TN 11 AH 5794",E2806894000A7006EF093190,1180
1177,tambaram,"TN 11 AZ 8911",E2806894000A7006EF065D5A,1270
1178,tambaram,"TN 64 AA 7687",E2806894000A6006EF07BC56,1410
1179,tambaram,"TN 09 DE 1162",E2806894000A7006EF071CA1,1275
1180,tambaram,"TN 11 BA 1846",E2806894000A7006EF066598,1280
1181,tambaram,"TN 09 DC 7493",E2806894000A7006EF007167,1150
1182,tambaram,"TN 11 BK 8048",E2806894000A6006EF015CF1,1905
1183,tambaram,"TN 09 DE 1181",E2806894000A7006EF08BCAB,1260
1184,tambaram,"TN 11 BK 7032",E2806894000A7006EF096979,1930
1185,tambaram,"TN 11 BK 7044",E2806894000A6006EF095509,1935
1186,tambaram,"TN 09 DE 1159",E2806894000A7006EF02C83B,1355
1187,tambaram,"TN 03 K 2253",E2806894000A7006EF07FA17,1230
1188,tambaram,"TN 11 BD 7635",E2806894000A6006EF015DF3,755
1189,tambaram,"TN 09 DE 1191",E2806894000A7006EF05351C,1340
1190,tambaram,"TN 09 DC 7356",E2806894000A6006EF0854AC,1120
1191,tambaram,"TN 18 CZ 5707",E2806894000A6006EF031877,2860
1192,tambaram,"TN 02 X 9169",E2806894000A7006EF067886,1200
1193,tambaram,"TN 12 BB 1872",E2806894000A6006EF01AD84,3460
1194,tambaram,"TN 11 BK 7963",E2806894000A6006EF03198F,1995
1195,tambaram,"TN 09 DE 1198",E2806894000A6006EF06F838,1200
1196,tambaram,"TN 12 BB 1873",E2806894000A7006EF09C14E,3470
1197,tambaram,"TN 22 BZ 7870",E2806894000A7006EF08649B,1255
1198,tambaram,"TN 11 BE 8343",E2806894000A6006EF01C643,1405
1199,tambaram,"TN 09 DE 1128",E2806894000A7006EF06FCDC,1340
1200,tambaram,"TN 11 BA 1892",E2806894000A6006EF083515,1270
1201,tambaram,"TN 11 BA 1841",E2806894000A6006EF023DD7,1345
1202,tambaram,"TN 22 BB 4047",E2806894000A7006EF01952E,1420
1203,tambaram,"TN 11BD 8734",E2806894000A6006EF04E498,705
1204,tambaram,"TN 22 BJ 5158",E2806894000A6006EF08AC91,1340
1205,tambaram,"TN 11BD 7729",E2806894000A6006EF02487F,650
1206,tambaram,"TN 18 A 5731",E2806894000A6006EF060A74,1330
1207,tambaram,"TN 09 DC 7304",E280691500004020ED951CBB,1175
1208,tambaram,"TN 20 BA 2025",E2806894000A7006EF08FE0B,1240
1209,tambaram,"TN 09 DC 8062",E2806894000A7006EF033A73,1140
1210,tambaram,"TN 11 BK 7021",E2806894000A6006EF08A488,1895
1211,tambaram,"TN 09 DC 8039",E2806894000A7006EF091E15,1110
1212,tambaram,"TN 09 DC 7439",E2806894000A7006EF075582,1235
1213,tambaram,"TN 09 DD 3768",E2806894000A7006EF02E49F,1130
1214,tambaram,"TN 11 BK 7093",E2806894000A6006EF07DDA8,1885
1215,tambaram,"TN 11 AZ 8977",E2806894000A6006EF093D2C,1385
1220,tambaram,"TN 09 DC 7369",E2806894000A6006EF08CCC4,1205
1224,kumbakonam,"TN 68 Z 3895",E2806894000A7006EF04F10D,1155
1225,kumbakonam,"TN 68 Z 3805",E2806894000A7006EF0110A8,915
1226,kumbakonam,"TN 68 Z 3849(PVT)",E2806894000A7006EF09D11A,1200
1227,kumbakonam,"TN 68 Q 3717",E2806894000A7006EF055C5D,4800
1228,tambaram,"TN 09DE1192",E2806894000A7006EF080E0B,1450
1229,kumbakonam,"TN 68 Z 3863",E2806894000A6006EF0308CE,1200
1230,tambaram,"TN 09 DC 7434",E2806894000A7006EF0530B3,1155
1231,tambaram,"TN 11 BA 1811",E2806894000A6006EF07A8FA,1330
1232,tambaram,"TN 11 BA 1873",E2806894000A7006EF087174,1310
1233,tambaram,"TN 85 H 4475",E2806894000A7006EF021534,1265
1234,tambaram,"TN 11 AY 9343",E2806894000A6006EF078A55,1370
1235,tambaram,"TN 85 H 5109",E2806894000A7006EF0785EF,1900
1236,tambaram,"TN 11 BK 6685",E2806894000A6006EF06EC9B,1930
1237,tambaram,"TN 09 DC 7728",E2806894000A7006EF073D8A,640
1238,tambaram,"TN 09 DE 1183",E280691500005020ED9560BD,1350
1239,tambaram,"TN 11 BD 7566",E2806894000A6006EF046811,720
1240,tambaram,"TN 11 BK 6676",E2806894000A7006EF087CC1,1985
1241,tambaram,"TN 09 CY 7013",E2806894000A7006EF028CD9,715
1242,tambaram,"TN 11 BK 7078",E2806894000A7006EF028A7C,1945
1243,tambaram,"TN 11 BK 6648",E2806894000A7006EF0940CF,1985
1244,tambaram,"TN 11 BD 7759",E2806894000A7006EF040831,675
1245,tambaram,"TN 11 AY 8182",E2806894000A6006EF06CE70,1375
1246,tambaram,"TN 11 BK 7008",E2806894000A6006EF0271B6,1925
1247,tambaram,"TN 09 DD 3715",E2806894000A6006EF0898E8,1140
1248,tambaram,"TN 11 BK 6602",E2806894000A6006EF03AD9E,1940
1250,tambaram,"TN 11 T 9055",E2806894000A6006EF08BA3A,1300
1251,tambaram,"TN 85 M 4446",E2806894000A7006EF088957,1200
1252,tambaram,"TN 85 H 5167",E2806894000A6006EF07C12E,1290
1253,tambaram,"TN 11 BA 1876",E2806894000A7006EF0664CC,1305
1254,kumbakonam,"TN 06 AD 8604 (PVT)",E2806894000A6006EF00754A,1050
1255,kumbakonam,"TN 06 AD 8645 (PVT)",E2806894000A6006EF089122,1050
1256,kumbakonam,"TN 06 AD 8673 (PVT)",E2806894000A6006EF094604,1050
1257,kumbakonam,"TN 06 AD 8670 (PVT)",E2806894000A7006EF06E843,1050
1258,kumbakonam,"TN 06 AD 8509 (PVT)",E2806894000A6006EF02B170,1050
1259,kumbakonam,"TN 06 AD 8589 (PVT)",E2806894000A6006EF08E0ED,1050
1261,kumbakonam,"TN 06 AD 8696 (PVT)",E2806894000A6006EF07BDB5,1050
1262,kumbakonam,"TN 06 AD 8660 (PVT)",E2806894000A7006EF023197,1050
1263,kumbakonam,"TN 06 AD 8631 (PVT)",E2806894000A401569141A39,1050
1264,kumbakonam,"TN 06 AD 8697 (PVT)",E2806894000A6006EF01D4EF,1050
1265,kumbakonam,"TN 06 AD 8503 (PVT)",E2806894000A6006EF00F565,915
1266,kumbakonam,"TN 06 AD 8544 (PVT)",E20047064FA06426B9270110,1050
1267,kumbakonam,"TN 06 AD 8582 (PVT)",E20047052EF06426A71C010D,1050
1269,kumbakonam,"TN 68 Z 3877",E20047069D606426BE030111,1200
1270,kumbakonam,"TN 06 AD 8655 (PVT)",E2004706CD206426C0FF010D,1050
1271,kumbakonam,"TN 06 AD 8646 (PVT)",E200470566106426AA8E010B,1050
1273,kumbakonam,"TN 06 AD 8638 (PVT)",E2806894000A7006EF06398A,1050
1274,kumbakonam,"TN 06 AD 8593 (PVT)",E2004703E2106426924E010D,1050
1275,kumbakonam,"TN 06 AD 8557 (PVT)",E200470513806426A565010C,915
1276,kumbakonam,"TN 06 AD 8609 (PVT)",E200470525B06426A6880114,1050
1277,kumbakonam,"TN 68 F 1698",E2004704CDC06426A109010D,4800
1278,tambaram,"TN 11 AZ 8919",E2806894000A6006EF07D183,1335
1279,tambaram,"TN 19 AM 0450",E2806894000A6006EF08D54B,1200
1280,tambaram,"TN 19 AP 8309",E2806894000A7006EF0819DC,3640
1281,tambaram,"TN 64 AA 7529",E2806894000A6006EF0801B7,1430
1282,tambaram,"TN 11 BD 7219",E2806894000A7006EF07D182,600
1283,tambaram,"TN 11 BK 7080",E2806894000A6006EF0830FB,1895
1284,tambaram,"TN 11 BA 1822",E2806894000A6006EF08F0D0,1290
1285,tambaram,"TN 11 AZ 8960",E2806894000A7006EF016243,1250
1287,tambaram,"TN 11 AZ 8914",E2806894000A7006EF00FE06,1280
1288,tambaram,"TN 09 DE 1120",E2806894000A6006EF09A12A,1410
1289,tambaram,"TN 11 AA 5209",E2806894000A6006EF0741E3,1150
1290,tambaram,"TN 11 AW 5989",E2806894000A6006EF01CDED,2620
1291,tambaram,"TN 11 AJ 8485",E2806894000A6006EF00F541,1435
1292,tambaram,"TN 18 B 9246",E2806894000A6006EF02B132,1160
1293,tambaram,"TN 31 AD 4968",E2806894000A6006EF09CD52,1180
1294,tambaram,"TN 11 AY 9311",E2806894000A7006EF082E0C,1315
1295,tambaram,"TN 07 BR 3211",E2806894000A6006EF01D186,1160
1296,tambaram,"TN 11 AH 5720",E2806894000A6006EF088D51,1135
1297,tambaram,"TN 11 BK 7944",E2806894000A6006EF07EE86,1905
1298,tambaram,"TN 11 AZ 8961",E2806894000A6006EF0214D3,1285
1299,tambaram,"TN 11 BA 1874",E2806894000A6006EF031156,1250
1300,tambaram," TN 11 BK 6672",E2806894000A6006EF08F8C5,1975
1301,tambaram,"TN 11 BK 6671",E2806894000A7006EF09B59C,1990
1302,tambaram,"TN 11 AV 8438",E2806894000A7006EF07B860,1360
1303,tambaram,"TN 11 BA 1872",E2806894000A7006EF086158,1365
1304,tambaram,"TN 11 BA 1861",E2806894000A7006EF04DAC1,1315
1305,tambaram,"TN 11 AZ 8950",E2806894000A7006EF07A27C,1290
1306,tambaram,"TN 09 DD 2851",E2806894000A7006EF0919FC,1395
1307,tambaram,"TN 11 AA 5220",E2806894000A7006EF0879AD,1130
1308,tambaram,"TN 11 AZ 8962",E2806894000A7006EF01B551,1305
1309,tambaram,"TN 11 AH 5790",E2806894000A7006EF0830E2,1235
1310,tambaram,"TN 11 BK 6642",E2806894000A6006EF06C279,1980
1311,tambaram,"TN 11 AH 5704",E2806894000A6006EF0644D2,1240
1312,tambaram,"TN 11 AZ 8964",E2806894000A6006EF0875CF,1285
1313,tambaram,"TN 11 AY 9381",E2806894000A6006EF038D05,1340
1314,tambaram,"TN 11 BA 1829",E2806894000A7006EF06A564,1305
1315,tambaram,"TN 11 AZ 8994",E2806894000A7006EF019179,1305
1316,tambaram,"TN 11 BK 7084",E2806894000A7006EF022DF0,2035
1317,tambaram,"TN 11 BD 7315",E2806894000A7006EF0681A8,740
1318,tambaram,"TN 09 DD 3883",E2806894000A7006EF07A065,1220
1319,tambaram,"TN 11 BK 8056",E2806894000A7006EF0981FD,1975
1320,tambaram,"TN 11 BK 7062",E2806894000A7006EF01A5E4,2025
1321,tambaram,"TN 09 DE 1197",E2806894000A7006EF03D223,1375
1322,tambaram,"TN 11 BK 8096",E2806894000A7006EF01B5B0,1980
1323,tambaram,"TN 11 AK 5442",E2806894000A7006EF06F222,1270
1324,tambaram,"TN 05 AE 9976",E2806894000A6006EF01650B,1190
1325,tambaram,"TN 57 AU 7926",E2806894000A6006EF02DA46,3640
1326,tambaram,"TN 11 BA 1821",E2806894000A6006EF06B469,1340
1327,tambaram,"TN 11 BA 1807",E2806894000A6006EF06C431,1195
1328,tambaram,"TN 11 T 9103",E2806894000A7006EF089483,1200
1329,tambaram,"TN 11 AY 9364",E2806894000A7006EF089D2F,1215
1330,tambaram,"TN 11 AZ 8973",E2806894000A6006EF080177,1195
1331,tambaram,"TN 11 BK 8013",E2806894000A6006EF07DA7D,2040
1332,tambaram,"TN 11 BA 1838",E2806894000A6006EF017E57,1290
1334,tambaram,"TN 11 BA 1843",E2806894000A6006EF030D85,1310
1335,tambaram,"TN 11 BF 6648",E2806894000A7006EF089220,1375
1336,tambaram,"TN 12 BB 1854",E2806894000A7006EF08606C,3370
1337,tambaram,"TN 09 DC 7408",E2806894000A6006EF08E51D,1115
1338,tambaram,"TN 09 DC 7941",E2806894000A6006EF02D462,1165
1339,tambaram,"TN 11 AA 5260",E2806894000A7006EF02ACA5,1200
1340,tambaram,"TN 11 AZ 8946",E2806894000A6006EF09718E,1245
1341,tambaram,"TN 09 DE 1193",E2806894000A6006EF07B084,1375
1342,tambaram,"TN 11 BK 6643",E2806894000A6006EF07A9B5,1900
1343,tambaram,"TN 11 BK 7932",E2806894000A7006EF086D4A,1955
1344,tambaram,"TN 11 AS 8485",E2806894000A7006EF05B8C1,1465
1345,tambaram,"TN85 C 4420",E2806894000A7006EF0164F2,1185
1346,tambaram,"TN 09 DE 1168",E2806894000A7006EF07E9A8,1355
1347,tambaram,"TN 11 AZ 8967",E2806894000A6006EF087071,1255
1348,tambaram,"TN 20 BR 5279",E2806894000A6006EF08F5A8,1360
1350,tambaram,"TN 11 BK 7083",E2806894000A6006EF023A46,1975
1351,tambaram,"TN 11 AZ 8997",E2806894000A6006EF0830A7,1335
1352,tambaram,"TN 05 AL 2981",E2806894000A6006EF0045AD,1320
1353,tambaram,"TN 11 BK 8002",E2806894000A6006EF017A4E,1990
1354,tambaram,"TN 11 AK 5466",E2806894000A7006EF09F564,1250
1356,tambaram,"TN 11BD7579",E2806894000A7006EF02423F,765
1357,tambaram,"TN 19 AL 2205",E2806894000A7006EF06FDFC,3580
1358,tambaram,"TN 09 DC 7423",E2806894000A6006EF086949,1265
1360,tambaram,"TN 64 AA 6627",E2806894000A6006EF07B596,1340
1361,tambaram,"TN 09 DC 7317",E2806894000A6006EF094D1D,1230
1362,tambaram,"TN 11 AZ 8984",E2806894000A6006EF031135,1330
1363,tambaram,"TN 11 BK 6617",E2806894000A6006EF050944,1945
1364,tambaram,"TN 09 DC 7331",E2806894000A7006EF087CFE,1130
1365,tambaram,"TN 11 BD 7731",E280691500005020ED97A0BA,745
1366,tambaram,"TN 18 CZ 5755",E2806894000A7006EF03A4A3,3710
1367,tambaram,"TN 09 DE 1194",E2806894000A7006EF0221ED,1400
1368,tambaram,"TN 11 AY 9392",E2806894000A7006EF07B165,1345
1369,tambaram,"TN 09 AL 6736",E2806894000A7006EF0875BF,1320
1370,tambaram,"TN 11 BD 7662",E2806894000A7006EF02DD63,710
1371,tambaram,"TN 11 BA 1815",E2806894000A7006EF094A1B,1200
1372,tambaram,"TN 11 BD 7294",E2806894000A7006EF0270F2,710
1373,tambaram,"TN 11 AY 8157",E2806894000A7006EF024968,1260
1374,tambaram,"TN 11 BD 7225",E2806894000A6006EF09122B,725
1375,tambaram,"TN 85 H 4461",E2806894000A7006EF0884A6,1200
1376,tambaram,"TN 20 BX 8430",E2806894000A7006EF09D58E,1085
1377,tambaram,"TN 11 AY 9346",E2806894000A7006EF0199F6,1400
1378,tambaram,"TN 09 DE 1146",E2806894000A7006EF08EA0B,1505
1379,tambaram,"TN 11 AY 8114",E2806894000A7006EF00BD6D,1335
1380,tambaram,"TN 09 DE 1184",E2806894000A7006EF06AA0B,1360
1381,tambaram,"TN 11 AZ 8902",E2806894000A6006EF0801F5,1305
1382,tambaram,"TN 11 AZ 8933",E2806894000A7006EF0921FE,1365
1383,tambaram,"TN 09 DC 8034",E2806894000A7006EF06CE5C,1195
1384,tambaram,"TN 11 AZ 8903",E2806894000A6006EF022CAF,1355
1385,tambaram,"TN 11 AZ 8934",E2806894000A6006EF08BDF2,1320
1386,tambaram,"TN 11 BK 6626",E2806894000A6006EF089E36,2000
1387,tambaram,"TN 09 DC 8098",E2806894000A7006EF06E1E5,1500
1388,tambaram,"TN 11 BA 1878",E2806894000A6006EF06F5FC,1340
1389,tambaram,"TN 11 AZ 8970",E2806894000A7006EF09CD27,1300
1390,tambaram,"TN 11 AY 9322",E2806894000A6006EF08B892,1365
1391,tambaram,"TN 11 BA 1865",E2806894000A7006EF095DD4,1385
1392,tambaram,"TN 09 DE 1154",E2806894000A6006EF024C72,1430
1393,tambaram,"TN 09 DC 7716",E2806894000A7006EF08C939,640
1394,tambaram,"TN 12 BB 1892",E2806894000A7006EF07A1CE,3630
1395,tambaram,"TN 21 1440",E2806894000A7006EF07F8CE,3650
1396,tambaram,"TN 85 H 5167",E2806894000A7006EF084526,1290
1397,tambaram,"TN 20 AT 1813",E2806894000A7006EF0805C6,1105
1398,tambaram,"TN 11 AH 5765",E2806894000A6006EF02CC73,1185
1399,tambaram,"TN 20 AU 0420",E2806894000A6006EF06318F,1200
1400,tambaram,"TN 11 AZ 8965",E2806894000A6006EF0244A4,1280
1401,tambaram,"TN 12 DB 1892",E2806894000A7006EF01A606,3500
1402,tambaram,"TN 12 BB 1883",E2806894000A6006EF078873,3630
1403,kumbakonam,"TN 06 AD 8536 (PVT)",E200470645206426B87F0111,1050
1404,tambaram,"TN 85 H 5171",E2806894000A7006EF02C1EA,1200
1406,tuty,"TN 06 AH 8375",,0
1407,tambaram,"TN 11 AZ 8992",E2806894000A6006EF07F901,1260
1408,tambaram,"TN 11 BK 7923",E2806894000A7006EF0758EF,1915
1409,tambaram,"TN 09 DC 7362",E2806894000A7006EF031C59,1195
1410,tambaram,"TN 12 BB 1828",E2806894000A7006EF066510,3560
1411,tambaram,"TN 18 CZ 5782",E2806894000A6006EF02A8FF,3630
1412,tambaram,"TN  18 CZ 5727",E2806894000A7006EF028DA0,3650
1413,tambaram,"TN 09 DC 7495",E2806894000A6006EF0984E7,1190
1414,tambaram,"TN 09 DC 7432",E2806894000A7006EF08DDCF,1125
1415,tambaram,"TN 09 DC 7830",E2806894000A6006EF07388D,710
1416,tambaram,"TN 11 BD 7663",E2806894000A6006EF07A552,520
1417,tambaram,"TN 09 BD 2840",E2806894000A7006EF085D2C,1290
1418,tambaram,"TN 09 DE 1118",E2806894000A7006EF085D49,1375
1419,tambaram,"TN 11 AY 8159",E2806894000A6006EF074D34,1370
1420,tambaram,"TN 11 BA 1801",E2806894000A6006EF09C971,1315
1421,tambaram,"TN 11 H 4536",E2806894000A6006EF02A602,8600
1422,tambaram,"TN 11 BD 7341",E2806894000A7006EF098909,715
1423,tambaram,"TN 11 BK 6673",E2806894000A6006EF02EA35,1950
1424,tambaram,"TN 64 AA 7610",E2806894000A7006EF061574,1350
1425,tambaram,"TN 11 AY 8169",E2806894000A7006EF00F9C8,1370
1426,tambaram,"TN 12 BB 1830",E2806894000A6006EF02A589,3650
1427,tambaram,"TN 11 AY 8186",E2806894000A7006EF0941A8,1370
1428,tambaram,"TN 11 BK 6680",E2806894000A6006EF06501D,1980
1429,tambaram,"TN 14 R 5488",E2806894000A7006EF0835EB,1215
1430,tambaram,"TN 85 H 5172",E2806894000A6006EF008DCF,1130
1431,tambaram,"TN 12 BB 1810",E2806894000A7006EF080C6A,3595
1432,tambaram,"TN 85 H 5099",E2806894000A6006EF068092,1225
1433,tambaram,"TN 11 BD 7714",E2806894000A6006EF01A0F4,715
1434,tambaram,"TN 11 AY 8184",E2806894000A7006EF08166B,1360
1435,tambaram,"TN 85 H 5125",E2806894000A7006EF08252C,1255
1436,tambaram,"TN 21 K 0939",E2806894000A7006EF064C4B,1100
1437,tambaram,"TN 09 DD 3935",E2806894000A7006EF02E63B,1170
1438,tambaram,"TN 09 DC 7411",E2806894000A6006EF03262F,1145
1439,tambaram,"TN 11 AY 9309",E2806894000A6006EF07E08E,1300
1440,tambaram,"TN 14 E 7050",E2806894000A7006EF02F5BB,1255
1441,tambaram,"TN 09 DC 7969",E2806894000A6006EF0595B8,1195
1442,tambaram,"TN 21 BU 6720",E2806894000A7006EF09C182,3700
1443,tambaram,"TN 21 BT 7363",E2806894000A7006EF08A53A,3540
1444,tambaram,"TN 11 BA 1858",E2806894000A7006EF08ED66,1260
1445,tambaram,"TN 49 BC 6252",E2806894000A7006EF02B540,3910
1446,tambaram,"TN 11 AZ 8987",E2806894000A6006EF02C8C6,1275
1447,tambaram,"TN 11 AH 5751",E2806894000A7006EF08D608,1200
1448,tambaram,"TN 05 Y 9409",E2806894000A7006EF087564,1290
1449,tambaram,"TN 11 AZ 8975",E2806894000A7006EF085D29,1315
1450,tambaram,"TN 11 BK 6658",E2806894000A7006EF00EDDA,1975
1451,tambaram,"TN 09 DE 1156",E2806894000A7006EF079DAE,1475
1452,tambaram,"TN 11 BK 7974",E2806894000A7006EF01C07E,1950
1453,tambaram,"TN 11 BA 1851",E2806894000A6006EF02F089,1265
1454,tambaram,"TN 22 DH 9522",E2806894000A6006EF08822C,5100
1455,tambaram,"TN 22 DH 9511",E2806894000A7006EF0881B4,1200
1456,tambaram,"TN 19 H 3116",E2806894000A6006EF003152,1330
1457,tambaram,"TN 11 BD 7751",E2806894000A6006EF0666BB,650
1458,tambaram,"TN 22 DH 3035",E2806894000A7006EF079DCE,10260
1459,tambaram,"TN 65 BU 2831",E2004704C6806426A0950108,1200
1460,kumbakonam,"TN 06 AD 8667 (PVT)",E2004703E2D06426925A010C,915
1464,tambaram,"TN 11 BK 6690",E2806894000A6006EF037680,1965
1465,tuty,TN65C0922,E20047061DA06426B607010A,1750
1467,tambaram,"TN 12 BB 1838",E2806894000A7006EF06ACD9,3370
1468,tambaram,"TN 11 BP 9022",E2806894000A7006EF08AD45,10930
1469,Ourland,"TN 69 BT 2729(OURLAND)",E28069952000400662D35A6E,3100
1473,Ourland,"TN 64 AA 5011",E2004704EC006426A2ED0110,1100
1474,Ourland,"TN 64 AA 5162",E2004703DA10642691CE0115,1100
1475,"MMC LCV","TN 59 CM 5396",E200470675606426BB830111,1100
1476,Ourland,"TN 64 AA 7569 ",E200470523006426A65D0111,1100
1477,Ourland,"TN 64 AA 7678",E200470559006426A9BD0113,1100
1478,tambaram,"TN 11 AK 5416",E2806894000A6006EF086DF0,1240
1480,tuty,"TN 63 V 7497 N",E200470545C06426A889010E,1350
1481,rts_testing,Micro_Test_Tag,E2806894000A6006EF06818B,1000
1482,tuty,"TN 57 E 5405",E20047069A206426BDCF010B,2100
1484,rts_testing_micro,RTS_Testing_Micro_Tag,E2806894000A7006EF068921,1000
1486,Ourland,"TN 09 CZ 9672",E28069952000400662D51E70,14520
1487,Ourland," TN 64 AA 7596",E20047063A306426B7D0010D,1100
1488,"MMC LCV","TN 59 CM 5347",E20047062D206426B6FF010D,1100
1489,Ourland,"TN 64 AA 7967",E200470537B06426A7A8010C,1100
1490,Ourland,"TN 64 AA 7625",E200470505406426A481010C,1100
1493,Ourland,"TN 64 AA 7671",E28069952000500662D35A71,1100
1494,"MMC DUMPER","TN 64 AA 7933",E28069952000500662D37E6F,1100
1495,kumbakonam_micro,"TN 68 Z 3895",E2806894000A7006EF04F10D,1155
1496,kumbakonam_micro,"TN 68 Z 3805",E2806894000A7006EF0110A8,915
1498,kumbakonam_micro,"TN 68 Q 3717",E2806894000A7006EF055C5D,4800
1499,kumbakonam_micro,"TN 68 Z 3863",E2806894000A6006EF0308CE,1200
1500,kumbakonam_micro,"TN 06 AD 8604 (PVT)",E2806894000A6006EF00754A,1050
1501,kumbakonam_micro,"TN 06 AD 8645 (PVT)",E2806894000A6006EF089122,1050
1502,kumbakonam_micro,"TN 06 AD 8673 (PVT)",E2806894000A6006EF094604,1050
1503,kumbakonam_micro,"TN 06 AD 8670 (PVT)",E2806894000A7006EF06E843,1050
1504,kumbakonam_micro,"TN 06 AD 8509 (PVT)",E2806894000A6006EF02B170,1050
1505,kumbakonam_micro,"TN 06 AD 8589 (PVT)",E2806894000A6006EF08E0ED,1050
1507,kumbakonam_micro,"TN 06 AD 8696 (PVT)",E2806894000A6006EF07BDB5,1050
1508,kumbakonam_micro,"TN 06 AD 8660 (PVT)",E2806894000A7006EF023197,1050
1509,kumbakonam_micro,"TN 06 AD 8631 (PVT)",E2806894000A401569141A39,1050
1510,kumbakonam_micro,"TN 06 AD 8697 (PVT)",E2806894000A6006EF01D4EF,1050
1511,kumbakonam_micro,"TN 06 AD 8503 (PVT)",E2806894000A6006EF00F565,915
1512,kumbakonam_micro,"TN 06 AD 8544 (PVT)",E20047064FA06426B9270110,1050
1513,kumbakonam_micro,"TN 06 AD 8582 (PVT)",E20047052EF06426A71C010D,1050
1515,kumbakonam_micro,"TN 68 Z 3877",E20047069D606426BE030111,1200
1516,kumbakonam_micro,"TN 06 AD 8655 (PVT)",E2004706CD206426C0FF010D,1050
1517,kumbakonam_micro,"TN 06 AD 8646 (PVT)",E200470566106426AA8E010B,1050
1520,kumbakonam_micro,"TN 06 AD 8593 (PVT)",E2004703E2106426924E010D,1050
1521,kumbakonam_micro,"TN 06 AD 8557 (PVT)",E200470513806426A565010C,915
1522,kumbakonam_micro,"TN 06 AD 8609 (PVT)",E200470525B06426A6880114,1050
1523,kumbakonam_micro,"TN 68 F 1698",E2004704CDC06426A109010D,4800
1524,kumbakonam_micro,"TN 06 AD 8536 (PVT)",E200470645206426B87F0111,1050
1525,kumbakonam_micro,"TN 06 AD 8667 (PVT)",E2004703E2D06426925A010C,915
1526,"MMC DUMPER","TN 64 AA 5152",E2806894000A6006EF0071AF,1100
1527,"MMC NO GPS","TN 64 AA 6630",E2806894000A7006EF094D20,1100
1528,"MMC LCV","TN 59 CM 5359",E28069952000400662D2AE70,1100
1529,Ourland,"TN 64 AA 7948",E28069952000400662D6A271,1100
1530,tambaram,"TN 09 DD 3828",E2806894000A6006EF088CE1,1280
1532,tambaram,"TN 10 XB 9146",E2806894000A7006EF02D4EE,1185
1533,tambaram,"TN 11 BA 1846",E2806894000A7006EF0325AC,1280
1534,tambaram,"TN 11 BA 1887",E2806894000A7006EF02487D,1285
1535,tambaram,"TN 11 AH 5711",E2806894000A6006EF02E861,1135
1536,tambaram,"TN 11 BK 7962",E2806894000A7006EF04A9BB,1970
1537,tambaram,"TN 09 DC 7368",E200470688606426BCB30110,1280
1538,tambaram,"TN 85 H 5127",E2806894000A6006EF02A8AF,1285
1539,tambaram,"TN 20 AS 2428",E2004706BF206426C01F010E,1200
1540,tambaram,"TN 11 BD 7794",E2806894000A6006EF06EE2B,710
1541,"MMC LCV","TN 59 CE 5295",E28069952000500662D2F271,1100
1542,tambaram,"TN 64 AA 5155",E2806894000A7006EF06C228,1550
1543,"MMC LCV","TN 59 CE 1703",E2806894000A7006EF08E8F6,1100
1544,Ourland,"TN 64 AA 7502",E2806894000A6006EF074074,1100
1546,tambaram,"TN 09 DC 7816",E2806894000A7006EF08C639,715
1547,Ourland,5097,E2806894000A5006EF02000,1100
1548,tambaram,"TN 64 AA 5195",E2004704ED406426A3010112,1335
1549,Ourland,"TN 64 AA 5097",E2806894000A7006EF021607,1100
1550,tambaram,"TN 11 BA 1830",E2806894000A6006EF07A22D,1300
1551,tambaram,"TN 09 DC 7386",E2806894000A7006EF06A579,1260
1552,tambaram,"TN 09 DC 7349",E200470621206426B63F0112,1125
1553,tambaram,"TN 09 DE 1143",E2806894000A6006EF080052,1400
1554,tambaram,"TN 07 AM 1073",E2806894000A7006EF08462C,1200
1555,tambaram,"TN 64 AA 7506",E2806894000A40156916B274,1360
1556,Ourland,"TN 64 AA 7985",E2806894000A6006EF07B291,1100
1557,tambaram,"TN 09 DC 8096",E2806894000A6006EF055571,1255
1559,tambaram,"TN 11 AJ 8220",E2806894000A6006EF02F46F,1240
1560,tambaram,"TN 09 CY 7039",E2806894000A6006EF064923,850
1561,tambaram,"TN 11 AZ 8937",E2806894000A7006EF08522F,1260
1562,tambaram,"TN 64 AA 7507",E2806894000A6006EF08FD8D,1355
1563,tambaram,"TN 09 CY 7022",E2806894000A7006EF07D99D,835
1564,tambaram,"TN 05 AH 7967",E2806894000A7006EF0985D1,1185
1565,tambaram,"TN 10 V 2046",E2806894000A6006EF081522,1175
1566,tambaram,"TN 22 CV 0774",E2806894000A7006EF0811AC,1115
1567,tambaram,"TN 64 AA 7987",E2806894000A7006EF063A01,1300
1568,tambaram,"TN 20 BT 0446",E2004704FD406426A4010113,1280
1569,tambaram,"TN 07 BL 2918",E2806894000A7006EF085D01,1230
1570,tambaram,"TN 09 DC 8031",E2806894000A6006EF00FDB9,1175
1571,Ourland,"TN 64 AA 6651",E28069952000500662D26670,1100
1573,Ourland,"TN 64 AA 7944",E28069952000400662D2166E,1100
1574,Ourland,"TN 64 AA 7992",E2806894000A7006EF07FD86,1100
1575,tambaram,"TN 09 DC 8055",E2806894000A6006EF07E5D2,1150
1576,tambaram,"TN 64 AA 5195",E2806894000A401569138085,1335
1577,tambaram,"TN 09 CY 7012",E2806894000A6006EF0299F2,800
1578,tambaram,"TN 09 CY 7099",E2806894000A6006EF0814EC,710
1579,Ourland,"TN 64 AA 5153",E28069952000400662D2066F,1100
1580,Ourland,"TN 64 AA 7587",E2806894000A6006EF09059F,1100
1581,"MMC LCV","TN 64 AA 6779",E2806894000A7006EF08D5A1,1100
1583,"MMC LCV","TN 64 AA 7628",E2806894000A6006EF017959,1100
1585,tambaram,"Tambaram Testing Tag RTS",E2806894000A401569166E5B,2500
1586,tambaram,"TN 09 DC 7371",E2806894000A6006EF089DC9,1220
1587,tambaram,"TN 72 AR 5164",E2806894000A6006EF052124,5400
1588,Ourland,"TN 64 AA07540",E2806894000A6006EF000000,1100
1589,Ourland,"TN 64 AA 7540",E2806894000A6006EF065A1D,1100
1590,tambaram,"TN 09 DE 1130",E2806894000A7006EF0081AE,1320
1591,tambaram,"TN 11 BA 1879",E2806894000A6006EF087081,1200
1592,kumbakonam_micro,"Ward 20 (1)",E200470641206426B83F010D,200
1593,kumbakonam_micro,"Ward 20 (2)",E200470540806426A835010D,200
1595,kumbakonam_micro,"Ward 20 (3)",E200470558306426A9B0010D,200
1596,"MMC LCV","TN 64 AA 7511",E2806894000A6006EF074A03,1100
1597,"AVADI DUMPING YARD","TN 06 AH 8344",E2806894000A7006EF045C27,2320
1598,"AVADI DUMPING YARD","TN 06 AH 8375",123,0
1599,tambaram,"TN 11 BD 7603",E2806894000A6006EF088251,695
1600,tambaram,"TN 38 DF 8386",E2806894000A6006EF0214F8,9430
1601,tambaram,"TN 09 DA 4017",E2806894000A7006EF031A96,12860
1602,tambaram,"TN 09 AS 0804",E2806894000A7006EF02BCB5,1215
1603,"AVADI DUMPING YARD","TN 06 AH 8375",E2806894000A7006EF0839C0,2330
1604,tuty,"TN 69 BS 3499 N",E2004706AEE06426BF1B010F,1150
1605,Ourland,"TN 38 DA 7637 (Sand sweeper)",E2806894000A6006EF00617A,8000
1606,tambaram,"TN 09 DC 7367",E2806894000A7006EF07BCBC,1110
1607,tambaram,"TN 85 H 5173",E2806894000A7006EF080550,1195
1608,tambaram,"TN 12 BB 1873",E2806894000A6006EF022A22,3460
1609,tambaram,"TN 11 AZ 8997",E2806894000A7006EF00B0DB,1335
1610,tambaram,"TN 12 BB 1867",E2806894000A7006EF031CC0,3360
1611,tambaram,"TN 11 BK 6664",E2806894000A7006EF090585,1915
1612,rts_testing_micro,"Micro Testing Tag Shiva",E2806894000A6006EF08FD30,100
1613,rts_testing_micro,"Micro Testing Tag Sampath",E2806894000A7006EF0805D4,100
1614,rts_testing_micro,"Micro Testing I-Matrix ",E280691500005020ED9824BC,100
1615,tuty,"TN 49 AH 6493 N",E28069952000400662D67A6F,2150
1616,tambaram,"TN 22 BV 8748",E2806894000A7006EF09A4FF,1320
1617,tambaram,"TN 22 BF 8854",E2806894000A7006EF083C9C,1265
1618,tambaram,"TN 85 H 5109",E2806894000A6006EF08D63C,1200
1619,tambaram,"TN 85 H 5168",E2806894000A6006EF017237,1100
1620,tambaram,"TN 11 AY 9381",E2806894000A6006EF02C890,1340
1624,tambaram,"TN 85 H 4480",E280691500004020ED96F4BD,1330
1625,"MMC LCV","TN 59 CE 1778",E2806894000A7006EF017608,1100
1626,tambaram,"TN 85 H 4442",E2806894000A6006EF0879E2,1255
1628,tuty,"TN 18 1859",E20047055D806426AA05010F,2100
1629,tambaram,"TN 12 BB 1824",E2806894000A7006EF02BCD9,3560
1630,tuty,"TN 69 BU 6958 N",E200470685206426BC7F0110,2500
1631,tambaram,"TN 12 BB 1840",E280691500004020ED91F4BC,3670
1634,tambaram,"TN 32 M 8758",E280691500004020ED9894BC,3350
1635,tambaram,"TN 11 AZ 8950",E280691500004020ED92E8BD,1290
1637,tambaram,"TN 11 BA 1894",E2806894000A7006EF07E9BF,1265
1638,tambaram_micro,"TN 09 DC 7351",E2806894000A4015691459B9,1170
1639,tambaram_micro,"TN 11 AZ 8924",E2806894000A7006EF0509AE,1290
1640,tambaram_micro,"TN 11 BA 1863",E2806894000A7006EF09416B,1320
1641,tambaram_micro,"TN 09 DC 7362",E2806894000A6006EF08DA2D,1195
1642,tambaram_micro,"TN 22 CB 6775",E2806894000A7006EF04295D,1380
1643,tambaram_micro,"TN 09 DE 1155",E2806894000A6006EF062637,1425
1644,tambaram_micro,"TN 09 DC 7399",E2806894000A6006EF02385F,1135
1645,tambaram_micro,"TN 05 AS 7750",E2806894000A6006EF08E240,1330
1646,tambaram_micro,"TN 09 DE 1170",E2806894000A6006EF04CCE3,1415
1647,tambaram_micro,"TN 09 BC 7383",E2806894000A7006EF074E65,1100
1648,tambaram_micro,"TN 69 BS 3615",E2806894000A6006EF096572,1225
1649,tambaram_micro,"TN 09 DC 7418",E2806894000A7006EF07AD32,1205
1650,tambaram_micro,"TN 09 BB 6550",E2806894000A7006EF0629A3,1255
1651,tambaram_micro,"TN 22 AL 5343",E2806894000A7006EF01D975,1260
1652,tambaram_micro,"TN 11 BK 7020",E2806894000A7006EF02D182,1990
1653,tambaram_micro,"TN 20 BQ 9855",E2806894000A6006EF09CD8F,1320
1654,tambaram_micro,"TN 11 BK 7069",E2806894000A6006EF0154EB,1975
1655,tambaram_micro,"TN 11 AK 5457",E2806894000A7006EF0900D9,1270
1656,tambaram_micro,"TN 11 AV 6133",E2806894000A7006EF0636AD,2075
1657,tambaram_micro,"TN 11 BA 1809",E2806894000A6006EF08285E,1330
1658,tambaram_micro,"TN 09 DE 1135",E2806894000A6006EF08362A,1375
1659,tambaram_micro,"TN 11BK 7027",E2806894000A6006EF07B220,1920
1660,tambaram_micro,"TN 11 BK 8071",E2806894000A6006EF08E102,2015
1661,tambaram_micro,"TN 09 DC 7308",E2806894000A6006EF0254FC,1195
1662,tambaram_micro,"TN 12 BB 1823",E2806894000A6006EF04FD3C,3040
1663,tambaram_micro,"TN 11 BK 7978",E2806894000A6006EF067DB8,1950
1664,tambaram_micro,"TN 11 AZ 8908",E2806894000A6006EF019A2F,1245
1665,tambaram_micro,"TN 11 BK 7911",E2806894000A7006EF030147,2035
1666,tambaram_micro,"TN 45 U 0084",E2806894000A7006EF06F2A9,3670
1667,tambaram_micro,"TN 11 BK 5427",E2806894000A6006EF0249F5,1245
1668,tambaram_micro,"TN 11 BA 1834",E2806894000A6006EF061124,1265
1669,tambaram_micro,"TN 09  DE 1132",E2806894000A6006EF085991,1365
1670,tambaram_micro,"TN 11 BK 6624",E2806894000A7006EF018D6C,1980
1671,tambaram_micro,"TN 06 E 1553",E2806894000A6006EF02059B,1265
1672,tambaram_micro,"TN 11 BK 7976",E2806894000A6006EF010199,1955
1673,tambaram_micro,"TN 11 BK 7918",E2806894000A7006EF0239BD,1965
1674,tambaram_micro,"TN 09 DC 7363",E2806894000A6006EF0945B9,1120
1675,tambaram_micro,"TN 11 BK 6697",E2806894000A6006EF0805D0,1950
1676,tambaram_micro,"TN 11 H 4016",E2806894000A6006EF07F5BF,1640
1677,tambaram_micro,"TN 11 AK 5496",E2806894000A7006EF08421D,1200
1678,tambaram_micro,"TN 19 X 8129",E2806894000A7006EF02BA92,1225
1679,tambaram_micro,"TN 22 CC 2919",E2806894000A7006EF08787D,1375
1680,tambaram_micro,"TN 64 AA 6655",E2806894000A6006EF09C151,1480
1681,tambaram_micro,"TN 09 DC 7373",E2806894000A7006EF089999,1260
1682,tambaram_micro,"TN 32 L 2113",E2806894000A7006EF087926,1100
1683,tambaram_micro,"TN 11 BK 6630",E2806894000A7006EF03801E,1970
1684,tambaram_micro,"TN 11 AZ 8985",E2806894000A7006EF07F918,1285
1685,tambaram_micro,"TN 11 BK 7094",E2806894000A6006EF029610,2000
1686,tambaram_micro,"TN 11 BD 7790",E2806894000A6006EF032256,740
1687,tambaram_micro,"TN 11 BK 6664",E2806894000A6006EF08ACBF,1915
1688,tambaram_micro,"TN 12 U 2778",E2806894000A6006EF02E59A,1340
1689,tambaram_micro,"TN 20 BY 0943",E2806894000A7006EF01B5A1,1170
1690,tambaram_micro,"TN 47 BZ 9588",E2806894000A6006EF02FC51,3280
1691,tambaram_micro,"TN 11 BK 7015",E2806894000A6006EF07A667,2000
1692,tambaram_micro,"TN 16 V 8814",E2806894000A6006EF090993,1830
1693,tambaram_micro,"TN 64 AA 7529",E2806894000A7006EF04F45E,1430
1694,tambaram_micro,"TN 11 BK 6611",E2806894000A7006EF0878E2,1965
1695,tambaram_micro,"TN 12 BB 1801",E2806894000A7006EF0581A7,3390
1696,tambaram_micro,"TN 11 AK 5446",E2806894000A6006EF063A56,1240
1697,tambaram_micro,"TN 22 BV 6936",E2806894000A6006EF067895,1225
1698,tambaram_micro,"TN 11 BP 8606",E2806894000A6006EF05589D,11030
1699,tambaram_micro,"TN 12 BB 2280",E2806894000A7006EF0090FD,3610
1700,tambaram_micro,"TN 11 AY 9369",E2806894000A7006EF01C21F,1335
1701,tambaram_micro,"TN 11 AZ 8951",E2806894000A6006EF0314D2,1295
1702,tambaram_micro,"TN 11 BA 1891",E2806894000A6006EF07F1B8,1345
1703,tambaram_micro,"TN 12 BB 1895",E2806894000A6006EF0841E0,3280
1704,tambaram_micro,"TN 12 BB 1867",E2806894000A7006EF068208,3360
1705,tambaram_micro,"TN 11 AZ 8944",E2806894000A6006EF07BD43,1350
1706,tambaram_micro,"TN 11 BK 7098",E2806894000A7006EF08E594,1975
1707,tambaram_micro,"TN 11 BK 7045",E2806894000A6006EF020C98,1950
1708,tambaram_micro,"TN 11 BD 7229",E2806894000A6006EF07FC7C,600
1709,tambaram_micro,"TN 09 BD 2840",E2806894000A6006EF0998F2,1290
1710,tambaram_micro,"TN 11 AZ 8956",E2806894000A7006EF0785CD,1270
1711,tambaram_micro,"TN 22 BY 8303",E2806894000A7006EF0618C7,1225
1712,tambaram_micro,"TN 09 DC 3819",E2806894000A6006EF0940BF,1215
1713,tambaram_micro,"TN 22 DK 5664",E2806894000A7006EF08D23A,10840
1714,tambaram_micro,"TN 09 DE 1180",E2806894000A6006EF0229AA,1480
1715,tambaram_micro,"TN 11 BC 4295",E2806894000A7006EF01FE58,1365
1716,tambaram_micro,"TN 11 S 7065",E2806894000A6006EF06D21D,3500
1717,tambaram_micro,"TN 22 BY 7330",E2806894000A7006EF0809D7,1200
1718,tambaram_micro,"TN 11 BK 7915",E2806894000A6006EF02A5EC,2035
1719,tambaram_micro,"TN 11 AZ 8986",E2806894000A7006EF083D6D,1305
1720,tambaram_micro,"TN 11 AR 4817",E2806894000A6006EF062D74,1295
1721,tambaram_micro,"TN 22 BZ 9132",E2806894000A7006EF087986,1200
1722,tambaram_micro,"TN 11 BK 7947",E2806894000A6006EF05513B,1995
1723,tambaram_micro,"TN 22 CX 3942",E2806894000A7006EF097966,1325
1724,tambaram_micro,"TN 05 Y 8409",E2806894000A6006EF044C27,1200
1725,tambaram_micro,"TN 11 AK 5411",E2806894000A6006EF021E23,1200
1727,tambaram_micro,"TN 72 AY 5933",E2806894000A6006EF061A20,1265
1728,tambaram_micro,"TN 09 DE 1101",E2806894000A6006EF0170B1,1370
1729,tambaram_micro,"TN 09 DC 7357",E2806894000A7006EF09D595,1010
1730,tambaram_micro,"TN 22 BV 9087",E2806894000A6006EF07BCE7,1260
1731,tambaram_micro,"TN 22 CW 5325",E2806894000A6006EF082678,1305
1732,tambaram_micro,"TN 07 AM 1073",E2806894000A6006EF01413D,1200
1733,tambaram_micro,"TN 09 DC 7375",E2806894000A7006EF0788D1,1350
1734,tambaram_micro,"TN 21 AU 9537",E2806894000A6006EF0674F9,1345
1735,tambaram_micro,"TN 12 BB 1838",E2806894000A7006EF08E992,3370
1736,tambaram_micro,"TN 11 BA 1810",E2806894000A6006EF0358A2,1305
1737,tambaram_micro,"TN 22 AZ 2363",E2806894000A6006EF01D238,1260
1738,tambaram_micro,"TN 22 BQ 9011",E2806894000A7006EF09817C,1200
1739,tambaram_micro,"TN 11 AZ 8983",E2806894000A6006EF074CC0,1305
1740,tambaram_micro,"TN 09 DE 1130",E2806894000A7006EF09A57F,1320
1741,tambaram_micro,"TN 09 DC 3820",E2806894000A6006EF091554,1185
1742,tambaram_micro,"TN 22 CZ 1877",E2806894000A6006EF0991D6,1260
1743,tambaram_micro,"TN 11 AZ 8996",E2806894000A6006EF04449D,1215
1744,tambaram_micro,"TN 20 BA 2025",E2806894000A6006EF06AC6F,1240
1745,tambaram_micro,"TN 21 X 6318",E2806894000A7006EF02D9AE,3480
1746,tambaram_micro,"TN 22 BU 6404",E2806894000A7006EF0979D7,1205
1747,tambaram_micro,"TN 11 BF 5314",E2806894000A7006EF01D156,1235
1748,tambaram_micro,"TN 11 AP 7368",E2806894000A7006EF0128F0,1160
1749,tambaram_micro,"TN 07 BC 0217",E2806894000A6006EF0311E2,1325
1750,tambaram_micro,"TN 11 AJ 8201",E2806894000A7006EF07DA3E,1190
1751,tambaram_micro,"TN 11 BK 7097",E2806894000A7006EF01AE23,1985
1752,tambaram_micro,"TN 11 AZ 8939",E2806894000A6006EF03B487,1295
1753,tambaram_micro,"TN 09 DE 1173",E2806894000A7006EF019509,1405
1754,tambaram_micro,"TN 18 P 4093",E2806894000A6006EF09E97C,1320
1755,tambaram_micro,"TN 11 BA 1868",E2806894000A7006EF08AA2B,1255
1756,tambaram_micro,"TN 11 BA 1884",E2806894000A7006EF084D09,1260
1757,tambaram_micro,"TN 11 AZ 8968",E2806894000A7006EF084E1E,1295
1758,tambaram_micro,"TN 11 AK 5430",E2806894000A7006EF02C1D6,1325
1759,tambaram_micro,"TN 19 AQ 6827",E2806894000A7006EF071646,3570
1760,tambaram_micro,"TN 11 BK 7038",E2806894000A7006EF0299FC,2025
1761,tambaram_micro,"TN 11 AZ 8952",E2806894000A6006EF08EE01,1295
1762,tambaram_micro,"TN 09 AW 4937",E2806894000A7006EF096515,1255
1763,tambaram_micro,"TN 11 AK 5497",E2806894000A7006EF079087,1120
1764,tambaram_micro,"TN 18 L 9984",E2806894000A6006EF024894,1205
1765,tambaram_micro,"TN 09 DC 7463",E2806894000A7006EF0921DA,1255
1766,tambaram_micro,"TN 11 BA 1867",E2806894000A6006EF0821F8,1325
1767,tambaram_micro,"TN 11 AZ 8980",E2806894000A7006EF018CA1,1320
1768,tambaram_micro,"TN 12 BB 1897",E2806894000A6006EF01BA21,3510
1769,tambaram_micro,"TN 11 BK 7081",E2806894000A6006EF0168AA,1910
1770,tambaram_micro,"TN  09 DC 3890",E2806894000A6006EF07F487,1300
1771,tambaram_micro,"TN 11 AH 5713",E2806894000A6006EF065D91,1135
1772,tambaram_micro,"TN 11 AH 5766",E2806894000A6006EF0908D6,1165
1773,tambaram_micro,"TN 11 BK 6639",E2806894000A7006EF06D123,1925
1774,tambaram_micro,"TN 64 AA 6648",E2806894000A6006EF091952,1355
1775,tambaram_micro,"TN 11 BA 1887",E2806894000A6006EF06AE50,1285
1776,tambaram_micro,"TN 11 AZ 8978",E2806894000A7006EF06EE13,1215
1777,tambaram_micro,"TN 11 AY 9320",E2806894000A7006EF064993,1200
1778,tambaram_micro,"TN 11 BB 0722",E2806894000A6006EF072955,1710
1779,tambaram_micro,"TN 18 CZ5724",E2806894000A6006EF02C218,3450
1780,tambaram_micro,"TN 09 DE 1158",E2806894000A6006EF021605,1445
1781,tambaram_micro,"TN 11 AH 5785",E2806894000A7006EF012507,1185
1782,tambaram_micro,"TN 11 BA 1845",E2806894000A6006EF08E492,1370
1783,tambaram_micro,"TN 11 BK 7933",E2806894000A7006EF01C145,1995
1784,tambaram_micro,"TN 11 AY 9370",E2806894000A7006EF031157,1350
1785,tambaram_micro,"TN 11 BK 8060",E2806894000A7006EF09A925,1990
1786,tambaram_micro,"TN 11 AY 9360",E2806894000A7006EF022E21,1325
1787,tambaram_micro,"TN 11 AY 8156",E2806894000A6006EF063072,1350
1788,tambaram_micro,"TN 85 H 5089",E2806894000A7006EF0255BB,1100
1789,tambaram_micro,"TN 09 DE 1125",E2806894000A6006EF02C86F,1455
1790,tambaram_micro,"TN 11 AY 8122",E2806894000A7006EF08DC97,1350
1791,tambaram_micro,"TN 11 BK 6607",E2806894000A6006EF08A60B,2015
1792,tambaram_micro,"TN 11 AZ 8922",E2806894000A6006EF0324DD,1300
1793,tambaram_micro,"TN 22 AW 8210",E2806894000A7006EF00DD10,1315
1794,tambaram_micro,"TN 11 BD 7502",E2806894000A6006EF0275FC,705
1795,tambaram_micro,"TN 11 BK 7957",E2806894000A6006EF02761D,2050
1796,tambaram_micro,"TN 09 DC 7449",E2806894000A6006EF08C4E8,1155
1797,tambaram_micro,"TN 69 BS 5127",E2806894000A7006EF0171AA,1135
1798,tambaram_micro,"TN 11 AZ 8904",E2806894000A7006EF03E434,1310
1799,tambaram_micro,"TN 11 AZ 8993",E2806894000A6006EF049A94,1300
1800,tambaram_micro,"TN 11 AW 1207",E2806894000A6006EF01F568,1200
1801,tambaram_micro,"TN 64 AA 6675",E2806894000A6006EF07708B,1300
1802,tambaram_micro,"TN 09 DE 1179",E2806894000A6006EF019654,1275
1803,tambaram_micro,"TN 64 AA 6689",E2806894000A7006EF07CA4B,1370
1804,tambaram_micro,"TN 11 AH 5794",E2806894000A7006EF093190,1180
1805,tambaram_micro,"TN 11 AZ 8911",E2806894000A7006EF065D5A,1270
1806,tambaram_micro,"TN 64 AA 7687",E2806894000A6006EF07BC56,1410
1807,tambaram_micro,"TN 09 DE 1162",E2806894000A7006EF071CA1,1275
1808,tambaram_micro,"TN 11 BA 1846",E2806894000A7006EF066598,1280
1809,tambaram_micro,"TN 09 DC 7493",E2806894000A7006EF007167,1150
1810,tambaram_micro,"TN 11 BK 8048",E2806894000A6006EF015CF1,1905
1811,tambaram_micro,"TN 09 DE 1181",E2806894000A7006EF08BCAB,1260
1812,tambaram_micro,"TN 11 BK 7032",E2806894000A7006EF096979,1930
1813,tambaram_micro,"TN 11 BK 7044",E2806894000A6006EF095509,1935
1814,tambaram_micro,"TN 09 DE 1159",E2806894000A7006EF02C83B,1355
1815,tambaram_micro,"TN 03 K 2253",E2806894000A7006EF07FA17,1230
1816,tambaram_micro,"TN 11 BD 7635",E2806894000A6006EF015DF3,755
1817,tambaram_micro,"TN 09 DE 1191",E2806894000A7006EF05351C,1340
1818,tambaram_micro,"TN 09 DC 7356",E2806894000A6006EF0854AC,1120
1819,tambaram_micro,"TN 18 CZ 5707",E2806894000A6006EF031877,2860
1820,tambaram_micro,"TN 02 X 9169",E2806894000A7006EF067886,1200
1821,tambaram_micro,"TN 12 BB 1872",E2806894000A6006EF01AD84,3460
1822,tambaram_micro,"TN 11 BK 7963",E2806894000A6006EF03198F,1995
1823,tambaram_micro,"TN 09 DE 1198",E2806894000A6006EF06F838,1200
1824,tambaram_micro,"TN 12 BB 1873",E2806894000A7006EF09C14E,3470
1825,tambaram_micro,"TN 22 BZ 7870",E2806894000A7006EF08649B,1255
1826,tambaram_micro,"TN 11 BE 8343",E2806894000A6006EF01C643,1405
1827,tambaram_micro,"TN 09 DE 1128",E2806894000A7006EF06FCDC,1340
1828,tambaram_micro,"TN 11 BA 1892",E2806894000A6006EF083515,1270
1829,tambaram_micro,"TN 11 BA 1841",E2806894000A6006EF023DD7,1345
1830,tambaram_micro,"TN 22 BB 4047",E2806894000A7006EF01952E,1420
1831,tambaram_micro,"TN 11BD 8734",E2806894000A6006EF04E498,705
1832,tambaram_micro,"TN 22 BJ 5158",E2806894000A6006EF08AC91,1340
1833,tambaram_micro,"TN 11BD 7729",E2806894000A6006EF02487F,650
1834,tambaram_micro,"TN 18 A 5731",E2806894000A6006EF060A74,1330
1835,tambaram_micro,"TN 09 DC 7304",E280691500004020ED951CBB,1175
1836,tambaram_micro,"TN 20 BA 2025",E2806894000A7006EF08FE0B,1240
1837,tambaram_micro,"TN 09 DC 8062",E2806894000A7006EF033A73,1140
1838,tambaram_micro,"TN 11 BK 7021",E2806894000A6006EF08A488,1895
1839,tambaram_micro,"TN 09 DC 8039",E2806894000A7006EF091E15,1110
1840,tambaram_micro,"TN 09 DC 7439",E2806894000A7006EF075582,1235
1841,tambaram_micro,"TN 09 DD 3768",E2806894000A7006EF02E49F,1130
1842,tambaram_micro,"TN 11 BK 7093",E2806894000A6006EF07DDA8,1885
1843,tambaram_micro,"TN 11 AZ 8977",E2806894000A6006EF093D2C,1385
1844,tambaram_micro,"TN 09 DC 7369",E2806894000A6006EF08CCC4,1205
1845,tambaram_micro,"TN 09DE1192",E2806894000A7006EF080E0B,1450
1846,tambaram_micro,"TN 09 DC 7434",E2806894000A7006EF0530B3,1155
1847,tambaram_micro,"TN 11 BA 1811",E2806894000A6006EF07A8FA,1330
1848,tambaram_micro,"TN 11 BA 1873",E2806894000A7006EF087174,1310
1849,tambaram_micro,"TN 85 H 4475",E2806894000A7006EF021534,1265
1850,tambaram_micro,"TN 11 AY 9343",E2806894000A6006EF078A55,1370
1851,tambaram_micro,"TN 85 H 5109",E2806894000A7006EF0785EF,1900
1852,tambaram_micro,"TN 11 BK 6685",E2806894000A6006EF06EC9B,1930
1853,tambaram_micro,"TN 09 DC 7728",E2806894000A7006EF073D8A,640
1854,tambaram_micro,"TN 09 DE 1183",E280691500005020ED9560BD,1350
1855,tambaram_micro,"TN 11 BD 7566",E2806894000A6006EF046811,720
1856,tambaram_micro,"TN 11 BK 6676",E2806894000A7006EF087CC1,1985
1857,tambaram_micro,"TN 09 CY 7013",E2806894000A7006EF028CD9,715
1858,tambaram_micro,"TN 11 BK 7078",E2806894000A7006EF028A7C,1945
1859,tambaram_micro,"TN 11 BK 6648",E2806894000A7006EF0940CF,1985
1860,tambaram_micro,"TN 11 BD 7759",E2806894000A7006EF040831,675
1861,tambaram_micro,"TN 11 AY 8182",E2806894000A6006EF06CE70,1375
1862,tambaram_micro,"TN 11 BK 7008",E2806894000A6006EF0271B6,1925
1863,tambaram_micro,"TN 09 DD 3715",E2806894000A6006EF0898E8,1140
1864,tambaram_micro,"TN 11 BK 6602",E2806894000A6006EF03AD9E,1940
1866,tambaram_micro,"TN 11 T 9055",E2806894000A6006EF08BA3A,1300
1867,tambaram_micro,"TN 85 M 4446",E2806894000A7006EF088957,1200
1868,tambaram_micro,"TN 85 H 5167",E2806894000A6006EF07C12E,1290
1869,tambaram_micro,"TN 11 BA 1876",E2806894000A7006EF0664CC,1305
1870,tambaram_micro,"TN 11 AZ 8919",E2806894000A6006EF07D183,1335
1871,tambaram_micro,"TN 19 AM 0450",E2806894000A6006EF08D54B,1200
1872,tambaram_micro,"TN 19 AP 8309",E2806894000A7006EF0819DC,3640
1873,tambaram_micro,"TN 64 AA 7529",E2806894000A6006EF0801B7,1430
1874,tambaram_micro,"TN 11 BD 7219",E2806894000A7006EF07D182,600
1875,tambaram_micro,"TN 11 BK 7080",E2806894000A6006EF0830FB,1895
1876,tambaram_micro,"TN 11 BA 1822",E2806894000A6006EF08F0D0,1290
1877,tambaram_micro,"TN 11 AZ 8960",E2806894000A7006EF016243,1250
1879,tambaram_micro,"TN 11 AZ 8914",E2806894000A7006EF00FE06,1280
1880,tambaram_micro,"TN 09 DE 1120",E2806894000A6006EF09A12A,1410
1881,tambaram_micro,"TN 11 AA 5209",E2806894000A6006EF0741E3,1150
1882,tambaram_micro,"TN 11 AW 5989",E2806894000A6006EF01CDED,2620
1883,tambaram_micro,"TN 11 AJ 8485",E2806894000A6006EF00F541,1435
1884,tambaram_micro,"TN 18 B 9246",E2806894000A6006EF02B132,1160
1885,tambaram_micro,"TN 31 AD 4968",E2806894000A6006EF09CD52,1180
1886,tambaram_micro,"TN 11 AY 9311",E2806894000A7006EF082E0C,1315
1887,tambaram_micro,"TN 07 BR 3211",E2806894000A6006EF01D186,1160
1888,tambaram_micro,"TN 11 AH 5720",E2806894000A6006EF088D51,1135
1889,tambaram_micro,"TN 11 BK 7944",E2806894000A6006EF07EE86,1905
1890,tambaram_micro,"TN 11 AZ 8961",E2806894000A6006EF0214D3,1285
1891,tambaram_micro,"TN 11 BA 1874",E2806894000A6006EF031156,1250
1892,tambaram_micro," TN 11 BK 6672",E2806894000A6006EF08F8C5,1975
1893,tambaram_micro,"TN 11 BK 6671",E2806894000A7006EF09B59C,1990
1894,tambaram_micro,"TN 11 AV 8438",E2806894000A7006EF07B860,1360
1895,tambaram_micro,"TN 11 BA 1872",E2806894000A7006EF086158,1365
1896,tambaram_micro,"TN 11 BA 1861",E2806894000A7006EF04DAC1,1315
1897,tambaram_micro,"TN 11 AZ 8950",E2806894000A7006EF07A27C,1290
1898,tambaram_micro,"TN 09 DD 2851",E2806894000A7006EF0919FC,1395
1899,tambaram_micro,"TN 11 AA 5220",E2806894000A7006EF0879AD,1130
1900,tambaram_micro,"TN 11 AZ 8962",E2806894000A7006EF01B551,1305
1901,tambaram_micro,"TN 11 AH 5790",E2806894000A7006EF0830E2,1235
1902,tambaram_micro,"TN 11 BK 6642",E2806894000A6006EF06C279,1980
1903,tambaram_micro,"TN 11 AH 5704",E2806894000A6006EF0644D2,1240
1904,tambaram_micro,"TN 11 AZ 8964",E2806894000A6006EF0875CF,1285
1905,tambaram_micro,"TN 11 AY 9381",E2806894000A6006EF038D05,1340
1906,tambaram_micro,"TN 11 BA 1829",E2806894000A7006EF06A564,1305
1907,tambaram_micro,"TN 11 AZ 8994",E2806894000A7006EF019179,1305
1908,tambaram_micro,"TN 11 BK 7084",E2806894000A7006EF022DF0,2035
1909,tambaram_micro,"TN 11 BD 7315",E2806894000A7006EF0681A8,740
1910,tambaram_micro,"TN 09 DD 3883",E2806894000A7006EF07A065,1220
1911,tambaram_micro,"TN 11 BK 8056",E2806894000A7006EF0981FD,1975
1912,tambaram_micro,"TN 11 BK 7062",E2806894000A7006EF01A5E4,2025
1913,tambaram_micro,"TN 09 DE 1197",E2806894000A7006EF03D223,1375
1914,tambaram_micro,"TN 11 BK 8096",E2806894000A7006EF01B5B0,1980
1915,tambaram_micro,"TN 11 AK 5442",E2806894000A7006EF06F222,1270
1916,tambaram_micro,"TN 05 AE 9976",E2806894000A6006EF01650B,1190
1917,tambaram_micro,"TN 57 AU 7926",E2806894000A6006EF02DA46,3640
1918,tambaram_micro,"TN 11 BA 1821",E2806894000A6006EF06B469,1340
1919,tambaram_micro,"TN 11 BA 1807",E2806894000A6006EF06C431,1195
1920,tambaram_micro,"TN 11 T 9103",E2806894000A7006EF089483,1200
1921,tambaram_micro,"TN 11 AY 9364",E2806894000A7006EF089D2F,1215
1922,tambaram_micro,"TN 11 AZ 8973",E2806894000A6006EF080177,1195
1923,tambaram_micro,"TN 11 BK 8013",E2806894000A6006EF07DA7D,2040
1924,tambaram_micro,"TN 11 BA 1838",E2806894000A6006EF017E57,1290
1925,tambaram_micro,"TN 11 BA 1843",E2806894000A6006EF030D85,1310
1926,tambaram_micro,"TN 11 BF 6648",E2806894000A7006EF089220,1375
1927,tambaram_micro,"TN 12 BB 1854",E2806894000A7006EF08606C,3370
1928,tambaram_micro,"TN 09 DC 7408",E2806894000A6006EF08E51D,1115
1929,tambaram_micro,"TN 09 DC 7941",E2806894000A6006EF02D462,1165
1930,tambaram_micro,"TN 11 AA 5260",E2806894000A7006EF02ACA5,1200
1931,tambaram_micro,"TN 11 AZ 8946",E2806894000A6006EF09718E,1245
1932,tambaram_micro,"TN 09 DE 1193",E2806894000A6006EF07B084,1375
1933,tambaram_micro,"TN 11 BK 6643",E2806894000A6006EF07A9B5,1900
1934,tambaram_micro,"TN 11 BK 7932",E2806894000A7006EF086D4A,1955
1935,tambaram_micro,"TN 11 AS 8485",E2806894000A7006EF05B8C1,1465
1936,tambaram_micro,"TN85 C 4420",E2806894000A7006EF0164F2,1185
1937,tambaram_micro,"TN 09 DE 1168",E2806894000A7006EF07E9A8,1355
1938,tambaram_micro,"TN 11 AZ 8967",E2806894000A6006EF087071,1255
1939,tambaram_micro,"TN 20 BR 5279",E2806894000A6006EF08F5A8,1360
1940,tambaram_micro,"TN 11 BK 7083",E2806894000A6006EF023A46,1975
1941,tambaram_micro,"TN 11 AZ 8997",E2806894000A6006EF0830A7,1335
1942,tambaram_micro,"TN 05 AL 2981",E2806894000A6006EF0045AD,1320
1943,tambaram_micro,"TN 11 BK 8002",E2806894000A6006EF017A4E,1990
1944,tambaram_micro,"TN 11 AK 5466",E2806894000A7006EF09F564,1250
1946,tambaram_micro,"TN 11BD7579",E2806894000A7006EF02423F,765
1947,tambaram_micro,"TN 19 AL 2205",E2806894000A7006EF06FDFC,3580
1948,tambaram_micro,"TN 09 DC 7423",E2806894000A6006EF086949,1265
1950,tambaram_micro,"TN 64 AA 6627",E2806894000A6006EF07B596,1340
1951,tambaram_micro,"TN 09 DC 7317",E2806894000A6006EF094D1D,1230
1952,tambaram_micro,"TN 11 AZ 8984",E2806894000A6006EF031135,1330
1953,tambaram_micro,"TN 11 BK 6617",E2806894000A6006EF050944,1945
1954,tambaram_micro,"TN 09 DC 7331",E2806894000A7006EF087CFE,1130
1955,tambaram_micro,"TN 11 BD 7731",E280691500005020ED97A0BA,745
1956,tambaram_micro,"TN 18 CZ 5755",E2806894000A7006EF03A4A3,3710
1957,tambaram_micro,"TN 09 DE 1194",E2806894000A7006EF0221ED,1400
1958,tambaram_micro,"TN 11 AY 9392",E2806894000A7006EF07B165,1345
1959,tambaram_micro,"TN 09 AL 6736",E2806894000A7006EF0875BF,1320
1960,tambaram_micro,"TN 11 BD 7662",E2806894000A7006EF02DD63,710
1961,tambaram_micro,"TN 11 BA 1815",E2806894000A7006EF094A1B,1200
1962,tambaram_micro,"TN 11 BD 7294",E2806894000A7006EF0270F2,710
1963,tambaram_micro,"TN 11 AY 8157",E2806894000A7006EF024968,1260
1964,tambaram_micro,"TN 11 BD 7225",E2806894000A6006EF09122B,725
1965,tambaram_micro,"TN 85 H 4461",E2806894000A7006EF0884A6,1200
1966,tambaram_micro,"TN 20 BX 8430",E2806894000A7006EF09D58E,1085
1967,tambaram_micro,"TN 11 AY 9346",E2806894000A7006EF0199F6,1400
1968,tambaram_micro,"TN 09 DE 1146",E2806894000A7006EF08EA0B,1505
1969,tambaram_micro,"TN 11 AY 8114",E2806894000A7006EF00BD6D,1335
1970,tambaram_micro,"TN 09 DE 1184",E2806894000A7006EF06AA0B,1360
1971,tambaram_micro,"TN 11 AZ 8902",E2806894000A6006EF0801F5,1305
1972,tambaram_micro,"TN 11 AZ 8933",E2806894000A7006EF0921FE,1365
1973,tambaram_micro,"TN 09 DC 8034",E2806894000A7006EF06CE5C,1195
1974,tambaram_micro,"TN 11 AZ 8903",E2806894000A6006EF022CAF,1355
1975,tambaram_micro,"TN 11 AZ 8934",E2806894000A6006EF08BDF2,1320
1976,tambaram_micro,"TN 11 BK 6626",E2806894000A6006EF089E36,2000
1977,tambaram_micro,"TN 09 DC 8098",E2806894000A7006EF06E1E5,1500
1978,tambaram_micro,"TN 11 BA 1878",E2806894000A6006EF06F5FC,1340
1979,tambaram_micro,"TN 11 AZ 8970",E2806894000A7006EF09CD27,1300
1980,tambaram_micro,"TN 11 AY 9322",E2806894000A6006EF08B892,1365
1981,tambaram_micro,"TN 11 BA 1865",E2806894000A7006EF095DD4,1385
1982,tambaram_micro,"TN 09 DE 1154",E2806894000A6006EF024C72,1430
1983,tambaram_micro,"TN 09 DC 7716",E2806894000A7006EF08C939,640
1984,tambaram_micro,"TN 12 BB 1892",E2806894000A7006EF07A1CE,3630
1985,tambaram_micro,"TN 21 1440",E2806894000A7006EF07F8CE,3650
1986,tambaram_micro,"TN 85 H 5167",E2806894000A7006EF084526,1290
1987,tambaram_micro,"TN 20 AT 1813",E2806894000A7006EF0805C6,1105
1988,tambaram_micro,"TN 11 AH 5765",E2806894000A6006EF02CC73,1185
1989,tambaram_micro,"TN 20 AU 0420",E2806894000A6006EF06318F,1200
1990,tambaram_micro,"TN 11 AZ 8965",E2806894000A6006EF0244A4,1280
1991,tambaram_micro,"TN 12 DB 1892",E2806894000A7006EF01A606,3500
1992,tambaram_micro,"TN 12 BB 1883",E2806894000A6006EF078873,3630
1993,tambaram_micro,"TN 85 H 5171",E2806894000A7006EF02C1EA,1200
1994,tambaram_micro,"TN 11 AZ 8992",E2806894000A6006EF07F901,1260
1995,tambaram_micro,"TN 11 BK 7923",E2806894000A7006EF0758EF,1915
1996,tambaram_micro,"TN 09 DC 7362",E2806894000A7006EF031C59,1195
1997,tambaram_micro,"TN 12 BB 1828",E2806894000A7006EF066510,3560
1998,tambaram_micro,"TN 18 CZ 5782",E2806894000A6006EF02A8FF,3630
1999,tambaram_micro,"TN  18 CZ 5727",E2806894000A7006EF028DA0,3650
2000,tambaram_micro,"TN 09 DC 7495",E2806894000A6006EF0984E7,1190
2001,tambaram_micro,"TN 09 DC 7432",E2806894000A7006EF08DDCF,1125
2002,tambaram_micro,"TN 09 DC 7830",E2806894000A6006EF07388D,710
2003,tambaram_micro,"TN 11 BD 7663",E2806894000A6006EF07A552,520
2004,tambaram_micro,"TN 09 BD 2840",E2806894000A7006EF085D2C,1290
2005,tambaram_micro,"TN 09 DE 1118",E2806894000A7006EF085D49,1375
2006,tambaram_micro,"TN 11 AY 8159",E2806894000A6006EF074D34,1370
2007,tambaram_micro,"TN 11 BA 1801",E2806894000A6006EF09C971,1315
2008,tambaram_micro,"TN 11 H 4536",E2806894000A6006EF02A602,8600
2009,tambaram_micro,"TN 11 BD 7341",E2806894000A7006EF098909,715
2010,tambaram_micro,"TN 11 BK 6673",E2806894000A6006EF02EA35,1950
2011,tambaram_micro,"TN 64 AA 7610",E2806894000A7006EF061574,1350
2012,tambaram_micro,"TN 11 AY 8169",E2806894000A7006EF00F9C8,1370
2013,tambaram_micro,"TN 12 BB 1830",E2806894000A6006EF02A589,3650
2014,tambaram_micro,"TN 11 AY 8186",E2806894000A7006EF0941A8,1370
2015,tambaram_micro,"TN 11 BK 6680",E2806894000A6006EF06501D,1980
2016,tambaram_micro,"TN 14 R 5488",E2806894000A7006EF0835EB,1215
2017,tambaram_micro,"TN 85 H 5172",E2806894000A6006EF008DCF,1130
2018,tambaram_micro,"TN 12 BB 1810",E2806894000A7006EF080C6A,3595
2019,tambaram_micro,"TN 85 H 5099",E2806894000A6006EF068092,1225
2020,tambaram_micro,"TN 11 BD 7714",E2806894000A6006EF01A0F4,715
2021,tambaram_micro,"TN 11 AY 8184",E2806894000A7006EF08166B,1360
2022,tambaram_micro,"TN 85 H 5125",E2806894000A7006EF08252C,1255
2023,tambaram_micro,"TN 21 K 0939",E2806894000A7006EF064C4B,1100
2024,tambaram_micro,"TN 09 DD 3935",E2806894000A7006EF02E63B,1170
2025,tambaram_micro,"TN 09 DC 7411",E2806894000A6006EF03262F,1145
2026,tambaram_micro,"TN 11 AY 9309",E2806894000A6006EF07E08E,1300
2027,tambaram_micro,"TN 14 E 7050",E2806894000A7006EF02F5BB,1255
2028,tambaram_micro,"TN 09 DC 7969",E2806894000A6006EF0595B8,1195
2029,tambaram_micro,"TN 21 BU 6720",E2806894000A7006EF09C182,3700
2030,tambaram_micro,"TN 21 BT 7363",E2806894000A7006EF08A53A,3540
2031,tambaram_micro,"TN 11 BA 1858",E2806894000A7006EF08ED66,1260
2032,tambaram_micro,"TN 49 BC 6252",E2806894000A7006EF02B540,3910
2033,tambaram_micro,"TN 11 AZ 8987",E2806894000A6006EF02C8C6,1275
2034,tambaram_micro,"TN 11 AH 5751",E2806894000A7006EF08D608,1200
2035,tambaram_micro,"TN 05 Y 9409",E2806894000A7006EF087564,1290
2036,tambaram_micro,"TN 11 AZ 8975",E2806894000A7006EF085D29,1315
2037,tambaram_micro,"TN 11 BK 6658",E2806894000A7006EF00EDDA,1975
2038,tambaram_micro,"TN 09 DE 1156",E2806894000A7006EF079DAE,1475
2039,tambaram_micro,"TN 11 BK 7974",E2806894000A7006EF01C07E,1950
2040,tambaram_micro,"TN 11 BA 1851",E2806894000A6006EF02F089,1265
2041,tambaram_micro,"TN 22 DH 9522",E2806894000A6006EF08822C,5100
2042,tambaram_micro,"TN 22 DH 9511",E2806894000A7006EF0881B4,1200
2043,tambaram_micro,"TN 19 H 3116",E2806894000A6006EF003152,1330
2044,tambaram_micro,"TN 11 BD 7751",E2806894000A6006EF0666BB,650
2045,tambaram_micro,"TN 22 DH 3035",E2806894000A7006EF079DCE,10260
2046,tambaram_micro,"TN 65 BU 2831",E2004704C6806426A0950108,1200
2047,tambaram_micro,"TN 11 BK 6690",E2806894000A6006EF037680,1965
2049,tambaram_micro,"TN 12 BB 1838",E2806894000A7006EF06ACD9,3370
2050,tambaram_micro,"TN 11 BP 9022",E2806894000A7006EF08AD45,10930
2052,tambaram_micro,"TN 11 AK 5416",E2806894000A6006EF086DF0,1240
2053,tambaram_micro,"TN 09 DD 3828",E2806894000A6006EF088CE1,1280
2055,tambaram_micro,"TN 10 XB 9146",E2806894000A7006EF02D4EE,1185
2056,tambaram_micro,"TN 11 BA 1846",E2806894000A7006EF0325AC,1280
2057,tambaram_micro,"TN 11 BA 1887",E2806894000A7006EF02487D,1285
2058,tambaram_micro,"TN 11 AH 5711",E2806894000A6006EF02E861,1135
2059,tambaram_micro,"TN 11 BK 7962",E2806894000A7006EF04A9BB,1970
2060,tambaram_micro,"TN 09 DC 7368",E200470688606426BCB30110,1280
2061,tambaram_micro,"TN 85 H 5127",E2806894000A6006EF02A8AF,1285
2062,tambaram_micro,"TN 20 AS 2428",E2004706BF206426C01F010E,1200
2063,tambaram_micro,"TN 11 BD 7794",E2806894000A6006EF06EE2B,710
2064,tambaram_micro,"TN 64 AA 5155",E2806894000A7006EF06C228,1550
2065,tambaram_micro,"TN 12 BB 1865",E2806894000A7006EF020D02,3320
2066,tambaram_micro,"TN 09 DC 7816",E2806894000A7006EF08C639,715
2067,tambaram_micro,"TN 64 AA 5195",E2004704ED406426A3010112,1335
2068,tambaram_micro,"TN 11 BA 1830",E2806894000A6006EF07A22D,1300
2069,tambaram_micro,"TN 09 DC 7386",E2806894000A7006EF06A579,1260
2070,tambaram_micro,"TN 09 DC 7349",E200470621206426B63F0112,1125
2071,tambaram_micro,"TN 09 DE 1143",E2806894000A6006EF080052,1400
2072,tambaram_micro,"TN 07 AM 1073",E2806894000A7006EF08462C,1200
2073,tambaram_micro,"TN 64 AA 7506",E2806894000A40156916B274,1360
2074,tambaram_micro,"TN 09 DC 8096",E2806894000A6006EF055571,1255
2075,tambaram_micro,"TN 11 AJ 8220",E2806894000A6006EF02F46F,1240
2076,tambaram_micro,"TN 09 CY 7039",E2806894000A6006EF064923,850
2077,tambaram_micro,"TN 11 AZ 8937",E2806894000A7006EF08522F,1260
2078,tambaram_micro,"TN 64 AA 7507",E2806894000A6006EF08FD8D,1355
2079,tambaram_micro,"TN 09 CY 7022",E2806894000A7006EF07D99D,835
2080,tambaram_micro,"TN 05 AH 7967",E2806894000A7006EF0985D1,1185
2081,tambaram_micro,"TN 10 V 2046",E2806894000A6006EF081522,1175
2082,tambaram_micro,"TN 22 CV 0774",E2806894000A7006EF0811AC,1115
2083,tambaram_micro,"TN 64 AA 7987",E2806894000A7006EF063A01,1300
2084,tambaram_micro,"TN 20 BT 0446",E2004704FD406426A4010113,1280
2085,tambaram_micro,"TN 07 BL 2918",E2806894000A7006EF085D01,1230
2086,tambaram_micro,"TN 09 DC 8031",E2806894000A6006EF00FDB9,1175
2087,tambaram_micro,"TN 09 DC 8055",E2806894000A6006EF07E5D2,1150
2088,tambaram_micro,"TN 64 AA 5195",E2806894000A401569138085,1335
2089,tambaram_micro,"TN 09 CY 7012",E2806894000A6006EF0299F2,800
2090,tambaram_micro,"TN 09 CY 7099",E2806894000A6006EF0814EC,710
2092,tambaram_micro,"TN 09 DC 7371",E2806894000A6006EF089DC9,1220
2093,tambaram_micro,"TN 72 AR 5164",E2806894000A6006EF052124,5400
2094,tambaram_micro,"TN 09 DE 1130",E2806894000A7006EF0081AE,1320
2095,tambaram_micro,"TN 11 BA 1879",E2806894000A6006EF087081,1200
2096,tambaram_micro,"TN 11 BD 7603",E2806894000A6006EF088251,695
2097,tambaram_micro,"TN 38 DF 8386",E2806894000A6006EF0214F8,9430
2098,tambaram_micro,"TN 09 DA 4017",E2806894000A7006EF031A96,12860
2099,tambaram_micro,"TN 09 AS 0804",E2806894000A7006EF02BCB5,1215
2100,tambaram_micro,"TN 09 DC 7367",E2806894000A7006EF07BCBC,1110
2101,tambaram_micro,"TN 85 H 5173",E2806894000A7006EF080550,1195
2102,tambaram_micro,"TN 12 BB 1873",E2806894000A6006EF022A22,3460
2103,tambaram_micro,"TN 11 AZ 8997",E2806894000A7006EF00B0DB,1335
2104,tambaram_micro,"TN 12 BB 1867",E2806894000A7006EF031CC0,3360
2105,tambaram_micro,"TN 11 BK 6664",E2806894000A7006EF090585,1915
2106,tambaram_micro,"TN 22 BV 8748",E2806894000A7006EF09A4FF,1320
2107,tambaram_micro,"TN 22 BF 8854",E2806894000A7006EF083C9C,1265
2108,tambaram_micro,"TN 85 H 5109",E2806894000A6006EF08D63C,1200
2109,tambaram_micro,"TN 85 H 5168",E2806894000A6006EF017237,1100
2110,tambaram_micro,"TN 11 AY 9381",E2806894000A6006EF02C890,1340
2112,tambaram_micro,"TN 85 H 4480",E280691500004020ED96F4BD,1330
2113,tambaram_micro,"TN 85 H 4442",E2806894000A6006EF0879E2,1255
2114,tambaram_micro,"TN 12 BB 1824",E2806894000A7006EF02BCD9,3560
2115,tambaram_micro,"TN 12 BB 1840",E280691500004020ED91F4BC,3670
2116,tambaram_micro,"TN 32 M 8758",E280691500004020ED9894BC,3350
2117,tambaram_micro,"TN 11 AZ 8950",E280691500004020ED92E8BD,1290
2118,kumbakonam,"TN 18 R 0474 (GWCV)",E2806894000A7006EF094536,3400
2119,kumbakonam_micro,"TN 18 2895 (GWCV)",E2806894000A7006EF06C5BF,3300
2120,kumbakonam,"TN 18 2895 (GWCV)",E2806894000A7006EF07B4F3,3400
2122,tambaram,"TN 11 BK 0785",E2806894000A6006EF00697D,1250
2123,kumbakonam,"TN 68 F 1726",E2806894000A6006EF02488A,4300
2124,tambaram,"TN 09 DC 7798",E2806894000A6006EF0225FA,710
2125,Ourland,"TN 50 C 9675",E28069952000500662D4CE6F,2980
2126,tambaram,"TN 12 BB 1833",E2806894000A6006EF07DC71,3190
2129,tambaram,"TN 22 CC 4547",E2806894000A7006EF09C989,1550
2130,tambaram,"TN 11 AP 7314",E2806894000A7006EF0960F7,1110
2133,tambaram,"TN 22 BY 7330",E2806894000A6006EF02FE8B,1095
2135,tambaram,"TN 04 AC 7609",E2806894000A7006EF019D6D,1300
2136,mmc,TN38AB1234,TPR123456,4250
2137,mmc,TN38ABf1234,TPR23f456,4250
2138,tambaram,"TN 21 BU 6720",E280691500004020ED91C4BC,3700
2139,"MMC LCV","TN 59 CE 8992 N",rts,1234
2140,"MMC LCV",@#1231,gos,2323
2141,"MMC DUMPER",qwertyqeert,E28069950000400662DFD,7890
2142,tiruppur,gshs,E20047063EE06426B81YWYWY,580
2143,"MMC LCV","Testing 1",E200470513F06426A56C01121234,5678
2144,Ourland,TestingRts,tiruppur12312345,789
2145,"MMC DUMPER",rts1,qwerty123,456
2146,"MMC LCV",rts2,asdf000000,9080
2147,maduraitractor,jdjdi,E20047063EE06426B81US,89
2149,,,nullHDHDU,0
2151,tambaram,"TN 11 BA 1879",E2806894000A6006EF021653,1200
2152,kumbakonam_micro,"TN 06 AD 8643 (PVT)",E2806894000A7006EF01ACFA,1050
2153,tambaram,"TN 12 BB 1872",E2806894000A6006EF0988E4,3460
2154,tambaram,"TN 11 AH 5740",E280691500005020ED9174BC,1140
2155,tambaram,"TN 22 BX 3570",E280691500005020ED9214BC,1200
2156,kodaikanal,"TN 57 BU 3265",E2004703E350642692620112,1000
2157,"kumbakonam ","TN 06 AD 8643 (PVT)",E2806894000A7006EF01ACFA,1050
2158,tambaram,"TN 11 AH 5713",E280691500005020ED962CBC,1135
2159,tambaram,"TN 11 AZ 8960",E280691500004020ED98A8BC,1250
2160,tambaram,"TN 11 BD 7502",E280691500005020ED9500BB,705
2161,tambaram,"TN 11 AZ 8966",E280691500005020ED9828BB,1270
2162,tambaram,"TN 09 DE 1135",E2806894000A6006EF023E74,1375
2163,tambaram,"TN 11 AZ 8956",E280691500004020ED9828BB,1270
2166,tambaram,"TN 20 AU 0420",E280691500005020ED98F4BB,1200
2167,maduraitractor,"TN 50 L 2692",E28069952000400662D80E70,2955
2168,maduraitractor,"TN 59 CF 2568",E28069952000500662D80670,2955
2169,maduraitractor,,E28069952000400662D00000,2955
2170,maduraitractor,"TN  65 AB 4767",E28069952000400662D4126F,2955
2172,maduraitractor,"TN 20 CV 8754",E28069952000400662D63272,2950
2173,maduraitractor,"TN 51 E 4683",E28069952000500662D11111,2995
2174,"MMC DUMPER","TN 64 AD 2454",E2806894000A6006EF089D7E,2990
2194,maduraitractor,"TN 74 AH 3199",E2806894000A7006EF02F1E0,2755
2195,tambaram,"TN 10 R 0370",E280691500004020ED91A0BB,1150
2196,tambaram,"TN 09 DD 2851",E280691500004020ED9310BD,1395
2197,tambaram,"TN 85 H 4446",E280691500004020ED9398BE,1200
2199,maduraitractor,"TN 51 E 4682",E2806894000A6006EF067E69,2955
2200,tambaram,"TN 11 AH 5765",E280691500004020ED92C4BC,1185
2201,tambaram,"TN 22 BY 8483",E280691500004020ED92FCBE,1120
2202,hosur,"TN 24 AX 5271",E28069952000400662D65271,3330
2203,tambaram,"TN 12 BB 1867",E280691500004020ED9570BB,3360
2204,tambaram,"TN 64 AA 7529",E280691500004020ED91D4BD,1430
2205,tambaram,"TN 11 AA 5220",E280691500005020ED9624BB,1130
2206,tambaram,"TN 21 AJ 5241",E2806894000A6006EF09519E,1200
2207,tambaram,"TN 21 X 6318",E280691500005020ED9100BC,3480
2209,tambaram,"TN 09 DC 7495",E2806894000A6006EF08F601,1190
2210,tambaram,"TN 11 BD 7758",E2806894000A7006EF07C213,700
2211,tambaram,"TN 11 AW 1207",E2806894000A7006EF0918FD,1190
2212,tambaram,"TN 09 DE 1168",E280691500005020ED9254BE,1355
2215,maduraitractor,"TN 65 Z 2999",E28069952000500662D2926F,2990
2216,tambaram,"TN 38 DM 4390",E2806894000A6006EF08C967,8940
2217,tambaram,"TN 38 DL 6991",E2806894000A7006EF099D41,9070
2218,tambaram,"TN 11 BD 7273",E280691500004020ED9728BD,695
2219,tuty,"TN69 BS 3639 test",E28069952000500662D55671,1100
2220,tiruppur,"TN 20 BV 6298",E2806894000A7006EF08CC8D,7130
2221,tiruppur,"TN 12 Q 3992",E280691500005020ED97B4BC,6210
2222,tiruppur,"TN 22 AZ 1422",E2806894000A6006EF0999CC,8050
2223,tiruppur,"TN 38 AW 5470",E280691500004020ED919CBB,7730
2224,tambaram,"TN 09 DE 1130",E280691500004020ED9638BB,1320
2225,tambaram,"TN 11 AK 5420",E2806894000A7006EF079E26,1200
2226,kumbakonam_micro,"TN 06 AD 8638 (PVT)",E2806894000A7006EF06398A,1050
2227,tambaram,"TN 09 DC 7830",E280691500004020ED98D0BC,710
2228,tambaram,"TN 11 BK 7963",E2806894000A6006EF08E506,1995
2229,tambaram,"TN 12 BB 1865",E2806894000A7006EF020D02,3320
2230,tuty,"TN 69 BF 8170",E28069952000400662D80270,1250
2231,tambaram,"TN 11 AK 5430",E2806894000A6006EF07BC9A,1325
2232,kumbakonam,TN20BT1375(GWCV),E2806894000A7006EF018C7C,2300
2240,tambaram,"TN 09 AS 0804",E2806894000A7006EF02BCB5,1215
2242,tambaram,"TN 64 AA 5195",E2004704ED406426A3010112,1335
2245,Hosur,"KA 41 A 5658",E20047063EE06426B81IO,666
2246,Hosur,"BOV 06/125",E20047063EE06426B81FH,22
2252,tuty,"TN 69 BS 5103",E20047055BC06426A9E9010A,900
2253,tambaram,"TN 12 BB 1810",E280691500004020ED9280BC,3650
2254,tambaram,"TN 38 DM 4390",E2806894000A7006EF095E09,8940
2255,tambaram,"TN 12 BB 1873",E280691500004020ED9444BE,3460
2256,tambaram,"TN 38 DM 4390",E280691500004020ED9834BC,8940
2257,tambaram,"TN 07 BR 3211",E2806894000A6006EF01DC9A,1160
2258,tambaram,"TN 12 BB 1867",E280691500005020ED90F0BB,3360
2259,kumbakonam_micro,"Ward 8 (47)",E2004704DF006426A21D010D,350
2260,tambaram,"TN 09 DE 1159",E280691500004020ED9890BB,1355
2261,tambaram,"TN 09 DE 1158",E2806894000A7006EF08B4D8,1445
2262,tambaram_micro,"TN 09 DE 1158",E2806894000A7006EF08B4D8,1445
2263,tambaram_micro,"TN 09 DE 1159",E280691500004020ED9890BB,1355
2264,tambaram_micro,"TN 12 BB 1867",E280691500005020ED90F0BB,3360
2265,tambaram_micro,"TN 07 BR 3211",E2806894000A6006EF01DC9A,1160
2266,tambaram_micro,"TN 12 BB 1873",E280691500004020ED9444BE,3460
2267,tambaram_micro,"TN 38 DM 4390",E280691500004020ED9834BC,8940
2268,tambaram_micro,"TN 38 DM 4390",E2806894000A7006EF095E09,8940
2269,tambaram_micro,"TN 12 BB 1810",E280691500004020ED9280BC,3650
2276,tambaram_micro,"TN 11 AK 5430",E2806894000A6006EF07BC9A,1325
2277,tambaram_micro,"TN 11 BK 7963",E2806894000A6006EF08E506,1995
2278,tambaram_micro,"TN 09 DC 7830",E280691500004020ED98D0BC,710
2279,tambaram_micro,"TN 09 DE 1130",E280691500004020ED9638BB,1320
2280,tambaram_micro,"TN 11 BD 7273",E280691500004020ED9728BD,695
2281,tambaram_micro,"TN 38 DM 4390",E2806894000A6006EF08C967,8940
2282,tambaram_micro,"TN 09 DE 1168",E280691500005020ED9254BE,1355
2283,tambaram_micro,"TN 11 BD 7758",E2806894000A7006EF07C213,700
2284,tambaram_micro,"TN 09 DC 7495",E2806894000A6006EF08F601,1190
2285,tambaram_micro,"TN 21 X 6318",E280691500005020ED9100BC,3480
2286,tambaram_micro,"TN 21 AJ 5241",E2806894000A6006EF09519E,1200
2287,tambaram_micro,"TN 11 AA 5220",E280691500005020ED9624BB,1130
2288,tambaram_micro,"TN 64 AA 7529",E280691500004020ED91D4BD,1430
2289,tambaram_micro,"TN 12 BB 1867",E280691500004020ED9570BB,3360
2290,tambaram_micro,"TN 22 BY 8483",E280691500004020ED92FCBE,1120
2291,tambaram_micro,"TN 11 AH 5765",E280691500004020ED92C4BC,1185
2292,tambaram_micro,"TN 85 H 4446",E280691500004020ED9398BE,1200
2293,tambaram_micro,"TN 09 DD 2851",E280691500004020ED9310BD,1395
2294,tambaram_micro,"TN 10 R 0370",E280691500004020ED91A0BB,1150
2295,tambaram_micro,"TN 20 AU 0420",E280691500005020ED98F4BB,1200
2296,tambaram_micro,"TN 11 AZ 8956",E280691500004020ED9828BB,1270
2297,tambaram_micro,"TN 09 DE 1135",E2806894000A6006EF023E74,1375
2298,tambaram_micro,"TN 11 AZ 8966",E280691500005020ED9828BB,1270
2299,tambaram_micro,"TN 11 BD 7502",E280691500005020ED9500BB,705
2300,tambaram_micro,"TN 11 AZ 8960",E280691500004020ED98A8BC,1250
2301,tambaram_micro,"TN 11 AH 5713",E280691500005020ED962CBC,1135
2302,tambaram_micro,"TN 22 BX 3570",E280691500005020ED9214BC,1200
2303,tambaram_micro,"TN 11 AH 5740",E280691500005020ED9174BC,1140
2304,tambaram_micro,"TN 12 BB 1872",E2806894000A6006EF0988E4,3460
2305,tambaram_micro,"TN 11 BA 1879",E2806894000A6006EF021653,1200
2306,tambaram_micro,"TN 21 BU 6720",E280691500004020ED91C4BC,3700
2307,tambaram_micro,"TN 04 AC 7609",E2806894000A7006EF019D6D,1300
2308,tambaram_micro,"TN 22 BY 7330",E2806894000A6006EF02FE8B,1095
2309,tambaram_micro,"TN 11 AP 7314",E2806894000A7006EF0960F7,1110
2310,tambaram_micro,"TN 22 CC 4547",E2806894000A7006EF09C989,1550
2311,tambaram_micro,"TN 12 BB 1833",E2806894000A6006EF07DC71,3190
2312,tambaram_micro,"TN 09 DC 7798",E2806894000A6006EF0225FA,710
2313,tambaram_micro,"TN 11 BK 0785",E2806894000A6006EF00697D,1250
2314,tambaram,"TN 11 AZ 8926",E2806894000A7006EF045A5C,1200
2317,thanjavur,"TN 49 BS 5933",E280691500005020ED9800BC,1100
2318,thanjavur,"TN  49 CE 2362",E280691500004020ED92D0BC,1200
2319,thanjavur,"TN 49 CE 3166",E280691500004020ED90D0BB,1100
2320,thanjavur,"TN 49 CE 2320",E280691500004020ED92FCBB,1100
2321,thanjavur,"TN 49 CE 3495",E280691500005020ED9524BD,1100
2322,thanjavur,"TN 49 BS 5936",E280691500005020ED915CBC,1000
2323,thanjavur,"TN 49 L 3850",E280691500005020ED9308BC,2500
2324,thanjavur,"TN 49 CE 3178",E280691500005020ED9408BE,1200
2325,thanjavur,"TN 49 CE 3177",E280691500004020ED9798BA,1100
2326,thanjavur,"TN 49 CE 3496",E280691500005020ED97ECBD,1200
2327,thanjavur,"TN 49 CE 2077",E280691500004020ED98F4BC,1200
2328,thanjavur,"TN 49 CE 2561",E280691500005020ED9384BE,1100
2329,thanjavur,"TN 49 CE 2522",E280691500004020ED9558BB,1200
2330,thanjavur,"TN 49 BS 5902",E280691500004020ED92CCBD,1100
2331,thanjavur,"TN 49 CE 3475",E280691500004020ED98FCBB,1100
2332,thanjavur,"TN 49 BD 3387",E280691500005020ED9190BC,3200
2333,thanjavur,"TN 18 BD 2291",E2806894000A6006EF08105C,3200
2334,thanjavur,"TN 49 CE 2367",E2806894000A6006EF07525A,1200
2335,thanjavur,"TN 49 CE 2064",E2806894000A6006EF0569C3,1100
2336,thanjavur,"TN 49 CE 2097",E280691500004020ED97A4BC,1200
2337,thanjavur,"TN 49 BS 5956",E2806894000A6006EF028909,1000
2338,thanjavur,"TN 49 BS 5963",E280691500005020ED957CBC,1000
2339,thanjavur,"TN 11 F 3867",E2806894000A6006EF0738B8,10010
2341,thanjavur,"TN 49 CE 3453",E280691500004020ED966CBC,1200
2342,thanjavur,"TN 49 CE 2863",E2806894000A7006EF09BDC7,1100
2343,thanjavur,"TN 18 BD 2239",E2806894000A6006EF07AD27,3200
2345,thanjavur,"TN 49 CE 2577",E2806894000A7006EF092164,1200
2346,thanjavur,"TN 49 CM 1953",E2806894000A6006EF089CFE,3500
2347,thanjavur,"TN 49 CE 3195",E2806894000A6006EF02D5B2,1200
2348,thanjavur,"TN 49 CE 2083",E28069952000500662D6D271,1200
2349,thanjavur,"TN 49 CE 3120",E28069952000400662D1EA6E,1200
2350,thanjavur,"TN 49 BS 5937",E280691500005020ED91F4BE,1200
2351,thanjavur,"TN 49 CE 2890",E280691500005020ED9788BC,1000
2352,thanjavur,"TN 49 CE 2061",E280691500004020ED9558BD,1100
2353,thanjavur,"TN 49 BS 5932",E2806894000A7006EF0809A5,1000
2355,thanjavur,"TN 49 CE 3117",E2806894000A7006EF06C8BE,1100
2357,thanjavur,"TN 49 CE 2896",E280691500005020ED9108BB,1000
2358,thanjavur,"TN 49 CE 2804",E2806894000A6006EF0768C5,1100
2359,tambaram,"TN 11 AY 9357",E280691500005020ED98A0BC,1245
2360,thanjavur,"TN 49 BS 5983",E280691500005020ED9360BE,1030
2361,tambaram,"TN 11 AK 5418",E2806894000A6006EF02ED23,1200
2363,thanjavur,"TN 49 AB 5571",E2806894000A7006EF0808A8,2200
2366,thanjavur,"TN 49 CE 3174",E2806894000A6006EF00912A,1100
2367,tiruppur,"TN 42 AM 5632",E280691500004020ED91F0BE,7860
2368,thanjavur,"TN 49 CE 2494",E2806894000A6006EF07BD68,1100
2369,tambaram,"TN 69 BS 5163",E280691500004020ED96D8BA,1125
2370,thanjavur,"TN 49 BS 5923",E280691500004020ED98ACBD,1100
2371,tambaram,"TN 11 AH 7962",E280691500005020ED9390BD,1125
2372,tuty,"TN 69 AJ 5087",E20047068BE06426BCEB0113,2000
2373,thanjavur,"TN 49 CE 3169",E280691500005020ED93FCBE,1100
2374,tambaram,"TN 20 AD 5900",E280691500005020ED92C8BD,1200
2375,thanjavur,"TN 49 CE 3458",E2806894000A6006EF08824C,1100
2376,tambaram,"TN 09 DC 7449",E280691500005020ED93CCBB,1155
2379,tambaram,"TN 19 AP 8309",E2806894000A6006EF09AD51,3640
2380,thanjavur,"TN 49 BS 5915",E2806894000A7006EF062DA4,1070
2381,thanjavur,"TN 49 BS 5940",E2806894000A7006EF0975E8,1010
2382,ourland,"TN 60 BY 1553",E28069952000400662D47E72,2755
2383,thanjavur,"TN 49 CE 3443",E280691500004020ED93B0BD,1180
2384,tambaram,"TN 04 AC 7609",E2806894000A7006EF0089AA,1300
2385,tambaram,"TN 04 AC 7609",E2806894000A6006EF095158,1300
2386,tambaram,"TN 85 H 4440",E280691500005020ED91A4BB,1200
2387,tambaram,"TN 11 BA 1873",E280691500004020ED92C0BE,1310
2388,tambaram,"TN 12 BB 1810",E2806894000A6006EF06D14B,3650
2389,tambaram,"TN 07 BL 2918",E280691500005020ED912CBE,1230
2390,tiruppur,"TN 42 T 1408",E2806894000A60060EF00F936,9340
2391,tiruppur,"TN 42 U 9772",E280691500005020ED91D8BC,9110
2392,tiruppur,"TN 42 Q 8744",E2806894000A60060EF077663,8900
2393,tiruppur,"TN 37 BK 9801",E280691500004020ED90CCBC,8610
2394,tiruppur,"TN 60 E 1004",0123,8240
2395,tiruppur,"TN 42 AX 1399",E2806894000A60060EF045902,13180
2396,tiruppur,"TN 40 W 6996",E280691500004020ED95C0BC,8670
2397,tiruppur,"TN 42 AX 9388",E280691500005020ED95BCBC,13100
2398,tiruppur,"TN 42 AA 7258",E2806894000A6006EF09A9C6,8990
2399,tiruppur,"TN 66 E 9175",E280691500005020ED93C4BC,12560
2400,tiruppur,"TN 42 P 8415",E280691500004020ED9494BC,8600
2401,tiruppur,"TN 42 H 7887",E280691500005020ED9738BD,8390
2402,tiruppur,"TN 41 S 6777",E2806894000A7006EF03044B,8630
2403,tiruppur,"TN 39 CL 1688",E2806894000A7006EF075522,9750
2404,tiruppur,"TN 19 F 5234",E2806894000A7006EF092935,12090
2405,tiruppur,"TN 28 AM 8958",E2806894000A7006EF08513E,9150
2406,tiruppur,"TN 57 AR 8282",E280691500005020ED91D0BB,1000
2407,tiruppur,"TN 42 AR 8496",E280691500005020ED96E8BC,15410
2408,tiruppur,"TN 38 BM 1972",E280691500004020ED934CBE,7550
2409,tiruppur,"TN 87 B 3974",E280691500005020ED97E8BC,8390
2410,tiruppur,"TN 57 J 4554",E2806894000A7006EF06EC87,7350
2411,tiruppur,"TN 21 AJ 6085",E280691500004020ED9200BE,8260
2412,tiruppur,"TN 30 V 6066",E280691500004020ED949CBD,8090
2413,tiruppur,"TN 60 E 1004",E2806894000A6006EF066D10,8240
2414,tiruppur,"TN 56 Q 5617",E2806894000A6006EF01CE1D,7670
2415,tiruppur,"TN 42 S 7887",E280691500005020ED90DCBC,8880
2416,tiruppur,"TN 42 AQ 3996",E280691500005020ED92D4BC,15350
2417,tiruppur,"TN 42 H 1251",E2806894000A7006EF017A49,8750
2418,tiruppur,"TN 37 BA 3294",E2806894000A7006EF09C19A,8740
2419,tiruppur,"TN 42 AZ 9505",E2806894000A6006EF0949BF,10040
2420,tiruppur,"TN 42 H 2599",E2806894000A501569198548,8400
2421,tiruppur,"TN 34 Z 1665",E2806894000A7006EF08D8C6,8930
2422,tiruppur,"TN 40 Y 6810",E280691500003020ED9628BB,8130
2423,tiruppur,"TN 52 5868",E2806894000A6006EF08E0B4,8710
2424,tiruppur,"TN 12 B 0747",E2806894000A7006EF0701E9,8730
2425,tiruppur,"TN 48 W 9426",E2806894000A7006EF066652,9150
2426,tiruppur,"TN 30 AV 6781",E2806894000A7006EF06A8B2,8630
2427,tiruppur,"TN 57 AT 6285",E280691500005020ED9488BC,9010
2428,tiruppur,"TN 42 AR 1215",E280691500005020ED90BCBC,15070
2429,tiruppur,"TN 88 K 6558",E280691500005020ED9748BC,8390
2430,tiruppur,"TN 42 B 5395",E280691500005020ED9558BC,8980
2431,tiruppur,"TN 42 AX 9488",E280691500005020ED95F8BC,12140
2432,tambaram,"TN 12 BB 1867",E2806894000A6006EF089902,3360
2433,thanjavur,"TN 49 CJ 5598",E280691500004020ED9884BB,2825
2434,tambaram,"TN 85 H 5117",E2806894000A6006EF03C1F1,1215
2435,tiruppur,"TN 31 BY 1999",E2806894000A6006EF07DD54,8630
2436,ourland,"TN 58 AT 5492",E28069952000400662D6D26E,3100
2437,tambaram,"TN 22 BZ 7870",E2806894000A6006EF04D0CA,1255
2438,tambaram_micro,"TN 22 BZ 7870",E2806894000A6006EF04D0CA,1255
2439,tambaram,"TN 09 DE 1159",E280691500004020ED96D4BA,1355
2440,tambaram,"TN 10 V 2046",E2806894000A6006EF0740CC,1175
2441,thanjavur,"TN 88 J 8975",E2806894000A6006EF08DD37,2000
2442,tambaram,"TN 12 BB 1810",E2806894000A7006EF085880,3650
2444,tambaram,"TN 21 AU 9537",E2806894000A6006EF053E4F,1345
2445,thanjavur,"TN 20 CD 9336",E28069952000400662D84272,7000
2446,thanjavur,"TN 11 F 3867",E280691500005020ED98D4BA,10100
2448,thanjavur,"TN 49 CE 3459",E2806894000A6006EF027606,1100
2449,ourland,"TN 58 BP 0851",E2806894000A6006EF08D9C9,12000
2451,tambaram,"TN 12 BB 1840",E280691500004020ED94CCBB,3670
2452,hosur,"TN 29 CS 4147",E280691500005020ED9650BB,3100
2453,ourland,"TN 58 BL 0617",E28069952000400662D74E72,11800
2454,tambaram,"TN 11 AA 5220",E280691500005020ED928CBE,1130
2455,tambaram,"TN 73 AE 3148",E280691500004020ED9780BA,3150
2456,kumbakonam,"TN 06 AF 1868(PVT)",E20047067AA06426BBD7010F,1100
2457,kumbakonam,"TN 06 AF 1833(PVT)",E2806894000A6006EF066861,1050
2458,tambaram,"TN 11 BA 1809",E2806894000A7006EF072A58,1330
2459,tambaram,"TN 69 BS 5166",E280691500005020ED9574BB,1240
2460,tambaram,"TN 12 BB 1840",E280691500004020ED9488BD,3670
2461,kumbakonam,"TN 06 AF 1878 (PVT)",E200470519706426A5C40110,1050
2462,tambaram,"TN 22 BV 8748",E280691500005020ED953CBB,1300
2463,tambaram,"TN 12 BB 1833",E280691500005020ED9660BB,3320
2465,ourland,"TN 31 K 5485",E2806894000A7006EF025082,2900
2467,tambaram,"TN 03 J 4498",E2806894000A6006EF022C90,1200
2468,tambaram,"TN 11 BK 0785",E280691500005020ED9530BB,1200
2469,tambaram,"TN 09 DE 1120",E280691500004020ED9714BB,1410
2471,tambaram,"TN 11 BA 1874",E280691500004020ED9460BB,1250
2472,kumbakonam,"TN 68 Z 3882",E200470621B06426B6480113,1100
2473,tambaram,"TN 12 BB 1854",E2806894000A6006EF09313B,3370
2474,tambaram_micro,"TN 11 BA 1874",E280691500004020ED9460BB,1250
2475,tambaram_micro,"TN 09 DE 1120",E280691500004020ED9714BB,1410
2476,tambaram_micro,"TN 11 BK 0785",E280691500005020ED9530BB,1200
2477,tambaram_micro,"TN 03 J 4498",E2806894000A6006EF022C90,1200
2478,tambaram_micro,"TN 12 BB 1833",E280691500005020ED9660BB,3320
2479,tambaram_micro,"TN 12 BB 1840",E280691500004020ED9488BD,3670
2480,tambaram_micro,"TN 21 AU 9537",E2806894000A6006EF053E4F,1345
2481,tambaram_micro,"TN 12 BB 1810",E2806894000A7006EF085880,3650
2482,tambaram_micro,"TN 10 V 2046",E2806894000A6006EF0740CC,1175
2483,tambaram_micro,"TN 09 DE 1159",E280691500004020ED96D4BA,1355
2484,tambaram_micro,"TN 07 BL 2918",E280691500005020ED912CBE,1230
2485,tiruppur,"TN 33 M 1656",E280691500004020ED96ECBD,8820
2486,tambaram,"TN 11 BK 6673",E2806894000A401569154AB9,1990
2487,tambaram,"TN 55 T 3298",E2806894000A7006EF064A3A,3680
2488,kumbakonam_micro,"TN 68 Z 3882",E200470621B06426B6480113,1100
2490,kumbakonam_micro,"TN 06 AF 1878 (PVT)",E200470519706426A5C40110,1050
2493,kumbakonam_micro,TN20BT1375(GWCV),E2806894000A7006EF018C7C,2300
2494,kumbakonam_micro,"TN 68 F 1726",E2806894000A6006EF02488A,4300
2496,kumbakonam_micro,"TN 18 2895 (GWCV)",E2806894000A7006EF07B4F3,3400
2500,ourland,"TN 69 BT 2736 (O)",E2806894000A7006EF08C906,3100
2501,tambaram,"TN 11 BD 7333",E280691500004020ED92ECBC,710
2502,tambaram,"TN 12 BB 1854",E2806894000A6006EF07F91C,3560
2503,tambaram,"TN 16 U 9218",E2806894000A6006EF08DD8C,1540
2504,ourland,"TN 37 DM 8004",E2806894000A6006EF0801D1,20150
2505,tambaram,"TN 11 AJ 8283",E280691500004020ED9894BA,1100
2506,tambaram,"TN 11 AZ 8964",E280691500005020ED9240BD,1285
2507,tambaram,"TN 11 BD 7662",E280691500004020ED9378BC,710
2508,tambaram,"TN 09 DC 3819",E280691500005020ED97F0BC,1315
2509,tambaram_micro,"TN 11 AJ 8283",E280691500004020ED9894BA,1100
2510,tambaram_micro,"TN 16 U 9218",E2806894000A6006EF08DD8C,1540
2511,tambaram_micro,"TN 12 BB 1854",E2806894000A6006EF07F91C,3560
2512,tambaram,"TN 11 AJ 8220",E2806894000A6006EF01CA25,1240
2513,tambaram_micro,"TN 11 AZ 8964",E280691500005020ED9240BD,1285
2514,"mmc dumper","TN 64 AA 6476 (O)",E28069952000400662D7B26F,3300
2515,tambaram,"TN 11 AH 5780",E280691500005020ED982CBB,1200
2519,tambaram_micro,"TN 11 AJ 8220",E2806894000A6006EF01CA25,1240
2525,tambaram,"TN 11 BA 1845",E280691500005020ED9330BB,1370
2526,tambaram,"TN 11 BA 1845",E280691500004020ED95B8BC,1370
2527,tambaram,"TN 11 AY 9369",E2806894000A7006EF028608,1335
2528,tambaram,"TN 20 AU 1599",E280691500004020ED9720BC,1250
2529,tambaram_micro,"TN 12 BB 1867",E2806894000A6006EF089902,3360
2530,thanjavur,"TN 49 C 4840",E28069952000400662D3EA6F,3440
2531,tambaram,TN03F6851,E280691500005020ED97DCBB,1150
2536,tambaram,"TN 10 M 9074",E280691500005020ED9808BB,1290
2537,tambaram_micro,"TN 10 M 9074",E280691500005020ED9808BB,1290
2538,tambaram_micro,"TN 20 AU 1599",E280691500004020ED9720BC,1250
2539,thanjavur,"TN 49 BE 3659",E28069952000500662D7E672,10100
2540,tambaram_micro,"TN 11 AZ 8986",E280691500004020ED926CBB,1305
2541,tambaram,"TN 11 AZ 8986",E280691500004020ED926CBB,1305
2542,ourland,"TN 79 K 4499",E2806894000A7006EF018DB4,14500
2543,tambaram,"TN 11 BK 6630",E280691500005020ED96A0BB,1970
2544,tambaram,"TN 11 BD 7759",E2806894000A7006EF00B9E8,740
2546,hosur_micro,24/LD,E280691500004020ED93DCBE,200
2547,hosur_micro,19/LD,E280691500005020ED9584BB,200
2548,hosur_micro,55/LD,E280691500005020ED9880BB,200
2549,hosur_micro,34/LD,E280691500005020ED93A4BC,200
2550,hosur_micro,54/LD,E280691500004020ED9354BE,200
2551,hosur_micro,29/LD,E280691500004020ED916CBB,200
2552,hosur_micro,20/LD,E2806894000A7006EF0931F5,200
2553,hosur_micro,25/LD,E280691500004020ED9124BE,200
2554,hosur_micro,"TN 70 AQ 8535",E280691500005020ED9434BE,500
2555,hosur_micro,23/LD,E280691500004020ED91ACBD,200
2557,hosur_micro,22/LD,E280691500004020ED93FCBC,200
2559,hosur_micro,27/LD,E280691500004020ED98A0BD,200
2560,thanjavur,"TN 50 AS 1920",E2806894000A7006EF092E1F,2825
2561,thanjavur,"TN 83 B 1212",E28069952000500662D70A70,2100
2562,thanjavur,"TN 49 CE 2826",E2806894000A50156913259C,1340
2563,thanjavur,"TN 49 CE 2826",E2806894000A7006EF092A18,1340
2564,hosur_micro,5/125,E280691500005020ED90E0BC,200
2565,hosur_micro,"BOV 82/125",E280691500004020ED937CBB,200
2566,hosur_micro,"BOV 21/125",E280691500005020ED96D4BD,200
2567,hosur_micro,38/LD,E280691500005020ED95ACBD,200
2568,hosur_micro,"TN 70 AQ 8039",E280691500005020ED954CBC,200
2569,tambaram,"TN 01 BE 6990",E280691500005020ED90CCBE,1900
2570,hosur_micro,"TN 70 AQ 8002",E280691500004020ED9658BD,500
2571,hosur_micro,"TN 70 AQ 8074",E280691500004020ED92A0BD,500
2572,hosur_micro,"TN 70 AQ 8049",E280691500004020ED91D4BB,500
2573,hosur_micro,"TN 70 AQ 8089",E280691500005020ED93F0BD,500
2574,hosur_micro,47/LD,E280691500004020ED9670BD,200
2575,hosur_micro,"kA 51 B 9473",E280691500005020ED97FCBA,500
2577,hosur_micro,"BOV 61/125",E280691500005020ED9268BB,200
2578,hosur_micro,"TN 70 AQ 8065",E280691500004020ED98D8BD,500
2579,hosur_micro,"TN 70 AQ 8445",E280691500004020ED95DCBB,500
2580,tambaram,"TN 20 BX 8430",E2806894000A5015691139AF,1085
2581,hosur_micro,"BOV 91/125",E28069952000500662D59A6F,200
2582,hosur_micro,"Bov 14/61",E280691500005020ED91DCBE,200
2583,hosur_micro,"BOV 18-61",E280691500004020ED9344BC,200
2584,hosur_micro,"BOV 48/125 New",E280691500005020ED926CBC,200
2585,hosur_micro,"BOV 75/125",E28069952000500662D58E72,200
2586,hosur_micro,"KA 04 AA 5046",E280691500005020ED91D4BC,500
2587,hosur_micro,"BOV 02/125",E280691500004020ED97A0BD,200
2588,hosur_micro,"TN 70 v 3841",E280691500004020ED92A0BE,500
2589,hosur_micro,"TN 29 AU 0061",E280691500005020ED9324BB,500
2590,hosur_micro,1/61,E280691500005020ED95D0BC,200
2591,hosur_micro,"TN 18 R 8019",E2806894000A6006EF082898,500
2592,hosur_micro,"TN 70 AQ 8014",E280691500005020ED92B0BB,500
2594,hosur_micro,76/125,E280691500005020ED9930BB,200
2595,hosur_micro,"TN 70 V 3781",E280691500004020ED96E8BA,500
2596,hosur_micro,"BOV 12/61",E280691500005020ED95DCBC,200
2597,hosur_micro,"Bov 42/125",E280691500004020ED90C8BB,500
2598,hosur_micro,59/LD,E280691500004020ED90F4BB,200
2599,hosur_micro,"KA 41 A 5658",E280691500005020ED95C8BC,500
2600,hosur_micro,"BOV 46/61",E280691500005020ED9314BD,200
2601,hosur_micro,"Bov 4/125",E280691500004020ED932CBE,200
2602,hosur_micro,"BOV 48/61",E280691500004020ED9818BD,200
2603,hosur_micro,"BoV 47/61",E280691500005020ED9110BB,200
2604,hosur_micro,"32/LD O",E280691500005020ED9220BD,200
2605,hosur_micro,"KA 51AJ 2582",E280691500004020ED9530BC,500
2606,hosur_micro,"KA 51 A 1121",E28069952000500662D6A66F,500
2607,hosur_micro,"TN 70 v 3785",E28069952000500662D62E72,1000
2608,hosur_micro,"31/LD O",E280691500004020ED9420BC,222
2609,hosur_micro,"BOV 87/125",E28069952000500662D3EA6E,222
2610,hosur_micro,"KA 51 A 4686",E280691500004020ED91A8BC,500
2611,hosur_micro,"Bov 45/61 ",E280691500004020ED94A8BC,200
2612,hosur_micro,"Bov 17/125",E280691500004020ED95ECBB,201
2613,hosur_micro,"TN 70 AQ 8030",E280691500004020ED9534BD,511
2614,hosur_micro,"Bov 20/125",E280691500005020ED9578BB,511
2615,hosur_micro,"BOV 07/125",E280691500004020ED97E4BB,211
2616,hosur_micro,"TN 70 AQ 8514",E280691500004020ED964CBD,211
2617,hosur_micro,35/LD,E280691500004020ED9718BB,211
2618,hosur_micro,"BOV 57/61",E280691500004020ED939CBC,211
2619,hosur_micro,"56/LD O",E280691500004020ED9924BC,211
2620,hosur_micro,"BOV 12/125",E280691500004020ED9788BD,211
2621,hosur_micro,"Bov 15/61",E280691500004020ED9304BB,211
2622,hosur_micro,"BOV 06/61",E280691500004020ED9784BD,211
2623,hosur_micro,"TN 70 AQ 8493",E280691500004020ED91ECBC,211
2624,hosur_micro,"TN 70 AQ 8494",E280691500005020ED9298BD,511
2625,hosur_micro,"TN 70 AQ 8087",E280691500005020ED9468BB,511
2626,hosur_micro,"TN 70 AQ 8425",E2806894000A7006EF0699C4,511
2627,hosur_micro,"TN 70 AQ 8433",E2806894000A7006EF0138AB,511
2629,hosur_micro,05/LD,E280691500004020ED9358BB,200
2630,hosur_micro,"BOV 50/61",E280691500004020ED973CBD,200
2631,hosur_micro,"51/LD O",E280691500005020ED987CBB,200
2632,hosur_micro,"34/LD O",E280691500005020ED9424BC,200
2633,hosur_micro,"07/LD O",E280691500004020ED9338BE,25
2634,hosur_micro,"TN 70 AQ 8517",E280691500005020ED98E8BA,500
2635,hosur_micro,"BOV 51/61",E280691500004020ED9400BE,50
2637,hosur_micro,"TN 70 AQ 8512",E280691500005020ED9580BC,500
2638,hosur_micro,01/LD,E280691500004020ED9178BD,25
2639,hosur_micro,04/LD,E280691500004020ED94A0BB,200
2640,hosur_micro,"52/LD O",E2806894000A7006EF0188AF,200
2641,hosur_micro,50/LD,E280691500005020ED9240BB,25
2642,hosur_micro,"KA 41 A 2073",E280691500005020ED9684BD,500
2643,hosur_micro,02/LD,E280691500005020ED96C4BA,25
2644,hosur_micro,06/LD,E280691500005020ED9280BD,400
2645,hosur_micro,08/LD,E280691500005020ED93E8BD,200
2646,hosur_micro,"TN 70 AQ 8507",E280691500004020ED9250BE,500
2647,hosur_micro,03/LD,E280691500004020ED96CCBC,200
2648,thanjavur,"TN 49 CE 2664",E2806894000A6006EF06D5C2,3200
2650,hosur_micro,47/125,E280691500005020ED9128BC,200
2651,hosur_micro,7/61,E280691500005020ED943CBC,200
2652,hosur_micro,"39/LD O",E280691500004020ED97E4BD,200
2653,hosur_micro,"BOV 43/125",E280691500004020ED9868BC,200
2654,hosur_micro,"TN 70 AQ 8017",E280691500005020ED9824BA,500
2657,hosur_micro,39/125,E280691500004020ED91C0BE,200
2658,hosur_micro,"BOV 08/61",E280691500004020ED95D8BC,200
2659,hosur_micro,"TN 70 AQ 8022",E280691500004020ED987CBC,500
2661,hosur_micro,"TN 70 AQ 8078",E2806894000A6006EF087E62,500
2662,hosur_micro,"TN 70 AQ 8007",E2806894000A7006EF01CD20,500
2663,hosur_micro,"TN 70 AQ 8525",E280691500004020ED95E4BC,500
2664,hosur_micro,"BOV 104/125",E2806894000A7006EF07C1CD,200
2665,tambaram,"TN 11 AZ 8944",E2806894000A7006EF08298F,1350
2668,hosur_micro,14/LD,E280691500004020ED961CBB,200
2669,hosur_micro,16/LD,E280691500005020ED9290BE,200
2670,hosur_micro,13/LD,E280691500005020ED9140BD,200
2671,hosur_micro,11/LD,E280691500004020ED92E4BE,200
2672,hosur_micro,15/LD,E280691500004020ED97E0BA,200
2673,hosur_micro,17/LD,E280691500004020ED9698BB,200
2674,hosur_micro,18/LD,E280691500004020ED9448BB,200
2675,hosur_micro,"TN 70 AQ 8570",E2806894000A7006EF093983,500
2676,hosur_micro,12/LD,E280691500005020ED98F8BB,200
2677,hosur_micro,"TN 70 AQ 8560",E280691500005020ED9828BA,500
2678,hosur_micro,09/LD,E280691500004020ED991CBB,200
2679,hosur_micro,"KA 51 A  9884",E280691500005020ED93ACBE,500
2682,kumbakonam,"TN 06 AD 8658 (PVT)",E2806894000A7006EF06D18A,900
2684,kumbakonam_micro,"TN 18 R 0474 (GWCV)",E2806894000A7006EF094536,3400
2685,kumbakonam_micro,"TN 68 Z 3849(PVT)",E2806894000A7006EF09D11A,1200
2687,kumbakonam_micro,"TN 06 AF 1833(PVT)",E2806894000A6006EF066861,1050
2688,tambaram,"TN 64 AA 7506",E280691500005020ED98ECBB,1360
2689,kumbakonam_micro,"TN 06 AD 8658 (PVT)",E2806894000A7006EF06D18A,900
2690,kumbakonam_micro,"TN 06 AF 1868(PVT)",E20047067AA06426BBD7010F,1100
2691,tambaram_micro,"TN 64 AA 7506",E280691500005020ED98ECBB,1360
2692,hosur_micro,"TN 70 AQ 8456",E280691500005020ED92B0BE,500
2694,kumbakonam,"TN 06 AD 8672 (PVT)",E280691500004020ED9434BC,950
2701,aavin,"TN 37 DQ 7676",E280691500005020ED9324BE,50
2703,tambaram,"TN 12 BB 1810",E280691500004020ED97ACBD,3500
2704,kumbakonam,"TN 06 AD 8553 (PVT)",E2806894000A7006EF0848AA,900
2705,hosur_micro,"BOV 66/125",E2806894000A6006EF078A5F,200
2706,tambaram,"TN 11 AZ 8922",E280691500004020ED98ACBB,1250
2707,hosur_micro,"BOV 10/61",E2806894000A6006EF01A5EF,200
2708,kumbakonam,"Ward 20 (3)",E200470558306426A9B0010D,200
2709,kumbakonam,"Ward 20 (2)",E200470540806426A835010D,200
2710,kumbakonam,"TN 18 2895 (GWCV)",E2806894000A7006EF06C5BF,3300
2711,kumbakonam,"Ward 8 (47)",E2004704DF006426A21D010D,350
2713,kumbakonam,"Ward 20 (1)",E200470641206426B83F010D,200
2714,kumbakonam_micro,"TN 06 AD 8672 (PVT)",E280691500004020ED9434BC,950
2715,kumbakonam_micro,"TN 06 AD 8553 (PVT)",E2806894000A7006EF0848AA,900
2716,hosur_micro,10/LD,E280691500004020ED980CBB,200
2717,hosur_micro,"TN 70 AQ 8539",E2806894000A6006EF022116,500
2718,hosur_micro,"KA 51 V 3255",E2806894000A6006EF07F5F4,500
2719,hosur_micro,21/LD,E2806894000A6006EF04A8DD,500
2720,hosur_micro,"TN 70 AQ 8598",E2806894000A6006EF05EC3D,500
2721,hosur_micro,60/LD,E2806894000A7006EF062A7E,200
2722,hosur_micro,26/LD,E2806894000A7006EF08DA38,200
2723,hosur_micro,28/LD,E280691500004020ED958CBB,200
2724,hosur_micro,"48/LD ",E2806894000A7006EF01F069,200
2725,hosur_micro,"BOV 111/125",E2806894000A7006EF077970,200
2726,tambaram,"TN 18 CZ 5755",E2806894000A7006EF011DE2,3710
2728,kumbakonam,"TN 68 Q 3708",E200400073120085205040E7,3500
2729,hosur_micro,"ELECTRIC 58/LD",E2806894000A6006EF09B112,200
2730,hosur_micro,"BOV 53/125",E2806894000A6006EF0865DC,200
2731,hosur_micro,"BOV 19/61",E2806894000A6006EF092A13,200
2732,hosur_micro,43/LD,E2806894000A7006EF08D8F5,200
2733,hosur_micro,"42/LD ",E2806894000A7006EF029A88,200
2734,hosur_micro,"BOV 13/125",E280691500005020ED96C0BB,200
2735,hosur_micro,41/LD,E280691500004020ED958CBD,200
2736,thanjavur,"TN 49 BS 5925",E280691500005020ED9824BC,1100
2737,tambaram,"TN 85 H 4433",E2806894000A7006EF07D90B,1200
2738,tambaram,"TN 10 V 2046",E280691500005020ED9280BE,1175
2739,tambaram_micro,"TN 12 BB 1810",E2806894000A6006EF06D14B,3650
2740,tambaram_micro,"TN 10 V 2046",E280691500005020ED9280BE,1175
2741,tambaram_micro,"TN 18 CZ 5755",E2806894000A7006EF011DE2,3710
2742,tambaram_micro,"TN 11 AZ 8922",E280691500004020ED98ACBB,1250
2743,tambaram_micro,"TN 12 BB 1810",E280691500004020ED97ACBD,3500
2744,tambaram_micro,"TN 11 AZ 8944",E2806894000A7006EF08298F,1350
2745,tambaram_micro,"TN 20 BX 8430",E2806894000A5015691139AF,1085
2746,tambaram_micro,"TN 01 BE 6990",E280691500005020ED90CCBE,1900
2747,tambaram_micro,"TN 11 BD 7759",E2806894000A7006EF00B9E8,740
2748,tambaram_micro,"TN 11 BK 6630",E280691500005020ED96A0BB,1970
2749,tambaram_micro,TN03F6851,E280691500005020ED97DCBB,1150
2750,tambaram_micro,"TN 11 AY 9369",E2806894000A7006EF028608,1335
2751,tambaram_micro,"TN 11 BA 1845",E280691500004020ED95B8BC,1370
2752,tambaram_micro,"TN 11 BA 1845",E280691500005020ED9330BB,1370
2753,tambaram_micro,"TN 11 AH 5780",E280691500005020ED982CBB,1200
2754,tambaram_micro,"TN 09 DC 3819",E280691500005020ED97F0BC,1315
2755,tambaram_micro,"TN 11 BD 7662",E280691500004020ED9378BC,710
2756,tambaram_micro,"TN 11 BD 7333",E280691500004020ED92ECBC,710
2757,tambaram_micro,"TN 55 T 3298",E2806894000A7006EF064A3A,3680
2758,tambaram_micro,"TN 22 BV 8748",E280691500005020ED953CBB,1300
2759,tambaram_micro,"TN 69 BS 5166",E280691500005020ED9574BB,1240
2760,tambaram_micro,"TN 11 BA 1809",E2806894000A7006EF072A58,1330
2761,tambaram_micro,"TN 73 AE 3148",E280691500004020ED9780BA,3150
2762,tambaram_micro,"TN 11 AA 5220",E280691500005020ED928CBE,1130
2763,tambaram_micro,"TN 12 BB 1840",E280691500004020ED94CCBB,3670
2764,tambaram_micro,"TN 85 H 5117",E2806894000A6006EF03C1F1,1215
2765,tambaram_micro,"TN 11 BA 1873",E280691500004020ED92C0BE,1310
2766,tambaram_micro,"TN 85 H 4440",E280691500005020ED91A4BB,1200
2767,tambaram_micro,"TN 04 AC 7609",E2806894000A6006EF095158,1300
2768,tambaram_micro,"TN 04 AC 7609",E2806894000A7006EF0089AA,1300
2769,tambaram_micro,"TN 19 AP 8309",E2806894000A6006EF09AD51,3640
2770,tambaram_micro,"TN 09 DC 7449",E280691500005020ED93CCBB,1155
2771,tambaram_micro,"TN 20 AD 5900",E280691500005020ED92C8BD,1200
2772,tambaram_micro,"TN 11 AH 7962",E280691500005020ED9390BD,1125
2774,tambaram_micro,"TN 11 AK 5418",E2806894000A6006EF02ED23,1200
2775,tambaram_micro,"TN 11 AY 9357",E280691500005020ED98A0BC,1245
2776,tambaram_micro,"TN 11 AZ 8926",E2806894000A7006EF045A5C,1200
2777,tambaram_micro,"TN 11 AK 5420",E2806894000A7006EF079E26,1200
2778,tambaram_micro,"TN 38 DL 6991",E2806894000A7006EF099D41,9070
2779,tambaram_micro,"TN 11 AW 1207",E2806894000A7006EF0918FD,1190
2780,tambaram_micro,"TN 12 BB 1854",E2806894000A6006EF09313B,3370
2783,tambaram,"TN 11 AW 1207",E2806894000A6006EF01F568,1200
2788,hosur_micro,"TN 70 AQ 8043",E280691500004020ED9618BC,500
2789,hosur_micro,33/61,E280691500005020ED9220BE,200
2790,tambaram,"TN 11 BH 9750",E280691500004020ED93A8BD,1300
2791,tambaram,"TN 11 S 7065",E280691500005020ED9914BD,3500
2792,kousic_and_co,"Temp Vehicle",E280691500004020ED92B0C1,1500
2793,thanjavur,"TN 49 BR 6344",E280691500005020ED94B0BB,2500
2794,tambaram,"TN 31 BY 4316",E280691500004020ED96FCBC,3800
2795,kousic_and_co,"Kousic IWS RnD",E280691500005020ED9170B4,100
2796,tambaram,"TN 02 BH 6796",E280691500005020ED93D0BC,1160
2797,hosur_micro,5/61,E280691500005020ED9254A5,200
2798,hosur_micro,"Bov 13/61",E280691500005020ED972CBD,200
2799,hosur_micro,"BOV 65/125",E280691500004020ED92BCBC,200
2800,hosur_micro,"TN 70 AQ 8020",E28069952000400662D5666E,500
2802,hosur_micro,"BOV 55/125",E2806894000A6006EF02691F,200
2803,hosur_micro,"BOV 24/125",E2806894000A6006EF073CDF,200
2804,hosur_micro,"BOV 55/61",E280691500004020ED9414BB,200
2805,hosur_micro,37/61,E2806894000A7006EF07003C,200
2806,hosur_micro,54/61,E280691500004020ED9244BE,200
2807,hosur_micro,"53/LD O",E2806894000A6006EF097D93,200
2808,tambaram,"TN 11 BA 1829",E2806894000A6006EF01455C,1300
2809,tambaram,"TN 12 BB 1823",E280691500005020ED925CBC,3040
2810,kousic_and_co,"TN 56 RTS 001",E280691500004020ED992CBB,20
2811,hosur_micro,"BOV 85/125",E2806894000A7006EF02708C,200
2812,hosur_micro,KA.51.B.4614,E280691500005020ED98ACBA,500
2813,tambaram,"TN 22 AW 4315",E280691500004020ED96C0BA,1240
2814,hosur_micro,"TN 70 AQ 8076",E2806894000A6006EF06D0D5,1000
2815,kousic_and_co,"TN 33 BZ 6499",E280691500004020ED93E8BC,15230
2816,kousic_and_co,"TN 33 BQ 9747",E280691500005020ED94ECBD,13160
2817,kousic_and_co,"TN 33 BX 2099",E280691500005020ED98C0BA,15260
2818,kousic_and_co,"TN 33 BT 2199",E2801191A5040074235D2CCF,13520
2819,kousic_and_co,"TN 33 BT 2599",E280691500005020ED9774BA,15350
2820,kousic_and_co,"TN 33 BX 2299",E280691500004020ED922CBC,14500
2821,kousic_and_co,"TN 33 BX 9785",E280691500004020ED940CBE,12040
2822,kousic_and_co,"TN 33 BW 7099",E280691500005020ED98E0BB,15350
2824,hosur_micro,26/61,E280691500004020ED9354BD,200
2825,kousic_and_co,"TN 33 BR  4577",E280691500004020ED9778BB,10420
2826,kousic_and_co,"TN 33 BT 1699",E280691500005020ED922CBB,12900
2827,kousic_and_co,"TN 33 BX 4699",E280691500005020ED9294BD,15920
2828,kousic_and_co,"TN 33 AE 8490",E280691500004020ED95E4C1,8480
2829,kousic_and_co,"TN 33 BT 7140",E280691500005020ED95B0B3,16600
2830,kousic_and_co,"TN 33 BZ 8599",E280691500005020ED9850B6,14710
2831,kousic_and_co,"TN 33 BT 6628",E280691500004020ED92B4B4,8310
2832,hosur_micro,"KA 05 AG 9119",E280691500004020ED9214BE,500
2833,hosur_micro,"BOV 61/61",E280691500004020ED93F4BB,200
2834,hosur_micro,"BOV 28/125",E280691500005020ED914CBB,200
2835,kousic_and_co,"TN 33BW 6999",E280691500005020ED959CC0,15770
2836,tambaram,"TN 05 Y 9409",E280691500005020ED90D8BE,1290
2837,tambaram_micro,"TN 05 Y 9409",E280691500005020ED90D8BE,1290
2838,tambaram,"TN 64 AA 6655",E2806894000A7006EF07A0ED,1480
2839,rts_testing,"TN 56 RTS 002",E280691500004020ED9648B3,100
2840,rts_testing,testinghp,samplehpTEST1,10
2841,kousic_and_co,"TN 33 BT 0799",E280691500004020ED988CB6,8110
2842,kousic_and_co,"TN 33 BT 8399",E280691500005020ED91A0B3,14240
2843,kolathur,"Shiva testing ",E280691500004020ED95BCBB,10
2844,tambaram,"TN 11 BD 4664",E2806894000A7006EF00D9FC,700
2845,tambaram,"TN 12 BB 1840",E280691500005020ED97CCBA,3500
2846,kousic_and_co,"TN 33 CB 6099",E280691500005020ED93CCC0,15250
2847,tambaram,"TN 11 BD 7315",E280691500005020ED98BCBB,740
2848,tambaram,"TN 10 M 9074",E280691500004020ED9508BB,1100
2849,tambaram_micro,"TN 10 M 9074",E280691500004020ED9508BB,1100
2850,kousic_and_co,"TN 33 CB 6399",E280691500004020ED9670B4,16000
2852,kousic_and_co,"TN 33 B T 2199",E2801191A5040074235D2CCF,12850
2853,tambaram,"TN 47 BZ 9588",E280691500004020ED92D4BB,3280
2855,ourland,"TN 69 BT 2776 (O)",E2806894000A6006EF09A14A,3500
2856,kolathur,"TN 56 S 9722",E280691500005020ED98B0BB,10
2857,tambaram,"TN 22 AW 8210",E2806894000A7006EF07D510,1315
2858,kousic_and_co,"TN 33 CB 5288",E280691500005020ED9408C0,15100
2859,kolathur,"TN 48 AY 1005",E280691500004020ED9190BE,5000
2860,tambaram,"TN 11 BK 8002",E2806894000A6006EF0305AA,1990
2861,kolathur,"TN 11 F 2955",E280691500005020ED95ACBD,5100
2862,kolathur,"TN 11 AK 6597",E280691500004020ED97D4BD,12100
2863,kolathur,"TN70 L 9673",E280691500004020ED971CBC,11200
2864,kolathur,"TN 05 CL 5316",E280691500004020ED9620BB,11390
2865,kolathur,"TN 18 BM 7422",E280691500004020ED98C8BB,11180
2866,kolathur,"TN 22 DH 8222",E280691500004020ED9504BB,1300
2867,kolathur,"TN 69 BB 5499",E280691500005020ED90CCBD,10200
2868,kolathur,"TN 92 C 7683",E280691500004020ED90E0BD,12000
2869,kolathur,"TN 11 AJ 9290",E280691500004020ED9554BB,11200
2871,kolathur,"TN 14 T 9353",E280691500004020ED940CBD,11200
2872,kolathur,"TN 57 BU 3814",E280691500004020ED9254BC,11800
2874,kolathur,"TN 21 AW 5070",E280691500005020ED969CBD,8150
2875,kolathur,"TN 85 W 1713",E280691500005020ED973CBA,8650
2876,kolathur,"TN 48 AC 9588",E280691500005020ED9238BD,10200
2877,kolathur,"TN 11 AY 5899",E280691500004020ED9880BC,11500
2878,kolathur,"TN 21 BJ 0573",E280691500004020ED9250BD,11000
2879,kolathur,"TN48 AK 9886",E280691500004020ED94C8BC,10800
2880,kolathur,"TN 19 Q 1953",E280691500005020ED9278BC,10700
2881,kolathur,"TN 16 E 2336",E280691500004020ED9144BD,11200
2882,kolathur,"TN 19 R 6302",E280691500005020ED95E4BB,10100
2883,kolathur,"TN 66 D 9052",E280691500004020ED96E4BA,9800
2884,kolathur,"TN 22 CH 8743",E280691500004020ED9460BE,11200
2885,kolathur,"TN 63 AM 8195",E280691500005020ED97BCBD,12000
2886,kolathur,"TN 18 L 2695",E280691500004020ED9654BD,10200
2887,kolathur,"TN 11 BA 5077",E280691500005020ED9454BB,12400
2888,kolathur,"TN 11 T 7179",E280691500005020ED91A4BD,11400
2889,kolathur,"TN 22AU 7562",E280691500005020ED9220BB,10400
2890,kolathur,"TN 74 BB 3276",E280691500004020ED9670BB,11200
2891,kolathur,"TN 23 AH 4180",E280691500005020ED96F4BA,9500
2892,kolathur,"TN 85 L 6958",E280691500004020ED90DCBE,11000
2893,kolathur,"TN 61 R 7529",E280691500004020ED90E0BE,10200
2894,kolathur,"TN 19 P 3687",E280691500004020ED9918BA,11200
2895,kolathur,"TN 20 CF 7889",E280691500004020ED95F0BC,12200
2896,kolathur,"TN 11 AL 5393",E280691500005020ED96B4BB,11850
2897,kolathur,"TN 18 AC 1472",E280691500004020ED98E8BB,11500
2898,kolathur,"TN 22 CH 8734",E280691500004020ED9438BC,10200
2899,kolathur,"TN 11 AK 1500",E280691500005020ED9110BE,11200
2900,kolathur,"TN 11 AH 8696",E280691500005020ED921CBD,11400
2901,kolathur,"TN 22 DW 9406",E280691500004020ED9308BE,10000
2902,kolathur,"TN 11 AM 5259",E280691500005020ED971CBB,10200
2903,kolathur,"TN 11 V 7578",E280691500005020ED95A0BD,12200
2904,kolathur,"TN 25 AL 1378",E280691500005020ED976CBC,9500
2905,kolathur,"TN 20 BJ 3405",E280691500004020ED993CBA,10100
2906,kolathur,"TN 11 AE 5163",E280691500004020ED91B4BB,12300
2907,kolathur,"TN 11 J 8022",E280691500005020ED92C8BB,12300
2908,kolathur,"TN 69 AL 8906",E280691500005020ED90D4BD,10200
2909,kolathur,"TN 21 BJ 3727",E280691500004020ED968CBB,11500
2910,kolathur,"TN 61 Q 3493",E280691500005020ED9678BD,11200
2911,kolathur,"TN 32 F 4222",E280691500005020ED934CBC,10200
2912,kolathur,"TN 19 AU 5384",E280691500004020ED9838BA,11200
2913,kolathur,"TN 19 BD 7176",E280691500005020ED9838BD,11800
2914,kolathur,"TN 18 AK 7963",E280691500004020ED9318BC,11200
2915,kolathur,"TN 11 BD 0613",E280691500004020ED9744BD,11500
2916,kolathur,"TN 12 BF 5268",E280691500005020ED968CBC,10500
2917,kolathur,"TN 18 AF 1775",E280691500005020ED9730BC,12500
2918,kolathur,"TN 18 F 7329",E280691500005020ED9464BB,11500
2919,kolathur,"TN 20 BF 4729",E280691500005020ED9198BB,11200
2920,kolathur,"TN 16 E 3939",E280691500005020ED924CBE,12650
2921,kolathur,"TN 87 1119",E280691500004020ED96D4BC,11000
2922,kolathur,"TN 67 BN 6364",E280691500004020ED97B4BB,10000
2923,kolathur,"TN 11 BL 2066",E280691500005020ED96E8BB,11000
2924,kolathur," TN 21 AD 5896",E280691500004020ED9488BE,10000
2925,kolathur," TN 21 BC 1827",E280691500005020ED984CBD,10000
2927,kolathur,"TN 67 BW 1116",E280691500004020ED9654BB,11400
2928,kolathur,"TN 59 BD 1806",E280691500004020ED9500BC,11000
2929,kolathur,"TN 73 L 2944",E280691500005020ED9918BD,11000
2930,kolathur,"TN 75 H 5511",E280691500005020ED92E0BB,11000
2931,kolathur,"TN 19 AK 5689",E280691500005020ED9504BC,11000
2932,kolathur,"TN 19 P 2236",E280691500004020ED98FCBD,11200
2933,kolathur,"TN 19 AE 0499",E280691500005020ED9380BC,11200
2934,kolathur,"TN 61 F 6392",E280691500005020ED9264BB,12400
2935,kolathur,"TN 87 1114",E280691500004020ED9740BA,11200
2936,kolathur,"TN 19 AU 8082",E280691500004020ED93C4BB,11000
2937,kolathur,"TN 19 AU 3998",E280691500005020ED91F8BB,11000
2938,kolathur,"TN 72 AT 1849",E280691500005020ED9460BC,12200
2939,kolathur,"TN 18 R 8718",E280691500004020ED9474BD,11000
2940,kolathur,"TN 16 F 1069",E280691500005020ED92C8BE,11600
2941,kolathur,"TN 22 DK 6464",E280691500004020ED9340BB,11600
2942,kolathur,"TN 19 AV 6187",E280691500005020ED9224BC,11900
2943,kolathur,"TN 55 AK 6816",E280691500005020ED9714BA,10400
2944,kolathur,"TN 22 BZ 2377",E280691500005020ED96BCBA,8100
2945,kolathur,"TN 04 AZ 6364",E280691500005020ED99888B,14500
2946,kolathur,"TN 19 R 4566",E280691500004020ED91F8BC,11400
2947,kolathur,"TN 19 P 8690",E280691500004020ED98C0BD,10400
2948,kolathur,"TN 09 DH 4740",E280691500005020ED9888BC,15000
2949,kolathur,"TN 37 DM 8091",E280691500004020ED91C0BD,15000
2950,kolathur,"TN 37 DM 8068",E280691500004020ED930CBC,15000
2951,kolathur,"TN 48 AD 9482",E280691500004020ED9208BC,9500
2952,kolathur,"TN TN BL 4602",E280691500005020ED9940BA,11800
2953,kolathur,"TN 48 R 4384",E280691500004020ED91D0BC,11500
2954,kolathur,"TN 87 D 9210",E280691500004020ED9888BB,12500
2956,tambaram,"TN 64 AA 7692",E2806894000A6006EF07E963,1450
2957,tambaram,"TN 64 AA 7650",E280691500005020ED9718BA,1450
2958,kolathur,"TN 85 Q 0544",E280691500004020ED98C4BC,10300
2959,kolathur,"TN 19 AS 7122",E280691500005020ED97B8BC,11000
2960,kolathur,"TN 41 AV 5970",E280691500004020ED9490BB,10000
2961,kolathur,"TN 22 AX 2606",E280691500004020ED9400BD,10250
2962,kolathur,"TN 85 D 9952",E280691500004020ED95F8BD,9800
2963,kolathur,"TN 11 W 7104",E280691500004020ED965CBC,11260
2964,kolathur,"TN 55 AK 6873",E280691500004020ED96D8BC,10100
2965,kolathur,"TN 61 H 5754",E280691500005020ED918CBD,11900
2966,kolathur,"TN 47 AS 2273",E280691500004020ED963CBC,10000
2967,kolathur,"TN 56 J 0245",E280691500004020ED92F0BE,11500
2968,kolathur,"TN 12 Z 9499",E280691500005020ED96F0BD,11100
2969,kolathur,"TN 11 BJ 7866",E280691500005020ED9448BC,11400
2970,kolathur,"TN 19 AE 8285",E280691500004020ED94CCBD,10500
2971,kolathur,"TN 85bB 8943",E280691500005020ED94E0BB,11400
2972,kolathur,"TN 11 V 0093",E280691500005020ED92D0BB,11500
2973,kolathur,"TN 11 BR 9761",E280691500004020ED96E0BD,11800
2974,kolathur,"TN 69 BH 5099",E280691500005020ED98A8BB,11400
2975,kolathur,"TN 11 AD 1310",E280691500004020ED9524BC,11500
2976,kolathur,"TN 33 BQ 9823",E280691500004020ED984CBC,11300
2977,kolathur,"TN 19  AJ 4998",E280691500005020ED9378BE,11300
2978,kolathur,"TN 19 AA 4610",E280691500005020ED938CBC,10200
2979,kolathur,"TN 20 BJ 1977",E280691500004020ED984CBA,10200
2980,kolathur,"TN 70 P 3709",E280691500005020ED90E8BB,12100
2981,kolathur,"TN 17 BA 5557",E280691500005020ED93A0BD,11200
2982,kolathur,"TN 51 D 8988",E280691500005020ED9170BD,8000
2983,kolathur,"TN 11 AE 4648",E280691500004020ED92A4BC,11300
2984,tambaram,"TN 11 AZ 8980",E280691500004020ED98D0BA,1320
2985,kolathur,"TN 20 BC 4599",E280691500005020ED90B8BE,10300
2986,kolathur,"TN 19 AJ 4933",E280691500004020ED92ACBE,12300
2987,kolathur,"TN 19 K 0614",E280691500005020ED9108BD,9200
2988,kolathur,"TN 33 BF 9709",E280691500004020ED9270BC,10500
2989,kolathur,"TN 11 AK 3495",E280691500004020ED93CCBC,12100
2990,kolathur,"TN 11 AE 1056",E280691500004020ED9704BC,11200
2991,kolathur,"TN 37 BZ 5355",E280691500004020ED985CBD,9900
2992,kolathur,"TN 18 AD 2849",E280691500005020ED9408BB,11500
2993,kolathur,"TN 18 Q 0904",E280691500004020ED942CBC,11700
2994,kolathur,"TN 09 DE 3422",E280691500004020ED90D4BC,15360
2995,kolathur,"TN 11 BA 6957",E280691500004020ED911CBC,11700
2996,kolathur,"TN 11 AX 7605",E280691500005020ED97E8BA,11710
2997,kolathur,"TN 11 BU 4754",E280691500005020ED94A4BD,12000
2998,ourland,"PY 01 BD 5902 ( Z 5 ) (T) ( O ) ",E28069952000500662D2466F,3500
2999,kolathur,"TN 82 Y 7371",E280691500005020ED942CBB,12000
3000,tambaram,"TN 12 BB 1810",E280691500005020ED9444BC,3580
3001,kousic_and_co,"kousic co temp",E280691500005020ED9644C0,14830
3002,kolathur,"TN 11 K 4809",E280691500005020ED9860BA,12200
3003,kolathur,"TN 22 CH 8678",E280691500004020ED9370BB,12200
3004,kolathur,"TN 09 DA 1334",E280691500004020ED96B0BD,9790
3005,kolathur,"TN 85 W 1720",E280691500005020ED9300BB,8600
3006,kolathur,"TN 22 CH 8734",E280691500005020ED9844BA,10300
3007,kolathur,"TN 18 AP 8770",E280691500005020ED9348BD,10300
3008,kolathur,"TN 11 BH 0396",E280691500005020ED9490BC,12270
3009,kolathur,"TN 11 AQ 5510",E280691500005020ED93ECBC,12500
3010,kolathur,"TN 19 BF 2297",E280691500004020ED962CBB,12970
3011,kolathur,"TN 19 Q 9527",E280691500005020ED9168BE,9500
3012,kolathur,"TN 19 AH 5321",E280691500005020ED9258A5,11600
3013,kolathur,"TN 45 AU 9911",E280691500005020ED98FCBC,9500
3014,kolathur,"TN 11 AE 1444",E280691500004020ED92B4BB,12100
3015,tambaram_micro,"TN 12 BB 1840",E280691500005020ED97CCBA,3500
3016,tambaram_micro,"TN 11 BD 4664",E2806894000A7006EF00D9FC,700
3017,tambaram_micro,"TN 22 AW 4315",E280691500004020ED96C0BA,1240
3018,tambaram_micro,"TN 12 BB 1823",E280691500005020ED925CBC,3040
3019,tambaram_micro,"TN 11 BA 1829",E2806894000A6006EF01455C,1300
3020,tambaram_micro,"TN 02 BH 6796",E280691500005020ED93D0BC,1160
3021,tambaram_micro,"TN 11 S 7065",E280691500005020ED9914BD,3500
3022,tambaram_micro,"TN 11 BH 9750",E280691500004020ED93A8BD,1300
3023,kolathur,"TN 70  B 7700",E280691500004020ED9174BB,11100
3024,kolathur,"TN 19 AT 2957",E280691500004020ED91E8BB,8500
3025,tambaram_micro,"TN 64 AA 6655",E2806894000A7006EF07A0ED,1480
3026,tambaram_micro,"TN 64 AA 7692",E2806894000A6006EF07E963,1450
3027,tambaram,"TN 11 AJ 8283",E2806894000A6006EF08606E,1100
3028,kolathur,"TN 19 AE 7850",E280691500005020ED9184BC,10900
3029,kolathur,"TN 20 BC 6862",E280691500005020ED90C0BB,10100
3643,maduraitractor,"TN 65 R 0261",E28069952000500662D1D66F,3390
3644,maduraitractor,"TN 58 AV 9302",E28069952000500662D47270,3390
3645,maduraitractor,"TN 49 BZ 5091",E28069952000400662D52A71,3390
3667,kolathur,"TN 19 AL 1715",E280691500004020ED9700BB,12100
3668,kolathur,"TN 19 Q 2931",E280691500004020ED9768BC,10300
3669,kolathur,"TN 19 AJ 5339",E280691500005020ED94D8BC,11800
3670,kolathur,"TN 19 BB 5425",E280691500005020ED9350BD,11800
3672,"mmc no gps","TN 51 F 2136",E2806894000A7006EF0309EC,3390
3673,"mmc no gps","TN 65 Y 2979",E2806894000A7006EF089518,3390
3675,"mmc no gps","TN 58 BW 6646",E2806894000A7006EF04C1F1,3390
3677,"mmc no gps","TN 47 Z 2768",E2806894000A6006EF0935AA,3390
3678,"mmc no gps","TN 46 U 6554 ",E2806894000A6006EF0878D6,3390
3679,"mmc no gps","TN 63 K 9546",E2806894000A6006EF064E06,3390
3680,test_user_a,"TN 01 AB 1111",E28069952000AA1122BB33CC,3500
3681,test_user_b,"TN 01 AB 2222",E28069952000AA1122BB33CC,4200
3682,kolathur,"TN 85  1188",E280691500005020ED9678BB,11200
3683,kolathur,"TN 69 AQ 8262",E280691500004020ED95A4BB,11200
3684,kolathur,"TN 11 AJ 1595",E280691500004020ED9224BB,12100
3685,kolathur,"TN 69 BE 4399",E280691500004020ED9854BA,11500
3686,kolathur,"TN 18 AR 0513",E280691500004020ED9658BB,12100
3687,kolathur,"TN 22 DE 8533",E280691500005020ED933CBD,12100
3688,kolathur,"TN 32 AB 3309",E280691500004020ED9448BE,9800
3689,kolathur,"TN 11 AE 5365",E280691500005020ED95E8BB,12300
3690,kolathur,"TN 22 BB 6667",E280691500004020ED9930BA,10500
3691,kolathur,"TN 11 BT 3399",E280691500005020ED956CBB,12500
3692,kolathur,"TN 11 BL 7788",E280691500004020ED9564BB,12300
3693,kolathur,"TN 11 H 0664",E280691500005020ED91ECBE,12500
3694,kolathur,"TN 11 BS 7186",E280691500005020ED94D4BC,12300
3695,kolathur,"TN 11  BJ 5225",E280691500004020ED9770BA,12100
3696,tambaram,"TN 03 J 4498",E2806894000A6006EF022C90,1255
3697,kolathur,"TN 10 AZ 3513",E280691500005020ED94A8BD,11800
3698,kolathur,"TN 37 DM 8073",E280691500005020ED924CBD,11800
3699,"AVADI DUMPING YARD","Avadi testing ",E280691500004020ED9100BE,50
3700,kolathur,"TN 12 P 6235",E280691500004020ED95D0BB,10200
3701,kolathur,"TN 19 BC 2658",E280691500004020ED910CBD,11160
3702,kolathur,"TN 33 BP 1099",E280691500005020ED9820BD,11500
3703,kolathur,"TN 11 AZ 9423",E280691500004020ED9820BA,11800
3704,hosur_micro,21/61,E2806894000A7006EF09B518,200
3705,hosur_micro,27/61,E280691500004020ED9148BB,200
3706,kolathur,"TN 19 C 3246",E280691500004020ED96A4BD,9800
3707,kolathur,"TN 19 L 5622",E280691500004020ED9564BD,11500
3708,kolathur,"TN 12 W 6982",E280691500004020ED9284BD,10800
3709,kolathur,"TN 19 E4408",E280691500004020ED9204BC,10500
3710,kolathur,"TN 22 AA 2575",E280691500004020ED9150BB,5900
3711,kolathur,"TN 18 AT 2688",E280691500005020ED90ECBC,10500
3712,kolathur,"TN 19 L 1717",E280691500005020ED941CBD,10500
3713,tambaram,"TN 19 AP 8309",E280691500004020ED9724BD,3640
3714,tambaram_micro,"TN 22 AW 8210",E2806894000A7006EF07D510,1315
3715,kolathur,"TN 11 AE 4530",E280691500004020ED9804BC,11500
3716,kolathur,"TN 70 W 4080",E280691500005020ED9734BD,14090
3717,kolathur,"TN 19 AL 3035",E280691500004020ED9194BC,1150
3718,tambaram,"TN 11 BA 1830",E2806894000A7006EF098DC7,1200
3719,kolathur,"TN 04 AZ 6364",E280691500005020ED9888BA,14450
3720,tuty,"TN 69 BU 6950",E20047069A606426BDD30109,2200
3721,tuty,"TN 69 BS 4095 (PVT)",E20047050E306426A5100110,1000
3722,kolathur,"TN 61 Q 3330",E280691500005020ED963CBB,11400
3723,kolathur,"TN 32 BC 8589",E280691500004020ED9704BA,12170
3724,thanjavur,"TN 49 BS 5904",E280691500004020ED9398BD,950
3725,thanjavur,"TN 49 CE 2664",E280691500004020ED982CBA,2500
3726,kolathur,"TN 14 AH 0146",E280691500005020ED9554BC,12300
3727,kolathur,"TN 19 BA 6612",E280691500004020ED9184BE,11800
3728,kolathur,"TN 11 AD 4024",E280691500005020ED91ACBC,11900
3729,kolathur,"TN 11 AD 3963",E280691500004020ED9100BB,11800
3730,kolathur,"TN 11 AZ 9333",E280691500004020ED94C4BC,11900
3731,kolathur,"TN 14 AR 0749",E280691500005020ED93B8BD,10500
3732,kolathur,"TN 11 AW 9333",E280691500004020ED9114BE,11200
3733,kolathur,"TN 14 AR 0633",E280691500004020ED936CBC,11800
3734,kolathur,"TN 01 BD 5217",E280691500004020ED94B0BC,11800
3735,kolathur,"TN 18 AT 5457",E280691500005020ED93E0BC,11500
3736,kolathur,"TN 11 AL 5765",E280691500005020ED930CBB,11600
3737,kolathur,"TN 14 AA 4087",E280691500004020ED9848BD,11700
3738,kolathur,"TN 14 AL 3708",E280691500005020ED9928BD,11300
3739,kolathur,"TN 11 AE 0991",E280691500004020ED90F4BE,11100
3740,kolathur,"TN 14 AQ 3852",E280691500004020ED9274BD,11600
3741,kolathur,"TN 73 H 3888",E280691500004020ED92CCBE,11200
3742,kolathur,"TN 11 AC 9306",E280691500004020ED92F4BC,12000
3743,kolathur,"TN 11 AE 4609",E280691500005020ED9160BC,11300
3744,kolathur,"TN 11 AL 5583",E280691500005020ED94C8BB,11100
3745,kolathur,"TN 74 AS 6330",E280691500005020ED9404BE,11100
3746,tambaram,"OD 33 AP 0334",E2806894000A6006EF0629E3,2375
3748,kolathur,"TN 19 R 6357",E280691500004020ED9920BB,11500
3749,kolathur,"TN 14 AD 7504",E280691500004020ED974CBC,11500
3750,tambaram,"OD 33 AP 0335",E2806894000A6006EF07491B,2250
3751,kousic_and_co,"TN 33 BT 6602",E280691500004020ED923CB4,9650
3752,kolathur,"TN 11 H 3811",E280691500005020ED91D0BB,11500
3753,tambaram,"OD 33 AP 0352",E2806894000A7006EF09917E,2265
3754,vellore_micro,"TN 52 S 9722",E280691500005020ED92A4BB,10
3755,kolathur,"TN 14 AR 7420",E280691500004020ED96C0BC,11100
3756,kolathur,"TN 11 AD 2224",E280691500005020ED9138BD,11000
3757,kolathur,"TN 14 AF 8197",E280691500004020ED9818BB,11500
3758,hosur_micro,"kA 05 D 9044",E2806894000A7006EF08E551,600
3759,vellore_micro,"BOV 1",E280691500004020ED9288BE,500
3760,vellore_micro,"BOV 2",E280691500004020ED9490BD,500
3761,vellore_micro,"TN23 DH 5100",E280691500005020ED956CBD,1100
3762,vellore_micro,"BOV 3",E280691500005020ED97F4BB,500
3763,vellore_micro,"BOV 4",E280691500005020ED953CBD,500
3764,vellore_micro,"Tricycle ",E280691500005020ED9584BD,300
3765,vellore_micro,"tricycle 1",E280691500005020ED94ACBC,300
3766,tambaram_micro,"OD 33 AP 0334",E2806894000A6006EF0629E3,2375
3767,tambaram_micro,"OD 33 AP 0352",E2806894000A7006EF09917E,2265
3768,hosur,"AP.04.UA 1251",E280691500005020ED9700BA,3510
3769,hosur,TN.15.U.2221,E280691500005020ED95FCBD,3420
3772,tambaram_micro,"OD 33 AP 0335",E2806894000A6006EF07491B,2250
3773,hosur,MH.24.Bx.6326,E280691500004020ED9910BB,4000
3774,tambaram_micro,"TN 11 AZ 8980",E280691500004020ED98D0BA,1320
3775,tambaram_micro,"TN 19 AP 8309",E280691500004020ED9724BD,3640
3776,hosur_micro,16/w-11,E280691500004020ED92B4BD,200
3777,hosur_micro,45/w-6,E280691500005020ED9254BD,500
3778,"hosur ",TN.70.AV.8498,E280691500004020ED9428BE,3380
3779,"hosur ",TN.77.R.8962,E280691500005020ED96BCBC,3430
3780,tambaram_micro,"TN 11 BA 1830",E2806894000A7006EF098DC7,1200
3781,hosur_micro,MH.24.Bx.6326,E280691500004020ED9910BB,4000
3782,hosur_micro,TN.15.U.2221,E280691500005020ED95FCBD,3420
3783,hosur_micro,"AP.04.UA 1251",E280691500005020ED9700BA,3510
3784,hosur_micro,"TN 29 CS 4147",E280691500005020ED9650BB,3100
3787,hosur,"BOV 06/125",E20047063EE06426B7845q,22
3788,hosur_micro,"BOV 06/125",E20047063EE06426B7845q,22
3790,hosur_micro,"BOV 06/125",E20047063EE06426B81FH,22
3792,hosur_micro,"KA 41 A 5658",E20047063EE06426B81IO,666
3793,hosur_micro,"TN 24 AX 5271",E2806894000A6006EF07F0CB,3330
3795,hosur_micro,"MH 24 BL 4861",E28069952000400662D2AA6F,4220
3796,hosur_micro,"KA 05 T 2125",E2806894000A7006EF094D19,2960
3798,hosur_micro,"TN 29 CS 4117",E2806894000A6006EF0669B7,3950
3799,hosur_micro,"KA 05 T 2125",E28069952000400662D3A66E,3710
3800,hosur_micro,"TN 83 U 9059",E28069952000500662D24270,3530
3801,hosur_micro,"TN 70 V 1209",E28069952000500662D3FE70,3860
3802,hosur_micro,"TN 31 AR 7111",E28069952000400662D28A6E,3680
3803,hosur_micro,"TN 70 H 9590",E28069952000500662D45670,4060
3804,hosur_micro,"TN 29 AH 7480",E2806894000A6006EF07B60A,3900
3805,hosur_micro,"TN 29 CZ 6583",E28069952000500662D52E90,3820
3806,hosur_micro,"TN 70 H 3136",E28069952000500662D4126E,3790
3807,hosur_micro,"TN 70 V 8389",E280699520004006E70,3700
3808,hosur_micro,"KA 36 AT 9205",E28069952000500662D5966F,4060
3809,hosur_micro,"TN 70 P 1521",E280699520004006620327,3920
3810,hosur_micro,"TN 70 AP 5077",E28069952000500662D35270,4000
3811,hosur_micro,"MH 24 BR 1895",E28069952000400662D30E72,4110
3812,hosur_micro,"MH 24 L 5372",E28069952000400662D5DE70,3830
3813,hosur_micro,"TN 24 AX 5271",E28069952000500662D2EE70,3680
3814,hosur_micro,"KA 32 TC 3594",E28069952000500662D3626E,4250
3815,hosur_micro,"KA 17 TA 1806",E280691500005020ED9588BD,3750
3816,hosur_micro,"TN 70 V 6134",E28069952000400662D55E6F,3690
3817,hosur_micro,"TN 70 H 3129",E28069952000400662D35E71,3810
3818,hosur_micro,"TN 70 S 3750",E2806894000A7006EF02895D,3750
3819,hosur_micro,"MH 24 BL 4861",E28069952000400662D54A72,4170
3820,hosur_micro,"TN 70 H 5515",E2806894000A6006EF06D148,3660
3821,hosur_micro,"TN 70 V  1209",E28069952000400662D3A272,3840
3822,hosur_micro,"TN 70 AC 0591",E2806894000A6006EF088175,4200
3823,hosur_micro,"TN 29 V 4734",E28069952000400662D68A72,3860
3825,hosur,45/w-6,E280691500005020ED9254BD,500
3826,hosur,16/w-11,E280691500004020ED92B4BD,200
3827,hosur,"kA 05 D 9044",E2806894000A7006EF08E551,600
3828,hosur,27/61,E280691500004020ED9148BB,200
3829,hosur,21/61,E2806894000A7006EF09B518,200
3830,hosur,"BOV 28/125",E280691500005020ED914CBB,200
3831,hosur,"BOV 61/61",E280691500004020ED93F4BB,200
3832,hosur,"KA 05 AG 9119",E2806894000A7006EF027A54,500
3833,hosur,26/61,E280691500004020ED9354BD,200
3834,hosur,"TN 70 AQ 8076",E2806894000A6006EF06D0D5,1000
3835,hosur,KA.51.B.4614,E280691500005020ED98ACBA,500
3836,hosur,"BOV 85/125",E2806894000A7006EF02708C,200
3837,hosur,"53/LD O",E2806894000A6006EF097D93,200
3838,hosur,54/61,E280691500004020ED9244BE,200
3839,hosur,37/61,E2806894000A7006EF07003C,200
3840,hosur,"BOV 55/61",E280691500004020ED9414BB,200
3841,hosur,"BOV 24/125",E2806894000A6006EF073CDF,200
3842,hosur,"BOV 55/125",E2806894000A6006EF02691F,200
3843,hosur,"TN 70 AQ 8020",E28069952000400662D5666E,500
3844,hosur,"BOV 65/125",E280691500004020ED92BCBC,200
3845,hosur,"Bov 13/61",E280691500005020ED972CBD,200
3846,hosur,5/61,E280691500005020ED9254A5,200
3847,hosur,33/61,E280691500005020ED9220BE,200
3848,hosur,"TN 70 AQ 8043",E280691500004020ED9618BC,500
3849,hosur,41/LD,E280691500004020ED958CBD,200
3850,hosur,"BOV 13/125",E280691500005020ED96C0BB,200
3851,hosur,"42/LD ",E2806894000A7006EF029A88,200
3852,hosur,43/LD,E2806894000A7006EF08D8F5,200
3853,hosur,"BOV 19/61",E2806894000A6006EF092A13,200
3854,hosur,"BOV 53/125",E2806894000A6006EF0865DC,200
3855,hosur,"ELECTRIC 58/LD",E2806894000A6006EF09B112,200
3856,hosur,"BOV 111/125",E2806894000A7006EF077970,200
3857,hosur,"48/LD ",E2806894000A7006EF01F069,200
3858,hosur,28/LD,E280691500004020ED958CBB,200
3859,hosur,26/LD,E2806894000A7006EF08DA38,200
3860,hosur,60/LD,E2806894000A7006EF062A7E,200
3861,hosur,"TN 70 AQ 8598",E2806894000A6006EF05EC3D,500
3862,hosur,21/LD,E2806894000A6006EF04A8DD,500
3863,hosur,"KA 51 V 3255",E2806894000A6006EF07F5F4,500
3864,hosur,"TN 70 AQ 8539",E2806894000A6006EF022116,500
3865,hosur,10/LD,E280691500004020ED980CBB,200
3866,hosur,"BOV 10/61",E2806894000A6006EF01A5EF,200
3867,hosur,"BOV 66/125",E2806894000A6006EF078A5F,200
3868,hosur,"TN 70 AQ 8456",E280691500005020ED92B0BE,500
3869,hosur,"KA 51 A  9884",E280691500005020ED93ACBE,500
3870,hosur,09/LD,E280691500004020ED991CBB,200
3871,hosur,"TN 70 AQ 8560",E280691500005020ED9828BA,500
3872,hosur,12/LD,E280691500005020ED98F8BB,200
3873,hosur,"TN 70 AQ 8570",E2806894000A7006EF093983,500
3874,hosur,18/LD,E280691500004020ED9448BB,200
3875,hosur,17/LD,E280691500004020ED9698BB,200
3876,hosur,15/LD,E280691500005020ED94D0BB,200
3877,hosur,11/LD,E280691500004020ED92E4BE,200
3878,hosur,13/LD,E280691500005020ED9140BD,200
3879,hosur,16/LD,E280691500005020ED9290BE,200
3880,hosur,14/LD,E2806894000A7006EF031905,200
3881,hosur,"BOV 104/125",E2806894000A7006EF07C1CD,200
3882,hosur,"TN 70 AQ 8525",E280691500004020ED95E4BC,500
3883,hosur,"TN 70 AQ 8007",E2806894000A7006EF01CD20,500
3884,hosur,"TN 70 AQ 8078",E2806894000A6006EF087E62,500
3885,hosur,"TN 70 AQ 8022",E280691500004020ED987CBC,500
3886,hosur,"BOV 08/61",E280691500004020ED95D8BC,200
3887,hosur,39/125,E280691500004020ED91C0BE,200
3888,hosur,"TN 70 AQ 8017",E280691500005020ED9824BA,500
3889,hosur,"BOV 43/125",E280691500004020ED9868BC,200
3890,hosur,"39/LD O",E280691500004020ED97E4BD,200
3891,hosur,7/61,E280691500005020ED943CBC,200
3892,hosur,47/125,E280691500005020ED9128BC,200
3893,hosur,03/LD,E280691500004020ED96CCBC,200
3894,hosur,"TN 70 AQ 8507",E280691500004020ED9250BE,500
3895,hosur,08/LD,E280691500005020ED93E8BD,200
3896,hosur,06/LD,E280691500005020ED9280BD,400
3898,hosur,02/LD,E280691500005020ED96C4BA,25
3899,hosur,"KA 41 A 2073",E280691500005020ED9684BD,500
3900,hosur,50/LD,E280691500005020ED9240BB,25
3901,hosur,"52/LD O",E2806894000A7006EF0188AF,200
3903,hosur,04/LD,E280691500004020ED94A0BB,200
3904,hosur,"01/LD ",E280691500004020ED9178BD,25
3905,hosur,"TN 70 AQ 8512",E280691500005020ED9580BC,500
3906,hosur,"BOV 51/61",E280691500004020ED9400BE,25
3907,hosur,"TN 70 AQ 8517",E280691500005020ED98E8BA,500
3908,hosur,"07/LD O",E280691500004020ED9338BE,25
3909,hosur,"34/LD O",E280691500005020ED9424BC,200
3910,hosur,"51/LD O",E280691500005020ED987CBB,200
3911,hosur,"BOV 50/61",E280691500004020ED973CBD,200
3912,hosur,05/LD,E280691500004020ED9358BB,200
3913,hosur,"TN 70 AQ 8433",E2806894000A7006EF0138AB,511
3914,hosur,"TN 70 AQ 8425",E2806894000A7006EF0699C4,511
3915,hosur,"TN 70 AQ 8087",E280691500005020ED9468BB,511
3917,hosur,"TN 70 AQ 8494",E280691500005020ED9298BD,511
3918,hosur,"TN 70 AQ 8493",E280691500004020ED91ECBC,211
3919,hosur,"BOV 06/61",E280691500004020ED9784BD,211
3920,hosur,"Bov 15/61",E280691500004020ED9304BB,211
3921,hosur,"BOV 12/125",E280691500004020ED9788BD,211
3922,hosur,"56/LD O",E280691500004020ED9924BC,211
3923,hosur,"BOV 57/61",E280691500004020ED939CBC,211
3924,hosur,35/LD,E280691500004020ED9718BB,211
3925,hosur,"TN 70 AQ 8514",E280691500004020ED964CBD,211
3927,hosur,"BOV 07/125",E280691500004020ED97E4BB,211
3928,hosur,"Bov 20/125",E280691500005020ED9578BB,511
3929,hosur,"TN 70 AQ 8030",E280691500004020ED9534BD,511
3931,hosur,"Bov 17/125",E280691500004020ED95ECBB,201
3932,hosur,"Bov 45/61 ",E280691500004020ED94A8BC,200
3933,hosur,"KA 51 A 4686",E280691500004020ED91A8BC,500
3934,hosur,"BOV 87/125",E28069952000500662D3EA6E,222
3935,hosur,"31/LD O",E280691500004020ED9420BC,222
3936,hosur,"31/LD O",E280691500004020ED9420BC,222
3937,hosur,"TN 70 v 3785",E28069952000500662D62E72,1000
3938,hosur,"KA 51 A 1121",E28069952000500662D6A66F,500
3939,hosur,"KA 51AJ 2582",E280691500004020ED9530BC,500
3940,hosur,"32/LD O",E280691500005020ED9220BD,200
3941,hosur,"BOV 48/61",E280691500004020ED9818BD,200
3942,hosur,"Bov 4/125",E280691500004020ED932CBE,200
3943,hosur,"BOV 46/61",E280691500005020ED9314BD,200
3945,hosur,"KA 41 A 5658",E280691500005020ED95C8BC,500
3946,hosur,59/LD,E280691500004020ED90F4BB,200
3947,hosur,"BOV 12/61",E280691500005020ED95DCBC,200
3948,hosur,"TN 70 V 3781",E280691500004020ED96E8BA,500
3949,hosur,"TN 70 AQ 8014",E280691500005020ED92B0BB,500
3950,hosur,"TN 18 R 8019",E2806894000A6006EF082898,500
3951,hosur,1/61,E280691500005020ED95D0BC,200
3952,hosur,"TN 29 AU 0061",E280691500005020ED9324BB,500
3953,hosur,"TN 70 v 3841",E280691500004020ED92A0BE,500
3955,hosur,"BOV 02/125",E280691500004020ED97A0BD,200
3956,hosur,"KA 04 AA 5046",E280691500005020ED91D4BC,500
3957,hosur,"BOV 75/125",E28069952000500662D58E72,200
3959,hosur,"BOV 48/125 New",E280691500005020ED926CBC,200
3960,hosur,"BOV 18-61",E280691500004020ED9344BC,200
3961,hosur,"Bov 14/61",E280691500005020ED91DCBE,200
3962,hosur,"BOV 91/125",E28069952000500662D59A6F,200
3964,hosur,"TN 70 AQ 8445",E280691500005020ED93D4BD,500
3965,hosur,"TN 70 AQ 8065",E2806894000A7006EF06F997,500
3966,hosur,"BOV 61/125",E280691500005020ED9268BB,200
3967,hosur,"kA 51 B 9473",E280691500005020ED97FCBA,500
3968,hosur,47/LD,E280691500004020ED9670BD,200
3969,hosur,"TN 70 AQ 8089",E280691500005020ED93F0BD,500
3970,hosur,"TN 70 AQ 8049",E280691500004020ED91D4BB,500
3971,hosur,"TN 70 AQ 8074",E280691500004020ED92A0BD,500
3972,hosur,"TN 70 AQ 8002",E280691500004020ED9658BD,500
3974,hosur,"TN 70 AQ 8039",E280691500005020ED954CBC,200
3975,hosur,38/LD,E280691500005020ED95ACBD,200
3976,hosur,"BOV 21/125",E280691500005020ED96D4BD,200
3977,hosur,5/125,E280691500005020ED90E0BC,200
3978,hosur,27/LD,E280691500004020ED98A0BD,200
3980,hosur,22/LD,E280691500004020ED93FCBC,200
3981,hosur,23/LD,E280691500004020ED91ACBD,200
3982,hosur,"TN 70 AQ 8535",E280691500005020ED9434BE,500
3983,hosur,25/LD,E280691500004020ED9124BE,200
3984,hosur,20/LD,E2806894000A7006EF0931F5,200
3985,hosur,29/LD,E280691500004020ED916CBB,200
3986,hosur,54/LD,E280691500004020ED9354BE,200
3987,hosur,34/LD,E280691500005020ED93A4BC,200
3988,hosur,55/LD,E280691500005020ED9880BB,200
3989,hosur,19/LD,E280691500005020ED9584BB,200
3990,hosur,24/LD,E280691500004020ED93DCBE,200
3991,hosur,"Bov 42/125",E280691500004020ED90C8BB,500
3992,hosur,"BOV 82/125",E280691500004020ED937CBB,200
3994,hosur,76/125,E280691500005020ED9930BB,200
3995,hosur,"BoV 47/61",E280691500005020ED9110BB,200
3996,software_micro,"TN 26 ST 1001",34161FA8203288AC0D7C0D7,5000
3997,software_micro,"TN 26 ST 1002",E28069952000400662D84E714E71,3000
3998,software_micro,"TN 26 ST 1003",E20047063EE06426B816B81,3000
3999,software_micro,"TN 26 ST 1004",E2004704EFC06426A32901131167,5000
4000,software_micro,"TN 26 ST 1005",E20047063EE06426B818595,5000
4001,software_micro,"TN 26 ST 1006",E28069950000400662D1949,1000
4002,software_micro,"TN 26 ST 1007",E2004704EFC06426A3290113HDI84,1000
4003,software_micro,"TN 26 ST 1008",E28069950000400662D772D,5000
4004,software_micro,"TN 26 ST 1009",E200470559F06426A9C684B,30003
4005,software_micro,"TN 26 ST 1011",E20047053FC06426A8290110011Y,1000
4006,software,"TN 26 ST 1011",E2004704EFC06426A329011394BDN,1000
4007,software,"TN 26 ST 1012",E20047063EE06426B8145JSN,1000
4008,software,"TN 26 ST 1013",E2004704EFC06426A329011345BS,3000
4009,software,"TN 26 ST 1014",E2004704BC8064269FF5010F48ND,5000
4010,software,"TN 26 ST 1015",E200470559F06426A9C48FD,5000
4011,software,"TN 26 ST 1016",E20047063EE06426B81DJ58,5000
4012,software,"TN 26 ST 1017",E2004704EFC06426A3290113DH38,3000
4013,software,"TN 26 ST 1018",E28069952000400662D84E71DH45,3000
4014,software,"TN 26 ST 1019",E2004704BC8064269FF5010F9749,1000
4015,software,"TN 26 ST 1020",E20047053FC06426A8290110IR45,30006
4016,software_micro,"TN 26 ST 1021",E200470637606426B7A5678,5000
4017,software_micro,"TN 26 ST 1021",E200470513706426A565623,5000
4018,software_micro,"TN 26 ST 1021",E2004704BA8064269FDJD35,5000
4019,software_micro,"TN 26 ST 3897",E2004704ED406426A306538,100
4020,tambaram,"TN 11 AH 5766",E2806894000A7006EF089D91,1165
4021,tambaram_micro,"TN 11 AH 5766",E2806894000A7006EF089D91,1165
4022,kolathur,"TN 11 V 8086",E280691500004020ED913CBE,11800
4023,hosur,"BOV 36/125",E28069952000400662D37E6E,500
4024,software,"TN 26 ST 1021",E200470637206426D79F01116751,5000
4025,software_micro,tntest,E20047063EE06426B8144553,100
4026,software_micro,tntest,E20047063EE06426B81445UR,100
4027,software_micro,tntest,E20047052D806426A7050106JDJRJ,100
4028,software_micro,tn48gs8383,E20047052D806426A705010694944,100
4029,software_micro,tnsoftware,E28069950000400662D63737,8688
4030,software_micro,tn12ty1111,samplehp63737,8688
4031,software,test02,E200470637606426B7A57755,100
4032,software,tntesting02,E2004703DB50642691E26727,2000
4033,hosur,"BOV 36/125",E2806894000A6006EF08D505,500
4034,hosur_micro,"BOV 36/125",E2806894000A6006EF08D505,500
4035,software_micro,"TN 26 ST 1020",E20047053FC06426A8290110IR45,30006
4036,software,"TN 26 ST 1011",E20047053FC06426A8290110011Y,1000
4037,software_micro,"TN 26 ST 1019",E2004704BC8064269FF5010F9749,1000
4038,software_micro,"TN 26 ST 1018",E28069952000400662D84E71DH45,3000
4039,software_micro,"TN 26 ST 1017",E2004704EFC06426A3290113DH38,3000
4040,software_micro,"TN 26 ST 1016",E20047063EE06426B81DJ58,5000
4041,software_micro,"TN 26 ST 1015",E200470559F06426A9C48FD,5000
4042,software_micro,"TN 26 ST 1014",E2004704BC8064269FF5010F48ND,5000
4043,software_micro,"TN 26 ST 1013",E2004704EFC06426A329011345BS,3000
4044,software_micro,"TN 26 ST 1012",E20047063EE06426B8145JSN,1000
4045,software_micro,"TN 26 ST 1011",E2004704EFC06426A329011394BDN,1000
4046,software,"TN 26 ST 1009",E200470559F06426A9C684B,30003
4047,software,"TN 26 ST 1008",E28069950000400662D772D,5000
4048,software,"TN 26 ST 1007",E2004704EFC06426A3290113HDI84,1000
4049,software,"TN 26 ST 1006",E28069950000400662D1949,1000
4050,software,"TN 26 ST 1005",E20047063EE06426B818595,5000
4051,software,"TN 26 ST 1004",E2004704EFC06426A32901131167,5000
4052,kolathur,"TN 37 DM 8058",E280691500004020ED947CBC,15100
4053,kolathur,"TN 48 AL 2120",E2806894000A7006EF711F5,11700
4054,hosur,"07/LD O",E2806894000A5015691700FF,500
4055,hosur_micro,"07/LD O",E2806894000A5015691700FF,500
4056,kolathur,"TN 11 T 7179",E280691500004020ED9368BD,12200
4057,kolathur,"TN 61 M 5895",E280691500004020ED94E4BB,11100
4058,kolathur,"TN 51 M 4747",E280691500004020ED90F8BD,11000
4059,kolathur,"TN 85 7677",E280691500004020ED98E0BA,12100
4060,hosur,"TN 24 V 6508",E2806894000A6006EF031278,1000
4061,hosur_micro,"TN 24 V 6508",E2806894000A6006EF031278,1000
4062,tambaram,"TN 11 AA 5117",E2806894000A6006EF01A4BB,1100
4063,tambaram_micro,"TN 11 AA 5117",E2806894000A6006EF01A4BB,1100
4064,hosur,1/LD,E280691500004020ED98E0BC,500
4065,hosur_micro,1/LD,E280691500004020ED98E0BC,500
4066,kolathur,"TN 11 F 2955",E2806894000A6006EF066CBD,5100
4067,kolathur,"TN 11 AE 0991",E280691500005020ED97E0BB,11100
4068,kolathur,"TN 12 L 8665",E2806894000A7006EF08255B,10500
4069,hosur,"TN 70 AQ 8012",E280691500004020ED9100BD,1000
4070,hosur_micro,"TN 70 AQ 8012",E280691500004020ED9100BD,1000
4071,kolathur,"TN 21 AC 4044",E2806894000A6006EF06886F,10200
4072,kolathur,"TN 87 7455",E280691500004020ED9424BD,11100
4073,tambaram,"TN 09 DE 1162",E2806894000A7006EF07A921,1275
4074,tambaram_micro,"TN 09 DE 1162",E2806894000A7006EF07A921,1275
4075,kolathur,"TN 02 BM 8688",E280691500004020ED9320BE,11500
4076,kolathur,"TN 12 BL 2007",E280691500004020ED91DCBC,11500
4077,kolathur,"TN 16 H 2504",E2806894000A7006EF01C191,11500
4078,kolathur,"TN 73 Q 5011",E2806894000A7006EF01D067,11500
4079,kolathur,"TN 11 BJ 1444",E280691500004020ED97A8BC,11500
4080,kolathur,"TN 64 R 7960",E2806894000A6006EF080E41,11500
4081,kolathur,"TN 18 AS 9767",E2806894000A7006EF0988E0,11210
4082,tambaram,"TN 12 BB 1872",E280691500005020ED9268BE,3460
4083,tambaram_micro,"TN 12 BB 1872",E280691500005020ED9268BE,3460
4084,tambaram,"TN 09 DE 1143",E280691500004020ED91A4BC,1400
4085,tambaram_micro,"TN 09 DE 1143",E280691500004020ED91A4BC,1400
4086,tambaram_micro,"TN 11 BK 6673",E2806894000A401569154AB9,1990
4087,tamilmaganmega,"TN 33 AZ 3800",TN33AZ3800,5800
4089,tamilmaganmicro,"TN 33 AZ 3800",TN33AZ3800,2500
4091,tambaram_micro,"Aws Test",E280691500005020ED9258BD,800
4092,kousic_and_co,"TN 33 BR 4577",E2801191A5040074235BEC9F,14830
4093,tambaram_micro,"TN 69 BS 5163",E280691500004020ED96D8BA,1125
4094,tambaram_micro,"TN 85 H 4433",E2806894000A7006EF07D90B,1200
4095,tambaram_micro,"TN 31 BY 4316",E280691500004020ED96FCBC,3800
4096,tambaram_micro,"TN 11 BD 7315",E280691500005020ED98BCBB,740
4097,tambaram_micro,"TN 47 BZ 9588",E280691500004020ED92D4BB,3280
4098,tambaram_micro,"TN 11 BK 8002",E2806894000A6006EF0305AA,1990
4099,tambaram_micro,"TN 64 AA 7650",E280691500005020ED9718BA,1450
4100,tambaram_micro,"TN 12 BB 1810",E280691500005020ED9444BC,3580
4101,tambaram_micro,"TN 11 AJ 8283",E2806894000A6006EF08606E,1100
4104,tambaram,"TN 11 BK 8048",E280691500004020ED9130BB,1905
4105,tambaram_micro,"TN 11 BK 8048",E280691500004020ED9130BB,1905
4106,tuty,"TN 69 BS 3499 (PVT)",E28069952000500662D34272,1100
4107,tambaram,"TN 85 H 5713",E2806894000A6006EF091A16,1135
4108,tambaram_micro,"TN 85 H 5713",E2806894000A6006EF091A16,1135
4109,kolathur,"TN 21 BH 8804",E280691500005020ED93F0BE,12100
4110,tambaram,"TN 18 L 9984",E2806894000A7006EF07BD11,1170
4111,tambaram_micro,"TN 18 L 9984",E2806894000A7006EF07BD11,1170
4112,tambaram,"TN 85 H 5137",E2806894000A7006EF0180CD,1200
4113,tambaram_micro,"TN 85 H 5137",E2806894000A7006EF0180CD,1200
4114,ourland,"TN 37 DM 8068",E28069952000400662D3566E,17750
4115,ourland,"TN 09 DH 4773",E28069952000400662D23A6F,8600
4116,kolathur,"TN 11 J 5769",E280691500004020ED97F8BC,10200
4117,kolathur,"TN 57 M 5575",E2806894000A6006EF095922,9950
4118,kolathur,"TN 11 AE 0519",E280691500005020ED9374BB,10200
4119,kolathur,"TN 85 W 1776",E2806894000A7006EF04521F,8500
4120,kolathur,"TN 48 AX 1112",E2806894000A6006EF021A5A,9500
4121,kolathur,"TN 72 BF 0586",E2806894000A6006EF07B46B,10000
4122,kolathur,"TN 31 BA 6005",E2806894000A7006EF0789AE,10000
4123,kolathur,"TN 14 P 9356",E280691500004020ED929CBB,11100
4126,kumbakonam,"TN 57 Z 7740 (GWCV)",E2806894000A6006EF08415D,3500
4127,tambaram,"TN 19 AL 2205",E280691500004020ED9104C1,3580
4128,tambaram_micro,"TN 19 AL 2205",E280691500004020ED9104C1,3580
4129,kolathur,"TN 18 AQ 8228",E280691500004020ED94F4BC,9800
4130,kolathur,"TN 14 AP 4880",E2806894000A7006EF01E5D3,10200
4131,tambaram,"TN 22 CV 5023",E280691500004020ED9404C1,1200
4132,tambaram_micro,"TN 22 CV 5023",E280691500004020ED9404C1,1200
4134,kolathur,"TN 19 AT 2688",E280691500004020ED96ACBC,11900
4135,tambaram,"TN 11 BA 1867",E280691500004020ED9154C2,1325
4136,tambaram_micro,"TN 11 BA 1867",E280691500004020ED9154C2,1325
4137,tambaram,"TN 09 DE 1180",E280691500005020ED90D0C2,1350
4138,tambaram_micro,"TN 09 DE 1180",E280691500005020ED90D0C2,1350
4139,tambaram,"TN 22 BH 0977",E280691500004020ED9884BD,1285
4140,tambaram_micro,"TN 22 BH 0977",E280691500004020ED9884BD,1285
4141,tambaram,"TN 11 AH 5747",E2806894000A7006EF01EC9E,1200
4142,tambaram_micro,"TN 11 AH 5747",E2806894000A7006EF01EC9E,1200
4143,tambaram,"TN 05 AS 7750",E280691500005020ED9240B4,1200
4144,tambaram_micro,"TN 05 AS 7750",E280691500005020ED9240B4,1200
4145,tambaram,"TN 85 2650",E280691500005020ED9100B3,1500
4146,tambaram_micro,"TN 85 2650",E280691500005020ED9100B3,1500
4147,tambaram,"TN 14 E 7050",E280691500004020ED90F4B4,1300
4148,tambaram_micro,"TN 14 E 7050",E280691500004020ED90F4B4,1300
4149,kousic_and_co,"TN 33 BS 4399",E280691500004020ED940CBB,13250
4150,kousic_and_co,"TN 33 AR 3271",E280691500004020ED98B4C0,7390
4152,tambaram,"TN 85 H 5099",E2806894000A40156915CC2E,1200
4153,tambaram_micro,"TN 85 H 5099",E2806894000A40156915CC2E,1200
4154,hosur,"TN 70 AQ 8509",E280691500005020ED98D8BC,600
4155,hosur_micro,"TN 70 AQ 8509",E280691500005020ED98D8BC,600
4156,tambaram,"OD 33 AP 0352",E2806894000A7006EF0089AA,2265
4157,tambaram_micro,"OD 33 AP 0352",E2806894000A6006EF0089AA,2660
4158,tambaram,"TN 21 BT 7363",E2806894000A6006EF01C47B,3540
4159,tambaram_micro,"TN 21 BT 7363",E2806894000A6006EF01C47B,3540
4160,tambaram,"TN 12 BB 1892",E2806894000A6006EF081CA3,3630
4161,tambaram_micro,"TN 12 BB 1892",E2806894000A6006EF081CA3,3630
4162,tambaram,"OD 33 AP 0352",E280691500005020ED9124C2,2265
4163,tambaram_micro,"OD 33 AP 0352",E280691500005020ED9124C2,2265
4164,hosur_micro,15/LD,E280691500005020ED94D0BB,200
4165,hosur_micro,14/LD,E2806894000A7006EF031905,200
4166,kumbakonam,"TN 68 U 6514",E2806894000A6006EF07F1A6,800
4167,kumbakonam_micro,"TN 68 U 6514",E2806894000A6006EF07F1A6,800
4168,tuty,"TN 69 BU 6941 N",E280691500004020ED967CBD,2500
4169,tambaram,"TN 22 BU 6404",E280691500005020ED9910BC,1175
4170,tambaram_micro,"TN 22 BU 6404",E280691500005020ED9910BC,1175
4172,tuty,"TN 69 BU 6935 N ",E280691500004020ED92E0BC,2500
4173,tambaram,"TN 64 AA 7650",E280691500004020ED91B0B3,1200
4174,tambaram_micro,"TN 64 AA 7650",E280691500004020ED91B0B3,1200
4176,"mmc dumper","TN 64 AA 7545 ",E2806894000A7006EF0175EF,8710
4177,tambaram,"TN 22 AV 5405",E280691500004020ED9134C2,1200
4178,tambaram_micro,"TN 22 AV 5405",E280691500004020ED9134C2,1200
4179,tambaram,"TN 11 AZ 8987",E280691500004020ED90E0B4,1275
4180,tambaram_micro,"TN 11 AZ 8987",E280691500004020ED90E0B4,1275
4181,tambaram,"TN 24 H 4516",E280691500005020ED93ECC1,1500
4182,tambaram_micro,"TN 24 H 4516",E280691500005020ED93ECC1,1500
4183,hosur,"TN 70 t 5144",E2806894000A7006EF0175BC,3000
4184,hosur,"BOV 02/125",E280691500005020ED95C4BC,500
4185,hosur_micro,"BOV 02/125",E280691500005020ED95C4BC,500
4186,ourland,"TN 64 AC 2382 (O)",E2806894000A7006EF02AE31,2950
4187,tambaram,"TN 11 BK 7974",E280691500005020ED9604C1,1950
4188,tambaram_micro,"TN 11 BK 7974",E280691500005020ED9604C1,1950
4189,"mmc dumper","TN 09 CT 6426",E28069952000500662D73A70,12110
4190,tambaram,"TN 85 C 4420",E280691500005020ED9184C1,1186
4191,tambaram_micro,"TN 85 C 4420",E280691500005020ED9184C1,1186
4192,tambaram,"TN 64 AA 7569",E280691500004020ED94DCC1,1560
4193,tambaram_micro,"TN 64 AA 7569",E280691500004020ED94DCC1,1560
4199,tambaram_micro,"TN 22 AL 5343",E280691500004020ED9140C2,1200
4200,tambaram,"TN 11 AA 5209",E280691500005020ED9494B4,1150
4201,tambaram_micro,"TN 11 AA 5209",E280691500005020ED9494B4,1150
4206,software,"TN 29 QA 2004",E2801191A50400730F49A73E,1
4207,software,"TN 29 QA 2004",E28069950000400662DE2801191A5040073OF49A73E,0
4208,software,"TN 29 QA 2005",34161FA8203288AC0D71257,1
4209,software,"TN 29 QA 2002",E2801191A5040073OF4E317F,0
4210,software,"TN 29 QA 2006",E2801191A50400730F5297D3,0
4211,software,"TN 29 QA 2007",E2801191A5040073OF49F17E,0
4212,software,"TN 29 QA 2008",E2801191A50400730F4E316F,1000
4213,software_micro,"TN 29 QA 2008",E2801191A50400730F4E316F,1000
4214,software_micro,"TN 29 QA 2002",E2801191A5040073OF4E317F,0
4215,software_micro,"TN 29 QA 2004",E28069950000400662DE2801191A5040073OF49A73E,0
4216,software_micro,"TN 29 QA 2004",E2801191A50400730F49A73E,1
4217,software_micro,"TN 29 QA 2005",34161FA8203288AC0D71257,1
4218,software,"TN 29 QA 2009",E2801191A50400730F4E82CF,0
4219,tambaram,"TN 64 AA 7662",E280691500004020ED90C0C1,1500
4220,tambaram_micro,"TN 64 AA 7662",E280691500004020ED90C0C1,1500
4221,tambaram,"TN 11 BA 1810",E2801191A5040074235D2C2A,1305
4222,tambaram_micro,"TN 11 BA 1810",E2801191A5040074235D2C2A,1305
4223,tambaram,"TN 69 BS 3615",E2801191A504007423579290,1200
4224,tambaram_micro,"TN 69 BS 3615",E2801191A504007423579290,1200
4225,tambaram,"TN 11 BK 6690",E2801191A5040074235DEDB1,1900
4226,tambaram_micro,"TN 11 BK 6690",E2801191A5040074235DEDB1,1900
4227,tambaram,"TN 11 BK 6697",E2801191A50400742353E22E,1950
4228,tambaram_micro,"TN 11 BK 6697",E2801191A50400742353E22E,1950
4229,tambaram,"TN 22 CX 3942",E2801191A50400742359C8B1,1325
4230,tambaram_micro,"TN 22 CX 3942",E2801191A50400742359C8B1,1325
4231,tambaram,"TN 49 BC 6252",E280691500004020ED935CB3,3910
4232,tambaram_micro,"TN 49 BC 6252",E280691500004020ED9E280691500004020ED935CB3,3910
4233,tambaram,"TN 49 BC 6252",E280691500004020ED9170C1,3500
4234,tambaram_micro,"TN 49 BC 6252",E280691500004020ED9170C1,3500
4235,tambaram,"TN 16 Y 6824",E280691500005020ED9334B3,4210
4236,tambaram_micro,"TN 16 Y 6824",E280691500005020ED9334B3,4210
4237,tambaram,"TN 12 BB 1830",E280691500004020ED98F0B4,3500
4238,tambaram_micro,"TN 12 BB 1830",E280691500004020ED98F0B4,3500
4239,software_micro,"TN 26 ST 1021",E200470637206426D79F01116751,5000
4240,software_micro,"SN 39 NS 2206",E28069950000400662D2206,03
4241,software,"SN 39 NS 2206",E28069950000400662D2206,03
4242,software,"SN 39 NS 2206",E20047053FC06426A82901102206,03
4243,software_micro,"SN 39 NS 2206",E20047053FC06426A82901102206,03
4244,software_micro,"TN 12 MS 04",E200470559F06426A9CMS12,80009
4245,software,"TN 12 MS 04",E200470559F06426A9CMS12,80009
4246,software,"bn 66 ss 6688",E20047063EE06426B8166688,6688
4247,software_micro,"bn 66 ss 6677",E20047063EE06426B8166677,6677
4249,software,"SS 99 MS 9999",E2801191A50400730F5297D4,99
4250,software,00,E2004704EFC06426A32901130000,00
4251,software_micro,"SS 99 MS 9999",E2801191A50400730F5297D4,99
4252,software_micro,"SS 33 MS 3333",E2801191A5040073OF49F17E,33
4253,software,"TN 26 ST 1003",E20047063EE06426B816B81,3000
4254,software_micro,"SS 11 SS 1111",E28069950000400662D1111,11
4255,software,"SS 11 SS 1111",E28069950000400662D1111,11
4256,software_micro,"SS 22 MS 2222",E2801191A50400730F49F17E,22
4257,software,"SS 22 MS 2222",E2801191A50400730F49F17E,22
4258,software_micro,"SS 44 MS 4444","E2801191A50400730F49F1 7E",44
4259,software,"SS 44 MS 4444","E2801191A50400730F49F1 7E",44
4260,software_micro,"SS 77 MS 7777",E2801191A5040073OF49F17T,77
4261,software,"SS 77 MS 7777",E2801191A5040073OF49F17T,77
4262,tambaram,"TN 11 BD 7731",E2801191A5040073F9A4E813,745
4263,tambaram_micro,"TN 11 BD 7731",E2801191A5040073F9A4E813,745
4264,tambaram,"TN 11 BA 1834",E2801191A50400742357E3C0,1265
4265,tambaram_micro,"TN 11 BA 1834",E2801191A50400742357E3C0,1265
4266,tambaram,"TN 11 AZ 8944",E2801191A504007423579270,1350
4267,tambaram_micro,"TN 11 AZ 8944",E2801191A504007423579270,1350
4268,tambaram,"TN 11 AZ 8922",E2801191A50400742357E3D0,1300
4269,tambaram_micro,"TN 11 AZ 8922",E2801191A50400742357E3D0,1300
4270,tambaram,"TN 11 BA 1884",E2801191A504007423579280,1260
4271,tambaram_micro,"TN 11 BA 1884",E2801191A504007423579280,1260
4272,tambaram,"TN 11 AZ 8914",E280691500005020ED942CC0,1280
4273,tambaram_micro,"TN 11 AZ 8914",E280691500005020ED942CC0,1280
4277,software_micro,9876,E2801191A50400730F4B5252,3
4278,software_micro,1111,E2801191A50400730F4AA803,20
4279,software,1111,E2801191A50400730F4AA803,20
4280,software,54321,E2801191A50400730F4AA804,6
4281,software_micro,54321,E2801191A50400730F4AA804,6
4282,software,654321,E2801191A50400730F49F27E,21
4283,kousic_and_co,"TN 33 BX 2099",E2801191A50400730F4AA802,15780
4284,kousic_and_co,"TN 33 BZ 6499",E2801191A50400742357B6ED,15130
4285,kousic_and_co,"TN 33 BX 4699",E2801191A50400742357C21D,15740
4286,kousic_and_co,"TN 33 BW 6999",E2801191A50400730F4CACBF,15770
4287,kousic_and_co,"TN 33 CB 6099",E2801191A50400730F4CB12F,15760
4288,kousic_and_co,"TN 33 BT 2599",E2801191A5040074235847DA,15350
4289,kousic_and_co,"TN 33 CB 5288",E2801191A5040074235847CA,15100
4290,kousic_and_co,"TN 33 BW 7099",E2801191A5040074235BF2C0,15170
4291,kousic_and_co,"TN 33 BX 9785",E2801191A5040074235C1720,12100
4292,kousic_and_co,"TN 33 BQ 9747",E2801191A50400730F4E77E0,13120
4293,kousic_and_co,"TN 33 BT 7140",E2801191A5040074235BEC1C,16600
4294,kousic_and_co,"TN 33 BT 0799",E2801191A50400730F4B5252,8460
4295,kousic_and_co,"TN 33 BZ 8599",E2801191A5040074235BF1CF,15030
4296,kousic_and_co,"TN 33 AE 8490",E2801191A5040074235D315F,8480
4297,kousic_and_co,"TN 30 AA 0190",E2801191A5040074235AA2DF,8470
4298,tambaram,"TN 22 DF 4269",E280691500004020ED9414B4,1200
4299,tambaram_micro,"TN 22 DF 4269",E280691500004020ED9414B4,1200
4300,aavin," Aavin ",E280691500005020ED98CCBC,150
4301,kousic_and_co,"LIUGONG JCB ",E2801191A50400730F4C6D42,16670
4302,kousic_and_co,"TN 33 BT 6628",E2801191A5040074235D310F,8420
4303,kousic_and_co,"JCB  2",E2801191A5040074235D314F,8740
4304,kousic_and_co,"Water tractor 1",E280691500005020ED9880C0,6450
4305,kousic_and_co," Tractor ",E280691500005020ED9930C0,1000
4306,kousic_and_co,Compresser,E280691500005020ED96BCC1,1500
4307,kousic_and_co,"TN 33 AJ 0078",E2801191A5040074235C670F,8940
4308,appur_tambaram,"TN 11BW5910",E2801191A50400742357E341,14000
4309,appur_tambaram,"TN 11 BW 5929",E2801191A5040074235D22CE,14000
4310,appur_tambaram,"TN 11BW 5937",E2801191A504007423548D32,14000
4311,appur_tambaram,"TN 11 BW 5898",E2801191A5040074235C672E,14000
4312,tuty,"TN 69 BH 2414 N",E280691500004020ED9448B4,1300
4313,appur_tambaram,"TN 11 BW 5838",E2801191A5040074235D4370,14000
4314,tambaram,"TN 12 BB 1892",E280691500004020ED98E8B4,3630
4315,tambaram_micro,"TN 12 BB 1892",E280691500004020ED98E8B4,3630
4316,tambaram,"TN 11 BK 0785",E280691500005020ED9160C2,1260
4317,tambaram_micro,"TN 11 BK 0785",E280691500005020ED9160C2,1260
4318,appur_tambaram,"Tam Appur Test",E2801191A5040074235D316E,500
4319,kousic_and_co,"TN 33 BX 2299",E2801191A5040074235D2CBF,14460
4320,tambaram,"TN 11 BA 1829",E280691500005020ED9708C0,1300
4321,tambaram_micro,"TN 11 BA 1829",E280691500005020ED9708C0,1300
4322,kousic_and_co,"TN 33 CB 6399",E2801191A5040074235D313F,16000
4323,kousic_and_co,"TN 33 BQ 6801",E2801191A5040074235BF1BF,11000
4324,kousic_and_co,"TN 33 BS 4099",E2801191A5040074235BE2FF,8590
4325,kousic_and_co,"TN 33 CB 6099",E2801191A5040074235BF280,15250
4326,tambaram,"TN 09 BB 7038",E280691500004020ED9444C0,1200
4327,tambaram_micro,"TN 09 BB 7038",E280691500004020ED9444C0,1200
4328,kousic_and_co,"TN 33 BT 6602",E2801191A5040074235BF1AF,9650
4329,tambaram,"TN 03 P 3134",E280691500005020ED98E0C0,1200
4330,tambaram_micro,"TN 03 P 3134",E280691500005020ED98E0C0,1200
4331,tambaram,"TN 16 U 9218",E280691500004020ED96FCC1,1330
4332,tambaram_micro,"TN 16 U 9218",E280691500004020ED96FCC1,1330
4333,kousic_and_co,"TN 33 BS 4399",E2801191A5040074235BE27F,8540
4334,tambaram,"TN 85 H 5089",E280691500005020ED93E0B3,1100
4335,tambaram_micro,"TN 85 H 5089",E280691500005020ED93E0B3,1100
4336,tambaram,"TN 12 BB 1801",E280691500004020ED95FCC1,3390
4337,tambaram_micro,"TN 12 BB 1801",E280691500004020ED95FCC1,3390
4338,tambaram,"TN 11 AS 8485",E280691500005020ED9794C0,1200
4339,tambaram_micro,"TN 11 AS 8485",E280691500005020ED9794C0,1200
4340,tambaram,"TN 85 H 4461",E280691500004020ED9418C0,1200
4341,tambaram_micro,"TN 85 H 4461",E280691500004020ED9418C0,1200
4343,tambaram,"TN 10 R 0370",E280691500004020ED9188B4,1150
4344,tambaram_micro,"TN 10 R 0370",E280691500004020ED9188B4,1150
4345,tambaram,"TN 20 BU 5222",E280691500004020ED990CC1,1350
4346,tambaram_micro,"TN 20 BU 5222",E280691500004020ED990CC1,1350
4347,tambaram,"TN 12 BB 1867",E280691500004020ED98D8C0,3360
4348,tambaram_micro,"TN 12 BB 1867",E280691500004020ED98D8C0,3360
4349,tambaram,"TN 09 DC 7367",E280691500005020ED9348B4,1110
4350,tambaram_micro,"TN 09 DC 7367",E280691500005020ED9348B4,1110
4351,tambaram,"TN 11 AP 7368",E280691500004020ED9104C2,1160
4352,tambaram_micro,"TN 11 AP 7368",E280691500004020ED9104C2,1160
4353,tambaram,"TN 11 AK 5411",E280691500005020ED94B0C0,1200
4354,tambaram_micro,"TN 11 AK 5411",E280691500005020ED94B0C0,1200
4355,kousic_and_co,"TN 33 BS 3399",E2801191A5040074235BECAF,12500
4356,tambaram,"TN 11 BD 7751",E280691500005020ED943CB3,600
4357,tambaram_micro,"TN 11 BD 7751",E280691500005020ED943CB3,600
4358,tambaram,"TN 21 BT 7363",E280691500004020ED9750B4,3520
4359,tambaram_micro,"TN 21 BT 7363",E280691500004020ED9750B4,3520
4360,tambaram,"TN 11 AK 5457",E280691500005020ED965CB4,1270
4361,tambaram_micro,"TN 11 AK 5457",E280691500005020ED965CB4,1270
4362,tambaram,"TN 11 AH 5740",E280691500004020ED952CC0,1140
4363,tambaram_micro,"TN 11 AH 5740",E280691500004020ED952CC0,1140
4364,tambaram,"TN 11 AJ 8283",E280691500005020ED9884B5,1110
4365,tambaram_micro,"TN 11 AJ 8283",E280691500005020ED9884B5,1110
4366,tambaram,"TN 16 T 4714",E280691500004020ED948CC1,3800
4367,tambaram_micro,"TN 16 T 4714",E280691500004020ED948CC1,3800
4368,tambaram,"TN 11 AY 8157",E280691500005020ED9628C0,1200
4369,tambaram_micro,"TN 11 AY 8157",E280691500005020ED9628C0,1200
4370,tambaram,"TN 11 AZ 8994",E280691500004020ED985CC0,1305
4371,tambaram_micro,"TN 11 AZ 8994",E280691500004020ED985CC0,1305
4372,kolathur,tn12p1015,"ANPR_TN 12 P 1015",11000
4373,tambaram,"TN 57 V 2464",E280691500005020ED9684C0,3500
4374,tambaram_micro,"TN 57 V 2464",E280691500005020ED9684C0,3500
4375,tambaram,"TN 09 DC 7308",E280691500005020ED9534C1,1190
4376,tambaram_micro,"TN 09 DC 7308",E280691500005020ED9534C1,1190
4377,tambaram,"TN 64 AA 6655",E280691500004020ED9828C0,1480
4378,tambaram_micro,"TN 64 AA 6655",E280691500004020ED9828C0,1480
4379,appur_tambaram,"TN 11 BW 5988",E2801191A504007423591232,11000
4380,tambaram,"TN 11 AA 5241",E280691500004020ED9464C1,1300
4381,tambaram_micro,"TN 11 AA 5241",E280691500004020ED9464C1,1300
4382,kousic_and_co,"TN 33 BT 1699",E2801191A50400730F4E7714,14500
4383,appur_tambaram,"TN 11 BY 9880",E2801191A50400742354F6AE,14000
4384,tuty,"TN 69BE 7827",E280691500005020ED9358BC,1100
4385,tambaram,"TN 69 BS 3615",E2806894000A6006EF05B830,1200
4386,tambaram_micro,"TN 69 BS 3615",E2806894000A6006EF05B830,1200
4387,tambaram,"TN 11 BD 7273",E280691500005020ED91B0B4,510
4388,tambaram_micro,"TN 11 BD 7273",E280691500005020ED91B0B4,510
4389,tambaram,"TN 12 BB 1840",E2806894000A7006EF03218C,3500
4390,tambaram_micro,"TN 12 BB 1840",E2806894000A7006EF03218C,3500
4391,tambaram,"TN 11 AK 5497",E2806894000A6006EF07F902,1200
4392,tambaram_micro,"TN 11 AK 5497",E2806894000A6006EF07F902,1200
4393,tambaram,"TN 11 AH 5746",E2806894000A7006EF063ABF,1200
4394,tambaram_micro,"TN 11 AH 5746",E2806894000A7006EF063ABF,1200
4395,"avadi dumping yard","TN 06 AH 5865",E2801191A50400730F4A3772,2300
4396,"avadi dumping yard","TN 06 AH 5951",E2801191A50400742357E3E0,2300
4397,"avadi dumping yard","TN 06 AH 5830",E2801191A50400742355025F,2300
4398,"avadi dumping yard","TN 06 AH 5855",E2801191A504007362B70DE0,2300
4399,"avadi dumping yard","TN 06 AH 5835",E2801191A50400742359C74A,2300
4400,"avadi dumping yard","TN 12 BD 2812",E2801191A5040074235C67DF,7600
4401,"avadi dumping yard","TN 12 BD 2851",E2801191A50400742358ECED,7600
4402,"avadi dumping yard","TN 06 AH 5810",E2801191A50400742355ECAF,2300
4403,"avadi dumping yard","TN 06 AH 5900",E2801191A50400742357B711,2300
4404,"avadi dumping yard","TN 06 AH 5934",E2801191A5040074235C368F,2300
4405,"avadi dumping yard","TN 06 AH 5960",E2801191A504007423548DA2,2300
4406,"avadi dumping yard","TN 06 AH 5987",E2801191A504007423584840,2300
4407,"avadi dumping yard","TN 06 AH 5909",E2801191A50400730F49CD32,2300
4408,"avadi dumping yard","TN 06 AH 8344",E2801191A5040074235A2D81,2300
4409,"avadi dumping yard","TN 06 AH 5976",E2801191A5040074235792E1,2300
4410,"avadi dumping yard","TN 06 AH 5861",E2801191A5040074235663E0,2300
4411,"avadi dumping yard","TN 06 AH 8375",E2801191A50400742354F62E,2300
4412,"avadi dumping yard","TN 06 AH 5837",E2801191A5040073F9A48323,2300
4413,thambaram,"TN 22 AL 5344",E280691500004020ED9140C2,0
4414,tambaram,"TN 22 AL 5343",E280691500004020ED9140C2,1260
4415,tambaram,"TN 11 BK 6658",E280691500005020ED92ECB4,1975
4416,tambaram_micro,"TN 11 BK 6658",E280691500005020ED92ECB4,1975
4418,tuty,"TN 69 BU 6943 NEW",E2801191A50400742358AD32,3100
4420,tuty,"TN 69 BU 6958 New",E2801191A50400742357B791,3100
4426,kousic_and_co,"temp 1",E280691500004020ED949CC0,14830
4427,tuty,"TN 69 BU 6962 New",E2801191A5040074235A2D30,3100
4428,tuty,"TN 69 BU 6918 New",E2801191A50400742357B7D1,3100
4432,tuty,"TN 57 E 5405 New",E2801191A50400742358AD22,3000
4434,tuty,"TN 69 BU 6935 New",E2801191A50400742355029E,3000
4436,tuty,"TN 69 BU 6924 New",E2801191A50400742358AD52,3000
4438,tuty,"TN 69 AJ 5087 New",E2801191A5040074235502BE,3100
4442,tuty,"TN 69 BU 6982 New",E2801191A50400742357B771,3100
4443,hosur,"KA 51 T 1645",E280691500004020ED950CC1,3400
4444,hosur_micro,"KA 51 T 1645",E280691500004020ED950CC1,3400
