

Microchip MPLAB XC8 Assembler V2.31 build 20201012212115 
                                                                                               Tue May 12 17:38:33 2026

Microchip MPLAB XC8 C Compiler v2.31 (Free license) build 20201012212115 Og1 
     1                           	processor	12F683
     2                           	pagewidth 120
     3                           	opt	flic
     4                           	psect	cinit,global,class=CODE,merge=1,delta=2
     5                           	psect	cstackCOMMON,global,class=COMMON,space=1,delta=1,noexec
     6                           	psect	cstackBANK0,global,class=BANK0,space=1,delta=1,noexec
     7                           	psect	maintext,global,class=CODE,split=1,delta=2
     8                           	psect	text1,local,class=CODE,merge=1,delta=2
     9                           	psect	text2,local,class=CODE,merge=1,delta=2
    10                           	psect	text3,local,class=CODE,merge=1,delta=2
    11                           	psect	text4,local,class=CODE,merge=1,delta=2
    12                           	psect	text5,local,class=CODE,merge=1,delta=2
    13                           	psect	text6,local,class=CODE,merge=1,delta=2
    14                           	psect	text7,local,class=CODE,merge=1,delta=2
    15                           	psect	text8,local,class=CODE,merge=1,delta=2
    16                           	psect	text9,local,class=CODE,merge=1,delta=2
    17                           	psect	text10,local,class=CODE,merge=1,delta=2
    18                           	psect	text11,local,class=CODE,merge=1,delta=2
    19                           	psect	text12,local,class=CODE,merge=1,delta=2
    20                           	psect	text13,local,class=CODE,merge=1,delta=2
    21                           	psect	text14,local,class=CODE,merge=1,delta=2
    22                           	psect	text15,local,class=CODE,merge=1,delta=2
    23                           	psect	text16,local,class=CODE,merge=1,delta=2
    24                           	psect	text17,local,class=CODE,merge=1,delta=2
    25                           	psect	text18,local,class=CODE,merge=1,delta=2
    26                           	psect	text19,local,class=CODE,merge=1,delta=2
    27                           	psect	text20,local,class=CODE,merge=1,delta=2
    28                           	psect	text21,local,class=CODE,merge=1,delta=2
    29                           	psect	text22,local,class=CODE,merge=1,delta=2
    30                           	psect	text23,local,class=CODE,merge=1,delta=2
    31                           	psect	text24,local,class=CODE,merge=1,delta=2,group=1
    32                           	psect	config,global,abs,ovrld,class=CONFIG,space=4,delta=2,noexec
    33                           	dabs	1,0x7E,2
    34  0000                     
    35                           ; Generated 17/08/2023 GMT
    36                           ; 
    37                           ; Copyright © 2023, Microchip Technology Inc. and its subsidiaries ("Microchip")
    38                           ; All rights reserved.
    39                           ; 
    40                           ; This software is developed by Microchip Technology Inc. and its subsidiaries ("Microch
      +                          ip").
    41                           ; 
    42                           ; Redistribution and use in source and binary forms, with or without modification, are
    43                           ; permitted provided that the following conditions are met:
    44                           ; 
    45                           ;     1. Redistributions of source code must retain the above copyright notice, this lis
      +                          t of
    46                           ;        conditions and the following disclaimer.
    47                           ; 
    48                           ;     2. Redistributions in binary form must reproduce the above copyright notice, this 
      +                          list
    49                           ;        of conditions and the following disclaimer in the documentation and/or other
    50                           ;        materials provided with the distribution. Publication is not required when
    51                           ;        this file is used in an embedded application.
    52                           ; 
    53                           ;     3. Microchip's name may not be used to endorse or promote products derived from th
      +                          is
    54                           ;        software without specific prior written permission.
    55                           ; 
    56                           ; THIS SOFTWARE IS PROVIDED BY MICROCHIP "AS IS" AND ANY EXPRESS OR IMPLIED WARRANTIES,
    57                           ; INCLUDING, BUT NOT LIMITED TO, THE IMPLIED WARRANTIES OF MERCHANTABILITY AND FITNESS F
      +                          OR
    58                           ; PURPOSE ARE DISCLAIMED.  IN NO EVENT SHALL MICROCHIP BE LIABLE FOR ANY DIRECT, INDIREC
      +                          T,
    59                           ; INCIDENTAL, SPECIAL, EXEMPLARY, OR CONSEQUENTIAL DAMAGES (INCLUDING BUT NOT LIMITED TO
    60                           ; PROCUREMENT OF SUBSTITUTE GOODS OR SERVICES; LOSS OF USE, DATA OR PROFITS; OR BUSINESS
    61                           ; INTERRUPTION) HOWSOEVER CAUSED AND ON ANY THEORY OF LIABILITY, WHETHER IN CONTRACT, ST
      +                          RICT
    62                           ; LIABILITY, OR TORT (INCLUDING NEGLIGENCE OR OTHERWISE) ARISING IN ANY WAY OUT OF THE U
      +                          SE OF
    63                           ; THIS SOFTWARE, EVEN IF ADVISED OF THE POSSIBILITY OF SUCH DAMAGE.
    64                           ; 
    65                           ; 
    66                           ; Code-generator required, PIC12F683 Definitions
    67                           ; 
    68                           ; SFR Addresses
    69  0000                     	;# 
    70  0001                     	;# 
    71  0002                     	;# 
    72  0003                     	;# 
    73  0004                     	;# 
    74  0005                     	;# 
    75  000A                     	;# 
    76  000B                     	;# 
    77  000C                     	;# 
    78  000E                     	;# 
    79  000E                     	;# 
    80  000F                     	;# 
    81  0010                     	;# 
    82  0011                     	;# 
    83  0012                     	;# 
    84  0013                     	;# 
    85  0013                     	;# 
    86  0014                     	;# 
    87  0015                     	;# 
    88  0018                     	;# 
    89  0019                     	;# 
    90  001A                     	;# 
    91  001E                     	;# 
    92  001F                     	;# 
    93  0081                     	;# 
    94  0085                     	;# 
    95  008C                     	;# 
    96  008E                     	;# 
    97  008F                     	;# 
    98  0090                     	;# 
    99  0092                     	;# 
   100  0095                     	;# 
   101  0095                     	;# 
   102  0096                     	;# 
   103  0096                     	;# 
   104  0099                     	;# 
   105  009A                     	;# 
   106  009A                     	;# 
   107  009B                     	;# 
   108  009C                     	;# 
   109  009D                     	;# 
   110  009E                     	;# 
   111  009F                     	;# 
   112  0000                     	;# 
   113  0001                     	;# 
   114  0002                     	;# 
   115  0003                     	;# 
   116  0004                     	;# 
   117  0005                     	;# 
   118  000A                     	;# 
   119  000B                     	;# 
   120  000C                     	;# 
   121  000E                     	;# 
   122  000E                     	;# 
   123  000F                     	;# 
   124  0010                     	;# 
   125  0011                     	;# 
   126  0012                     	;# 
   127  0013                     	;# 
   128  0013                     	;# 
   129  0014                     	;# 
   130  0015                     	;# 
   131  0018                     	;# 
   132  0019                     	;# 
   133  001A                     	;# 
   134  001E                     	;# 
   135  001F                     	;# 
   136  0081                     	;# 
   137  0085                     	;# 
   138  008C                     	;# 
   139  008E                     	;# 
   140  008F                     	;# 
   141  0090                     	;# 
   142  0092                     	;# 
   143  0095                     	;# 
   144  0095                     	;# 
   145  0096                     	;# 
   146  0096                     	;# 
   147  0099                     	;# 
   148  009A                     	;# 
   149  009A                     	;# 
   150  009B                     	;# 
   151  009C                     	;# 
   152  009D                     	;# 
   153  009E                     	;# 
   154  009F                     	;# 
   155  0005                     _GPIO	set	5
   156  0019                     _CMCON0	set	25
   157  001F                     _ADCON0	set	31
   158  0001                     _TMR0	set	1
   159  000B                     _INTCONbits	set	11
   160  0005                     _GPIObits	set	5
   161  0085                     _TRISIO	set	133
   162  008F                     _OSCCONbits	set	143
   163  009F                     _ANSEL	set	159
   164  0085                     _TRISIObits	set	133
   165  0081                     _OPTION_REGbits	set	129
   166                           
   167                           	psect	cinit
   168  0005                     start_initialization:	
   169                           ; #config settings
   170                           
   171  0005                     __initialization:
   172  0005                     end_of_initialization:	
   173                           ;End of C runtime variable initialization code
   174                           
   175  0005                     __end_of__initialization:
   176  0005  0183               	clrf	3
   177  0006  28D2               	ljmp	_main	;jump to C main() function
   178                           
   179                           	psect	cstackCOMMON
   180  0070                     __pcstackCOMMON:
   181  0070                     ?_Relay_On:
   182  0070                     ??_Relay_On:	
   183                           ; 1 bytes @ 0x0
   184                           
   185  0070                     ?_Relay_Off:	
   186                           ; 1 bytes @ 0x0
   187                           
   188  0070                     ??_Relay_Off:	
   189                           ; 1 bytes @ 0x0
   190                           
   191  0070                     ?_Timer0_Init_For_Delay:	
   192                           ; 1 bytes @ 0x0
   193                           
   194  0070                     ??_Timer0_Init_For_Delay:	
   195                           ; 1 bytes @ 0x0
   196                           
   197  0070                     ?_Delay_Approx_65ms:	
   198                           ; 1 bytes @ 0x0
   199                           
   200  0070                     ??_Delay_Approx_65ms:	
   201                           ; 1 bytes @ 0x0
   202                           
   203  0070                     ?_Delay_Approx_250ms:	
   204                           ; 1 bytes @ 0x0
   205                           
   206  0070                     ??_Delay_Approx_250ms:	
   207                           ; 1 bytes @ 0x0
   208                           
   209  0070                     ?_Delay_Approx_1s:	
   210                           ; 1 bytes @ 0x0
   211                           
   212  0070                     ??_Delay_Approx_1s:	
   213                           ; 1 bytes @ 0x0
   214                           
   215  0070                     ?_Delay_Seconds:	
   216                           ; 1 bytes @ 0x0
   217                           
   218  0070                     ?_Relay_Blink_Count:	
   219                           ; 1 bytes @ 0x0
   220                           
   221  0070                     ?_Error_Blink_Slow_Forever:	
   222                           ; 1 bytes @ 0x0
   223                           
   224  0070                     ?_I2C_Delay:	
   225                           ; 1 bytes @ 0x0
   226                           
   227  0070                     ??_I2C_Delay:	
   228                           ; 1 bytes @ 0x0
   229                           
   230  0070                     ?_SDA_Low:	
   231                           ; 1 bytes @ 0x0
   232                           
   233  0070                     ??_SDA_Low:	
   234                           ; 1 bytes @ 0x0
   235                           
   236  0070                     ?_SDA_Release:	
   237                           ; 1 bytes @ 0x0
   238                           
   239  0070                     ??_SDA_Release:	
   240                           ; 1 bytes @ 0x0
   241                           
   242  0070                     ?_SCL_Low:	
   243                           ; 1 bytes @ 0x0
   244                           
   245  0070                     ??_SCL_Low:	
   246                           ; 1 bytes @ 0x0
   247                           
   248  0070                     ?_SCL_Release:	
   249                           ; 1 bytes @ 0x0
   250                           
   251  0070                     ??_SCL_Release:	
   252                           ; 1 bytes @ 0x0
   253                           
   254  0070                     ?_SDA_Read:	
   255                           ; 1 bytes @ 0x0
   256                           
   257  0070                     ??_SDA_Read:	
   258                           ; 1 bytes @ 0x0
   259                           
   260  0070                     ?_I2C_Init:	
   261                           ; 1 bytes @ 0x0
   262                           
   263  0070                     ?_I2C_Start:	
   264                           ; 1 bytes @ 0x0
   265                           
   266  0070                     ?_I2C_Stop:	
   267                           ; 1 bytes @ 0x0
   268                           
   269  0070                     ?_I2C_WriteByte:	
   270                           ; 1 bytes @ 0x0
   271                           
   272  0070                     ?_I2C_ReadByte:	
   273                           ; 1 bytes @ 0x0
   274                           
   275  0070                     ?_BCD_To_Dec:	
   276                           ; 1 bytes @ 0x0
   277                           
   278  0070                     ?_DS3231_ReadTime:	
   279                           ; 1 bytes @ 0x0
   280                           
   281  0070                     ?_Init_Device:	
   282                           ; 1 bytes @ 0x0
   283                           
   284  0070                     ??_Init_Device:	
   285                           ; 1 bytes @ 0x0
   286                           
   287  0070                     ?_main:	
   288                           ; 1 bytes @ 0x0
   289                           
   290  0070                     ?___bmul:	
   291                           ; 1 bytes @ 0x0
   292                           
   293  0070                     ___bmul@multiplicand:	
   294                           ; 1 bytes @ 0x0
   295                           
   296                           
   297                           ; 1 bytes @ 0x0
   298  0070                     	ds	1
   299  0071                     ??___bmul:
   300  0071                     Delay_Approx_250ms@i:	
   301                           ; 1 bytes @ 0x1
   302                           
   303  0071                     Delay_Approx_1s@i:	
   304                           ; 1 bytes @ 0x1
   305                           
   306  0071                     I2C_Delay@i:	
   307                           ; 1 bytes @ 0x1
   308                           
   309                           
   310                           ; 1 bytes @ 0x1
   311  0071                     	ds	1
   312  0072                     ??_Delay_Seconds:
   313  0072                     ??_Relay_Blink_Count:	
   314                           ; 1 bytes @ 0x2
   315                           
   316  0072                     ??_Error_Blink_Slow_Forever:	
   317                           ; 1 bytes @ 0x2
   318                           
   319  0072                     ??_I2C_Init:	
   320                           ; 1 bytes @ 0x2
   321                           
   322  0072                     ??_I2C_Start:	
   323                           ; 1 bytes @ 0x2
   324                           
   325  0072                     ??_I2C_Stop:	
   326                           ; 1 bytes @ 0x2
   327                           
   328  0072                     ??_I2C_WriteByte:	
   329                           ; 1 bytes @ 0x2
   330                           
   331  0072                     ??_I2C_ReadByte:	
   332                           ; 1 bytes @ 0x2
   333                           
   334  0072                     Delay_Seconds@seconds:	
   335                           ; 1 bytes @ 0x2
   336                           
   337  0072                     ___bmul@product:	
   338                           ; 1 bytes @ 0x2
   339                           
   340                           
   341                           ; 1 bytes @ 0x2
   342  0072                     	ds	1
   343  0073                     Relay_Blink_Count@count:
   344  0073                     I2C_WriteByte@data:	
   345                           ; 1 bytes @ 0x3
   346                           
   347  0073                     I2C_ReadByte@send_ack:	
   348                           ; 1 bytes @ 0x3
   349                           
   350  0073                     ___bmul@multiplier:	
   351                           ; 1 bytes @ 0x3
   352                           
   353                           
   354                           ; 1 bytes @ 0x3
   355  0073                     	ds	1
   356  0074                     ??_BCD_To_Dec:
   357  0074                     Relay_Blink_Count@i:	
   358                           ; 1 bytes @ 0x4
   359                           
   360  0074                     I2C_WriteByte@ack:	
   361                           ; 1 bytes @ 0x4
   362                           
   363  0074                     I2C_ReadByte@data:	
   364                           ; 1 bytes @ 0x4
   365                           
   366                           
   367                           ; 1 bytes @ 0x4
   368  0074                     	ds	1
   369  0075                     I2C_WriteByte@i:
   370  0075                     I2C_ReadByte@i:	
   371                           ; 1 bytes @ 0x5
   372                           
   373                           
   374                           ; 1 bytes @ 0x5
   375  0075                     	ds	1
   376  0076                     BCD_To_Dec@tens:
   377                           
   378                           ; 1 bytes @ 0x6
   379  0076                     	ds	1
   380  0077                     BCD_To_Dec@ones:
   381                           
   382                           ; 1 bytes @ 0x7
   383  0077                     	ds	1
   384  0078                     BCD_To_Dec@bcd:
   385                           
   386                           ; 1 bytes @ 0x8
   387  0078                     	ds	1
   388  0079                     ??_DS3231_ReadTime:
   389                           
   390                           ; 1 bytes @ 0x9
   391  0079                     	ds	1
   392  007A                     ??_main:
   393                           
   394                           ; 1 bytes @ 0xA
   395  007A                     	ds	1
   396                           
   397                           	psect	cstackBANK0
   398  0020                     __pcstackBANK0:
   399  0020                     DS3231_ReadTime@raw_second:
   400                           
   401                           ; 1 bytes @ 0x0
   402  0020                     	ds	1
   403  0021                     DS3231_ReadTime@raw_minute:
   404                           
   405                           ; 1 bytes @ 0x1
   406  0021                     	ds	1
   407  0022                     DS3231_ReadTime@raw_day:
   408                           
   409                           ; 1 bytes @ 0x2
   410  0022                     	ds	1
   411  0023                     DS3231_ReadTime@raw_date:
   412                           
   413                           ; 1 bytes @ 0x3
   414  0023                     	ds	1
   415  0024                     DS3231_ReadTime@raw_month:
   416                           
   417                           ; 1 bytes @ 0x4
   418  0024                     	ds	1
   419  0025                     DS3231_ReadTime@raw_year:
   420                           
   421                           ; 1 bytes @ 0x5
   422  0025                     	ds	1
   423  0026                     DS3231_ReadTime@is_pm:
   424                           
   425                           ; 1 bytes @ 0x6
   426  0026                     	ds	1
   427  0027                     DS3231_ReadTime@raw_hour:
   428                           
   429                           ; 1 bytes @ 0x7
   430  0027                     	ds	1
   431  0028                     DS3231_ReadTime@hour_12:
   432                           
   433                           ; 1 bytes @ 0x8
   434  0028                     	ds	1
   435  0029                     DS3231_ReadTime@time:
   436                           
   437                           ; 1 bytes @ 0x9
   438  0029                     	ds	1
   439  002A                     main@already_triggered_today:
   440                           
   441                           ; 1 bytes @ 0xA
   442  002A                     	ds	1
   443  002B                     main@last_trigger_date:
   444                           
   445                           ; 1 bytes @ 0xB
   446  002B                     	ds	1
   447  002C                     main@last_trigger_month:
   448                           
   449                           ; 1 bytes @ 0xC
   450  002C                     	ds	1
   451  002D                     main@last_trigger_year:
   452                           
   453                           ; 1 bytes @ 0xD
   454  002D                     	ds	1
   455  002E                     _main$286:
   456                           
   457                           ; 1 bytes @ 0xE
   458  002E                     	ds	1
   459  002F                     main@now:
   460                           
   461                           ; 7 bytes @ 0xF
   462  002F                     	ds	7
   463                           
   464                           	psect	maintext
   465  00D2                     __pmaintext:	
   466 ;;
   467 ;;Main: autosize = 0, tempsize = 1, incstack = 0, save=0
   468 ;;
   469 ;; *************** function _main *****************
   470 ;; Defined at:
   471 ;;		line 572 in file "EAS_Lift_Timer_V1.c"
   472 ;; Parameters:    Size  Location     Type
   473 ;;		None
   474 ;; Auto vars:     Size  Location     Type
   475 ;;  already_trig    1   10[BANK0 ] _Bool 
   476 ;;  now             7   15[BANK0 ] struct .
   477 ;;  last_trigger    1   13[BANK0 ] unsigned char 
   478 ;;  last_trigger    1   12[BANK0 ] unsigned char 
   479 ;;  last_trigger    1   11[BANK0 ] unsigned char 
   480 ;; Return value:  Size  Location     Type
   481 ;;                  1    wreg      void 
   482 ;; Registers used:
   483 ;;		wreg, fsr0l, fsr0h, status,2, status,0, pclath, cstack
   484 ;; Tracked objects:
   485 ;;		On entry : B00/0
   486 ;;		On exit  : 0/0
   487 ;;		Unchanged: 0/0
   488 ;; Data sizes:     COMMON   BANK0   BANK1
   489 ;;      Params:         0       0       0
   490 ;;      Locals:         0      12       0
   491 ;;      Temps:          1       0       0
   492 ;;      Totals:         1      12       0
   493 ;;Total ram usage:       13 bytes
   494 ;; Hardware stack levels required when called:    3
   495 ;; This function calls:
   496 ;;		_DS3231_ReadTime
   497 ;;		_Delay_Approx_250ms
   498 ;;		_Delay_Seconds
   499 ;;		_Error_Blink_Slow_Forever
   500 ;;		_I2C_Init
   501 ;;		_Init_Device
   502 ;;		_Relay_Blink_Count
   503 ;;		_Relay_Off
   504 ;;		_Relay_On
   505 ;; This function is called by:
   506 ;;		Startup code after reset
   507 ;; This function uses a non-reentrant model
   508 ;;
   509                           
   510                           
   511                           ;psect for function _main
   512  00D2                     _main:
   513  00D2                     l1399:	
   514                           ;incstack = 0
   515                           ; Regs used in _main: [wreg-fsr0h+status,2+status,0+pclath+cstack]
   516                           
   517                           
   518                           ;EAS_Lift_Timer_V1.c: 574:     RTC_Time now;;EAS_Lift_Timer_V1.c: 576:     uint8_t last_
      +                          trigger_date = 0xFF;
   519  00D2  30FF               	movlw	255
   520  00D3  00FA               	movwf	??_main
   521  00D4  087A               	movf	??_main,w
   522  00D5  1283               	bcf	3,5	;RP0=0, select bank0
   523  00D6  00AB               	movwf	main@last_trigger_date
   524                           
   525                           ;EAS_Lift_Timer_V1.c: 577:     uint8_t last_trigger_month = 0xFF;
   526  00D7  30FF               	movlw	255
   527  00D8  00FA               	movwf	??_main
   528  00D9  087A               	movf	??_main,w
   529  00DA  00AC               	movwf	main@last_trigger_month
   530                           
   531                           ;EAS_Lift_Timer_V1.c: 578:     uint8_t last_trigger_year = 0xFF;
   532  00DB  30FF               	movlw	255
   533  00DC  00FA               	movwf	??_main
   534  00DD  087A               	movf	??_main,w
   535  00DE  00AD               	movwf	main@last_trigger_year
   536  00DF                     l1401:
   537                           
   538                           ;EAS_Lift_Timer_V1.c: 580:     Init_Device();
   539  00DF  21AF               	fcall	_Init_Device
   540  00E0                     l1403:
   541                           
   542                           ;EAS_Lift_Timer_V1.c: 581:     I2C_Init();
   543  00E0  2251               	fcall	_I2C_Init
   544  00E1                     l1405:
   545                           
   546                           ;EAS_Lift_Timer_V1.c: 584:     Relay_Blink_Count(2);
   547  00E1  3002               	movlw	2
   548  00E2  21DB               	fcall	_Relay_Blink_Count
   549  00E3                     l1407:
   550                           
   551                           ;EAS_Lift_Timer_V1.c: 613:     Delay_Seconds(2);
   552  00E3  3002               	movlw	2
   553  00E4  2216               	fcall	_Delay_Seconds
   554  00E5                     l1409:
   555                           
   556                           ;EAS_Lift_Timer_V1.c: 615:     if (!DS3231_ReadTime(&now))
   557  00E5  302F               	movlw	(low (main@now| 0))& (0+255)
   558  00E6  2007               	fcall	_DS3231_ReadTime
   559  00E7  3A00               	xorlw	0
   560  00E8  1D03               	skipz
   561  00E9  28EB               	goto	u631
   562  00EA  28EC               	goto	u630
   563  00EB                     u631:
   564  00EB  28ED               	goto	l143
   565  00EC                     u630:
   566  00EC                     l1411:
   567                           
   568                           ;EAS_Lift_Timer_V1.c: 616:     {;EAS_Lift_Timer_V1.c: 618:         Error_Blink_Slow_Fore
      +                          ver();
   569  00EC  2241               	fcall	_Error_Blink_Slow_Forever
   570  00ED                     l143:	
   571                           ;EAS_Lift_Timer_V1.c: 619:     }
   572                           
   573                           
   574                           ;EAS_Lift_Timer_V1.c: 622:     Relay_Blink_Count(4);
   575  00ED  3004               	movlw	4
   576  00EE  21DB               	fcall	_Relay_Blink_Count
   577  00EF                     l1413:
   578                           
   579                           ;EAS_Lift_Timer_V1.c: 625:     {;EAS_Lift_Timer_V1.c: 626:         if (DS3231_ReadTime(&
      +                          now))
   580  00EF  302F               	movlw	(low (main@now| 0))& (0+255)
   581  00F0  2007               	fcall	_DS3231_ReadTime
   582  00F1  3A00               	xorlw	0
   583  00F2  1903               	skipnz
   584  00F3  28F5               	goto	u641
   585  00F4  28F6               	goto	u640
   586  00F5                     u641:
   587  00F5  2938               	goto	l1443
   588  00F6                     u640:
   589  00F6                     l1415:
   590                           
   591                           ;EAS_Lift_Timer_V1.c: 627:         {;EAS_Lift_Timer_V1.c: 628:             if ((now.hour
      +                           == 10) && (now.minute == 0))
   592  00F6  300A               	movlw	10
   593  00F7  1283               	bcf	3,5	;RP0=0, select bank0
   594  00F8  0631               	xorwf	main@now+2,w
   595  00F9  1D03               	btfss	3,2
   596  00FA  28FC               	goto	u651
   597  00FB  28FD               	goto	u650
   598  00FC                     u651:
   599  00FC  2939               	goto	l150
   600  00FD                     u650:
   601  00FD                     l1417:
   602  00FD  0830               	movf	main@now+1,w
   603  00FE  1D03               	btfss	3,2
   604  00FF  2901               	goto	u661
   605  0100  2902               	goto	u660
   606  0101                     u661:
   607  0101  2939               	goto	l150
   608  0102                     u660:
   609  0102                     l1419:
   610                           
   611                           ;EAS_Lift_Timer_V1.c: 629:             {;EAS_Lift_Timer_V1.c: 630:                 _Bool
      +                           already_triggered_today;;EAS_Lift_Timer_V1.c: 632:                 already_triggered_to
      +                          day =
   612  0102  01AE               	clrf	_main$286
   613  0103                     l1421:
   614  0103  0833               	movf	main@now+4,w
   615  0104  062B               	xorwf	main@last_trigger_date,w
   616  0105  1D03               	skipz
   617  0106  2908               	goto	u671
   618  0107  2909               	goto	u670
   619  0108                     u671:
   620  0108  2917               	goto	l1429
   621  0109                     u670:
   622  0109                     l1423:
   623  0109  0834               	movf	main@now+5,w
   624  010A  062C               	xorwf	main@last_trigger_month,w
   625  010B  1D03               	skipz
   626  010C  290E               	goto	u681
   627  010D  290F               	goto	u680
   628  010E                     u681:
   629  010E  2917               	goto	l1429
   630  010F                     u680:
   631  010F                     l1425:
   632  010F  0835               	movf	main@now+6,w
   633  0110  062D               	xorwf	main@last_trigger_year,w
   634  0111  1D03               	skipz
   635  0112  2914               	goto	u691
   636  0113  2915               	goto	u690
   637  0114                     u691:
   638  0114  2917               	goto	l1429
   639  0115                     u690:
   640  0115                     l1427:
   641  0115  01AE               	clrf	_main$286
   642  0116  0AAE               	incf	_main$286,f
   643  0117                     l1429:
   644  0117  082E               	movf	_main$286,w
   645  0118  1D03               	btfss	3,2
   646  0119  291B               	goto	u701
   647  011A  291D               	goto	u700
   648  011B                     u701:
   649  011B  3001               	movlw	1
   650  011C  291E               	goto	u710
   651  011D                     u700:
   652  011D  3000               	movlw	0
   653  011E                     u710:
   654  011E  00FA               	movwf	??_main
   655  011F  087A               	movf	??_main,w
   656  0120  00AA               	movwf	main@already_triggered_today
   657                           
   658                           ;EAS_Lift_Timer_V1.c: 637:                 if (!already_triggered_today)
   659  0121  082A               	movf	main@already_triggered_today,w
   660  0122  1D03               	btfss	3,2
   661  0123  2925               	goto	u721
   662  0124  2926               	goto	u720
   663  0125                     u721:
   664  0125  2939               	goto	l150
   665  0126                     u720:
   666  0126                     l1431:
   667                           
   668                           ;EAS_Lift_Timer_V1.c: 638:                 {;EAS_Lift_Timer_V1.c: 639:                  
      +                             Relay_On();
   669  0126  2259               	fcall	_Relay_On
   670  0127                     l1433:
   671                           
   672                           ;EAS_Lift_Timer_V1.c: 640:                     Delay_Seconds(5);
   673  0127  3005               	movlw	5
   674  0128  2216               	fcall	_Delay_Seconds
   675  0129                     l1435:
   676                           
   677                           ;EAS_Lift_Timer_V1.c: 641:                     Relay_Off();
   678  0129  225C               	fcall	_Relay_Off
   679  012A                     l1437:
   680                           
   681                           ;EAS_Lift_Timer_V1.c: 643:                     last_trigger_date = now.date;
   682  012A  1283               	bcf	3,5	;RP0=0, select bank0
   683  012B  0833               	movf	main@now+4,w
   684  012C  00FA               	movwf	??_main
   685  012D  087A               	movf	??_main,w
   686  012E  00AB               	movwf	main@last_trigger_date
   687  012F                     l1439:
   688                           
   689                           ;EAS_Lift_Timer_V1.c: 644:                     last_trigger_month = now.month;
   690  012F  0834               	movf	main@now+5,w
   691  0130  00FA               	movwf	??_main
   692  0131  087A               	movf	??_main,w
   693  0132  00AC               	movwf	main@last_trigger_month
   694  0133                     l1441:
   695                           
   696                           ;EAS_Lift_Timer_V1.c: 645:                     last_trigger_year = now.year;
   697  0133  0835               	movf	main@now+6,w
   698  0134  00FA               	movwf	??_main
   699  0135  087A               	movf	??_main,w
   700  0136  00AD               	movwf	main@last_trigger_year
   701  0137  2939               	goto	l150
   702  0138                     l1443:
   703                           
   704                           ;EAS_Lift_Timer_V1.c: 650:         {;EAS_Lift_Timer_V1.c: 651:             Error_Blink_S
      +                          low_Forever();
   705  0138  2241               	fcall	_Error_Blink_Slow_Forever
   706  0139                     l150:	
   707                           ;EAS_Lift_Timer_V1.c: 652:         }
   708                           
   709                           
   710                           ;EAS_Lift_Timer_V1.c: 654:         Delay_Approx_250ms();
   711  0139  21FC               	fcall	_Delay_Approx_250ms
   712  013A  28EF               	goto	l1413
   713  013B  2804               	ljmp	start
   714  013C                     __end_of_main:
   715                           
   716                           	psect	text1
   717  01DB                     __ptext1:	
   718 ;; *************** function _Relay_Blink_Count *****************
   719 ;; Defined at:
   720 ;;		line 153 in file "EAS_Lift_Timer_V1.c"
   721 ;; Parameters:    Size  Location     Type
   722 ;;  count           1    wreg     unsigned char 
   723 ;; Auto vars:     Size  Location     Type
   724 ;;  count           1    3[COMMON] unsigned char 
   725 ;;  i               1    4[COMMON] unsigned char 
   726 ;; Return value:  Size  Location     Type
   727 ;;                  1    wreg      void 
   728 ;; Registers used:
   729 ;;		wreg, status,2, status,0, pclath, cstack
   730 ;; Tracked objects:
   731 ;;		On entry : 0/0
   732 ;;		On exit  : 0/0
   733 ;;		Unchanged: 0/0
   734 ;; Data sizes:     COMMON   BANK0   BANK1
   735 ;;      Params:         0       0       0
   736 ;;      Locals:         2       0       0
   737 ;;      Temps:          1       0       0
   738 ;;      Totals:         3       0       0
   739 ;;Total ram usage:        3 bytes
   740 ;; Hardware stack levels used:    1
   741 ;; Hardware stack levels required when called:    2
   742 ;; This function calls:
   743 ;;		_Delay_Approx_1s
   744 ;;		_Delay_Approx_250ms
   745 ;;		_Relay_Off
   746 ;;		_Relay_On
   747 ;; This function is called by:
   748 ;;		_main
   749 ;; This function uses a non-reentrant model
   750 ;;
   751                           
   752                           
   753                           ;psect for function _Relay_Blink_Count
   754  01DB                     _Relay_Blink_Count:
   755                           
   756                           ;incstack = 0
   757                           ; Regs used in _Relay_Blink_Count: [wreg+status,2+status,0+pclath+cstack]
   758                           ;Relay_Blink_Count@count stored from wreg
   759  01DB  00F3               	movwf	Relay_Blink_Count@count
   760  01DC                     l1281:
   761                           
   762                           ;EAS_Lift_Timer_V1.c: 153: static void Relay_Blink_Count(uint8_t count);EAS_Lift_Timer_V
      +                          1.c: 154: {;EAS_Lift_Timer_V1.c: 155:     uint8_t i;;EAS_Lift_Timer_V1.c: 157:     for (
      +                          i = 0; i < count; i++)
   763  01DC  01F4               	clrf	Relay_Blink_Count@i
   764  01DD  29E6               	goto	l1291
   765  01DE                     l1283:
   766                           
   767                           ;EAS_Lift_Timer_V1.c: 158:     {;EAS_Lift_Timer_V1.c: 159:         Relay_On();
   768  01DE  2259               	fcall	_Relay_On
   769  01DF                     l1285:
   770                           
   771                           ;EAS_Lift_Timer_V1.c: 160:         Delay_Approx_250ms();
   772  01DF  21FC               	fcall	_Delay_Approx_250ms
   773  01E0                     l1287:
   774                           
   775                           ;EAS_Lift_Timer_V1.c: 162:         Relay_Off();
   776  01E0  225C               	fcall	_Relay_Off
   777                           
   778                           ;EAS_Lift_Timer_V1.c: 163:         Delay_Approx_250ms();
   779  01E1  21FC               	fcall	_Delay_Approx_250ms
   780  01E2                     l1289:
   781                           
   782                           ;EAS_Lift_Timer_V1.c: 164:     }
   783  01E2  3001               	movlw	1
   784  01E3  00F2               	movwf	??_Relay_Blink_Count
   785  01E4  0872               	movf	??_Relay_Blink_Count,w
   786  01E5  07F4               	addwf	Relay_Blink_Count@i,f
   787  01E6                     l1291:
   788  01E6  0873               	movf	Relay_Blink_Count@count,w
   789  01E7  0274               	subwf	Relay_Blink_Count@i,w
   790  01E8  1C03               	skipc
   791  01E9  29EB               	goto	u521
   792  01EA  29EC               	goto	u520
   793  01EB                     u521:
   794  01EB  29DE               	goto	l1283
   795  01EC                     u520:
   796  01EC                     l1293:
   797                           
   798                           ;EAS_Lift_Timer_V1.c: 166:     Delay_Approx_1s();
   799  01EC  2209               	fcall	_Delay_Approx_1s
   800  01ED                     l64:
   801  01ED  0008               	return
   802  01EE                     __end_of_Relay_Blink_Count:
   803                           
   804                           	psect	text2
   805  01FC                     __ptext2:	
   806 ;; *************** function _Delay_Approx_250ms *****************
   807 ;; Defined at:
   808 ;;		line 111 in file "EAS_Lift_Timer_V1.c"
   809 ;; Parameters:    Size  Location     Type
   810 ;;		None
   811 ;; Auto vars:     Size  Location     Type
   812 ;;  i               1    1[COMMON] unsigned char 
   813 ;; Return value:  Size  Location     Type
   814 ;;                  1    wreg      void 
   815 ;; Registers used:
   816 ;;		wreg, status,2, status,0, pclath, cstack
   817 ;; Tracked objects:
   818 ;;		On entry : 0/0
   819 ;;		On exit  : 0/0
   820 ;;		Unchanged: 0/0
   821 ;; Data sizes:     COMMON   BANK0   BANK1
   822 ;;      Params:         0       0       0
   823 ;;      Locals:         1       0       0
   824 ;;      Temps:          1       0       0
   825 ;;      Totals:         2       0       0
   826 ;;Total ram usage:        2 bytes
   827 ;; Hardware stack levels used:    1
   828 ;; Hardware stack levels required when called:    1
   829 ;; This function calls:
   830 ;;		_Delay_Approx_65ms
   831 ;; This function is called by:
   832 ;;		_Relay_Blink_Count
   833 ;;		_main
   834 ;;		_Error_Blink_Fast_Forever
   835 ;; This function uses a non-reentrant model
   836 ;;
   837                           
   838                           
   839                           ;psect for function _Delay_Approx_250ms
   840  01FC                     _Delay_Approx_250ms:
   841  01FC                     l1141:	
   842                           ;incstack = 0
   843                           ; Regs used in _Delay_Approx_250ms: [wreg+status,2+status,0+pclath+cstack]
   844                           
   845                           
   846                           ;EAS_Lift_Timer_V1.c: 113:     uint8_t i;;EAS_Lift_Timer_V1.c: 115:     for (i = 0; i < 
      +                          4; i++)
   847  01FC  01F1               	clrf	Delay_Approx_250ms@i
   848  01FD                     l1147:
   849                           
   850                           ;EAS_Lift_Timer_V1.c: 116:     {;EAS_Lift_Timer_V1.c: 117:         Delay_Approx_65ms();
   851  01FD  222A               	fcall	_Delay_Approx_65ms
   852  01FE                     l1149:
   853                           
   854                           ;EAS_Lift_Timer_V1.c: 118:     }
   855  01FE  3001               	movlw	1
   856  01FF  00F0               	movwf	??_Delay_Approx_250ms
   857  0200  0870               	movf	??_Delay_Approx_250ms,w
   858  0201  07F1               	addwf	Delay_Approx_250ms@i,f
   859  0202                     l1151:
   860  0202  3004               	movlw	4
   861  0203  0271               	subwf	Delay_Approx_250ms@i,w
   862  0204  1C03               	skipc
   863  0205  2A07               	goto	u411
   864  0206  2A08               	goto	u410
   865  0207                     u411:
   866  0207  29FD               	goto	l1147
   867  0208                     u410:
   868  0208                     l42:
   869  0208  0008               	return
   870  0209                     __end_of_Delay_Approx_250ms:
   871                           
   872                           	psect	text3
   873  01AF                     __ptext3:	
   874 ;; *************** function _Init_Device *****************
   875 ;; Defined at:
   876 ;;		line 541 in file "EAS_Lift_Timer_V1.c"
   877 ;; Parameters:    Size  Location     Type
   878 ;;		None
   879 ;; Auto vars:     Size  Location     Type
   880 ;;		None
   881 ;; Return value:  Size  Location     Type
   882 ;;                  1    wreg      void 
   883 ;; Registers used:
   884 ;;		wreg, status,2, status,0, pclath, cstack
   885 ;; Tracked objects:
   886 ;;		On entry : 0/0
   887 ;;		On exit  : 0/0
   888 ;;		Unchanged: 0/0
   889 ;; Data sizes:     COMMON   BANK0   BANK1
   890 ;;      Params:         0       0       0
   891 ;;      Locals:         0       0       0
   892 ;;      Temps:          0       0       0
   893 ;;      Totals:         0       0       0
   894 ;;Total ram usage:        0 bytes
   895 ;; Hardware stack levels used:    1
   896 ;; Hardware stack levels required when called:    1
   897 ;; This function calls:
   898 ;;		_Relay_Off
   899 ;;		_SCL_Release
   900 ;;		_SDA_Release
   901 ;;		_Timer0_Init_For_Delay
   902 ;; This function is called by:
   903 ;;		_main
   904 ;; This function uses a non-reentrant model
   905 ;;
   906                           
   907                           
   908                           ;psect for function _Init_Device
   909  01AF                     _Init_Device:
   910  01AF                     l1359:	
   911                           ;incstack = 0
   912                           ; Regs used in _Init_Device: [wreg+status,2+status,0+pclath+cstack]
   913                           
   914                           
   915                           ;EAS_Lift_Timer_V1.c: 543:     ANSEL = 0x00;
   916  01AF  1683               	bsf	3,5	;RP0=1, select bank1
   917  01B0  019F               	clrf	31	;volatile
   918                           
   919                           ;EAS_Lift_Timer_V1.c: 544:     ADCON0 = 0x00;
   920  01B1  1283               	bcf	3,5	;RP0=0, select bank0
   921  01B2  019F               	clrf	31	;volatile
   922  01B3                     l1361:
   923                           
   924                           ;EAS_Lift_Timer_V1.c: 545:     CMCON0 = 0x07;
   925  01B3  3007               	movlw	7
   926  01B4  0099               	movwf	25	;volatile
   927  01B5                     l1363:
   928                           
   929                           ;EAS_Lift_Timer_V1.c: 547:     OSCCONbits.IRCF = 0b110;
   930  01B5  1683               	bsf	3,5	;RP0=1, select bank1
   931  01B6  080F               	movf	15,w	;volatile
   932  01B7  398F               	andlw	-113
   933  01B8  3860               	iorlw	96
   934  01B9  008F               	movwf	15	;volatile
   935  01BA                     l1365:
   936                           
   937                           ;EAS_Lift_Timer_V1.c: 548:     OSCCONbits.SCS = 0;
   938  01BA  100F               	bcf	15,0	;volatile
   939  01BB                     l1367:
   940                           
   941                           ;EAS_Lift_Timer_V1.c: 556:     TRISIO = 0b11111110;
   942  01BB  30FE               	movlw	254
   943  01BC  0085               	movwf	5	;volatile
   944  01BD                     l1369:
   945                           
   946                           ;EAS_Lift_Timer_V1.c: 558:     GPIO = 0x00;
   947  01BD  1283               	bcf	3,5	;RP0=0, select bank0
   948  01BE  0185               	clrf	5	;volatile
   949  01BF                     l1371:
   950                           
   951                           ;EAS_Lift_Timer_V1.c: 560:     TRISIObits.TRISIO0 = 0;
   952  01BF  1683               	bsf	3,5	;RP0=1, select bank1
   953  01C0  1005               	bcf	5,0	;volatile
   954  01C1                     l1373:
   955                           
   956                           ;EAS_Lift_Timer_V1.c: 561:     Relay_Off();
   957  01C1  225C               	fcall	_Relay_Off
   958  01C2                     l1375:
   959                           
   960                           ;EAS_Lift_Timer_V1.c: 563:     SDA_Release();
   961  01C2  225F               	fcall	_SDA_Release
   962  01C3                     l1377:
   963                           
   964                           ;EAS_Lift_Timer_V1.c: 564:     SCL_Release();
   965  01C3  2262               	fcall	_SCL_Release
   966  01C4                     l1379:
   967                           
   968                           ;EAS_Lift_Timer_V1.c: 566:     Timer0_Init_For_Delay();
   969  01C4  2221               	fcall	_Timer0_Init_For_Delay
   970  01C5                     l138:
   971  01C5  0008               	return
   972  01C6                     __end_of_Init_Device:
   973                           
   974                           	psect	text4
   975  0221                     __ptext4:	
   976 ;; *************** function _Timer0_Init_For_Delay *****************
   977 ;; Defined at:
   978 ;;		line 87 in file "EAS_Lift_Timer_V1.c"
   979 ;; Parameters:    Size  Location     Type
   980 ;;		None
   981 ;; Auto vars:     Size  Location     Type
   982 ;;		None
   983 ;; Return value:  Size  Location     Type
   984 ;;                  1    wreg      void 
   985 ;; Registers used:
   986 ;;		None
   987 ;; Tracked objects:
   988 ;;		On entry : 0/0
   989 ;;		On exit  : 0/0
   990 ;;		Unchanged: 0/0
   991 ;; Data sizes:     COMMON   BANK0   BANK1
   992 ;;      Params:         0       0       0
   993 ;;      Locals:         0       0       0
   994 ;;      Temps:          0       0       0
   995 ;;      Totals:         0       0       0
   996 ;;Total ram usage:        0 bytes
   997 ;; Hardware stack levels used:    1
   998 ;; This function calls:
   999 ;;		Nothing
  1000 ;; This function is called by:
  1001 ;;		_Init_Device
  1002 ;; This function uses a non-reentrant model
  1003 ;;
  1004                           
  1005                           
  1006                           ;psect for function _Timer0_Init_For_Delay
  1007  0221                     _Timer0_Init_For_Delay:
  1008  0221                     l1139:	
  1009                           ;incstack = 0
  1010                           ; Regs used in _Timer0_Init_For_Delay: []
  1011                           
  1012                           
  1013                           ;EAS_Lift_Timer_V1.c: 89:     OPTION_REGbits.T0CS = 0;
  1014  0221  1683               	bsf	3,5	;RP0=1, select bank1
  1015  0222  1281               	bcf	1,5	;volatile
  1016                           
  1017                           ;EAS_Lift_Timer_V1.c: 90:     OPTION_REGbits.PSA = 0;
  1018  0223  1181               	bcf	1,3	;volatile
  1019                           
  1020                           ;EAS_Lift_Timer_V1.c: 92:     OPTION_REGbits.PS2 = 1;
  1021  0224  1501               	bsf	1,2	;volatile
  1022                           
  1023                           ;EAS_Lift_Timer_V1.c: 93:     OPTION_REGbits.PS1 = 1;
  1024  0225  1481               	bsf	1,1	;volatile
  1025                           
  1026                           ;EAS_Lift_Timer_V1.c: 94:     OPTION_REGbits.PS0 = 1;
  1027  0226  1401               	bsf	1,0	;volatile
  1028                           
  1029                           ;EAS_Lift_Timer_V1.c: 96:     INTCONbits.T0IE = 0;
  1030  0227  128B               	bcf	11,5	;volatile
  1031                           
  1032                           ;EAS_Lift_Timer_V1.c: 97:     INTCONbits.T0IF = 0;
  1033  0228  110B               	bcf	11,2	;volatile
  1034  0229                     l31:
  1035  0229  0008               	return
  1036  022A                     __end_of_Timer0_Init_For_Delay:
  1037                           
  1038                           	psect	text5
  1039  0251                     __ptext5:	
  1040 ;; *************** function _I2C_Init *****************
  1041 ;; Defined at:
  1042 ;;		line 239 in file "EAS_Lift_Timer_V1.c"
  1043 ;; Parameters:    Size  Location     Type
  1044 ;;		None
  1045 ;; Auto vars:     Size  Location     Type
  1046 ;;		None
  1047 ;; Return value:  Size  Location     Type
  1048 ;;                  1    wreg      void 
  1049 ;; Registers used:
  1050 ;;		wreg, status,2, status,0, pclath, cstack
  1051 ;; Tracked objects:
  1052 ;;		On entry : 0/0
  1053 ;;		On exit  : 0/0
  1054 ;;		Unchanged: 0/0
  1055 ;; Data sizes:     COMMON   BANK0   BANK1
  1056 ;;      Params:         0       0       0
  1057 ;;      Locals:         0       0       0
  1058 ;;      Temps:          0       0       0
  1059 ;;      Totals:         0       0       0
  1060 ;;Total ram usage:        0 bytes
  1061 ;; Hardware stack levels used:    1
  1062 ;; Hardware stack levels required when called:    1
  1063 ;; This function calls:
  1064 ;;		_I2C_Delay
  1065 ;;		_SCL_Release
  1066 ;;		_SDA_Release
  1067 ;; This function is called by:
  1068 ;;		_main
  1069 ;; This function uses a non-reentrant model
  1070 ;;
  1071                           
  1072                           
  1073                           ;psect for function _I2C_Init
  1074  0251                     _I2C_Init:
  1075  0251                     l1301:	
  1076                           ;incstack = 0
  1077                           ; Regs used in _I2C_Init: [wreg+status,2+status,0+pclath+cstack]
  1078                           
  1079                           
  1080                           ;EAS_Lift_Timer_V1.c: 241:     SDA_Release();
  1081  0251  225F               	fcall	_SDA_Release
  1082                           
  1083                           ;EAS_Lift_Timer_V1.c: 242:     SCL_Release();
  1084  0252  2262               	fcall	_SCL_Release
  1085  0253                     l1303:
  1086                           
  1087                           ;EAS_Lift_Timer_V1.c: 243:     I2C_Delay();
  1088  0253  21EE               	fcall	_I2C_Delay
  1089  0254                     l99:
  1090  0254  0008               	return
  1091  0255                     __end_of_I2C_Init:
  1092                           
  1093                           	psect	text6
  1094  0241                     __ptext6:	
  1095 ;; *************** function _Error_Blink_Slow_Forever *****************
  1096 ;; Defined at:
  1097 ;;		line 181 in file "EAS_Lift_Timer_V1.c"
  1098 ;; Parameters:    Size  Location     Type
  1099 ;;		None
  1100 ;; Auto vars:     Size  Location     Type
  1101 ;;		None
  1102 ;; Return value:  Size  Location     Type
  1103 ;;                  1    wreg      void 
  1104 ;; Registers used:
  1105 ;;		wreg, status,2, status,0, pclath, cstack
  1106 ;; Tracked objects:
  1107 ;;		On entry : 0/0
  1108 ;;		On exit  : 0/0
  1109 ;;		Unchanged: 0/0
  1110 ;; Data sizes:     COMMON   BANK0   BANK1
  1111 ;;      Params:         0       0       0
  1112 ;;      Locals:         0       0       0
  1113 ;;      Temps:          0       0       0
  1114 ;;      Totals:         0       0       0
  1115 ;;Total ram usage:        0 bytes
  1116 ;; Hardware stack levels used:    1
  1117 ;; Hardware stack levels required when called:    2
  1118 ;; This function calls:
  1119 ;;		_Delay_Approx_1s
  1120 ;;		_Relay_Off
  1121 ;;		_Relay_On
  1122 ;; This function is called by:
  1123 ;;		_main
  1124 ;; This function uses a non-reentrant model
  1125 ;;
  1126                           
  1127                           
  1128                           ;psect for function _Error_Blink_Slow_Forever
  1129  0241                     _Error_Blink_Slow_Forever:
  1130  0241                     l73:	
  1131                           ;incstack = 0
  1132                           ; Regs used in _Error_Blink_Slow_Forever: [wreg+status,2+status,0+pclath+cstack]
  1133                           ;EAS_Lift_Timer_V1.c: 183:     while (1)
  1134                           
  1135  0241                     l1295:
  1136                           
  1137                           ;EAS_Lift_Timer_V1.c: 184:     {;EAS_Lift_Timer_V1.c: 185:         Relay_On();
  1138  0241  2259               	fcall	_Relay_On
  1139  0242                     l1297:
  1140                           
  1141                           ;EAS_Lift_Timer_V1.c: 186:         Delay_Approx_1s();
  1142  0242  2209               	fcall	_Delay_Approx_1s
  1143  0243                     l1299:
  1144                           
  1145                           ;EAS_Lift_Timer_V1.c: 188:         Relay_Off();
  1146  0243  225C               	fcall	_Relay_Off
  1147                           
  1148                           ;EAS_Lift_Timer_V1.c: 189:         Delay_Approx_1s();
  1149  0244  2209               	fcall	_Delay_Approx_1s
  1150  0245  2A41               	goto	l73
  1151  0246  0008               	return
  1152  0247                     __end_of_Error_Blink_Slow_Forever:
  1153                           
  1154                           	psect	text7
  1155  0259                     __ptext7:	
  1156 ;; *************** function _Relay_On *****************
  1157 ;; Defined at:
  1158 ;;		line 74 in file "EAS_Lift_Timer_V1.c"
  1159 ;; Parameters:    Size  Location     Type
  1160 ;;		None
  1161 ;; Auto vars:     Size  Location     Type
  1162 ;;		None
  1163 ;; Return value:  Size  Location     Type
  1164 ;;                  1    wreg      void 
  1165 ;; Registers used:
  1166 ;;		None
  1167 ;; Tracked objects:
  1168 ;;		On entry : 0/0
  1169 ;;		On exit  : 0/0
  1170 ;;		Unchanged: 0/0
  1171 ;; Data sizes:     COMMON   BANK0   BANK1
  1172 ;;      Params:         0       0       0
  1173 ;;      Locals:         0       0       0
  1174 ;;      Temps:          0       0       0
  1175 ;;      Totals:         0       0       0
  1176 ;;Total ram usage:        0 bytes
  1177 ;; Hardware stack levels used:    1
  1178 ;; This function calls:
  1179 ;;		Nothing
  1180 ;; This function is called by:
  1181 ;;		_Relay_Blink_Count
  1182 ;;		_Error_Blink_Slow_Forever
  1183 ;;		_main
  1184 ;;		_Error_Blink_Fast_Forever
  1185 ;; This function uses a non-reentrant model
  1186 ;;
  1187                           
  1188                           
  1189                           ;psect for function _Relay_On
  1190  0259                     _Relay_On:
  1191  0259                     l1135:	
  1192                           ;incstack = 0
  1193                           ; Regs used in _Relay_On: []
  1194                           
  1195                           
  1196                           ;EAS_Lift_Timer_V1.c: 76:     GPIObits.GP0 = 1;
  1197  0259  1283               	bcf	3,5	;RP0=0, select bank0
  1198  025A  1405               	bsf	5,0	;volatile
  1199  025B                     l25:
  1200  025B  0008               	return
  1201  025C                     __end_of_Relay_On:
  1202                           
  1203                           	psect	text8
  1204  025C                     __ptext8:	
  1205 ;; *************** function _Relay_Off *****************
  1206 ;; Defined at:
  1207 ;;		line 79 in file "EAS_Lift_Timer_V1.c"
  1208 ;; Parameters:    Size  Location     Type
  1209 ;;		None
  1210 ;; Auto vars:     Size  Location     Type
  1211 ;;		None
  1212 ;; Return value:  Size  Location     Type
  1213 ;;                  1    wreg      void 
  1214 ;; Registers used:
  1215 ;;		None
  1216 ;; Tracked objects:
  1217 ;;		On entry : 0/0
  1218 ;;		On exit  : 0/0
  1219 ;;		Unchanged: 0/0
  1220 ;; Data sizes:     COMMON   BANK0   BANK1
  1221 ;;      Params:         0       0       0
  1222 ;;      Locals:         0       0       0
  1223 ;;      Temps:          0       0       0
  1224 ;;      Totals:         0       0       0
  1225 ;;Total ram usage:        0 bytes
  1226 ;; Hardware stack levels used:    1
  1227 ;; This function calls:
  1228 ;;		Nothing
  1229 ;; This function is called by:
  1230 ;;		_Relay_Blink_Count
  1231 ;;		_Error_Blink_Slow_Forever
  1232 ;;		_Init_Device
  1233 ;;		_main
  1234 ;;		_Error_Blink_Fast_Forever
  1235 ;; This function uses a non-reentrant model
  1236 ;;
  1237                           
  1238                           
  1239                           ;psect for function _Relay_Off
  1240  025C                     _Relay_Off:
  1241  025C                     l1137:	
  1242                           ;incstack = 0
  1243                           ; Regs used in _Relay_Off: []
  1244                           
  1245                           
  1246                           ;EAS_Lift_Timer_V1.c: 81:     GPIObits.GP0 = 0;
  1247  025C  1283               	bcf	3,5	;RP0=0, select bank0
  1248  025D  1005               	bcf	5,0	;volatile
  1249  025E                     l28:
  1250  025E  0008               	return
  1251  025F                     __end_of_Relay_Off:
  1252                           
  1253                           	psect	text9
  1254  0216                     __ptext9:	
  1255 ;; *************** function _Delay_Seconds *****************
  1256 ;; Defined at:
  1257 ;;		line 141 in file "EAS_Lift_Timer_V1.c"
  1258 ;; Parameters:    Size  Location     Type
  1259 ;;  seconds         1    wreg     unsigned char 
  1260 ;; Auto vars:     Size  Location     Type
  1261 ;;  seconds         1    2[COMMON] unsigned char 
  1262 ;; Return value:  Size  Location     Type
  1263 ;;                  1    wreg      void 
  1264 ;; Registers used:
  1265 ;;		wreg, status,2, status,0, pclath, cstack
  1266 ;; Tracked objects:
  1267 ;;		On entry : 0/0
  1268 ;;		On exit  : 0/0
  1269 ;;		Unchanged: 0/0
  1270 ;; Data sizes:     COMMON   BANK0   BANK1
  1271 ;;      Params:         0       0       0
  1272 ;;      Locals:         1       0       0
  1273 ;;      Temps:          0       0       0
  1274 ;;      Totals:         1       0       0
  1275 ;;Total ram usage:        1 bytes
  1276 ;; Hardware stack levels used:    1
  1277 ;; Hardware stack levels required when called:    2
  1278 ;; This function calls:
  1279 ;;		_Delay_Approx_1s
  1280 ;; This function is called by:
  1281 ;;		_main
  1282 ;; This function uses a non-reentrant model
  1283 ;;
  1284                           
  1285                           
  1286                           ;psect for function _Delay_Seconds
  1287  0216                     _Delay_Seconds:
  1288                           
  1289                           ;incstack = 0
  1290                           ; Regs used in _Delay_Seconds: [wreg+status,2+status,0+pclath+cstack]
  1291                           ;Delay_Seconds@seconds stored from wreg
  1292  0216  00F2               	movwf	Delay_Seconds@seconds
  1293  0217                     l1273:
  1294                           
  1295                           ;EAS_Lift_Timer_V1.c: 141: static void Delay_Seconds(uint8_t seconds);EAS_Lift_Timer_V1.
      +                          c: 142: {;EAS_Lift_Timer_V1.c: 143:     while (seconds > 0)
  1296  0217  2A1B               	goto	l1279
  1297  0218                     l1275:
  1298                           
  1299                           ;EAS_Lift_Timer_V1.c: 144:     {;EAS_Lift_Timer_V1.c: 145:         Delay_Approx_1s();
  1300  0218  2209               	fcall	_Delay_Approx_1s
  1301  0219                     l1277:
  1302                           
  1303                           ;EAS_Lift_Timer_V1.c: 146:         seconds--;
  1304  0219  3001               	movlw	1
  1305  021A  02F2               	subwf	Delay_Seconds@seconds,f
  1306  021B                     l1279:
  1307                           
  1308                           ;EAS_Lift_Timer_V1.c: 143:     while (seconds > 0)
  1309  021B  0872               	movf	Delay_Seconds@seconds,w
  1310  021C  1D03               	btfss	3,2
  1311  021D  2A1F               	goto	u511
  1312  021E  2A20               	goto	u510
  1313  021F                     u511:
  1314  021F  2A18               	goto	l1275
  1315  0220                     u510:
  1316  0220                     l58:
  1317  0220  0008               	return
  1318  0221                     __end_of_Delay_Seconds:
  1319                           
  1320                           	psect	text10
  1321  0209                     __ptext10:	
  1322 ;; *************** function _Delay_Approx_1s *****************
  1323 ;; Defined at:
  1324 ;;		line 131 in file "EAS_Lift_Timer_V1.c"
  1325 ;; Parameters:    Size  Location     Type
  1326 ;;		None
  1327 ;; Auto vars:     Size  Location     Type
  1328 ;;  i               1    1[COMMON] unsigned char 
  1329 ;; Return value:  Size  Location     Type
  1330 ;;                  1    wreg      void 
  1331 ;; Registers used:
  1332 ;;		wreg, status,2, status,0, pclath, cstack
  1333 ;; Tracked objects:
  1334 ;;		On entry : 0/0
  1335 ;;		On exit  : 0/0
  1336 ;;		Unchanged: 0/0
  1337 ;; Data sizes:     COMMON   BANK0   BANK1
  1338 ;;      Params:         0       0       0
  1339 ;;      Locals:         1       0       0
  1340 ;;      Temps:          1       0       0
  1341 ;;      Totals:         2       0       0
  1342 ;;Total ram usage:        2 bytes
  1343 ;; Hardware stack levels used:    1
  1344 ;; Hardware stack levels required when called:    1
  1345 ;; This function calls:
  1346 ;;		_Delay_Approx_65ms
  1347 ;; This function is called by:
  1348 ;;		_Delay_Seconds
  1349 ;;		_Relay_Blink_Count
  1350 ;;		_Error_Blink_Slow_Forever
  1351 ;; This function uses a non-reentrant model
  1352 ;;
  1353                           
  1354                           
  1355                           ;psect for function _Delay_Approx_1s
  1356  0209                     _Delay_Approx_1s:
  1357  0209                     l1153:	
  1358                           ;incstack = 0
  1359                           ; Regs used in _Delay_Approx_1s: [wreg+status,2+status,0+pclath+cstack]
  1360                           
  1361                           
  1362                           ;EAS_Lift_Timer_V1.c: 133:     uint8_t i;;EAS_Lift_Timer_V1.c: 135:     for (i = 0; i < 
      +                          16; i++)
  1363  0209  01F1               	clrf	Delay_Approx_1s@i
  1364  020A                     l1159:
  1365                           
  1366                           ;EAS_Lift_Timer_V1.c: 136:     {;EAS_Lift_Timer_V1.c: 137:         Delay_Approx_65ms();
  1367  020A  222A               	fcall	_Delay_Approx_65ms
  1368  020B                     l1161:
  1369                           
  1370                           ;EAS_Lift_Timer_V1.c: 138:     }
  1371  020B  3001               	movlw	1
  1372  020C  00F0               	movwf	??_Delay_Approx_1s
  1373  020D  0870               	movf	??_Delay_Approx_1s,w
  1374  020E  07F1               	addwf	Delay_Approx_1s@i,f
  1375  020F                     l1163:
  1376  020F  3010               	movlw	16
  1377  0210  0271               	subwf	Delay_Approx_1s@i,w
  1378  0211  1C03               	skipc
  1379  0212  2A14               	goto	u421
  1380  0213  2A15               	goto	u420
  1381  0214                     u421:
  1382  0214  2A0A               	goto	l1159
  1383  0215                     u420:
  1384  0215                     l52:
  1385  0215  0008               	return
  1386  0216                     __end_of_Delay_Approx_1s:
  1387                           
  1388                           	psect	text11
  1389  022A                     __ptext11:	
  1390 ;; *************** function _Delay_Approx_65ms *****************
  1391 ;; Defined at:
  1392 ;;		line 100 in file "EAS_Lift_Timer_V1.c"
  1393 ;; Parameters:    Size  Location     Type
  1394 ;;		None
  1395 ;; Auto vars:     Size  Location     Type
  1396 ;;		None
  1397 ;; Return value:  Size  Location     Type
  1398 ;;                  1    wreg      void 
  1399 ;; Registers used:
  1400 ;;		status,2
  1401 ;; Tracked objects:
  1402 ;;		On entry : 0/0
  1403 ;;		On exit  : 0/0
  1404 ;;		Unchanged: 0/0
  1405 ;; Data sizes:     COMMON   BANK0   BANK1
  1406 ;;      Params:         0       0       0
  1407 ;;      Locals:         0       0       0
  1408 ;;      Temps:          0       0       0
  1409 ;;      Totals:         0       0       0
  1410 ;;Total ram usage:        0 bytes
  1411 ;; Hardware stack levels used:    1
  1412 ;; This function calls:
  1413 ;;		Nothing
  1414 ;; This function is called by:
  1415 ;;		_Delay_Approx_250ms
  1416 ;;		_Delay_Approx_1s
  1417 ;;		_Delay_Approx_500ms
  1418 ;; This function uses a non-reentrant model
  1419 ;;
  1420                           
  1421                           
  1422                           ;psect for function _Delay_Approx_65ms
  1423  022A                     _Delay_Approx_65ms:
  1424  022A                     l1095:	
  1425                           ;incstack = 0
  1426                           ; Regs used in _Delay_Approx_65ms: [status,2]
  1427                           
  1428                           
  1429                           ;EAS_Lift_Timer_V1.c: 102:     TMR0 = 0;
  1430  022A  1283               	bcf	3,5	;RP0=0, select bank0
  1431  022B  0181               	clrf	1	;volatile
  1432  022C                     l1097:
  1433                           
  1434                           ;EAS_Lift_Timer_V1.c: 103:     INTCONbits.T0IF = 0;
  1435  022C  110B               	bcf	11,2	;volatile
  1436  022D                     l34:	
  1437                           ;EAS_Lift_Timer_V1.c: 106:     {;EAS_Lift_Timer_V1.c: 108:     }
  1438                           
  1439                           
  1440                           ;EAS_Lift_Timer_V1.c: 105:     while (INTCONbits.T0IF == 0)
  1441  022D  1D0B               	btfss	11,2	;volatile
  1442  022E  2A30               	goto	u371
  1443  022F  2A31               	goto	u370
  1444  0230                     u371:
  1445  0230  2A2D               	goto	l34
  1446  0231                     u370:
  1447  0231                     l37:
  1448  0231  0008               	return
  1449  0232                     __end_of_Delay_Approx_65ms:
  1450                           
  1451                           	psect	text12
  1452  0007                     __ptext12:	
  1453 ;; *************** function _DS3231_ReadTime *****************
  1454 ;; Defined at:
  1455 ;;		line 387 in file "EAS_Lift_Timer_V1.c"
  1456 ;; Parameters:    Size  Location     Type
  1457 ;;  time            1    wreg     PTR struct .
  1458 ;;		 -> main@now(7), 
  1459 ;; Auto vars:     Size  Location     Type
  1460 ;;  time            1    9[BANK0 ] PTR struct .
  1461 ;;		 -> main@now(7), 
  1462 ;;  hour_12         1    8[BANK0 ] unsigned char 
  1463 ;;  is_pm           1    6[BANK0 ] _Bool 
  1464 ;;  raw_hour        1    7[BANK0 ] unsigned char 
  1465 ;;  raw_year        1    5[BANK0 ] unsigned char 
  1466 ;;  raw_month       1    4[BANK0 ] unsigned char 
  1467 ;;  raw_date        1    3[BANK0 ] unsigned char 
  1468 ;;  raw_day         1    2[BANK0 ] unsigned char 
  1469 ;;  raw_minute      1    1[BANK0 ] unsigned char 
  1470 ;;  raw_second      1    0[BANK0 ] unsigned char 
  1471 ;; Return value:  Size  Location     Type
  1472 ;;                  1    wreg      _Bool 
  1473 ;; Registers used:
  1474 ;;		wreg, fsr0l, fsr0h, status,2, status,0, pclath, cstack
  1475 ;; Tracked objects:
  1476 ;;		On entry : 0/0
  1477 ;;		On exit  : 0/0
  1478 ;;		Unchanged: 0/0
  1479 ;; Data sizes:     COMMON   BANK0   BANK1
  1480 ;;      Params:         0       0       0
  1481 ;;      Locals:         0      10       0
  1482 ;;      Temps:          1       0       0
  1483 ;;      Totals:         1      10       0
  1484 ;;Total ram usage:       11 bytes
  1485 ;; Hardware stack levels used:    1
  1486 ;; Hardware stack levels required when called:    2
  1487 ;; This function calls:
  1488 ;;		_BCD_To_Dec
  1489 ;;		_I2C_ReadByte
  1490 ;;		_I2C_Start
  1491 ;;		_I2C_Stop
  1492 ;;		_I2C_WriteByte
  1493 ;; This function is called by:
  1494 ;;		_main
  1495 ;; This function uses a non-reentrant model
  1496 ;;
  1497                           
  1498                           
  1499                           ;psect for function _DS3231_ReadTime
  1500  0007                     _DS3231_ReadTime:
  1501                           
  1502                           ;incstack = 0
  1503                           ; Regs used in _DS3231_ReadTime: [wreg-fsr0h+status,2+status,0+pclath+cstack]
  1504                           ;DS3231_ReadTime@time stored from wreg
  1505  0007  1283               	bcf	3,5	;RP0=0, select bank0
  1506  0008  00A9               	movwf	DS3231_ReadTime@time
  1507  0009                     l1305:
  1508                           
  1509                           ;EAS_Lift_Timer_V1.c: 387: static _Bool DS3231_ReadTime(RTC_Time *time);EAS_Lift_Timer_V
      +                          1.c: 388: {;EAS_Lift_Timer_V1.c: 389:     uint8_t raw_second;;EAS_Lift_Timer_V1.c: 390: 
      +                              uint8_t raw_minute;;EAS_Lift_Timer_V1.c: 391:     uint8_t raw_hour;;EAS_Lift_Timer_V
      +                          1.c: 392:     uint8_t raw_day;;EAS_Lift_Timer_V1.c: 393:     uint8_t raw_date;;EAS_Lift_
      +                          Timer_V1.c: 394:     uint8_t raw_month;;EAS_Lift_Timer_V1.c: 395:     uint8_t raw_year;;
      +                          EAS_Lift_Timer_V1.c: 397:     I2C_Start();
  1510  0009  2232               	fcall	_I2C_Start
  1511                           
  1512                           ;EAS_Lift_Timer_V1.c: 399:     if (!I2C_WriteByte(((0x68 << 1) | 0)))
  1513  000A  30D0               	movlw	208
  1514  000B  213C               	fcall	_I2C_WriteByte
  1515  000C  3A00               	xorlw	0
  1516  000D  1D03               	skipz
  1517  000E  2810               	goto	u531
  1518  000F  2811               	goto	u530
  1519  0010                     u531:
  1520  0010  2814               	goto	l1313
  1521  0011                     u530:
  1522  0011                     l1307:
  1523                           
  1524                           ;EAS_Lift_Timer_V1.c: 400:     {;EAS_Lift_Timer_V1.c: 401:         I2C_Stop();
  1525  0011  223A               	fcall	_I2C_Stop
  1526  0012                     l1309:
  1527                           
  1528                           ;EAS_Lift_Timer_V1.c: 402:         return 0;
  1529  0012  3000               	movlw	0
  1530  0013  28D1               	goto	l127
  1531  0014                     l1313:
  1532                           
  1533                           ;EAS_Lift_Timer_V1.c: 405:     if (!I2C_WriteByte(0x00))
  1534  0014  3000               	movlw	0
  1535  0015  213C               	fcall	_I2C_WriteByte
  1536  0016  3A00               	xorlw	0
  1537  0017  1D03               	skipz
  1538  0018  281A               	goto	u541
  1539  0019  281B               	goto	u540
  1540  001A                     u541:
  1541  001A  281C               	goto	l1321
  1542  001B                     u540:
  1543  001B  2811               	goto	l1307
  1544  001C                     l1321:
  1545                           
  1546                           ;EAS_Lift_Timer_V1.c: 411:     I2C_Start();
  1547  001C  2232               	fcall	_I2C_Start
  1548                           
  1549                           ;EAS_Lift_Timer_V1.c: 413:     if (!I2C_WriteByte(((0x68 << 1) | 1)))
  1550  001D  30D1               	movlw	209
  1551  001E  213C               	fcall	_I2C_WriteByte
  1552  001F  3A00               	xorlw	0
  1553  0020  1D03               	skipz
  1554  0021  2823               	goto	u551
  1555  0022  2824               	goto	u550
  1556  0023                     u551:
  1557  0023  2825               	goto	l1329
  1558  0024                     u550:
  1559  0024  2811               	goto	l1307
  1560  0025                     l1329:
  1561                           
  1562                           ;EAS_Lift_Timer_V1.c: 419:     raw_second = I2C_ReadByte(1);
  1563  0025  3001               	movlw	1
  1564  0026  2169               	fcall	_I2C_ReadByte
  1565  0027  00F9               	movwf	??_DS3231_ReadTime
  1566  0028  0879               	movf	??_DS3231_ReadTime,w
  1567  0029  1283               	bcf	3,5	;RP0=0, select bank0
  1568  002A  00A0               	movwf	DS3231_ReadTime@raw_second
  1569                           
  1570                           ;EAS_Lift_Timer_V1.c: 420:     raw_minute = I2C_ReadByte(1);
  1571  002B  3001               	movlw	1
  1572  002C  2169               	fcall	_I2C_ReadByte
  1573  002D  00F9               	movwf	??_DS3231_ReadTime
  1574  002E  0879               	movf	??_DS3231_ReadTime,w
  1575  002F  1283               	bcf	3,5	;RP0=0, select bank0
  1576  0030  00A1               	movwf	DS3231_ReadTime@raw_minute
  1577                           
  1578                           ;EAS_Lift_Timer_V1.c: 421:     raw_hour = I2C_ReadByte(1);
  1579  0031  3001               	movlw	1
  1580  0032  2169               	fcall	_I2C_ReadByte
  1581  0033  00F9               	movwf	??_DS3231_ReadTime
  1582  0034  0879               	movf	??_DS3231_ReadTime,w
  1583  0035  1283               	bcf	3,5	;RP0=0, select bank0
  1584  0036  00A7               	movwf	DS3231_ReadTime@raw_hour
  1585                           
  1586                           ;EAS_Lift_Timer_V1.c: 422:     raw_day = I2C_ReadByte(1);
  1587  0037  3001               	movlw	1
  1588  0038  2169               	fcall	_I2C_ReadByte
  1589  0039  00F9               	movwf	??_DS3231_ReadTime
  1590  003A  0879               	movf	??_DS3231_ReadTime,w
  1591  003B  1283               	bcf	3,5	;RP0=0, select bank0
  1592  003C  00A2               	movwf	DS3231_ReadTime@raw_day
  1593                           
  1594                           ;EAS_Lift_Timer_V1.c: 423:     raw_date = I2C_ReadByte(1);
  1595  003D  3001               	movlw	1
  1596  003E  2169               	fcall	_I2C_ReadByte
  1597  003F  00F9               	movwf	??_DS3231_ReadTime
  1598  0040  0879               	movf	??_DS3231_ReadTime,w
  1599  0041  1283               	bcf	3,5	;RP0=0, select bank0
  1600  0042  00A3               	movwf	DS3231_ReadTime@raw_date
  1601                           
  1602                           ;EAS_Lift_Timer_V1.c: 424:     raw_month = I2C_ReadByte(1);
  1603  0043  3001               	movlw	1
  1604  0044  2169               	fcall	_I2C_ReadByte
  1605  0045  00F9               	movwf	??_DS3231_ReadTime
  1606  0046  0879               	movf	??_DS3231_ReadTime,w
  1607  0047  1283               	bcf	3,5	;RP0=0, select bank0
  1608  0048  00A4               	movwf	DS3231_ReadTime@raw_month
  1609                           
  1610                           ;EAS_Lift_Timer_V1.c: 425:     raw_year = I2C_ReadByte(0);
  1611  0049  3000               	movlw	0
  1612  004A  2169               	fcall	_I2C_ReadByte
  1613  004B  00F9               	movwf	??_DS3231_ReadTime
  1614  004C  0879               	movf	??_DS3231_ReadTime,w
  1615  004D  1283               	bcf	3,5	;RP0=0, select bank0
  1616  004E  00A5               	movwf	DS3231_ReadTime@raw_year
  1617                           
  1618                           ;EAS_Lift_Timer_V1.c: 427:     I2C_Stop();
  1619  004F  223A               	fcall	_I2C_Stop
  1620  0050                     l1331:
  1621                           
  1622                           ;EAS_Lift_Timer_V1.c: 429:     time->second = BCD_To_Dec((uint8_t)(raw_second & 0x7F));
  1623  0050  1283               	bcf	3,5	;RP0=0, select bank0
  1624  0051  0820               	movf	DS3231_ReadTime@raw_second,w
  1625  0052  397F               	andlw	127
  1626  0053  2194               	fcall	_BCD_To_Dec
  1627  0054  00F9               	movwf	??_DS3231_ReadTime
  1628  0055  1283               	bcf	3,5	;RP0=0, select bank0
  1629  0056  0829               	movf	DS3231_ReadTime@time,w
  1630  0057  0084               	movwf	4
  1631  0058  0879               	movf	??_DS3231_ReadTime,w
  1632  0059  1383               	bcf	3,7	;select IRP bank0
  1633  005A  0080               	movwf	0
  1634  005B                     l1333:
  1635                           
  1636                           ;EAS_Lift_Timer_V1.c: 430:     time->minute = BCD_To_Dec((uint8_t)(raw_minute & 0x7F));
  1637  005B  0821               	movf	DS3231_ReadTime@raw_minute,w
  1638  005C  397F               	andlw	127
  1639  005D  2194               	fcall	_BCD_To_Dec
  1640  005E  00F9               	movwf	??_DS3231_ReadTime
  1641  005F  1283               	bcf	3,5	;RP0=0, select bank0
  1642  0060  0A29               	incf	DS3231_ReadTime@time,w
  1643  0061  0084               	movwf	4
  1644  0062  0879               	movf	??_DS3231_ReadTime,w
  1645  0063  1383               	bcf	3,7	;select IRP bank0
  1646  0064  0080               	movwf	0
  1647  0065                     l1335:
  1648                           
  1649                           ;EAS_Lift_Timer_V1.c: 432:     if ((raw_hour & 0x40) != 0)
  1650  0065  1F27               	btfss	DS3231_ReadTime@raw_hour,6
  1651  0066  2868               	goto	u561
  1652  0067  2869               	goto	u560
  1653  0068                     u561:
  1654  0068  289A               	goto	l1353
  1655  0069                     u560:
  1656  0069                     l1337:
  1657                           
  1658                           ;EAS_Lift_Timer_V1.c: 433:     {;EAS_Lift_Timer_V1.c: 434:         uint8_t hour_12;;EAS_
      +                          Lift_Timer_V1.c: 435:         _Bool is_pm;;EAS_Lift_Timer_V1.c: 437:         hour_12 = B
      +                          CD_To_Dec((uint8_t)(raw_hour & 0x1F));
  1659  0069  0827               	movf	DS3231_ReadTime@raw_hour,w
  1660  006A  391F               	andlw	31
  1661  006B  2194               	fcall	_BCD_To_Dec
  1662  006C  00F9               	movwf	??_DS3231_ReadTime
  1663  006D  0879               	movf	??_DS3231_ReadTime,w
  1664  006E  1283               	bcf	3,5	;RP0=0, select bank0
  1665  006F  00A8               	movwf	DS3231_ReadTime@hour_12
  1666  0070                     l1339:
  1667                           
  1668                           ;EAS_Lift_Timer_V1.c: 438:         is_pm = ((raw_hour & 0x20) != 0);
  1669  0070  1AA7               	btfsc	DS3231_ReadTime@raw_hour,5
  1670  0071  2873               	goto	u571
  1671  0072  2875               	goto	u570
  1672  0073                     u571:
  1673  0073  3001               	movlw	1
  1674  0074  2876               	goto	u580
  1675  0075                     u570:
  1676  0075  3000               	movlw	0
  1677  0076                     u580:
  1678  0076  00F9               	movwf	??_DS3231_ReadTime
  1679  0077  0879               	movf	??_DS3231_ReadTime,w
  1680  0078  00A6               	movwf	DS3231_ReadTime@is_pm
  1681  0079                     l1341:
  1682                           
  1683                           ;EAS_Lift_Timer_V1.c: 440:         if (is_pm)
  1684  0079  0826               	movf	DS3231_ReadTime@is_pm,w
  1685  007A  1903               	btfsc	3,2
  1686  007B  287D               	goto	u591
  1687  007C  287E               	goto	u590
  1688  007D                     u591:
  1689  007D  288A               	goto	l1347
  1690  007E                     u590:
  1691  007E                     l1343:
  1692                           
  1693                           ;EAS_Lift_Timer_V1.c: 441:         {;EAS_Lift_Timer_V1.c: 442:             if (hour_12 !
      +                          = 12)
  1694  007E  300C               	movlw	12
  1695  007F  0628               	xorwf	DS3231_ReadTime@hour_12,w
  1696  0080  1903               	btfsc	3,2
  1697  0081  2883               	goto	u601
  1698  0082  2884               	goto	u600
  1699  0083                     u601:
  1700  0083  2891               	goto	l1351
  1701  0084                     u600:
  1702  0084                     l1345:
  1703                           
  1704                           ;EAS_Lift_Timer_V1.c: 443:             {;EAS_Lift_Timer_V1.c: 444:                 hour_
      +                          12 = (uint8_t)(hour_12 + 12);
  1705  0084  0828               	movf	DS3231_ReadTime@hour_12,w
  1706  0085  3E0C               	addlw	12
  1707  0086  00F9               	movwf	??_DS3231_ReadTime
  1708  0087  0879               	movf	??_DS3231_ReadTime,w
  1709  0088  00A8               	movwf	DS3231_ReadTime@hour_12
  1710  0089  2891               	goto	l1351
  1711  008A                     l1347:
  1712                           
  1713                           ;EAS_Lift_Timer_V1.c: 448:         {;EAS_Lift_Timer_V1.c: 449:             if (hour_12 =
      +                          = 12)
  1714  008A  300C               	movlw	12
  1715  008B  0628               	xorwf	DS3231_ReadTime@hour_12,w
  1716  008C  1D03               	btfss	3,2
  1717  008D  288F               	goto	u611
  1718  008E  2890               	goto	u610
  1719  008F                     u611:
  1720  008F  2891               	goto	l1351
  1721  0090                     u610:
  1722  0090                     l1349:
  1723                           
  1724                           ;EAS_Lift_Timer_V1.c: 450:             {;EAS_Lift_Timer_V1.c: 451:                 hour_
      +                          12 = 0;
  1725  0090  01A8               	clrf	DS3231_ReadTime@hour_12
  1726  0091                     l1351:
  1727                           
  1728                           ;EAS_Lift_Timer_V1.c: 455:         time->hour = hour_12;
  1729  0091  0828               	movf	DS3231_ReadTime@hour_12,w
  1730  0092  00F9               	movwf	??_DS3231_ReadTime
  1731  0093  0829               	movf	DS3231_ReadTime@time,w
  1732  0094  3E02               	addlw	2
  1733  0095  0084               	movwf	4
  1734  0096  0879               	movf	??_DS3231_ReadTime,w
  1735  0097  1383               	bcf	3,7	;select IRP bank0
  1736  0098  0080               	movwf	0
  1737                           
  1738                           ;EAS_Lift_Timer_V1.c: 456:     }
  1739  0099  28A5               	goto	l135
  1740  009A                     l1353:
  1741                           
  1742                           ;EAS_Lift_Timer_V1.c: 458:     {;EAS_Lift_Timer_V1.c: 459:         time->hour = BCD_To_D
      +                          ec((uint8_t)(raw_hour & 0x3F));
  1743  009A  0827               	movf	DS3231_ReadTime@raw_hour,w
  1744  009B  393F               	andlw	63
  1745  009C  2194               	fcall	_BCD_To_Dec
  1746  009D  00F9               	movwf	??_DS3231_ReadTime
  1747  009E  1283               	bcf	3,5	;RP0=0, select bank0
  1748  009F  0829               	movf	DS3231_ReadTime@time,w
  1749  00A0  3E02               	addlw	2
  1750  00A1  0084               	movwf	4
  1751  00A2  0879               	movf	??_DS3231_ReadTime,w
  1752  00A3  1383               	bcf	3,7	;select IRP bank0
  1753  00A4  0080               	movwf	0
  1754  00A5                     l135:	
  1755                           ;EAS_Lift_Timer_V1.c: 460:     }
  1756                           
  1757                           
  1758                           ;EAS_Lift_Timer_V1.c: 462:     time->day_of_week = BCD_To_Dec((uint8_t)(raw_day & 0x07))
      +                          ;
  1759  00A5  0822               	movf	DS3231_ReadTime@raw_day,w
  1760  00A6  3907               	andlw	7
  1761  00A7  2194               	fcall	_BCD_To_Dec
  1762  00A8  00F9               	movwf	??_DS3231_ReadTime
  1763  00A9  1283               	bcf	3,5	;RP0=0, select bank0
  1764  00AA  0829               	movf	DS3231_ReadTime@time,w
  1765  00AB  3E03               	addlw	3
  1766  00AC  0084               	movwf	4
  1767  00AD  0879               	movf	??_DS3231_ReadTime,w
  1768  00AE  1383               	bcf	3,7	;select IRP bank0
  1769  00AF  0080               	movwf	0
  1770                           
  1771                           ;EAS_Lift_Timer_V1.c: 463:     time->date = BCD_To_Dec((uint8_t)(raw_date & 0x3F));
  1772  00B0  0823               	movf	DS3231_ReadTime@raw_date,w
  1773  00B1  393F               	andlw	63
  1774  00B2  2194               	fcall	_BCD_To_Dec
  1775  00B3  00F9               	movwf	??_DS3231_ReadTime
  1776  00B4  1283               	bcf	3,5	;RP0=0, select bank0
  1777  00B5  0829               	movf	DS3231_ReadTime@time,w
  1778  00B6  3E04               	addlw	4
  1779  00B7  0084               	movwf	4
  1780  00B8  0879               	movf	??_DS3231_ReadTime,w
  1781  00B9  1383               	bcf	3,7	;select IRP bank0
  1782  00BA  0080               	movwf	0
  1783                           
  1784                           ;EAS_Lift_Timer_V1.c: 464:     time->month = BCD_To_Dec((uint8_t)(raw_month & 0x1F));
  1785  00BB  0824               	movf	DS3231_ReadTime@raw_month,w
  1786  00BC  391F               	andlw	31
  1787  00BD  2194               	fcall	_BCD_To_Dec
  1788  00BE  00F9               	movwf	??_DS3231_ReadTime
  1789  00BF  1283               	bcf	3,5	;RP0=0, select bank0
  1790  00C0  0829               	movf	DS3231_ReadTime@time,w
  1791  00C1  3E05               	addlw	5
  1792  00C2  0084               	movwf	4
  1793  00C3  0879               	movf	??_DS3231_ReadTime,w
  1794  00C4  1383               	bcf	3,7	;select IRP bank0
  1795  00C5  0080               	movwf	0
  1796                           
  1797                           ;EAS_Lift_Timer_V1.c: 465:     time->year = BCD_To_Dec(raw_year);
  1798  00C6  0825               	movf	DS3231_ReadTime@raw_year,w
  1799  00C7  2194               	fcall	_BCD_To_Dec
  1800  00C8  00F9               	movwf	??_DS3231_ReadTime
  1801  00C9  1283               	bcf	3,5	;RP0=0, select bank0
  1802  00CA  0829               	movf	DS3231_ReadTime@time,w
  1803  00CB  3E06               	addlw	6
  1804  00CC  0084               	movwf	4
  1805  00CD  0879               	movf	??_DS3231_ReadTime,w
  1806  00CE  1383               	bcf	3,7	;select IRP bank0
  1807  00CF  0080               	movwf	0
  1808  00D0                     l1355:
  1809                           
  1810                           ;EAS_Lift_Timer_V1.c: 467:     return 1;
  1811  00D0  3001               	movlw	1
  1812  00D1                     l127:
  1813  00D1  0008               	return
  1814  00D2                     __end_of_DS3231_ReadTime:
  1815                           
  1816                           	psect	text13
  1817  013C                     __ptext13:	
  1818 ;; *************** function _I2C_WriteByte *****************
  1819 ;; Defined at:
  1820 ;;		line 271 in file "EAS_Lift_Timer_V1.c"
  1821 ;; Parameters:    Size  Location     Type
  1822 ;;  data            1    wreg     unsigned char 
  1823 ;; Auto vars:     Size  Location     Type
  1824 ;;  data            1    3[COMMON] unsigned char 
  1825 ;;  i               1    5[COMMON] unsigned char 
  1826 ;;  ack             1    4[COMMON] _Bool 
  1827 ;; Return value:  Size  Location     Type
  1828 ;;                  1    wreg      _Bool 
  1829 ;; Registers used:
  1830 ;;		wreg, status,2, status,0, pclath, cstack
  1831 ;; Tracked objects:
  1832 ;;		On entry : 0/0
  1833 ;;		On exit  : 0/0
  1834 ;;		Unchanged: 0/0
  1835 ;; Data sizes:     COMMON   BANK0   BANK1
  1836 ;;      Params:         0       0       0
  1837 ;;      Locals:         3       0       0
  1838 ;;      Temps:          1       0       0
  1839 ;;      Totals:         4       0       0
  1840 ;;Total ram usage:        4 bytes
  1841 ;; Hardware stack levels used:    1
  1842 ;; Hardware stack levels required when called:    1
  1843 ;; This function calls:
  1844 ;;		_I2C_Delay
  1845 ;;		_SCL_Low
  1846 ;;		_SCL_Release
  1847 ;;		_SDA_Low
  1848 ;;		_SDA_Read
  1849 ;;		_SDA_Release
  1850 ;; This function is called by:
  1851 ;;		_DS3231_ReadTime
  1852 ;; This function uses a non-reentrant model
  1853 ;;
  1854                           
  1855                           
  1856                           ;psect for function _I2C_WriteByte
  1857  013C                     _I2C_WriteByte:
  1858                           
  1859                           ;incstack = 0
  1860                           ; Regs used in _I2C_WriteByte: [wreg+status,2+status,0+pclath+cstack]
  1861                           ;I2C_WriteByte@data stored from wreg
  1862  013C  00F3               	movwf	I2C_WriteByte@data
  1863  013D                     l1185:
  1864                           
  1865                           ;EAS_Lift_Timer_V1.c: 271: static _Bool I2C_WriteByte(uint8_t data);EAS_Lift_Timer_V1.c:
      +                           272: {;EAS_Lift_Timer_V1.c: 273:     uint8_t i;;EAS_Lift_Timer_V1.c: 274:     _Bool ack
      +                          ;;EAS_Lift_Timer_V1.c: 276:     for (i = 0; i < 8; i++)
  1866  013D  01F5               	clrf	I2C_WriteByte@i
  1867  013E                     l108:
  1868                           
  1869                           ;EAS_Lift_Timer_V1.c: 277:     {;EAS_Lift_Timer_V1.c: 278:         if ((data & 0x80) != 
      +                          0)
  1870  013E  1FF3               	btfss	I2C_WriteByte@data,7
  1871  013F  2941               	goto	u431
  1872  0140  2942               	goto	u430
  1873  0141                     u431:
  1874  0141  2944               	goto	l1193
  1875  0142                     u430:
  1876  0142                     l1191:
  1877                           
  1878                           ;EAS_Lift_Timer_V1.c: 279:         {;EAS_Lift_Timer_V1.c: 280:             SDA_Release()
      +                          ;
  1879  0142  225F               	fcall	_SDA_Release
  1880                           
  1881                           ;EAS_Lift_Timer_V1.c: 281:         }
  1882  0143  2945               	goto	l1195
  1883  0144                     l1193:
  1884                           
  1885                           ;EAS_Lift_Timer_V1.c: 283:         {;EAS_Lift_Timer_V1.c: 284:             SDA_Low();
  1886  0144  2247               	fcall	_SDA_Low
  1887  0145                     l1195:
  1888                           
  1889                           ;EAS_Lift_Timer_V1.c: 287:         I2C_Delay();
  1890  0145  21EE               	fcall	_I2C_Delay
  1891  0146                     l1197:
  1892                           
  1893                           ;EAS_Lift_Timer_V1.c: 289:         SCL_Release();
  1894  0146  2262               	fcall	_SCL_Release
  1895                           
  1896                           ;EAS_Lift_Timer_V1.c: 290:         I2C_Delay();
  1897  0147  21EE               	fcall	_I2C_Delay
  1898  0148                     l1199:
  1899                           
  1900                           ;EAS_Lift_Timer_V1.c: 292:         SCL_Low();
  1901  0148  224C               	fcall	_SCL_Low
  1902  0149                     l1201:
  1903                           
  1904                           ;EAS_Lift_Timer_V1.c: 293:         I2C_Delay();
  1905  0149  21EE               	fcall	_I2C_Delay
  1906  014A                     l1203:
  1907                           
  1908                           ;EAS_Lift_Timer_V1.c: 295:         data <<= 1;
  1909  014A  1003               	clrc
  1910  014B  0DF3               	rlf	I2C_WriteByte@data,f
  1911  014C                     l1205:
  1912                           
  1913                           ;EAS_Lift_Timer_V1.c: 296:     }
  1914  014C  3001               	movlw	1
  1915  014D  00F2               	movwf	??_I2C_WriteByte
  1916  014E  0872               	movf	??_I2C_WriteByte,w
  1917  014F  07F5               	addwf	I2C_WriteByte@i,f
  1918  0150                     l1207:
  1919  0150  3008               	movlw	8
  1920  0151  0275               	subwf	I2C_WriteByte@i,w
  1921  0152  1C03               	skipc
  1922  0153  2955               	goto	u441
  1923  0154  2956               	goto	u440
  1924  0155                     u441:
  1925  0155  293E               	goto	l108
  1926  0156                     u440:
  1927  0156                     l1209:
  1928                           
  1929                           ;EAS_Lift_Timer_V1.c: 298:     SDA_Release();
  1930  0156  225F               	fcall	_SDA_Release
  1931  0157                     l1211:
  1932                           
  1933                           ;EAS_Lift_Timer_V1.c: 299:     I2C_Delay();
  1934  0157  21EE               	fcall	_I2C_Delay
  1935  0158                     l1213:
  1936                           
  1937                           ;EAS_Lift_Timer_V1.c: 301:     SCL_Release();
  1938  0158  2262               	fcall	_SCL_Release
  1939                           
  1940                           ;EAS_Lift_Timer_V1.c: 302:     I2C_Delay();
  1941  0159  21EE               	fcall	_I2C_Delay
  1942                           
  1943                           ;EAS_Lift_Timer_V1.c: 304:     ack = (SDA_Read() == 0);
  1944  015A  2255               	fcall	_SDA_Read
  1945  015B  3A00               	xorlw	0
  1946  015C  1903               	skipnz
  1947  015D  295F               	goto	u451
  1948  015E  2961               	goto	u450
  1949  015F                     u451:
  1950  015F  3001               	movlw	1
  1951  0160  2962               	goto	u460
  1952  0161                     u450:
  1953  0161  3000               	movlw	0
  1954  0162                     u460:
  1955  0162  00F2               	movwf	??_I2C_WriteByte
  1956  0163  0872               	movf	??_I2C_WriteByte,w
  1957  0164  00F4               	movwf	I2C_WriteByte@ack
  1958  0165                     l1215:
  1959                           
  1960                           ;EAS_Lift_Timer_V1.c: 306:     SCL_Low();
  1961  0165  224C               	fcall	_SCL_Low
  1962  0166                     l1217:
  1963                           
  1964                           ;EAS_Lift_Timer_V1.c: 307:     I2C_Delay();
  1965  0166  21EE               	fcall	_I2C_Delay
  1966  0167                     l1219:
  1967                           
  1968                           ;EAS_Lift_Timer_V1.c: 309:     return ack;
  1969  0167  0874               	movf	I2C_WriteByte@ack,w
  1970  0168                     l112:
  1971  0168  0008               	return
  1972  0169                     __end_of_I2C_WriteByte:
  1973                           
  1974                           	psect	text14
  1975  023A                     __ptext14:	
  1976 ;; *************** function _I2C_Stop *****************
  1977 ;; Defined at:
  1978 ;;		line 259 in file "EAS_Lift_Timer_V1.c"
  1979 ;; Parameters:    Size  Location     Type
  1980 ;;		None
  1981 ;; Auto vars:     Size  Location     Type
  1982 ;;		None
  1983 ;; Return value:  Size  Location     Type
  1984 ;;                  1    wreg      void 
  1985 ;; Registers used:
  1986 ;;		wreg, status,2, status,0, pclath, cstack
  1987 ;; Tracked objects:
  1988 ;;		On entry : 0/0
  1989 ;;		On exit  : 0/0
  1990 ;;		Unchanged: 0/0
  1991 ;; Data sizes:     COMMON   BANK0   BANK1
  1992 ;;      Params:         0       0       0
  1993 ;;      Locals:         0       0       0
  1994 ;;      Temps:          0       0       0
  1995 ;;      Totals:         0       0       0
  1996 ;;Total ram usage:        0 bytes
  1997 ;; Hardware stack levels used:    1
  1998 ;; Hardware stack levels required when called:    1
  1999 ;; This function calls:
  2000 ;;		_I2C_Delay
  2001 ;;		_SCL_Release
  2002 ;;		_SDA_Low
  2003 ;;		_SDA_Release
  2004 ;; This function is called by:
  2005 ;;		_DS3231_ReadTime
  2006 ;; This function uses a non-reentrant model
  2007 ;;
  2008                           
  2009                           
  2010                           ;psect for function _I2C_Stop
  2011  023A                     _I2C_Stop:
  2012  023A                     l1175:	
  2013                           ;incstack = 0
  2014                           ; Regs used in _I2C_Stop: [wreg+status,2+status,0+pclath+cstack]
  2015                           
  2016                           
  2017                           ;EAS_Lift_Timer_V1.c: 261:     SDA_Low();
  2018  023A  2247               	fcall	_SDA_Low
  2019  023B                     l1177:
  2020                           
  2021                           ;EAS_Lift_Timer_V1.c: 262:     I2C_Delay();
  2022  023B  21EE               	fcall	_I2C_Delay
  2023  023C                     l1179:
  2024                           
  2025                           ;EAS_Lift_Timer_V1.c: 264:     SCL_Release();
  2026  023C  2262               	fcall	_SCL_Release
  2027                           
  2028                           ;EAS_Lift_Timer_V1.c: 265:     I2C_Delay();
  2029  023D  21EE               	fcall	_I2C_Delay
  2030  023E                     l1181:
  2031                           
  2032                           ;EAS_Lift_Timer_V1.c: 267:     SDA_Release();
  2033  023E  225F               	fcall	_SDA_Release
  2034  023F                     l1183:
  2035                           
  2036                           ;EAS_Lift_Timer_V1.c: 268:     I2C_Delay();
  2037  023F  21EE               	fcall	_I2C_Delay
  2038  0240                     l105:
  2039  0240  0008               	return
  2040  0241                     __end_of_I2C_Stop:
  2041                           
  2042                           	psect	text15
  2043  0232                     __ptext15:	
  2044 ;; *************** function _I2C_Start *****************
  2045 ;; Defined at:
  2046 ;;		line 246 in file "EAS_Lift_Timer_V1.c"
  2047 ;; Parameters:    Size  Location     Type
  2048 ;;		None
  2049 ;; Auto vars:     Size  Location     Type
  2050 ;;		None
  2051 ;; Return value:  Size  Location     Type
  2052 ;;                  1    wreg      void 
  2053 ;; Registers used:
  2054 ;;		wreg, status,2, status,0, pclath, cstack
  2055 ;; Tracked objects:
  2056 ;;		On entry : 0/0
  2057 ;;		On exit  : 0/0
  2058 ;;		Unchanged: 0/0
  2059 ;; Data sizes:     COMMON   BANK0   BANK1
  2060 ;;      Params:         0       0       0
  2061 ;;      Locals:         0       0       0
  2062 ;;      Temps:          0       0       0
  2063 ;;      Totals:         0       0       0
  2064 ;;Total ram usage:        0 bytes
  2065 ;; Hardware stack levels used:    1
  2066 ;; Hardware stack levels required when called:    1
  2067 ;; This function calls:
  2068 ;;		_I2C_Delay
  2069 ;;		_SCL_Low
  2070 ;;		_SCL_Release
  2071 ;;		_SDA_Low
  2072 ;;		_SDA_Release
  2073 ;; This function is called by:
  2074 ;;		_DS3231_ReadTime
  2075 ;; This function uses a non-reentrant model
  2076 ;;
  2077                           
  2078                           
  2079                           ;psect for function _I2C_Start
  2080  0232                     _I2C_Start:
  2081  0232                     l1165:	
  2082                           ;incstack = 0
  2083                           ; Regs used in _I2C_Start: [wreg+status,2+status,0+pclath+cstack]
  2084                           
  2085                           
  2086                           ;EAS_Lift_Timer_V1.c: 248:     SDA_Release();
  2087  0232  225F               	fcall	_SDA_Release
  2088                           
  2089                           ;EAS_Lift_Timer_V1.c: 249:     SCL_Release();
  2090  0233  2262               	fcall	_SCL_Release
  2091  0234                     l1167:
  2092                           
  2093                           ;EAS_Lift_Timer_V1.c: 250:     I2C_Delay();
  2094  0234  21EE               	fcall	_I2C_Delay
  2095  0235                     l1169:
  2096                           
  2097                           ;EAS_Lift_Timer_V1.c: 252:     SDA_Low();
  2098  0235  2247               	fcall	_SDA_Low
  2099                           
  2100                           ;EAS_Lift_Timer_V1.c: 253:     I2C_Delay();
  2101  0236  21EE               	fcall	_I2C_Delay
  2102  0237                     l1171:
  2103                           
  2104                           ;EAS_Lift_Timer_V1.c: 255:     SCL_Low();
  2105  0237  224C               	fcall	_SCL_Low
  2106  0238                     l1173:
  2107                           
  2108                           ;EAS_Lift_Timer_V1.c: 256:     I2C_Delay();
  2109  0238  21EE               	fcall	_I2C_Delay
  2110  0239                     l102:
  2111  0239  0008               	return
  2112  023A                     __end_of_I2C_Start:
  2113                           
  2114                           	psect	text16
  2115  0169                     __ptext16:	
  2116 ;; *************** function _I2C_ReadByte *****************
  2117 ;; Defined at:
  2118 ;;		line 312 in file "EAS_Lift_Timer_V1.c"
  2119 ;; Parameters:    Size  Location     Type
  2120 ;;  send_ack        1    wreg     _Bool 
  2121 ;; Auto vars:     Size  Location     Type
  2122 ;;  send_ack        1    3[COMMON] _Bool 
  2123 ;;  i               1    5[COMMON] unsigned char 
  2124 ;;  data            1    4[COMMON] unsigned char 
  2125 ;; Return value:  Size  Location     Type
  2126 ;;                  1    wreg      unsigned char 
  2127 ;; Registers used:
  2128 ;;		wreg, status,2, status,0, pclath, cstack
  2129 ;; Tracked objects:
  2130 ;;		On entry : 0/0
  2131 ;;		On exit  : 0/0
  2132 ;;		Unchanged: 0/0
  2133 ;; Data sizes:     COMMON   BANK0   BANK1
  2134 ;;      Params:         0       0       0
  2135 ;;      Locals:         3       0       0
  2136 ;;      Temps:          1       0       0
  2137 ;;      Totals:         4       0       0
  2138 ;;Total ram usage:        4 bytes
  2139 ;; Hardware stack levels used:    1
  2140 ;; Hardware stack levels required when called:    1
  2141 ;; This function calls:
  2142 ;;		_I2C_Delay
  2143 ;;		_SCL_Low
  2144 ;;		_SCL_Release
  2145 ;;		_SDA_Low
  2146 ;;		_SDA_Read
  2147 ;;		_SDA_Release
  2148 ;; This function is called by:
  2149 ;;		_DS3231_ReadTime
  2150 ;; This function uses a non-reentrant model
  2151 ;;
  2152                           
  2153                           
  2154                           ;psect for function _I2C_ReadByte
  2155  0169                     _I2C_ReadByte:
  2156                           
  2157                           ;incstack = 0
  2158                           ; Regs used in _I2C_ReadByte: [wreg+status,2+status,0+pclath+cstack]
  2159                           ;I2C_ReadByte@send_ack stored from wreg
  2160  0169  00F3               	movwf	I2C_ReadByte@send_ack
  2161  016A                     l1223:
  2162                           
  2163                           ;EAS_Lift_Timer_V1.c: 312: static uint8_t I2C_ReadByte(_Bool send_ack);EAS_Lift_Timer_V1
      +                          .c: 313: {;EAS_Lift_Timer_V1.c: 314:     uint8_t i;;EAS_Lift_Timer_V1.c: 315:     uint8_
      +                          t data = 0;
  2164  016A  01F4               	clrf	I2C_ReadByte@data
  2165  016B                     l1225:
  2166                           
  2167                           ;EAS_Lift_Timer_V1.c: 317:     SDA_Release();
  2168  016B  225F               	fcall	_SDA_Release
  2169  016C                     l1227:
  2170                           
  2171                           ;EAS_Lift_Timer_V1.c: 319:     for (i = 0; i < 8; i++)
  2172  016C  01F5               	clrf	I2C_ReadByte@i
  2173  016D                     l1233:
  2174                           
  2175                           ;EAS_Lift_Timer_V1.c: 320:     {;EAS_Lift_Timer_V1.c: 321:         data <<= 1;
  2176  016D  1003               	clrc
  2177  016E  0DF4               	rlf	I2C_ReadByte@data,f
  2178  016F                     l1235:
  2179                           
  2180                           ;EAS_Lift_Timer_V1.c: 323:         SCL_Release();
  2181  016F  2262               	fcall	_SCL_Release
  2182                           
  2183                           ;EAS_Lift_Timer_V1.c: 324:         I2C_Delay();
  2184  0170  21EE               	fcall	_I2C_Delay
  2185                           
  2186                           ;EAS_Lift_Timer_V1.c: 326:         if (SDA_Read() != 0)
  2187  0171  2255               	fcall	_SDA_Read
  2188  0172  3A00               	xorlw	0
  2189  0173  1903               	skipnz
  2190  0174  2976               	goto	u471
  2191  0175  2977               	goto	u470
  2192  0176                     u471:
  2193  0176  2978               	goto	l1239
  2194  0177                     u470:
  2195  0177                     l1237:
  2196                           
  2197                           ;EAS_Lift_Timer_V1.c: 327:         {;EAS_Lift_Timer_V1.c: 328:             data |= 1;
  2198  0177  1474               	bsf	I2C_ReadByte@data,0
  2199  0178                     l1239:
  2200                           
  2201                           ;EAS_Lift_Timer_V1.c: 331:         SCL_Low();
  2202  0178  224C               	fcall	_SCL_Low
  2203  0179                     l1241:
  2204                           
  2205                           ;EAS_Lift_Timer_V1.c: 332:         I2C_Delay();
  2206  0179  21EE               	fcall	_I2C_Delay
  2207  017A                     l1243:
  2208                           
  2209                           ;EAS_Lift_Timer_V1.c: 333:     }
  2210  017A  3001               	movlw	1
  2211  017B  00F2               	movwf	??_I2C_ReadByte
  2212  017C  0872               	movf	??_I2C_ReadByte,w
  2213  017D  07F5               	addwf	I2C_ReadByte@i,f
  2214  017E                     l1245:
  2215  017E  3008               	movlw	8
  2216  017F  0275               	subwf	I2C_ReadByte@i,w
  2217  0180  1C03               	skipc
  2218  0181  2983               	goto	u481
  2219  0182  2984               	goto	u480
  2220  0183                     u481:
  2221  0183  296D               	goto	l1233
  2222  0184                     u480:
  2223  0184                     l1247:
  2224                           
  2225                           ;EAS_Lift_Timer_V1.c: 335:     if (send_ack)
  2226  0184  0873               	movf	I2C_ReadByte@send_ack,w
  2227  0185  1903               	btfsc	3,2
  2228  0186  2988               	goto	u491
  2229  0187  2989               	goto	u490
  2230  0188                     u491:
  2231  0188  298B               	goto	l1251
  2232  0189                     u490:
  2233  0189                     l1249:
  2234                           
  2235                           ;EAS_Lift_Timer_V1.c: 336:     {;EAS_Lift_Timer_V1.c: 337:         SDA_Low();
  2236  0189  2247               	fcall	_SDA_Low
  2237                           
  2238                           ;EAS_Lift_Timer_V1.c: 338:     }
  2239  018A  298C               	goto	l1253
  2240  018B                     l1251:
  2241                           
  2242                           ;EAS_Lift_Timer_V1.c: 340:     {;EAS_Lift_Timer_V1.c: 341:         SDA_Release();
  2243  018B  225F               	fcall	_SDA_Release
  2244  018C                     l1253:
  2245                           
  2246                           ;EAS_Lift_Timer_V1.c: 344:     I2C_Delay();
  2247  018C  21EE               	fcall	_I2C_Delay
  2248  018D                     l1255:
  2249                           
  2250                           ;EAS_Lift_Timer_V1.c: 346:     SCL_Release();
  2251  018D  2262               	fcall	_SCL_Release
  2252                           
  2253                           ;EAS_Lift_Timer_V1.c: 347:     I2C_Delay();
  2254  018E  21EE               	fcall	_I2C_Delay
  2255  018F                     l1257:
  2256                           
  2257                           ;EAS_Lift_Timer_V1.c: 349:     SCL_Low();
  2258  018F  224C               	fcall	_SCL_Low
  2259  0190                     l1259:
  2260                           
  2261                           ;EAS_Lift_Timer_V1.c: 350:     I2C_Delay();
  2262  0190  21EE               	fcall	_I2C_Delay
  2263                           
  2264                           ;EAS_Lift_Timer_V1.c: 352:     SDA_Release();
  2265  0191  225F               	fcall	_SDA_Release
  2266  0192                     l1261:
  2267                           
  2268                           ;EAS_Lift_Timer_V1.c: 354:     return data;
  2269  0192  0874               	movf	I2C_ReadByte@data,w
  2270  0193                     l120:
  2271  0193  0008               	return
  2272  0194                     __end_of_I2C_ReadByte:
  2273                           
  2274                           	psect	text17
  2275  025F                     __ptext17:	
  2276 ;; *************** function _SDA_Release *****************
  2277 ;; Defined at:
  2278 ;;		line 215 in file "EAS_Lift_Timer_V1.c"
  2279 ;; Parameters:    Size  Location     Type
  2280 ;;		None
  2281 ;; Auto vars:     Size  Location     Type
  2282 ;;		None
  2283 ;; Return value:  Size  Location     Type
  2284 ;;                  1    wreg      void 
  2285 ;; Registers used:
  2286 ;;		None
  2287 ;; Tracked objects:
  2288 ;;		On entry : 0/0
  2289 ;;		On exit  : 0/0
  2290 ;;		Unchanged: 0/0
  2291 ;; Data sizes:     COMMON   BANK0   BANK1
  2292 ;;      Params:         0       0       0
  2293 ;;      Locals:         0       0       0
  2294 ;;      Temps:          0       0       0
  2295 ;;      Totals:         0       0       0
  2296 ;;Total ram usage:        0 bytes
  2297 ;; Hardware stack levels used:    1
  2298 ;; This function calls:
  2299 ;;		Nothing
  2300 ;; This function is called by:
  2301 ;;		_I2C_Init
  2302 ;;		_I2C_Start
  2303 ;;		_I2C_Stop
  2304 ;;		_I2C_WriteByte
  2305 ;;		_I2C_ReadByte
  2306 ;;		_Init_Device
  2307 ;; This function uses a non-reentrant model
  2308 ;;
  2309                           
  2310                           
  2311                           ;psect for function _SDA_Release
  2312  025F                     _SDA_Release:
  2313  025F                     l1111:	
  2314                           ;incstack = 0
  2315                           ; Regs used in _SDA_Release: []
  2316                           
  2317                           
  2318                           ;EAS_Lift_Timer_V1.c: 217:     TRISIObits.TRISIO1 = 1;
  2319  025F  1683               	bsf	3,5	;RP0=1, select bank1
  2320  0260  1485               	bsf	5,1	;volatile
  2321  0261                     l87:
  2322  0261  0008               	return
  2323  0262                     __end_of_SDA_Release:
  2324                           
  2325                           	psect	text18
  2326  0255                     __ptext18:	
  2327 ;; *************** function _SDA_Read *****************
  2328 ;; Defined at:
  2329 ;;		line 231 in file "EAS_Lift_Timer_V1.c"
  2330 ;; Parameters:    Size  Location     Type
  2331 ;;		None
  2332 ;; Auto vars:     Size  Location     Type
  2333 ;;		None
  2334 ;; Return value:  Size  Location     Type
  2335 ;;                  1    wreg      unsigned char 
  2336 ;; Registers used:
  2337 ;;		wreg, status,2, status,0
  2338 ;; Tracked objects:
  2339 ;;		On entry : 0/0
  2340 ;;		On exit  : 0/0
  2341 ;;		Unchanged: 0/0
  2342 ;; Data sizes:     COMMON   BANK0   BANK1
  2343 ;;      Params:         0       0       0
  2344 ;;      Locals:         0       0       0
  2345 ;;      Temps:          0       0       0
  2346 ;;      Totals:         0       0       0
  2347 ;;Total ram usage:        0 bytes
  2348 ;; Hardware stack levels used:    1
  2349 ;; This function calls:
  2350 ;;		Nothing
  2351 ;; This function is called by:
  2352 ;;		_I2C_WriteByte
  2353 ;;		_I2C_ReadByte
  2354 ;; This function uses a non-reentrant model
  2355 ;;
  2356                           
  2357                           
  2358                           ;psect for function _SDA_Read
  2359  0255                     _SDA_Read:
  2360  0255                     l1117:	
  2361                           ;incstack = 0
  2362                           ; Regs used in _SDA_Read: [wreg+status,2+status,0]
  2363                           
  2364                           
  2365                           ;EAS_Lift_Timer_V1.c: 233:     return GPIObits.GP1;
  2366  0255  1283               	bcf	3,5	;RP0=0, select bank0
  2367  0256  0C05               	rrf	5,w	;volatile
  2368  0257  3901               	andlw	1
  2369  0258                     l96:
  2370  0258  0008               	return
  2371  0259                     __end_of_SDA_Read:
  2372                           
  2373                           	psect	text19
  2374  0247                     __ptext19:	
  2375 ;; *************** function _SDA_Low *****************
  2376 ;; Defined at:
  2377 ;;		line 209 in file "EAS_Lift_Timer_V1.c"
  2378 ;; Parameters:    Size  Location     Type
  2379 ;;		None
  2380 ;; Auto vars:     Size  Location     Type
  2381 ;;		None
  2382 ;; Return value:  Size  Location     Type
  2383 ;;                  1    wreg      void 
  2384 ;; Registers used:
  2385 ;;		None
  2386 ;; Tracked objects:
  2387 ;;		On entry : 0/0
  2388 ;;		On exit  : 0/0
  2389 ;;		Unchanged: 0/0
  2390 ;; Data sizes:     COMMON   BANK0   BANK1
  2391 ;;      Params:         0       0       0
  2392 ;;      Locals:         0       0       0
  2393 ;;      Temps:          0       0       0
  2394 ;;      Totals:         0       0       0
  2395 ;;Total ram usage:        0 bytes
  2396 ;; Hardware stack levels used:    1
  2397 ;; This function calls:
  2398 ;;		Nothing
  2399 ;; This function is called by:
  2400 ;;		_I2C_Start
  2401 ;;		_I2C_Stop
  2402 ;;		_I2C_WriteByte
  2403 ;;		_I2C_ReadByte
  2404 ;; This function uses a non-reentrant model
  2405 ;;
  2406                           
  2407                           
  2408                           ;psect for function _SDA_Low
  2409  0247                     _SDA_Low:
  2410  0247                     l1109:	
  2411                           ;incstack = 0
  2412                           ; Regs used in _SDA_Low: []
  2413                           
  2414                           
  2415                           ;EAS_Lift_Timer_V1.c: 211:     GPIObits.GP1 = 0;
  2416  0247  1283               	bcf	3,5	;RP0=0, select bank0
  2417  0248  1085               	bcf	5,1	;volatile
  2418                           
  2419                           ;EAS_Lift_Timer_V1.c: 212:     TRISIObits.TRISIO1 = 0;
  2420  0249  1683               	bsf	3,5	;RP0=1, select bank1
  2421  024A  1085               	bcf	5,1	;volatile
  2422  024B                     l84:
  2423  024B  0008               	return
  2424  024C                     __end_of_SDA_Low:
  2425                           
  2426                           	psect	text20
  2427  0262                     __ptext20:	
  2428 ;; *************** function _SCL_Release *****************
  2429 ;; Defined at:
  2430 ;;		line 226 in file "EAS_Lift_Timer_V1.c"
  2431 ;; Parameters:    Size  Location     Type
  2432 ;;		None
  2433 ;; Auto vars:     Size  Location     Type
  2434 ;;		None
  2435 ;; Return value:  Size  Location     Type
  2436 ;;                  1    wreg      void 
  2437 ;; Registers used:
  2438 ;;		None
  2439 ;; Tracked objects:
  2440 ;;		On entry : 0/0
  2441 ;;		On exit  : 0/0
  2442 ;;		Unchanged: 0/0
  2443 ;; Data sizes:     COMMON   BANK0   BANK1
  2444 ;;      Params:         0       0       0
  2445 ;;      Locals:         0       0       0
  2446 ;;      Temps:          0       0       0
  2447 ;;      Totals:         0       0       0
  2448 ;;Total ram usage:        0 bytes
  2449 ;; Hardware stack levels used:    1
  2450 ;; This function calls:
  2451 ;;		Nothing
  2452 ;; This function is called by:
  2453 ;;		_I2C_Init
  2454 ;;		_I2C_Start
  2455 ;;		_I2C_Stop
  2456 ;;		_I2C_WriteByte
  2457 ;;		_I2C_ReadByte
  2458 ;;		_Init_Device
  2459 ;; This function uses a non-reentrant model
  2460 ;;
  2461                           
  2462                           
  2463                           ;psect for function _SCL_Release
  2464  0262                     _SCL_Release:
  2465  0262                     l1115:	
  2466                           ;incstack = 0
  2467                           ; Regs used in _SCL_Release: []
  2468                           
  2469                           
  2470                           ;EAS_Lift_Timer_V1.c: 228:     TRISIObits.TRISIO2 = 1;
  2471  0262  1683               	bsf	3,5	;RP0=1, select bank1
  2472  0263  1505               	bsf	5,2	;volatile
  2473  0264                     l93:
  2474  0264  0008               	return
  2475  0265                     __end_of_SCL_Release:
  2476                           
  2477                           	psect	text21
  2478  024C                     __ptext21:	
  2479 ;; *************** function _SCL_Low *****************
  2480 ;; Defined at:
  2481 ;;		line 220 in file "EAS_Lift_Timer_V1.c"
  2482 ;; Parameters:    Size  Location     Type
  2483 ;;		None
  2484 ;; Auto vars:     Size  Location     Type
  2485 ;;		None
  2486 ;; Return value:  Size  Location     Type
  2487 ;;                  1    wreg      void 
  2488 ;; Registers used:
  2489 ;;		None
  2490 ;; Tracked objects:
  2491 ;;		On entry : 0/0
  2492 ;;		On exit  : 0/0
  2493 ;;		Unchanged: 0/0
  2494 ;; Data sizes:     COMMON   BANK0   BANK1
  2495 ;;      Params:         0       0       0
  2496 ;;      Locals:         0       0       0
  2497 ;;      Temps:          0       0       0
  2498 ;;      Totals:         0       0       0
  2499 ;;Total ram usage:        0 bytes
  2500 ;; Hardware stack levels used:    1
  2501 ;; This function calls:
  2502 ;;		Nothing
  2503 ;; This function is called by:
  2504 ;;		_I2C_Start
  2505 ;;		_I2C_WriteByte
  2506 ;;		_I2C_ReadByte
  2507 ;; This function uses a non-reentrant model
  2508 ;;
  2509                           
  2510                           
  2511                           ;psect for function _SCL_Low
  2512  024C                     _SCL_Low:
  2513  024C                     l1113:	
  2514                           ;incstack = 0
  2515                           ; Regs used in _SCL_Low: []
  2516                           
  2517                           
  2518                           ;EAS_Lift_Timer_V1.c: 222:     GPIObits.GP2 = 0;
  2519  024C  1283               	bcf	3,5	;RP0=0, select bank0
  2520  024D  1105               	bcf	5,2	;volatile
  2521                           
  2522                           ;EAS_Lift_Timer_V1.c: 223:     TRISIObits.TRISIO2 = 0;
  2523  024E  1683               	bsf	3,5	;RP0=1, select bank1
  2524  024F  1105               	bcf	5,2	;volatile
  2525  0250                     l90:
  2526  0250  0008               	return
  2527  0251                     __end_of_SCL_Low:
  2528                           
  2529                           	psect	text22
  2530  01EE                     __ptext22:	
  2531 ;; *************** function _I2C_Delay *****************
  2532 ;; Defined at:
  2533 ;;		line 196 in file "EAS_Lift_Timer_V1.c"
  2534 ;; Parameters:    Size  Location     Type
  2535 ;;		None
  2536 ;; Auto vars:     Size  Location     Type
  2537 ;;  i               1    1[COMMON] volatile unsigned char 
  2538 ;; Return value:  Size  Location     Type
  2539 ;;                  1    wreg      void 
  2540 ;; Registers used:
  2541 ;;		wreg, status,2, status,0
  2542 ;; Tracked objects:
  2543 ;;		On entry : 0/0
  2544 ;;		On exit  : 0/0
  2545 ;;		Unchanged: 0/0
  2546 ;; Data sizes:     COMMON   BANK0   BANK1
  2547 ;;      Params:         0       0       0
  2548 ;;      Locals:         1       0       0
  2549 ;;      Temps:          1       0       0
  2550 ;;      Totals:         2       0       0
  2551 ;;Total ram usage:        2 bytes
  2552 ;; Hardware stack levels used:    1
  2553 ;; This function calls:
  2554 ;;		Nothing
  2555 ;; This function is called by:
  2556 ;;		_I2C_Init
  2557 ;;		_I2C_Start
  2558 ;;		_I2C_Stop
  2559 ;;		_I2C_WriteByte
  2560 ;;		_I2C_ReadByte
  2561 ;; This function uses a non-reentrant model
  2562 ;;
  2563                           
  2564                           
  2565                           ;psect for function _I2C_Delay
  2566  01EE                     _I2C_Delay:
  2567  01EE                     l1099:	
  2568                           ;incstack = 0
  2569                           ; Regs used in _I2C_Delay: [wreg+status,2+status,0]
  2570                           
  2571                           
  2572                           ;EAS_Lift_Timer_V1.c: 198:     volatile uint8_t i;;EAS_Lift_Timer_V1.c: 200:     for (i 
      +                          = 0; i < 50; i++)
  2573  01EE  01F1               	clrf	I2C_Delay@i	;volatile
  2574  01EF                     l1101:
  2575  01EF  3032               	movlw	50
  2576  01F0  0271               	subwf	I2C_Delay@i,w	;volatile
  2577  01F1  1C03               	skipc
  2578  01F2  29F4               	goto	u381
  2579  01F3  29F5               	goto	u380
  2580  01F4                     u381:
  2581  01F4  29F6               	goto	l1105
  2582  01F5                     u380:
  2583  01F5  29FB               	goto	l81
  2584  01F6                     l1105:
  2585                           
  2586                           ;EAS_Lift_Timer_V1.c: 201:     {;EAS_Lift_Timer_V1.c: 203:     }
  2587  01F6  3001               	movlw	1
  2588  01F7  00F0               	movwf	??_I2C_Delay
  2589  01F8  0870               	movf	??_I2C_Delay,w
  2590  01F9  07F1               	addwf	I2C_Delay@i,f	;volatile
  2591  01FA  29EF               	goto	l1101
  2592  01FB                     l81:
  2593  01FB  0008               	return
  2594  01FC                     __end_of_I2C_Delay:
  2595                           
  2596                           	psect	text23
  2597  0194                     __ptext23:	
  2598 ;; *************** function _BCD_To_Dec *****************
  2599 ;; Defined at:
  2600 ;;		line 360 in file "EAS_Lift_Timer_V1.c"
  2601 ;; Parameters:    Size  Location     Type
  2602 ;;  bcd             1    wreg     unsigned char 
  2603 ;; Auto vars:     Size  Location     Type
  2604 ;;  bcd             1    8[COMMON] unsigned char 
  2605 ;;  ones            1    7[COMMON] unsigned char 
  2606 ;;  tens            1    6[COMMON] unsigned char 
  2607 ;; Return value:  Size  Location     Type
  2608 ;;                  1    wreg      unsigned char 
  2609 ;; Registers used:
  2610 ;;		wreg, status,2, status,0, pclath, cstack
  2611 ;; Tracked objects:
  2612 ;;		On entry : 0/0
  2613 ;;		On exit  : 0/0
  2614 ;;		Unchanged: 0/0
  2615 ;; Data sizes:     COMMON   BANK0   BANK1
  2616 ;;      Params:         0       0       0
  2617 ;;      Locals:         3       0       0
  2618 ;;      Temps:          2       0       0
  2619 ;;      Totals:         5       0       0
  2620 ;;Total ram usage:        5 bytes
  2621 ;; Hardware stack levels used:    1
  2622 ;; Hardware stack levels required when called:    1
  2623 ;; This function calls:
  2624 ;;		___bmul
  2625 ;; This function is called by:
  2626 ;;		_DS3231_ReadTime
  2627 ;; This function uses a non-reentrant model
  2628 ;;
  2629                           
  2630                           
  2631                           ;psect for function _BCD_To_Dec
  2632  0194                     _BCD_To_Dec:
  2633                           
  2634                           ;incstack = 0
  2635                           ; Regs used in _BCD_To_Dec: [wreg+status,2+status,0+pclath+cstack]
  2636                           ;BCD_To_Dec@bcd stored from wreg
  2637  0194  00F8               	movwf	BCD_To_Dec@bcd
  2638  0195                     l1265:
  2639                           
  2640                           ;EAS_Lift_Timer_V1.c: 360: static uint8_t BCD_To_Dec(uint8_t bcd);EAS_Lift_Timer_V1.c: 3
      +                          61: {;EAS_Lift_Timer_V1.c: 362:     uint8_t tens;;EAS_Lift_Timer_V1.c: 363:     uint8_t 
      +                          ones;;EAS_Lift_Timer_V1.c: 365:     tens = (uint8_t)((bcd >> 4) & 0x0F);
  2641  0195  0878               	movf	BCD_To_Dec@bcd,w
  2642  0196  00F4               	movwf	??_BCD_To_Dec
  2643  0197  3004               	movlw	4
  2644  0198                     u505:
  2645  0198  1003               	clrc
  2646  0199  0CF4               	rrf	??_BCD_To_Dec,f
  2647  019A  3EFF               	addlw	-1
  2648  019B  1D03               	skipz
  2649  019C  2998               	goto	u505
  2650  019D  0874               	movf	??_BCD_To_Dec,w
  2651  019E  390F               	andlw	15
  2652  019F  00F5               	movwf	??_BCD_To_Dec+1
  2653  01A0  0875               	movf	??_BCD_To_Dec+1,w
  2654  01A1  00F6               	movwf	BCD_To_Dec@tens
  2655  01A2                     l1267:
  2656                           
  2657                           ;EAS_Lift_Timer_V1.c: 366:     ones = (uint8_t)(bcd & 0x0F);
  2658  01A2  0878               	movf	BCD_To_Dec@bcd,w
  2659  01A3  390F               	andlw	15
  2660  01A4  00F4               	movwf	??_BCD_To_Dec
  2661  01A5  0874               	movf	??_BCD_To_Dec,w
  2662  01A6  00F7               	movwf	BCD_To_Dec@ones
  2663  01A7                     l1269:
  2664                           
  2665                           ;EAS_Lift_Timer_V1.c: 368:     return (uint8_t)((tens * 10) + ones);
  2666  01A7  300A               	movlw	10
  2667  01A8  00F4               	movwf	??_BCD_To_Dec
  2668  01A9  0874               	movf	??_BCD_To_Dec,w
  2669  01AA  00F0               	movwf	___bmul@multiplicand
  2670  01AB  0876               	movf	BCD_To_Dec@tens,w
  2671  01AC  21C6               	fcall	___bmul
  2672  01AD  0777               	addwf	BCD_To_Dec@ones,w
  2673  01AE                     l123:
  2674  01AE  0008               	return
  2675  01AF                     __end_of_BCD_To_Dec:
  2676                           
  2677                           	psect	text24
  2678  01C6                     __ptext24:	
  2679 ;; *************** function ___bmul *****************
  2680 ;; Defined at:
  2681 ;;		line 4 in file "C:\Program Files\Microchip\xc8\v2.31\pic\sources\c90\common\Umul8.c"
  2682 ;; Parameters:    Size  Location     Type
  2683 ;;  multiplier      1    wreg     unsigned char 
  2684 ;;  multiplicand    1    0[COMMON] unsigned char 
  2685 ;; Auto vars:     Size  Location     Type
  2686 ;;  multiplier      1    3[COMMON] unsigned char 
  2687 ;;  product         1    2[COMMON] unsigned char 
  2688 ;; Return value:  Size  Location     Type
  2689 ;;                  1    wreg      unsigned char 
  2690 ;; Registers used:
  2691 ;;		wreg, status,2, status,0
  2692 ;; Tracked objects:
  2693 ;;		On entry : 0/0
  2694 ;;		On exit  : 0/0
  2695 ;;		Unchanged: 0/0
  2696 ;; Data sizes:     COMMON   BANK0   BANK1
  2697 ;;      Params:         1       0       0
  2698 ;;      Locals:         2       0       0
  2699 ;;      Temps:          1       0       0
  2700 ;;      Totals:         4       0       0
  2701 ;;Total ram usage:        4 bytes
  2702 ;; Hardware stack levels used:    1
  2703 ;; This function calls:
  2704 ;;		Nothing
  2705 ;; This function is called by:
  2706 ;;		_BCD_To_Dec
  2707 ;; This function uses a non-reentrant model
  2708 ;;
  2709                           
  2710                           
  2711                           ;psect for function ___bmul
  2712  01C6                     ___bmul:
  2713                           
  2714                           ;incstack = 0
  2715                           ; Regs used in ___bmul: [wreg+status,2+status,0]
  2716                           ;___bmul@multiplier stored from wreg
  2717  01C6  00F3               	movwf	___bmul@multiplier
  2718  01C7                     l1121:
  2719  01C7  01F2               	clrf	___bmul@product
  2720  01C8                     l1123:
  2721  01C8  1C73               	btfss	___bmul@multiplier,0
  2722  01C9  29CB               	goto	u391
  2723  01CA  29CC               	goto	u390
  2724  01CB                     u391:
  2725  01CB  29D0               	goto	l1127
  2726  01CC                     u390:
  2727  01CC                     l1125:
  2728  01CC  0870               	movf	___bmul@multiplicand,w
  2729  01CD  00F1               	movwf	??___bmul
  2730  01CE  0871               	movf	??___bmul,w
  2731  01CF  07F2               	addwf	___bmul@product,f
  2732  01D0                     l1127:
  2733  01D0  1003               	clrc
  2734  01D1  0DF0               	rlf	___bmul@multiplicand,f
  2735  01D2                     l1129:
  2736  01D2  1003               	clrc
  2737  01D3  0CF3               	rrf	___bmul@multiplier,f
  2738  01D4  0873               	movf	___bmul@multiplier,w
  2739  01D5  1D03               	btfss	3,2
  2740  01D6  29D8               	goto	u401
  2741  01D7  29D9               	goto	u400
  2742  01D8                     u401:
  2743  01D8  29C8               	goto	l1123
  2744  01D9                     u400:
  2745  01D9                     l1131:
  2746  01D9  0872               	movf	___bmul@product,w
  2747  01DA                     l265:
  2748  01DA  0008               	return
  2749  01DB                     __end_of___bmul:
  2750  007E                     btemp	set	126	;btemp
  2751  007E                     wtemp0	set	126
  2752                           
  2753                           	psect	config
  2754                           
  2755                           ;Config register CONFIG @ 0x2007
  2756                           ;	Oscillator Selection bits
  2757                           ;	FOSC = INTOSCIO, INTOSCIO oscillator: I/O function on RA4/OSC2/CLKOUT pin, I/O functio
      +                          n on RA5/OSC1/CLKIN
  2758                           ;	Watchdog Timer Enable bit
  2759                           ;	WDTE = OFF, WDT disabled
  2760                           ;	Power-up Timer Enable bit
  2761                           ;	PWRTE = ON, PWRT enabled
  2762                           ;	MCLR Pin Function Select bit
  2763                           ;	MCLRE = OFF, MCLR pin function is digital input, MCLR internally tied to VDD
  2764                           ;	Code Protection bit
  2765                           ;	CP = OFF, Program memory code protection is disabled
  2766                           ;	Data Code Protection bit
  2767                           ;	CPD = OFF, Data memory code protection is disabled
  2768                           ;	Brown Out Detect
  2769                           ;	BOREN = ON, BOR enabled
  2770                           ;	Internal External Switchover bit
  2771                           ;	IESO = 0x1, unprogrammed default
  2772                           ;	Fail-Safe Clock Monitor Enabled bit
  2773                           ;	FCMEN = 0x1, unprogrammed default
  2774  2007                     	org	8199
  2775  2007  3FC4               	dw	16324

Data Sizes:
    Strings     0
    Constant    0
    Data        0
    BSS         0
    Persistent  0
    Stack       0

Auto Spaces:
    Space          Size  Autos    Used
    COMMON           14     11      11
    BANK0            80     22      22
    BANK1            32      0       0

Pointer List with Targets:

    DS3231_ReadTime@time	PTR struct . size(1) Largest target is 7
		 -> main@now(BANK0[7]), 


Critical Paths under _main in COMMON

    _main->_DS3231_ReadTime
    _Relay_Blink_Count->_Delay_Approx_1s
    _Relay_Blink_Count->_Delay_Approx_250ms
    _I2C_Init->_I2C_Delay
    _Error_Blink_Slow_Forever->_Delay_Approx_1s
    _Delay_Seconds->_Delay_Approx_1s
    _DS3231_ReadTime->_BCD_To_Dec
    _I2C_WriteByte->_I2C_Delay
    _I2C_Stop->_I2C_Delay
    _I2C_Start->_I2C_Delay
    _I2C_ReadByte->_I2C_Delay
    _BCD_To_Dec->___bmul

Critical Paths under _main in BANK0

    _main->_DS3231_ReadTime

Critical Paths under _main in BANK1

    None.

Call Graph Tables:

 ---------------------------------------------------------------------------------
 (Depth) Function   	        Calls       Base Space   Used Autos Params    Refs
 ---------------------------------------------------------------------------------
 (0) _main                                                13    13      0    1918
                                             10 COMMON     1     1      0
                                             10 BANK0     12    12      0
                    _DS3231_ReadTime
                 _Delay_Approx_250ms
                      _Delay_Seconds
           _Error_Blink_Slow_Forever
                           _I2C_Init
                        _Init_Device
                  _Relay_Blink_Count
                          _Relay_Off
                           _Relay_On
 ---------------------------------------------------------------------------------
 (1) _Relay_Blink_Count                                    3     3      0     138
                                              2 COMMON     3     3      0
                    _Delay_Approx_1s
                 _Delay_Approx_250ms
                          _Relay_Off
                           _Relay_On
 ---------------------------------------------------------------------------------
 (2) _Delay_Approx_250ms                                   2     2      0      46
                                              0 COMMON     2     2      0
                  _Delay_Approx_65ms
 ---------------------------------------------------------------------------------
 (1) _Init_Device                                          0     0      0       0
                          _Relay_Off
                        _SCL_Release
                        _SDA_Release
              _Timer0_Init_For_Delay
 ---------------------------------------------------------------------------------
 (2) _Timer0_Init_For_Delay                                0     0      0       0
 ---------------------------------------------------------------------------------
 (1) _I2C_Init                                             0     0      0      46
                          _I2C_Delay
                        _SCL_Release
                        _SDA_Release
 ---------------------------------------------------------------------------------
 (1) _Error_Blink_Slow_Forever                             0     0      0      46
                    _Delay_Approx_1s
                          _Relay_Off
                           _Relay_On
 ---------------------------------------------------------------------------------
 (1) _Relay_On                                             0     0      0       0
 ---------------------------------------------------------------------------------
 (1) _Relay_Off                                            0     0      0       0
 ---------------------------------------------------------------------------------
 (1) _Delay_Seconds                                        1     1      0      69
                                              2 COMMON     1     1      0
                    _Delay_Approx_1s
 ---------------------------------------------------------------------------------
 (2) _Delay_Approx_1s                                      2     2      0      46
                                              0 COMMON     2     2      0
                  _Delay_Approx_65ms
 ---------------------------------------------------------------------------------
 (3) _Delay_Approx_65ms                                    0     0      0       0
 ---------------------------------------------------------------------------------
 (1) _DS3231_ReadTime                                     11    11      0    1210
                                              9 COMMON     1     1      0
                                              0 BANK0     10    10      0
                         _BCD_To_Dec
                       _I2C_ReadByte
                          _I2C_Start
                           _I2C_Stop
                      _I2C_WriteByte
 ---------------------------------------------------------------------------------
 (2) _I2C_WriteByte                                        4     4      0     138
                                              2 COMMON     4     4      0
                          _I2C_Delay
                            _SCL_Low
                        _SCL_Release
                            _SDA_Low
                           _SDA_Read
                        _SDA_Release
 ---------------------------------------------------------------------------------
 (2) _I2C_Stop                                             0     0      0      46
                          _I2C_Delay
                        _SCL_Release
                            _SDA_Low
                        _SDA_Release
 ---------------------------------------------------------------------------------
 (2) _I2C_Start                                            0     0      0      46
                          _I2C_Delay
                            _SCL_Low
                        _SCL_Release
                            _SDA_Low
                        _SDA_Release
 ---------------------------------------------------------------------------------
 (2) _I2C_ReadByte                                         4     4      0     139
                                              2 COMMON     4     4      0
                          _I2C_Delay
                            _SCL_Low
                        _SCL_Release
                            _SDA_Low
                           _SDA_Read
                        _SDA_Release
 ---------------------------------------------------------------------------------
 (2) _SDA_Release                                          0     0      0       0
 ---------------------------------------------------------------------------------
 (3) _SDA_Read                                             0     0      0       0
 ---------------------------------------------------------------------------------
 (3) _SDA_Low                                              0     0      0       0
 ---------------------------------------------------------------------------------
 (2) _SCL_Release                                          0     0      0       0
 ---------------------------------------------------------------------------------
 (3) _SCL_Low                                              0     0      0       0
 ---------------------------------------------------------------------------------
 (2) _I2C_Delay                                            2     2      0      46
                                              0 COMMON     2     2      0
 ---------------------------------------------------------------------------------
 (2) _BCD_To_Dec                                           5     5      0     258
                                              4 COMMON     5     5      0
                             ___bmul
 ---------------------------------------------------------------------------------
 (3) ___bmul                                               4     3      1     168
                                              0 COMMON     4     3      1
 ---------------------------------------------------------------------------------
 Estimated maximum stack depth 3
 ---------------------------------------------------------------------------------

 Call Graph Graphs:

 _main (ROOT)
   _DS3231_ReadTime
     _BCD_To_Dec
       ___bmul
     _I2C_ReadByte
       _I2C_Delay
       _SCL_Low
       _SCL_Release
       _SDA_Low
       _SDA_Read
       _SDA_Release
     _I2C_Start
       _I2C_Delay
       _SCL_Low
       _SCL_Release
       _SDA_Low
       _SDA_Release
     _I2C_Stop
       _I2C_Delay
       _SCL_Release
       _SDA_Low
       _SDA_Release
     _I2C_WriteByte
       _I2C_Delay
       _SCL_Low
       _SCL_Release
       _SDA_Low
       _SDA_Read
       _SDA_Release
   _Delay_Approx_250ms
     _Delay_Approx_65ms
   _Delay_Seconds
     _Delay_Approx_1s
       _Delay_Approx_65ms
   _Error_Blink_Slow_Forever
     _Delay_Approx_1s
       _Delay_Approx_65ms
     _Relay_Off
     _Relay_On
   _I2C_Init
     _I2C_Delay
     _SCL_Release
     _SDA_Release
   _Init_Device
     _Relay_Off
     _SCL_Release
     _SDA_Release
     _Timer0_Init_For_Delay
   _Relay_Blink_Count
     _Delay_Approx_1s
       _Delay_Approx_65ms
     _Delay_Approx_250ms
       _Delay_Approx_65ms
     _Relay_Off
     _Relay_On
   _Relay_Off
   _Relay_On

 Address spaces:
Name               Size   Autos  Total    Cost      Usage
BITCOMMON            E      0       0       0        0.0%
EEDATA             100      0       0       0        0.0%
NULL                 0      0       0       0        0.0%
CODE                 0      0       0       0        0.0%
COMMON               E      B       B       1       78.6%
BITSFR0              0      0       0       1        0.0%
SFR0                 0      0       0       1        0.0%
BITSFR1              0      0       0       2        0.0%
SFR1                 0      0       0       2        0.0%
STACK                0      0       0       2        0.0%
BITBANK0            50      0       0       3        0.0%
BANK0               50     16      16       4       27.5%
BANK1               20      0       0       5        0.0%
ABS                  0      0       0       6        0.0%
BITBANK1            20      0       0       7        0.0%
DATA                 0      0       0       8        0.0%


Microchip Technology PIC Macro Assembler V2.31 build 20201012212115 
Symbol Table                                                                                   Tue May 12 17:38:33 2026

                 ?_Delay_Approx_1s 0070                 __size_of_I2C_Delay 000E  
                   ___bmul@product 0072                 ?_Delay_Approx_65ms 0070  
               __size_of_I2C_Start 0008                                 l31 0229  
                               l25 025B                                 l34 022D  
                               l42 0208                                 l52 0215  
                               l28 025E                                 l37 0231  
                               l64 01ED                                 l81 01FB  
                               l73 0241                                 l90 0250  
                               l58 0220                                 l84 024B  
                               l93 0264                                 l87 0261  
                               l96 0258                                 l99 0254  
              ?_Delay_Approx_250ms 0070                                l102 0239  
                              l120 0193                                l112 0168  
                              l105 0240                                l123 01AE  
                              l108 013E                                l150 0139  
                              l135 00A5                                l127 00D1  
                              l143 00ED                                l138 01C5  
                              l265 01DA                                u400 01D9  
                              u401 01D8                                u410 0208  
                              u411 0207                                u420 0215  
                              u421 0214                                u430 0142  
                              u510 0220                                u431 0141  
                              u511 021F                                u440 0156  
                              u600 0084                                u520 01EC  
                              u505 0198                                u441 0155  
                              u601 0083                                u521 01EB  
                              u450 0161                                u610 0090  
                              u530 0011                                u370 0231  
                              u451 015F                                u611 008F  
                              u531 0010                                u371 0230  
                              u380 01F5                                u460 0162  
                              u540 001B                                u700 011D  
                              u381 01F4                                u541 001A  
                              u701 011B                                u390 01CC  
                              u470 0177                                u550 0024  
                              u710 011E                                u630 00EC  
                              u391 01CB                                u471 0176  
                              u551 0023                                u631 00EB  
                              u480 0184                                u560 0069  
                              u720 0126                                u640 00F6  
                              u481 0183                                u561 0068  
                              u721 0125                                u641 00F5  
                              u490 0189                                u570 0075  
                              u650 00FD                                u491 0188  
                              u571 0073                                u651 00FC  
                              u580 0076                                u660 0102  
                              u661 0101                                u590 007E  
                              u670 0109                                u591 007D  
                              u671 0108                                u680 010F  
                              u681 010E                                u690 0115  
                              u691 0114                ??_Delay_Approx_65ms 0070  
                              fsr0 0004                                indf 0000  
              __size_of_BCD_To_Dec 001B                               l1101 01EF  
                             l1111 025F                               l1121 01C7  
                             l1105 01F6                               l1113 024C  
                             l1201 0149                               l1131 01D9  
                             l1123 01C8                               l1115 0262  
                             l1211 0157                               l1203 014A  
                             l1125 01CC                               l1109 0247  
                             l1117 0255                               l1213 0158  
                             l1205 014C                               l1301 0251  
                             l1141 01FC                               l1127 01D0  
                             l1223 016A                               l1215 0165  
                             l1207 0150                               l1135 0259  
                             l1303 0253                               l1151 0202  
                             l1129 01D2                               l1241 0179  
                             l1233 016D                               l1225 016B  
                             l1217 0166                               l1209 0156  
                             l1321 001C                               l1313 0014  
                             l1305 0009                               l1161 020B  
                             l1153 0209                               l1137 025C  
                             l1401 00DF                               l1251 018B  
                             l1243 017A                               l1235 016F  
                             l1227 016C                               l1171 0237  
                             l1219 0167                               l1331 0050  
                             l1307 0011                               l1163 020F  
                             l1139 0221                               l1147 01FD  
                             l1411 00EC                               l1403 00E0  
               Relay_Blink_Count@i 0074                               l1261 0192  
                             l1253 018C                               l1245 017E  
                             l1237 0177                               l1173 0238  
                             l1165 0232                               l1181 023E  
                             l1341 0079                               l1333 005B  
                             l1309 0012                               l1149 01FE  
                             l1421 0103                               l1413 00EF  
                             l1405 00E1                               l1255 018D  
                             l1247 0184                               l1239 0178  
                             l1167 0234                               l1183 023F  
                             l1175 023A                               l1191 0142  
                             l1351 0091                               l1343 007E  
                             l1335 0065                               l1095 022A  
                             l1159 020A                               l1431 0126  
                             l1423 0109                               l1415 00F6  
                             l1407 00E3                               l1265 0195  
                             l1257 018F                               l1249 0189  
                             l1169 0235                               l1177 023B  
                             l1193 0144                               l1185 013D  
                             l1345 0084                               l1337 0069  
                             l1353 009A                               l1329 0025  
                             l1097 022C                               l1273 0217  
                             l1361 01B3                               l1281 01DC  
                             l1441 0133                               l1433 0127  
                             l1425 010F                               l1417 00FD  
                             l1409 00E5                               l1267 01A2  
                             l1099 01EE                               l1259 0190  
                             l1179 023C                               l1195 0145  
                             l1355 00D0                               l1347 008A  
                             l1339 0070                               l1275 0218  
                             l1371 01BF                               l1363 01B5  
                             l1283 01DE                               l1291 01E6  
                             l1435 0129                               l1427 0115  
                             l1419 0102                               l1443 0138  
                             l1269 01A7                               l1197 0146  
                             l1349 0090                               l1277 0219  
                             l1373 01C1                               l1365 01BA  
                             l1293 01EC                               l1285 01DF  
                             l1437 012A                               l1429 0117  
                             l1199 0148                               l1279 021B  
                             l1295 0241                               l1375 01C2  
                             l1367 01BB                               l1359 01AF  
                             l1287 01E0                               l1439 012F  
                             l1297 0242                               l1377 01C3  
                             l1369 01BD                               l1289 01E2  
                             l1299 0243                               l1379 01C4  
                             l1399 00D2                               _GPIO 0005  
             ??_Delay_Approx_250ms 0070                               _TMR0 0001  
                  __end_of_SDA_Low 024C                    __end_of_SCL_Low 0251  
            __size_of_I2C_ReadByte 002B                               _main 00D2  
                 __end_of_I2C_Init 0255                               btemp 007E  
                 __end_of_I2C_Stop 0241                               start 0004  
        __end_of_Delay_Approx_65ms 0232                      ??_Init_Device 0070  
                ___bmul@multiplier 0073                  ??_DS3231_ReadTime 0079  
                            ?_main 0070                              _ANSEL 009F  
                 __end_of_SDA_Read 0259                  _Relay_Blink_Count 01DB  
                     _I2C_ReadByte 0169                  __end_of_I2C_Delay 01FC  
               ?_Relay_Blink_Count 0070                  __end_of_I2C_Start 023A  
                            status 0003                              wtemp0 007E  
              ??_Relay_Blink_Count 0072                    __initialization 0005  
                     ?_SDA_Release 0070                       __end_of_main 013C  
       ??_Error_Blink_Slow_Forever 0072                __end_of_Init_Device 01C6  
                           ??_main 007A                   __end_of_Relay_On 025C  
        __end_of_Relay_Blink_Count 01EE                   Delay_Approx_1s@i 0071  
                        ??_SDA_Low 0070                          ??_SCL_Low 0070  
                           _ADCON0 001F                       ?_SCL_Release 0070  
           __size_of_I2C_WriteByte 002D                             _CMCON0 0019  
                           _TRISIO 0085                       ??_BCD_To_Dec 0074  
       __size_of_Delay_Approx_65ms 0008                             ___bmul 01C6  
               __size_of_Relay_Off 0003                          ?_I2C_Init 0070  
                        ?_I2C_Stop 0070                 __end_of_BCD_To_Dec 01AF  
        DS3231_ReadTime@raw_minute 0021          DS3231_ReadTime@raw_second 0020  
          __end_of__initialization 0005                ___bmul@multiplicand 0070  
                      _Init_Device 01AF                          ?_SDA_Read 0070  
                   __pcstackCOMMON 0070                      _I2C_WriteByte 013C  
              Delay_Approx_250ms@i 0071         __size_of_Relay_Blink_Count 0013  
                       ??_I2C_Init 0072                     _OPTION_REGbits 0081  
                       ??_I2C_Stop 0072                  __end_of_Relay_Off 025F  
            _Timer0_Init_For_Delay 0221                         I2C_Delay@i 0071  
                  _DS3231_ReadTime 0007                          ?_Relay_On 0070  
                       ??_SDA_Read 0070                         __pmaintext 00D2  
                   ?_I2C_WriteByte 0070                            ?___bmul 0070  
             __size_of_SDA_Release 0003             __size_of_Delay_Seconds 000B  
         __size_of_Delay_Approx_1s 000D                            _SDA_Low 0247  
                          _SCL_Low 024C               I2C_ReadByte@send_ack 0073  
      __size_of_Delay_Approx_250ms 000D               __size_of_SCL_Release 0003  
                        _I2C_Delay 01EE                          _I2C_Start 0232  
                       ??_Relay_On 0070                   I2C_ReadByte@data 0074  
                  __size_of___bmul 0015            DS3231_ReadTime@raw_date 0023  
          DS3231_ReadTime@raw_hour 0027            DS3231_ReadTime@raw_year 0025  
                          __ptext1 01DB                            __ptext2 01FC  
                          __ptext3 01AF                            __ptext4 0221  
                          __ptext5 0251                            __ptext6 0241  
                          __ptext7 0259                            __ptext8 025C  
                          __ptext9 0216               DS3231_ReadTime@is_pm 0026  
                          main@now 002F            __end_of_DS3231_ReadTime 00D2  
             end_of_initialization 0005                      _Delay_Seconds 0216  
           ?_Timer0_Init_For_Delay 0070                         ?_I2C_Delay 0070  
                       ?_I2C_Start 0070                    ??_I2C_WriteByte 0072  
                 I2C_WriteByte@ack 0074                  __size_of_I2C_Init 0004  
                __size_of_I2C_Stop 0007                  ??_Delay_Approx_1s 0070  
                   ?_Delay_Seconds 0070  __size_of_Error_Blink_Slow_Forever 0006  
        ?_Error_Blink_Slow_Forever 0070                       ?_Init_Device 0070  
      main@already_triggered_today 002A                  __size_of_SDA_Read 0004  
                   __end_of___bmul 01DB                start_initialization 0005  
                 ?_DS3231_ReadTime 0070                        ??_I2C_Delay 0070  
                        _Relay_Off 025C                        ??_I2C_Start 0072  
                __size_of_Relay_On 0003                           ??___bmul 0071  
                   I2C_WriteByte@i 0075                          ___latbits 0000  
                    __pcstackBANK0 0020                      ?_I2C_ReadByte 0070  
                         ?_SDA_Low 0070                           ?_SCL_Low 0070  
                  ??_Delay_Seconds 0072                         ?_Relay_Off 0070  
                    ??_SDA_Release 0070                      I2C_ReadByte@i 0075  
           Relay_Blink_Count@count 0073                           _I2C_Init 0251  
                         _I2C_Stop 023A                     ??_I2C_ReadByte 0072  
           DS3231_ReadTime@hour_12 0028                      ??_SCL_Release 0070  
       __end_of_Delay_Approx_250ms 0209             DS3231_ReadTime@raw_day 0022  
          ??_Timer0_Init_For_Delay 0070                DS3231_ReadTime@time 0029  
                         _GPIObits 0005                           _SDA_Read 0255  
             __size_of_Init_Device 0017                __end_of_SDA_Release 0262  
                  _Delay_Approx_1s 0209   __end_of_Error_Blink_Slow_Forever 0247  
                 __size_of_SDA_Low 0005                   __size_of_SCL_Low 0005  
                      ??_Relay_Off 0070                __end_of_SCL_Release 0265  
                       _BCD_To_Dec 0194                           _Relay_On 0259  
            __end_of_I2C_WriteByte 0169           DS3231_ReadTime@raw_month 0024  
                         _main$286 002E                           __ptext10 0209  
                         __ptext11 022A                           __ptext20 0262  
                         __ptext12 0007                           __ptext21 024C  
                         __ptext13 013C                           __ptext22 01EE  
                         __ptext14 023A                           __ptext23 0194  
                         __ptext15 0232                           __ptext24 01C6  
                         __ptext16 0169                           __ptext17 025F  
                         __ptext18 0255                           __ptext19 0247  
                    __size_of_main 006A               __end_of_I2C_ReadByte 0194  
          __end_of_Delay_Approx_1s 0216                        _SDA_Release 025F  
                   BCD_To_Dec@ones 0077                     BCD_To_Dec@tens 0076  
                       _INTCONbits 000B           _Error_Blink_Slow_Forever 0241  
                      _SCL_Release 0262                        ?_BCD_To_Dec 0070  
                       _OSCCONbits 008F           __size_of_DS3231_ReadTime 00CB  
                    BCD_To_Dec@bcd 0078               Delay_Seconds@seconds 0072  
            __end_of_Delay_Seconds 0221     __size_of_Timer0_Init_For_Delay 0009  
    __end_of_Timer0_Init_For_Delay 022A             main@last_trigger_month 002C  
            main@last_trigger_date 002B                  I2C_WriteByte@data 0073  
            main@last_trigger_year 002D                         _TRISIObits 0085  
               _Delay_Approx_250ms 01FC                  _Delay_Approx_65ms 022A  
