

Microchip MPLAB XC8 Assembler V2.31 build 20201012212115 
                                                                                               Fri Mar 06 12:48:30 2026

Microchip MPLAB XC8 C Compiler v2.31 (Free license) build 20201012212115 Og1 
     1                           	processor	18F25K22
     2                           	fnconf	rparam,??,?,0
     3                           	pagewidth 120
     4                           	opt	flic
     5                           	psect	idataCOMRAM,global,class=CODE,delta=1,noexec
     6                           	psect	smallconst,global,reloc=2,class=SMALLCONST,delta=1,noexec
     7                           	psect	cinit,global,reloc=2,class=CODE,delta=1
     8                           	psect	bssCOMRAM,global,class=COMRAM,space=1,delta=1,lowdata,noexec
     9                           	psect	dataCOMRAM,global,class=COMRAM,space=1,delta=1,lowdata,noexec
    10                           	psect	bssBANK0,global,class=BANK0,space=1,delta=1,lowdata,noexec
    11                           	psect	cstackBANK0,global,class=BANK0,space=1,delta=1,lowdata,noexec
    12                           	psect	cstackCOMRAM,global,class=COMRAM,space=1,delta=1,lowdata,noexec
    13                           	psect	text0,global,reloc=2,class=CODE,delta=1
    14                           	psect	text1,global,reloc=2,class=CODE,delta=1
    15                           	psect	text2,global,reloc=2,class=CODE,delta=1
    16                           	psect	text3,global,reloc=2,class=CODE,delta=1
    17                           	psect	text4,global,reloc=2,class=CODE,delta=1
    18                           	psect	text5,global,reloc=2,class=CODE,delta=1
    19                           	psect	text6,global,reloc=2,class=CODE,delta=1
    20                           	psect	text7,global,reloc=2,class=CODE,delta=1
    21                           	psect	text8,global,reloc=2,class=CODE,delta=1,group=1
    22                           	psect	text9,global,reloc=2,class=CODE,delta=1,group=1
    23                           	psect	text10,global,reloc=2,class=CODE,delta=1
    24                           	psect	text11,global,reloc=2,class=CODE,delta=1
    25                           	psect	text12,global,reloc=2,class=CODE,delta=1
    26                           	psect	text13,global,reloc=2,class=CODE,delta=1
    27                           	psect	text14,global,reloc=2,class=CODE,delta=1
    28                           	psect	text15,global,reloc=2,class=CODE,delta=1
    29                           	psect	text16,global,reloc=2,class=CODE,delta=1
    30                           	psect	text17,global,reloc=2,class=CODE,delta=1
    31                           	psect	text18,global,reloc=2,class=CODE,delta=1
    32                           	psect	text19,global,reloc=2,class=CODE,delta=1
    33                           	psect	text20,global,reloc=2,class=CODE,delta=1
    34                           	psect	text21,global,reloc=2,class=CODE,delta=1
    35                           	psect	text22,global,reloc=2,class=CODE,delta=1
    36                           	psect	text23,global,reloc=2,class=CODE,delta=1
    37                           	psect	text24,global,reloc=2,class=CODE,delta=1
    38                           	psect	text25,global,reloc=2,class=CODE,delta=1
    39                           	psect	text26,global,reloc=2,class=CODE,delta=1
    40                           	psect	text27,global,reloc=2,class=CODE,delta=1
    41                           	psect	text28,global,reloc=2,class=CODE,delta=1
    42                           	psect	text29,global,reloc=2,class=CODE,delta=1
    43                           	psect	text30,global,reloc=2,class=CODE,delta=1
    44                           	psect	text31,global,reloc=2,class=CODE,delta=1
    45                           	psect	text32,global,reloc=2,class=CODE,delta=1
    46                           	psect	text33,global,reloc=2,class=CODE,delta=1
    47                           	psect	text34,global,reloc=2,class=CODE,delta=1
    48                           	psect	text35,global,reloc=2,class=CODE,delta=1
    49                           	psect	text36,global,reloc=2,class=CODE,delta=1
    50                           	psect	text37,global,reloc=2,class=CODE,delta=1
    51                           	psect	text38,global,reloc=2,class=CODE,delta=1
    52                           	psect	text39,global,reloc=2,class=CODE,delta=1
    53                           	psect	intcode,global,reloc=2,class=CODE,delta=1
    54                           	psect	intsave_regs,global,class=BIGRAM,space=1,delta=1,noexec
    55                           	psect	rparam,global,class=COMRAM,space=1,delta=1,noexec
    56                           	psect	temp,global,ovrld,common,class=COMRAM,space=1,delta=1
    57                           	psect	config,global,abs,ovrld,class=CONFIG,space=4,delta=1,noexec
    58  0000                     
    59                           ; Generated 21/07/2023 GMT
    60                           ; 
    61                           ; Copyright © 2023, Microchip Technology Inc. and its subsidiaries ("Microchip")
    62                           ; All rights reserved.
    63                           ; 
    64                           ; This software is developed by Microchip Technology Inc. and its subsidiaries ("Microch
      +                          ip").
    65                           ; 
    66                           ; Redistribution and use in source and binary forms, with or without modification, are
    67                           ; permitted provided that the following conditions are met:
    68                           ; 
    69                           ;     1. Redistributions of source code must retain the above copyright notice, this lis
      +                          t of
    70                           ;        conditions and the following disclaimer.
    71                           ; 
    72                           ;     2. Redistributions in binary form must reproduce the above copyright notice, this 
      +                          list
    73                           ;        of conditions and the following disclaimer in the documentation and/or other
    74                           ;        materials provided with the distribution. Publication is not required when
    75                           ;        this file is used in an embedded application.
    76                           ; 
    77                           ;     3. Microchip's name may not be used to endorse or promote products derived from th
      +                          is
    78                           ;        software without specific prior written permission.
    79                           ; 
    80                           ; THIS SOFTWARE IS PROVIDED BY MICROCHIP "AS IS" AND ANY EXPRESS OR IMPLIED WARRANTIES,
    81                           ; INCLUDING, BUT NOT LIMITED TO, THE IMPLIED WARRANTIES OF MERCHANTABILITY AND FITNESS F
      +                          OR
    82                           ; PURPOSE ARE DISCLAIMED.  IN NO EVENT SHALL MICROCHIP BE LIABLE FOR ANY DIRECT, INDIREC
      +                          T,
    83                           ; INCIDENTAL, SPECIAL, EXEMPLARY, OR CONSEQUENTIAL DAMAGES (INCLUDING BUT NOT LIMITED TO
    84                           ; PROCUREMENT OF SUBSTITUTE GOODS OR SERVICES; LOSS OF USE, DATA OR PROFITS; OR BUSINESS
    85                           ; INTERRUPTION) HOWSOEVER CAUSED AND ON ANY THEORY OF LIABILITY, WHETHER IN CONTRACT, ST
      +                          RICT
    86                           ; LIABILITY, OR TORT (INCLUDING NEGLIGENCE OR OTHERWISE) ARISING IN ANY WAY OUT OF THE U
      +                          SE OF
    87                           ; THIS SOFTWARE, EVEN IF ADVISED OF THE POSSIBILITY OF SUCH DAMAGE.
    88                           ; 
    89                           ; 
    90                           ; Code-generator required, PIC18F25K22 Definitions
    91                           ; 
    92                           ; SFR Addresses
    93  0000                     
    94                           	psect	idataCOMRAM
    95  0021AA                     __pidataCOMRAM:
    96                           	callstack 0
    97                           
    98                           ;initializer for _lever_hist
    99  0021AA  FF                 	db	255
   100                           
   101                           ;initializer for _h2_hist
   102  0021AB  FF                 	db	255
   103                           
   104                           ;initializer for _h1_hist
   105  0021AC  FF                 	db	255
   106                           
   107                           	psect	smallconst
   108  000600                     __psmallconst:
   109                           	callstack 0
   110  000600  00                 	db	0
   111  000601                     font_get_pattern@digits:
   112                           	callstack 0
   113  000601  3E                 	db	62
   114  000602  51                 	db	81
   115  000603  49                 	db	73
   116  000604  45                 	db	69
   117  000605  3E                 	db	62
   118  000606  00                 	db	0
   119  000607  42                 	db	66
   120  000608  7F                 	db	127
   121  000609  40                 	db	64
   122  00060A  00                 	db	0
   123  00060B  42                 	db	66
   124  00060C  61                 	db	97
   125  00060D  51                 	db	81
   126  00060E  49                 	db	73
   127  00060F  46                 	db	70
   128  000610  21                 	db	33
   129  000611  41                 	db	65
   130  000612  45                 	db	69
   131  000613  4B                 	db	75
   132  000614  31                 	db	49
   133  000615  18                 	db	24
   134  000616  14                 	db	20
   135  000617  12                 	db	18
   136  000618  7F                 	db	127
   137  000619  10                 	db	16
   138  00061A  27                 	db	39
   139  00061B  45                 	db	69
   140  00061C  45                 	db	69
   141  00061D  45                 	db	69
   142  00061E  39                 	db	57
   143  00061F  3C                 	db	60
   144  000620  4A                 	db	74
   145  000621  49                 	db	73
   146  000622  49                 	db	73
   147  000623  30                 	db	48
   148  000624  01                 	db	1
   149  000625  71                 	db	113
   150  000626  09                 	db	9
   151  000627  05                 	db	5
   152  000628  03                 	db	3
   153  000629  36                 	db	54
   154  00062A  49                 	db	73
   155  00062B  49                 	db	73
   156  00062C  49                 	db	73
   157  00062D  36                 	db	54
   158  00062E  06                 	db	6
   159  00062F  49                 	db	73
   160  000630  49                 	db	73
   161  000631  29                 	db	41
   162  000632  1E                 	db	30
   163  000633                     __end_offont_get_pattern@digits:
   164                           	callstack 0
   165  000633                     _icon_vac_off:
   166                           	callstack 0
   167  000633  3C                 	db	60
   168  000634  42                 	db	66
   169  000635  81                 	db	129
   170  000636  81                 	db	129
   171  000637  81                 	db	129
   172  000638  81                 	db	129
   173  000639  42                 	db	66
   174  00063A  3C                 	db	60
   175  00063B                     __end_of_icon_vac_off:
   176                           	callstack 0
   177  00063B                     _icon_vac_on:
   178                           	callstack 0
   179  00063B  3C                 	db	60
   180  00063C  42                 	db	66
   181  00063D  81                 	db	129
   182  00063E  A5                 	db	165
   183  00063F  81                 	db	129
   184  000640  99                 	db	153
   185  000641  42                 	db	66
   186  000642  3C                 	db	60
   187  000643                     __end_of_icon_vac_on:
   188                           	callstack 0
   189  000643                     _icon_brush_off:
   190                           	callstack 0
   191  000643  18                 	db	24
   192  000644  24                 	db	36
   193  000645  42                 	db	66
   194  000646  81                 	db	129
   195  000647  42                 	db	66
   196  000648  24                 	db	36
   197  000649  18                 	db	24
   198  00064A  00                 	db	0
   199  00064B                     __end_of_icon_brush_off:
   200                           	callstack 0
   201  00064B                     _icon_brush_on:
   202                           	callstack 0
   203  00064B  18                 	db	24
   204  00064C  3C                 	db	60
   205  00064D  7E                 	db	126
   206  00064E  FF                 	db	255
   207  00064F  7E                 	db	126
   208  000650  24                 	db	36
   209  000651  66                 	db	102
   210  000652  42                 	db	66
   211  000653                     __end_of_icon_brush_on:
   212                           	callstack 0
   213  000653                     font_get_pattern@colon_char:
   214                           	callstack 0
   215  000653  00                 	db	0
   216  000654  36                 	db	54
   217  000655  36                 	db	54
   218  000656  00                 	db	0
   219  000657  00                 	db	0
   220  000658                     __end_offont_get_pattern@colon_char:
   221                           	callstack 0
   222  000658                     font_get_pattern@letter_space:
   223                           	callstack 0
   224  000658  00                 	db	0
   225  000659  00                 	db	0
   226  00065A  00                 	db	0
   227  00065B  00                 	db	0
   228  00065C  00                 	db	0
   229  00065D                     __end_offont_get_pattern@letter_space:
   230                           	callstack 0
   231  00065D                     font_get_pattern@letter_E:
   232                           	callstack 0
   233  00065D  7F                 	db	127
   234  00065E  49                 	db	73
   235  00065F  49                 	db	73
   236  000660  49                 	db	73
   237  000661  41                 	db	65
   238  000662                     __end_offont_get_pattern@letter_E:
   239                           	callstack 0
   240  000662                     font_get_pattern@letter_H:
   241                           	callstack 0
   242  000662  7F                 	db	127
   243  000663  08                 	db	8
   244  000664  08                 	db	8
   245  000665  08                 	db	8
   246  000666  7F                 	db	127
   247  000667                     __end_offont_get_pattern@letter_H:
   248                           	callstack 0
   249  000667                     font_get_pattern@letter_M:
   250                           	callstack 0
   251  000667  7F                 	db	127
   252  000668  02                 	db	2
   253  000669  0C                 	db	12
   254  00066A  02                 	db	2
   255  00066B  7F                 	db	127
   256  00066C                     __end_offont_get_pattern@letter_M:
   257                           	callstack 0
   258  00066C                     font_get_pattern@letter_I:
   259                           	callstack 0
   260  00066C  00                 	db	0
   261  00066D  41                 	db	65
   262  00066E  7F                 	db	127
   263  00066F  41                 	db	65
   264  000670  00                 	db	0
   265  000671                     __end_offont_get_pattern@letter_I:
   266                           	callstack 0
   267  000671                     font_get_pattern@letter_D:
   268                           	callstack 0
   269  000671  7F                 	db	127
   270  000672  41                 	db	65
   271  000673  41                 	db	65
   272  000674  22                 	db	34
   273  000675  1C                 	db	28
   274  000676                     __end_offont_get_pattern@letter_D:
   275                           	callstack 0
   276  000676                     font_get_pattern@letter_U:
   277                           	callstack 0
   278  000676  3F                 	db	63
   279  000677  40                 	db	64
   280  000678  40                 	db	64
   281  000679  40                 	db	64
   282  00067A  3F                 	db	63
   283  00067B                     __end_offont_get_pattern@letter_U:
   284                           	callstack 0
   285  00067B                     font_get_pattern@letter_R:
   286                           	callstack 0
   287  00067B  7F                 	db	127
   288  00067C  09                 	db	9
   289  00067D  19                 	db	25
   290  00067E  29                 	db	41
   291  00067F  46                 	db	70
   292  000680                     __end_offont_get_pattern@letter_R:
   293                           	callstack 0
   294  000680                     font_get_pattern@letter_B:
   295                           	callstack 0
   296  000680  7F                 	db	127
   297  000681  49                 	db	73
   298  000682  49                 	db	73
   299  000683  49                 	db	73
   300  000684  36                 	db	54
   301  000685                     __end_offont_get_pattern@letter_B:
   302                           	callstack 0
   303  000685                     font_get_pattern@letter_C:
   304                           	callstack 0
   305  000685  3E                 	db	62
   306  000686  41                 	db	65
   307  000687  41                 	db	65
   308  000688  41                 	db	65
   309  000689  22                 	db	34
   310  00068A                     __end_offont_get_pattern@letter_C:
   311                           	callstack 0
   312  00068A                     font_get_pattern@letter_A:
   313                           	callstack 0
   314  00068A  7E                 	db	126
   315  00068B  11                 	db	17
   316  00068C  11                 	db	17
   317  00068D  11                 	db	17
   318  00068E  7E                 	db	126
   319  00068F                     __end_offont_get_pattern@letter_A:
   320                           	callstack 0
   321  00068F                     font_get_pattern@letter_V:
   322                           	callstack 0
   323  00068F  07                 	db	7
   324  000690  18                 	db	24
   325  000691  60                 	db	96
   326  000692  18                 	db	24
   327  000693  07                 	db	7
   328  000694                     __end_offont_get_pattern@letter_V:
   329                           	callstack 0
   330  000694                     font_get_pattern@letter_O:
   331                           	callstack 0
   332  000694  3E                 	db	62
   333  000695  41                 	db	65
   334  000696  41                 	db	65
   335  000697  41                 	db	65
   336  000698  3E                 	db	62
   337  000699                     __end_offont_get_pattern@letter_O:
   338                           	callstack 0
   339  000699                     font_get_pattern@letter_T:
   340                           	callstack 0
   341  000699  01                 	db	1
   342  00069A  01                 	db	1
   343  00069B  7F                 	db	127
   344  00069C  01                 	db	1
   345  00069D  01                 	db	1
   346  00069E                     __end_offont_get_pattern@letter_T:
   347                           	callstack 0
   348  0000                     _ANSELC	set	3898
   349  0000                     _ANSELB	set	3897
   350  0000                     _ANSELA	set	3896
   351  0000                     _EECON2	set	4007
   352  0000                     _EEDATA	set	4008
   353  0000                     _EEADR	set	4009
   354  0000                     _EECON1bits	set	4006
   355  0000                     _PORTCbits	set	3970
   356  0000                     _PORTAbits	set	3968
   357  0000                     _T0CONbits	set	4053
   358  0000                     _INTCONbits	set	4082
   359  0000                     _TMR0L	set	4054
   360  0000                     _TMR0H	set	4055
   361  0000                     _T0CON	set	4053
   362  0000                     _LATBbits	set	3978
   363  0000                     _LATCbits	set	3979
   364  0000                     _TRISBbits	set	3987
   365  0000                     _TRISCbits	set	3988
   366  0000                     _TRISAbits	set	3986
   367  0000                     _OSCCON	set	4051
   368  00069E                     STR_1:
   369  00069E  44                 	db	68	;'D'
   370  00069F  49                 	db	73	;'I'
   371  0006A0  4D                 	db	77	;'M'
   372  0006A1  41                 	db	65	;'A'
   373  0006A2  00                 	db	0
   374  0006A3  00                 	db	0	; dummy byte at the end
   375  0000                     
   376                           ; #config settings
   377                           
   378                           	psect	cinit
   379  001FDC                     __pcinit:
   380                           	callstack 0
   381  001FDC                     start_initialization:
   382                           	callstack 0
   383  001FDC                     __initialization:
   384                           	callstack 0
   385                           
   386                           ; Initialize objects allocated to COMRAM (3 bytes)
   387                           ; load TBLPTR registers with __pidataCOMRAM
   388  001FDC  0EAA               	movlw	low __pidataCOMRAM
   389  001FDE  6EF6               	movwf	tblptrl,c
   390  001FE0  0E21               	movlw	high __pidataCOMRAM
   391  001FE2  6EF7               	movwf	tblptrh,c
   392  001FE4  0E00               	movlw	low (__pidataCOMRAM shr (0+16))
   393  001FE6  6EF8               	movwf	tblptru,c
   394  001FE8  0009               	tblrd		*+	;fetch initializer
   395  001FEA  CFF5 F03F          	movff	tablat,__pdataCOMRAM
   396  001FEE  0009               	tblrd		*+	;fetch initializer
   397  001FF0  CFF5 F040          	movff	tablat,__pdataCOMRAM+1
   398  001FF4  0009               	tblrd		*+	;fetch initializer
   399  001FF6  CFF5 F041          	movff	tablat,__pdataCOMRAM+2
   400                           
   401                           ; Clear objects allocated to BANK0 (27 bytes)
   402  001FFA  EE00  F093         	lfsr	0,__pbssBANK0
   403  001FFE  0E1B               	movlw	27
   404  002000                     clear_0:
   405  002000  6AEE               	clrf	postinc0,c
   406  002002  06E8               	decf	wreg,f,c
   407  002004  E1FD               	bnz	clear_0
   408                           
   409                           ; Clear objects allocated to COMRAM (8 bytes)
   410  002006  EE00  F037         	lfsr	0,__pbssCOMRAM
   411  00200A  0E08               	movlw	8
   412  00200C                     clear_1:
   413  00200C  6AEE               	clrf	postinc0,c
   414  00200E  06E8               	decf	wreg,f,c
   415  002010  E1FD               	bnz	clear_1
   416  002012                     end_of_initialization:
   417                           	callstack 0
   418  002012                     __end_of__initialization:
   419                           	callstack 0
   420  002012  9042               	bcf	int$flags,0,c	;clear compiler interrupt flag (level 1)
   421  002014  9242               	bcf	int$flags,1,c	;clear compiler interrupt flag (level 2)
   422  002016  0E00               	movlw	low (__Lmediumconst shr (0+16))
   423  002018  6EF8               	movwf	tblptru,c
   424  00201A  0100               	movlb	0
   425  00201C  EF7B  F00F         	goto	_main	;jump to C main() function
   426                           
   427                           	psect	bssCOMRAM
   428  000037                     __pbssCOMRAM:
   429                           	callstack 0
   430  000037                     isr@ms_for_1s:
   431                           	callstack 0
   432  000037                     	ds	2
   433  000039                     _g_boot_ms:
   434                           	callstack 0
   435  000039                     	ds	2
   436  00003B                     _g_ms_counter:
   437                           	callstack 0
   438  00003B                     	ds	2
   439  00003D                     update_logic_10ms@last_delay_active:
   440                           	callstack 0
   441  00003D                     	ds	1
   442  00003E                     update_logic_10ms@blink_10ms:
   443                           	callstack 0
   444  00003E                     	ds	1
   445                           
   446                           	psect	dataCOMRAM
   447  00003F                     __pdataCOMRAM:
   448                           	callstack 0
   449  00003F                     _lever_hist:
   450                           	callstack 0
   451  00003F                     	ds	1
   452  000040                     _h2_hist:
   453                           	callstack 0
   454  000040                     	ds	1
   455  000041                     _h1_hist:
   456                           	callstack 0
   457  000041                     	ds	1
   458                           
   459                           	psect	bssBANK0
   460  000093                     __pbssBANK0:
   461                           	callstack 0
   462  000093                     _g_vacuum_seconds:
   463                           	callstack 0
   464  000093                     	ds	4
   465  000097                     _g_brush_seconds:
   466                           	callstack 0
   467  000097                     	ds	4
   468  00009B                     _g_overall_seconds:
   469                           	callstack 0
   470  00009B                     	ds	4
   471  00009F                     _g_handle_low_seconds:
   472                           	callstack 0
   473  00009F                     	ds	2
   474  0000A1                     update_logic_1s@eeprom_save_counter:
   475                           	callstack 0
   476  0000A1                     	ds	1
   477  0000A2                     update_logic_1s@logo_phase:
   478                           	callstack 0
   479  0000A2                     	ds	1
   480  0000A3                     _g_logo_blink_state:
   481                           	callstack 0
   482  0000A3                     	ds	1
   483  0000A4                     _g_vacuum_delay_active:
   484                           	callstack 0
   485  0000A4                     	ds	1
   486  0000A5                     _g_vacuum_off_delay:
   487                           	callstack 0
   488  0000A5                     	ds	1
   489  0000A6                     _g_brush_timeout_active:
   490                           	callstack 0
   491  0000A6                     	ds	1
   492  0000A7                     _g_vacuum_on:
   493                           	callstack 0
   494  0000A7                     	ds	1
   495  0000A8                     _g_brush_on:
   496                           	callstack 0
   497  0000A8                     	ds	1
   498  0000A9                     _g_lever_state:
   499                           	callstack 0
   500  0000A9                     	ds	1
   501  0000AA                     _g_h2_state:
   502                           	callstack 0
   503  0000AA                     	ds	1
   504  0000AB                     _g_h1_state:
   505                           	callstack 0
   506  0000AB                     	ds	1
   507  0000AC                     _g_1s_flag:
   508                           	callstack 0
   509  0000AC                     	ds	1
   510  0000AD                     _g_10ms_flag:
   511                           	callstack 0
   512  0000AD                     	ds	1
   513                           
   514                           	psect	cstackBANK0
   515  000060                     __pcstackBANK0:
   516                           	callstack 0
   517  000060                     oled_update_screen@linebuf:
   518                           	callstack 0
   519                           
   520                           ; 24 bytes @ 0x0
   521  000060                     	ds	24
   522  000078                     oled_update_screen@brush_icon:
   523                           	callstack 0
   524                           
   525                           ; 2 bytes @ 0x18
   526  000078                     	ds	2
   527  00007A                     oled_update_screen@vac_icon:
   528                           	callstack 0
   529                           
   530                           ; 2 bytes @ 0x1A
   531  00007A                     	ds	2
   532  00007C                     oled_update_screen@timebuf:
   533                           	callstack 0
   534                           
   535                           ; 9 bytes @ 0x1C
   536  00007C                     	ds	9
   537  000085                     oled_update_screen@text_width:
   538                           	callstack 0
   539                           
   540                           ; 1 bytes @ 0x25
   541  000085                     	ds	1
   542  000086                     oled_update_screen@total_width:
   543                           	callstack 0
   544                           
   545                           ; 1 bytes @ 0x26
   546  000086                     	ds	1
   547  000087                     oled_update_screen@icon_col:
   548                           	callstack 0
   549                           
   550                           ; 1 bytes @ 0x27
   551  000087                     	ds	1
   552  000088                     oled_update_screen@text_col:
   553                           	callstack 0
   554                           
   555                           ; 1 bytes @ 0x28
   556  000088                     	ds	1
   557  000089                     oled_update_screen@p:
   558                           	callstack 0
   559                           
   560                           ; 2 bytes @ 0x29
   561  000089                     	ds	2
   562  00008B                     oled_update_screen@i_913:
   563                           	callstack 0
   564                           
   565                           ; 1 bytes @ 0x2B
   566  00008B                     	ds	1
   567  00008C                     oled_update_screen@j:
   568                           	callstack 0
   569                           
   570                           ; 1 bytes @ 0x2C
   571  00008C                     	ds	1
   572  00008D                     oled_update_screen@icon_width:
   573                           	callstack 0
   574                           
   575                           ; 1 bytes @ 0x2D
   576  00008D                     	ds	1
   577  00008E                     oled_update_screen@i:
   578                           	callstack 0
   579                           
   580                           ; 1 bytes @ 0x2E
   581  00008E                     	ds	1
   582  00008F                     oled_update_screen@i_902:
   583                           	callstack 0
   584                           
   585                           ; 1 bytes @ 0x2F
   586  00008F                     	ds	1
   587  000090                     oled_update_screen@start_col:
   588                           	callstack 0
   589                           
   590                           ; 1 bytes @ 0x30
   591  000090                     	ds	1
   592  000091                     oled_update_screen@i2:
   593                           	callstack 0
   594                           
   595                           ; 1 bytes @ 0x31
   596  000091                     	ds	1
   597  000092                     oled_update_screen@len:
   598                           	callstack 0
   599                           
   600                           ; 1 bytes @ 0x32
   601  000092                     	ds	1
   602                           
   603                           	psect	cstackCOMRAM
   604  000001                     __pcstackCOMRAM:
   605                           	callstack 0
   606  000001                     ??_update_logic_10ms:
   607  000001                     ?_font_get_pattern:
   608                           	callstack 0
   609  000001                     ?___llmod:
   610                           	callstack 0
   611  000001                     delay_us_soft@us:
   612                           	callstack 0
   613  000001                     scale4x_vertical@out:
   614                           	callstack 0
   615  000001                     eeprom_write_byte@addr:
   616                           	callstack 0
   617  000001                     eeprom_read_byte@addr:
   618                           	callstack 0
   619  000001                     ___llmod@dividend:
   620                           	callstack 0
   621                           
   622                           ; 4 bytes @ 0x0
   623  000001                     	ds	2
   624  000003                     ??_font_get_pattern:
   625  000003                     ??_scale4x_vertical:
   626  000003                     ??_hourmeter_load_from_eeprom:
   627  000003                     delay_us_soft@i:
   628                           	callstack 0
   629  000003                     eeprom_write_byte@value:
   630                           	callstack 0
   631                           
   632                           ; 1 bytes @ 0x2
   633  000003                     	ds	1
   634  000004                     i2c_write_byte@data:
   635                           	callstack 0
   636  000004                     delay_ms_soft@ms:
   637                           	callstack 0
   638  000004                     hourmeter_save_to_eeprom@val:
   639                           	callstack 0
   640                           
   641                           ; 4 bytes @ 0x3
   642  000004                     	ds	1
   643  000005                     i2c_write_byte@i:
   644                           	callstack 0
   645  000005                     scale4x_vertical@in:
   646                           	callstack 0
   647  000005                     ___llmod@divisor:
   648                           	callstack 0
   649                           
   650                           ; 4 bytes @ 0x4
   651  000005                     	ds	1
   652  000006                     oled_send_command@cmd:
   653                           	callstack 0
   654  000006                     oled_send_data_byte@data:
   655                           	callstack 0
   656  000006                     scale4x_vertical@base:
   657                           	callstack 0
   658                           
   659                           ; 1 bytes @ 0x5
   660  000006                     	ds	1
   661  000007                     oled_set_cursor@page:
   662                           	callstack 0
   663  000007                     font_get_pattern@c:
   664                           	callstack 0
   665  000007                     scale4x_vertical@byte:
   666                           	callstack 0
   667                           
   668                           ; 1 bytes @ 0x6
   669  000007                     	ds	1
   670  000008                     ??_oled_draw_char:
   671  000008                     oled_set_cursor@col:
   672                           	callstack 0
   673  000008                     scale4x_vertical@bit:
   674                           	callstack 0
   675  000008                     hourmeter_load_from_eeprom@magic:
   676                           	callstack 0
   677                           
   678                           ; 1 bytes @ 0x7
   679  000008                     	ds	1
   680  000009                     oled_clear@col:
   681                           	callstack 0
   682  000009                     scale4x_vertical@pos:
   683                           	callstack 0
   684  000009                     oled_draw_underline_animated@page:
   685                           	callstack 0
   686  000009                     ___llmod@counter:
   687                           	callstack 0
   688  000009                     hourmeter_load_from_eeprom@val:
   689                           	callstack 0
   690                           
   691                           ; 4 bytes @ 0x8
   692  000009                     	ds	1
   693  00000A                     ?___lldiv:
   694                           	callstack 0
   695  00000A                     oled_clear@page:
   696                           	callstack 0
   697  00000A                     oled_draw_char@c:
   698                           	callstack 0
   699  00000A                     scale4x_vertical@k:
   700                           	callstack 0
   701  00000A                     oled_draw_underline_animated@width:
   702                           	callstack 0
   703  00000A                     ___lldiv@dividend:
   704                           	callstack 0
   705                           
   706                           ; 4 bytes @ 0x9
   707  00000A                     	ds	1
   708  00000B                     scale4x_vertical@r:
   709                           	callstack 0
   710  00000B                     oled_draw_underline_animated@pattern:
   711                           	callstack 0
   712  00000B                     oled_draw_char@pattern:
   713                           	callstack 0
   714                           
   715                           ; 2 bytes @ 0xA
   716  00000B                     	ds	1
   717  00000C                     oled_draw_char_huge@page:
   718                           	callstack 0
   719  00000C                     oled_draw_underline_animated@chunk:
   720                           	callstack 0
   721                           
   722                           ; 1 bytes @ 0xB
   723  00000C                     	ds	1
   724  00000D                     oled_draw_text@page:
   725                           	callstack 0
   726  00000D                     oled_draw_char_huge@c:
   727                           	callstack 0
   728  00000D                     oled_draw_underline_animated@chunk_delay_ms:
   729                           	callstack 0
   730                           
   731                           ; 2 bytes @ 0xC
   732  00000D                     	ds	1
   733  00000E                     ??_oled_draw_char_huge:
   734  00000E                     oled_draw_text@text:
   735                           	callstack 0
   736  00000E                     ___lldiv@divisor:
   737                           	callstack 0
   738                           
   739                           ; 4 bytes @ 0xD
   740  00000E                     	ds	1
   741  00000F                     oled_draw_underline_animated@col:
   742                           	callstack 0
   743                           
   744                           ; 1 bytes @ 0xE
   745  00000F                     	ds	1
   746  000010                     oled_draw_text@col:
   747                           	callstack 0
   748  000010                     oled_draw_underline_animated@i:
   749                           	callstack 0
   750  000010                     oled_draw_char_huge@scaled:
   751                           	callstack 0
   752                           
   753                           ; 20 bytes @ 0xF
   754  000010                     	ds	1
   755  000011                     oled_draw_underline_animated@n:
   756                           	callstack 0
   757  000011                     oled_draw_text_centered@text:
   758                           	callstack 0
   759                           
   760                           ; 2 bytes @ 0x10
   761  000011                     	ds	1
   762  000012                     oled_draw_underline_animated@drawn:
   763                           	callstack 0
   764  000012                     ___lldiv@quotient:
   765                           	callstack 0
   766                           
   767                           ; 4 bytes @ 0x11
   768  000012                     	ds	1
   769  000013                     ??_oled_draw_text_centered:
   770                           
   771                           ; 1 bytes @ 0x12
   772  000013                     	ds	3
   773  000016                     ___lldiv@counter:
   774                           	callstack 0
   775                           
   776                           ; 1 bytes @ 0x15
   777  000016                     	ds	1
   778  000017                     oled_draw_text_centered@page:
   779                           	callstack 0
   780  000017                     format_hourmeter_string@buf:
   781                           	callstack 0
   782  000017                     format_runtime_string@buf:
   783                           	callstack 0
   784                           
   785                           ; 2 bytes @ 0x16
   786  000017                     	ds	1
   787  000018                     oled_draw_text_centered@p:
   788                           	callstack 0
   789                           
   790                           ; 2 bytes @ 0x17
   791  000018                     	ds	1
   792  000019                     format_hourmeter_string@seconds:
   793                           	callstack 0
   794  000019                     format_runtime_string@seconds:
   795                           	callstack 0
   796                           
   797                           ; 4 bytes @ 0x18
   798  000019                     	ds	1
   799  00001A                     oled_draw_text_centered@width:
   800                           	callstack 0
   801                           
   802                           ; 1 bytes @ 0x19
   803  00001A                     	ds	1
   804  00001B                     oled_draw_text_centered@start_col:
   805                           	callstack 0
   806                           
   807                           ; 1 bytes @ 0x1A
   808  00001B                     	ds	1
   809  00001C                     oled_draw_text_centered@len:
   810                           	callstack 0
   811                           
   812                           ; 1 bytes @ 0x1B
   813  00001C                     	ds	1
   814  00001D                     format_hourmeter_string@mm:
   815                           	callstack 0
   816  00001D                     format_runtime_string@mm:
   817                           	callstack 0
   818                           
   819                           ; 4 bytes @ 0x1C
   820  00001D                     	ds	4
   821  000021                     format_hourmeter_string@hh:
   822                           	callstack 0
   823  000021                     format_runtime_string@ss:
   824                           	callstack 0
   825                           
   826                           ; 4 bytes @ 0x20
   827  000021                     	ds	3
   828  000024                     oled_draw_char_huge@pattern:
   829                           	callstack 0
   830                           
   831                           ; 2 bytes @ 0x23
   832  000024                     	ds	1
   833  000025                     format_runtime_string@hh:
   834                           	callstack 0
   835                           
   836                           ; 4 bytes @ 0x24
   837  000025                     	ds	1
   838  000026                     oled_draw_char_huge@col:
   839                           	callstack 0
   840                           
   841                           ; 1 bytes @ 0x25
   842  000026                     	ds	1
   843  000027                     oled_draw_char_huge@i:
   844                           	callstack 0
   845                           
   846                           ; 1 bytes @ 0x26
   847  000027                     	ds	1
   848  000028                     oled_draw_char_huge@i_872:
   849                           	callstack 0
   850                           
   851                           ; 1 bytes @ 0x27
   852  000028                     	ds	1
   853  000029                     ??_oled_update_screen:
   854  000029                     oled_draw_char_huge@p:
   855                           	callstack 0
   856                           
   857                           ; 1 bytes @ 0x28
   858  000029                     	ds	1
   859  00002A                     oled_draw_text_huge@page:
   860                           	callstack 0
   861                           
   862                           ; 1 bytes @ 0x29
   863  00002A                     	ds	1
   864  00002B                     oled_draw_text_huge@text:
   865                           	callstack 0
   866                           
   867                           ; 2 bytes @ 0x2A
   868  00002B                     	ds	2
   869  00002D                     ??_update_logic_1s:
   870  00002D                     oled_draw_text_huge@col:
   871                           	callstack 0
   872                           
   873                           ; 1 bytes @ 0x2C
   874  00002D                     	ds	1
   875  00002E                     oled_draw_text_huge@p:
   876                           	callstack 0
   877                           
   878                           ; 1 bytes @ 0x2D
   879  00002E                     	ds	1
   880  00002F                     oled_draw_text_huge@x:
   881                           	callstack 0
   882                           
   883                           ; 1 bytes @ 0x2E
   884  00002F                     	ds	1
   885  000030                     
   886                           ; 1 bytes @ 0x2F
   887  000030                     	ds	1
   888  000031                     oled_show_boot_screen@char_advance:
   889                           	callstack 0
   890                           
   891                           ; 1 bytes @ 0x30
   892  000031                     	ds	2
   893  000033                     oled_show_boot_screen@underline_page:
   894                           	callstack 0
   895                           
   896                           ; 1 bytes @ 0x32
   897  000033                     	ds	1
   898  000034                     oled_show_boot_screen@i:
   899                           	callstack 0
   900                           
   901                           ; 1 bytes @ 0x33
   902  000034                     	ds	1
   903  000035                     oled_show_boot_screen@start_col:
   904                           	callstack 0
   905                           
   906                           ; 1 bytes @ 0x34
   907  000035                     	ds	1
   908  000036                     oled_show_boot_screen@text_width:
   909                           	callstack 0
   910                           
   911                           ; 1 bytes @ 0x35
   912  000036                     	ds	1
   913  000037                     
   914                           ; 1 bytes @ 0x36
   915 ;;
   916 ;;Main: autosize = 0, tempsize = 0, incstack = 0, save=0
   917 ;;
   918 ;; *************** function _main *****************
   919 ;; Defined at:
   920 ;;		line 1083 in file "Dima_EV_1.c"
   921 ;; Parameters:    Size  Location     Type
   922 ;;		None
   923 ;; Auto vars:     Size  Location     Type
   924 ;;		None
   925 ;; Return value:  Size  Location     Type
   926 ;;                  2  418[None  ] int 
   927 ;; Registers used:
   928 ;;		wreg, fsr0l, fsr0h, fsr1l, fsr1h, fsr2l, fsr2h, status,2, status,0, tblptrl, tblptrh, tblptru, prodl, prodh, cstack
   929 ;; Tracked objects:
   930 ;;		On entry : 0/0
   931 ;;		On exit  : 0/0
   932 ;;		Unchanged: 0/0
   933 ;; Data sizes:     COMRAM   BANK0   BANK1   BANK2   BANK3   BANK4   BANK5
   934 ;;      Params:         0       0       0       0       0       0       0
   935 ;;      Locals:         0       0       0       0       0       0       0
   936 ;;      Temps:          0       0       0       0       0       0       0
   937 ;;      Totals:         0       0       0       0       0       0       0
   938 ;;Total ram usage:        0 bytes
   939 ;; Hardware stack levels required when called:   10
   940 ;; This function calls:
   941 ;;		_debounce_inputs_10ms
   942 ;;		_hourmeter_load_from_eeprom
   943 ;;		_oled_send_command
   944 ;;		_oled_show_boot_screen
   945 ;;		_oled_update_screen
   946 ;;		_system_init
   947 ;;		_update_logic_10ms
   948 ;;		_update_logic_1s
   949 ;; This function is called by:
   950 ;;		Startup code after reset
   951 ;; This function uses a non-reentrant model
   952 ;;
   953                           
   954                           	psect	text0
   955  001EF6                     __ptext0:
   956                           	callstack 0
   957  001EF6                     _main:
   958                           	callstack 21
   959  001EF6                     
   960                           ;Dima_EV_1.c: 1085:     system_init();
   961  001EF6  EC94  F010         	call	_system_init	;wreg free
   962                           
   963                           ;Dima_EV_1.c: 1088:     hourmeter_load_from_eeprom();
   964  001EFA  ECC4  F009         	call	_hourmeter_load_from_eeprom	;wreg free
   965  001EFE                     
   966                           ;Dima_EV_1.c: 1091:     oled_show_boot_screen();
   967  001EFE  EC24  F00D         	call	_oled_show_boot_screen	;wreg free
   968  001F02                     
   969                           ;Dima_EV_1.c: 1094:     oled_update_screen();
   970  001F02  EC52  F003         	call	_oled_update_screen	;wreg free
   971  001F06                     
   972                           ;Dima_EV_1.c: 1095:     oled_send_command(0xAF);
   973  001F06  0EAF               	movlw	175
   974  001F08  EC6A  F010         	call	_oled_send_command
   975  001F0C                     l2964:
   976                           
   977                           ;Dima_EV_1.c: 1098:     {;Dima_EV_1.c: 1099:         if (g_10ms_flag)
   978  001F0C  0100               	movlb	0	; () banked
   979  001F0E  51AD               	movf	_g_10ms_flag& (0+255),w,b	;volatile
   980  001F10  B4D8               	btfsc	status,2,c
   981  001F12  EF8D  F00F         	goto	u2071
   982  001F16  EF8F  F00F         	goto	u2070
   983  001F1A                     u2071:
   984  001F1A  EF95  F00F         	goto	l420
   985  001F1E                     u2070:
   986  001F1E                     
   987                           ; BSR set to: 0
   988                           ;Dima_EV_1.c: 1100:         {;Dima_EV_1.c: 1101:             g_10ms_flag = 0;
   989  001F1E  0E00               	movlw	0
   990  001F20  6FAD               	movwf	_g_10ms_flag& (0+255),b	;volatile
   991  001F22                     
   992                           ; BSR set to: 0
   993                           ;Dima_EV_1.c: 1102:             debounce_inputs_10ms();
   994  001F22  ECFC  F00B         	call	_debounce_inputs_10ms	;wreg free
   995  001F26                     
   996                           ;Dima_EV_1.c: 1103:             update_logic_10ms();
   997  001F26  ECF9  F00A         	call	_update_logic_10ms	;wreg free
   998  001F2A                     l420:
   999                           
  1000                           ;Dima_EV_1.c: 1106:         if (g_1s_flag)
  1001  001F2A  0100               	movlb	0	; () banked
  1002  001F2C  51AC               	movf	_g_1s_flag& (0+255),w,b	;volatile
  1003  001F2E  B4D8               	btfsc	status,2,c
  1004  001F30  EF9C  F00F         	goto	u2081
  1005  001F34  EF9E  F00F         	goto	u2080
  1006  001F38                     u2081:
  1007  001F38  EF86  F00F         	goto	l2964
  1008  001F3C                     u2080:
  1009  001F3C                     
  1010                           ; BSR set to: 0
  1011                           ;Dima_EV_1.c: 1107:         {;Dima_EV_1.c: 1108:             g_1s_flag = 0;
  1012  001F3C  0E00               	movlw	0
  1013  001F3E  6FAC               	movwf	_g_1s_flag& (0+255),b	;volatile
  1014  001F40                     
  1015                           ; BSR set to: 0
  1016                           ;Dima_EV_1.c: 1109:             update_logic_1s();
  1017  001F40  EC13  F008         	call	_update_logic_1s	;wreg free
  1018  001F44  EF86  F00F         	goto	l2964
  1019  001F48  EF3D  F000         	goto	start
  1020  001F4C                     __end_of_main:
  1021                           	callstack 0
  1022                           
  1023 ;; *************** function _update_logic_1s *****************
  1024 ;; Defined at:
  1025 ;;		line 407 in file "Dima_EV_1.c"
  1026 ;; Parameters:    Size  Location     Type
  1027 ;;		None
  1028 ;; Auto vars:     Size  Location     Type
  1029 ;;		None
  1030 ;; Return value:  Size  Location     Type
  1031 ;;                  1    wreg      void 
  1032 ;; Registers used:
  1033 ;;		wreg, fsr0l, fsr0h, fsr1l, fsr1h, fsr2l, fsr2h, status,2, status,0, tblptrl, tblptrh, tblptru, prodl, prodh, cstack
  1034 ;; Tracked objects:
  1035 ;;		On entry : 0/0
  1036 ;;		On exit  : 0/0
  1037 ;;		Unchanged: 0/0
  1038 ;; Data sizes:     COMRAM   BANK0   BANK1   BANK2   BANK3   BANK4   BANK5
  1039 ;;      Params:         0       0       0       0       0       0       0
  1040 ;;      Locals:         0       0       0       0       0       0       0
  1041 ;;      Temps:          1       0       0       0       0       0       0
  1042 ;;      Totals:         1       0       0       0       0       0       0
  1043 ;;Total ram usage:        1 bytes
  1044 ;; Hardware stack levels used:    1
  1045 ;; Hardware stack levels required when called:    9
  1046 ;; This function calls:
  1047 ;;		_hourmeter_save_to_eeprom
  1048 ;;		_oled_update_screen
  1049 ;; This function is called by:
  1050 ;;		_main
  1051 ;; This function uses a non-reentrant model
  1052 ;;
  1053                           
  1054                           	psect	text1
  1055  001026                     __ptext1:
  1056                           	callstack 0
  1057  001026                     _update_logic_1s:
  1058                           	callstack 21
  1059  001026                     
  1060                           ;Dima_EV_1.c: 410:     static _Bool logo_phase = 0;;Dima_EV_1.c: 411:     logo_phase = !
      +                          logo_phase;
  1061  001026  0100               	movlb	0	; () banked
  1062  001028  51A2               	movf	update_logic_1s@logo_phase& (0+255),w,b
  1063  00102A  B4D8               	btfsc	status,2,c
  1064  00102C  EF1A  F008         	goto	u1821
  1065  001030  EF1D  F008         	goto	u1820
  1066  001034                     u1821:
  1067  001034  0E01               	movlw	1
  1068  001036  EF1E  F008         	goto	u1830
  1069  00103A                     u1820:
  1070  00103A  0E00               	movlw	0
  1071  00103C                     u1830:
  1072  00103C  6FA2               	movwf	update_logic_1s@logo_phase& (0+255),b
  1073  00103E                     
  1074                           ; BSR set to: 0
  1075                           ;Dima_EV_1.c: 412:     g_logo_blink_state = logo_phase;
  1076  00103E  C0A2  F0A3         	movff	update_logic_1s@logo_phase,_g_logo_blink_state	;volatile
  1077  001042                     
  1078                           ; BSR set to: 0
  1079                           ;Dima_EV_1.c: 415:     g_overall_seconds++;
  1080  001042  0E01               	movlw	1
  1081  001044  279B               	addwf	_g_overall_seconds& (0+255),f,b	;volatile
  1082  001046  0E00               	movlw	0
  1083  001048  239C               	addwfc	(_g_overall_seconds+1)& (0+255),f,b	;volatile
  1084  00104A  239D               	addwfc	(_g_overall_seconds+2)& (0+255),f,b	;volatile
  1085  00104C  239E               	addwfc	(_g_overall_seconds+3)& (0+255),f,b	;volatile
  1086  00104E                     
  1087                           ; BSR set to: 0
  1088                           ;Dima_EV_1.c: 418:     if (g_overall_seconds >= (99999UL * 3600UL))
  1089  00104E  0EF0               	movlw	240
  1090  001050  5D9B               	subwf	_g_overall_seconds& (0+255),w,b	;volatile
  1091  001052  0E1B               	movlw	27
  1092  001054  599C               	subwfb	(_g_overall_seconds+1)& (0+255),w,b	;volatile
  1093  001056  0E75               	movlw	117
  1094  001058  599D               	subwfb	(_g_overall_seconds+2)& (0+255),w,b	;volatile
  1095  00105A  0E15               	movlw	21
  1096  00105C  599E               	subwfb	(_g_overall_seconds+3)& (0+255),w,b	;volatile
  1097  00105E  A0D8               	btfss	status,0,c
  1098  001060  EF34  F008         	goto	u1841
  1099  001064  EF36  F008         	goto	u1840
  1100  001068                     u1841:
  1101  001068  EF40  F008         	goto	l2824
  1102  00106C                     u1840:
  1103  00106C                     
  1104                           ; BSR set to: 0
  1105                           ;Dima_EV_1.c: 419:     {;Dima_EV_1.c: 420:         g_overall_seconds = 0;
  1106  00106C  0E00               	movlw	0
  1107  00106E  6F9B               	movwf	_g_overall_seconds& (0+255),b	;volatile
  1108  001070  0E00               	movlw	0
  1109  001072  6F9C               	movwf	(_g_overall_seconds+1)& (0+255),b	;volatile
  1110  001074  0E00               	movlw	0
  1111  001076  6F9D               	movwf	(_g_overall_seconds+2)& (0+255),b	;volatile
  1112  001078  0E00               	movlw	0
  1113  00107A  6F9E               	movwf	(_g_overall_seconds+3)& (0+255),b	;volatile
  1114  00107C                     
  1115                           ; BSR set to: 0
  1116                           ;Dima_EV_1.c: 421:         hourmeter_save_to_eeprom();
  1117  00107C  EC1E  F00F         	call	_hourmeter_save_to_eeprom	;wreg free
  1118  001080                     l2824:
  1119                           
  1120                           ;Dima_EV_1.c: 424:     if (g_brush_on) g_brush_seconds++;
  1121  001080  0100               	movlb	0	; () banked
  1122  001082  51A8               	movf	_g_brush_on& (0+255),w,b	;volatile
  1123  001084  B4D8               	btfsc	status,2,c
  1124  001086  EF47  F008         	goto	u1851
  1125  00108A  EF49  F008         	goto	u1850
  1126  00108E                     u1851:
  1127  00108E  EF4F  F008         	goto	l2828
  1128  001092                     u1850:
  1129  001092                     
  1130                           ; BSR set to: 0
  1131  001092  0E01               	movlw	1
  1132  001094  2797               	addwf	_g_brush_seconds& (0+255),f,b	;volatile
  1133  001096  0E00               	movlw	0
  1134  001098  2398               	addwfc	(_g_brush_seconds+1)& (0+255),f,b	;volatile
  1135  00109A  2399               	addwfc	(_g_brush_seconds+2)& (0+255),f,b	;volatile
  1136  00109C  239A               	addwfc	(_g_brush_seconds+3)& (0+255),f,b	;volatile
  1137  00109E                     l2828:
  1138                           
  1139                           ; BSR set to: 0
  1140                           ;Dima_EV_1.c: 425:     if (g_vacuum_on) g_vacuum_seconds++;
  1141  00109E  51A7               	movf	_g_vacuum_on& (0+255),w,b	;volatile
  1142  0010A0  B4D8               	btfsc	status,2,c
  1143  0010A2  EF55  F008         	goto	u1861
  1144  0010A6  EF57  F008         	goto	u1860
  1145  0010AA                     u1861:
  1146  0010AA  EF5D  F008         	goto	l2832
  1147  0010AE                     u1860:
  1148  0010AE                     
  1149                           ; BSR set to: 0
  1150  0010AE  0E01               	movlw	1
  1151  0010B0  2793               	addwf	_g_vacuum_seconds& (0+255),f,b	;volatile
  1152  0010B2  0E00               	movlw	0
  1153  0010B4  2394               	addwfc	(_g_vacuum_seconds+1)& (0+255),f,b	;volatile
  1154  0010B6  2395               	addwfc	(_g_vacuum_seconds+2)& (0+255),f,b	;volatile
  1155  0010B8  2396               	addwfc	(_g_vacuum_seconds+3)& (0+255),f,b	;volatile
  1156  0010BA                     l2832:
  1157                           
  1158                           ; BSR set to: 0
  1159                           ;Dima_EV_1.c: 428:     if (!g_h1_state || !g_h2_state)
  1160  0010BA  51AB               	movf	_g_h1_state& (0+255),w,b	;volatile
  1161  0010BC  B4D8               	btfsc	status,2,c
  1162  0010BE  EF63  F008         	goto	u1871
  1163  0010C2  EF65  F008         	goto	u1870
  1164  0010C6                     u1871:
  1165  0010C6  EF6D  F008         	goto	l2836
  1166  0010CA                     u1870:
  1167  0010CA                     
  1168                           ; BSR set to: 0
  1169  0010CA  51AA               	movf	_g_h2_state& (0+255),w,b	;volatile
  1170  0010CC  A4D8               	btfss	status,2,c
  1171  0010CE  EF6B  F008         	goto	u1881
  1172  0010D2  EF6D  F008         	goto	u1880
  1173  0010D6                     u1881:
  1174  0010D6  EF8B  F008         	goto	l2844
  1175  0010DA                     u1880:
  1176  0010DA                     l2836:
  1177                           
  1178                           ; BSR set to: 0
  1179                           ;Dima_EV_1.c: 429:     {;Dima_EV_1.c: 430:         if (g_handle_low_seconds < (5u * 60u)
      +                          )
  1180  0010DA  0E2C               	movlw	44
  1181  0010DC  5D9F               	subwf	_g_handle_low_seconds& (0+255),w,b	;volatile
  1182  0010DE  0E01               	movlw	1
  1183  0010E0  59A0               	subwfb	(_g_handle_low_seconds+1)& (0+255),w,b	;volatile
  1184  0010E2  B0D8               	btfsc	status,0,c
  1185  0010E4  EF76  F008         	goto	u1891
  1186  0010E8  EF78  F008         	goto	u1890
  1187  0010EC                     u1891:
  1188  0010EC  EF7A  F008         	goto	l2840
  1189  0010F0                     u1890:
  1190  0010F0                     
  1191                           ; BSR set to: 0
  1192                           ;Dima_EV_1.c: 431:             g_handle_low_seconds++;
  1193  0010F0  4B9F               	infsnz	_g_handle_low_seconds& (0+255),f,b	;volatile
  1194  0010F2  2BA0               	incf	(_g_handle_low_seconds+1)& (0+255),f,b	;volatile
  1195  0010F4                     l2840:
  1196                           
  1197                           ; BSR set to: 0
  1198                           ;Dima_EV_1.c: 433:         if (g_handle_low_seconds >= (5u * 60u))
  1199  0010F4  0E2C               	movlw	44
  1200  0010F6  5D9F               	subwf	_g_handle_low_seconds& (0+255),w,b	;volatile
  1201  0010F8  0E01               	movlw	1
  1202  0010FA  59A0               	subwfb	(_g_handle_low_seconds+1)& (0+255),w,b	;volatile
  1203  0010FC  A0D8               	btfss	status,0,c
  1204  0010FE  EF83  F008         	goto	u1901
  1205  001102  EF85  F008         	goto	u1900
  1206  001106                     u1901:
  1207  001106  EF91  F008         	goto	l172
  1208  00110A                     u1900:
  1209  00110A                     
  1210                           ; BSR set to: 0
  1211                           ;Dima_EV_1.c: 434:         {;Dima_EV_1.c: 435:             g_brush_timeout_active = 1;
  1212  00110A  0E01               	movlw	1
  1213  00110C  6FA6               	movwf	_g_brush_timeout_active& (0+255),b	;volatile
  1214                           
  1215                           ;Dima_EV_1.c: 436:             g_brush_on = 0;
  1216  00110E  0E00               	movlw	0
  1217  001110  6FA8               	movwf	_g_brush_on& (0+255),b	;volatile
  1218  001112  EF91  F008         	goto	l172
  1219  001116                     l2844:
  1220                           
  1221                           ; BSR set to: 0
  1222                           ;Dima_EV_1.c: 440:     {;Dima_EV_1.c: 441:         g_handle_low_seconds = 0;
  1223  001116  0E00               	movlw	0
  1224  001118  6FA0               	movwf	(_g_handle_low_seconds+1)& (0+255),b	;volatile
  1225  00111A  0E00               	movlw	0
  1226  00111C  6F9F               	movwf	_g_handle_low_seconds& (0+255),b	;volatile
  1227                           
  1228                           ;Dima_EV_1.c: 442:         g_brush_timeout_active = 0;
  1229  00111E  0E00               	movlw	0
  1230  001120  6FA6               	movwf	_g_brush_timeout_active& (0+255),b	;volatile
  1231  001122                     l172:
  1232                           
  1233                           ; BSR set to: 0
  1234                           ;Dima_EV_1.c: 446:     if (!g_lever_state && g_vacuum_on)
  1235  001122  51A9               	movf	_g_lever_state& (0+255),w,b	;volatile
  1236  001124  A4D8               	btfss	status,2,c
  1237  001126  EF97  F008         	goto	u1911
  1238  00112A  EF99  F008         	goto	u1910
  1239  00112E                     u1911:
  1240  00112E  EFC2  F008         	goto	l2860
  1241  001132                     u1910:
  1242  001132                     
  1243                           ; BSR set to: 0
  1244  001132  51A7               	movf	_g_vacuum_on& (0+255),w,b	;volatile
  1245  001134  B4D8               	btfsc	status,2,c
  1246  001136  EF9F  F008         	goto	u1921
  1247  00113A  EFA1  F008         	goto	u1920
  1248  00113E                     u1921:
  1249  00113E  EFC2  F008         	goto	l2860
  1250  001142                     u1920:
  1251  001142                     
  1252                           ; BSR set to: 0
  1253                           ;Dima_EV_1.c: 447:     {;Dima_EV_1.c: 448:         if (g_vacuum_off_delay == 0)
  1254  001142  51A5               	movf	_g_vacuum_off_delay& (0+255),w,b	;volatile
  1255  001144  A4D8               	btfss	status,2,c
  1256  001146  EFA7  F008         	goto	u1931
  1257  00114A  EFA9  F008         	goto	u1930
  1258  00114E                     u1931:
  1259  00114E  EFAB  F008         	goto	l2852
  1260  001152                     u1930:
  1261  001152                     
  1262                           ; BSR set to: 0
  1263                           ;Dima_EV_1.c: 449:         {;Dima_EV_1.c: 450:             g_vacuum_delay_active = 1;
  1264  001152  0E01               	movlw	1
  1265  001154  6FA4               	movwf	_g_vacuum_delay_active& (0+255),b	;volatile
  1266  001156                     l2852:
  1267                           
  1268                           ; BSR set to: 0
  1269                           ;Dima_EV_1.c: 453:         if (g_vacuum_off_delay < 10)
  1270  001156  0E0A               	movlw	10
  1271  001158  61A5               	cpfslt	_g_vacuum_off_delay& (0+255),b	;volatile
  1272  00115A  EFB1  F008         	goto	u1941
  1273  00115E  EFB3  F008         	goto	u1940
  1274  001162                     u1941:
  1275  001162  EFB4  F008         	goto	l2856
  1276  001166                     u1940:
  1277  001166                     
  1278                           ; BSR set to: 0
  1279                           ;Dima_EV_1.c: 454:             g_vacuum_off_delay++;
  1280  001166  2BA5               	incf	_g_vacuum_off_delay& (0+255),f,b	;volatile
  1281  001168                     l2856:
  1282                           
  1283                           ; BSR set to: 0
  1284                           ;Dima_EV_1.c: 456:         if (g_vacuum_off_delay >= 10)
  1285  001168  0E09               	movlw	9
  1286  00116A  65A5               	cpfsgt	_g_vacuum_off_delay& (0+255),b	;volatile
  1287  00116C  EFBA  F008         	goto	u1951
  1288  001170  EFBC  F008         	goto	u1950
  1289  001174                     u1951:
  1290  001174  EFC6  F008         	goto	l2862
  1291  001178                     u1950:
  1292  001178                     
  1293                           ; BSR set to: 0
  1294                           ;Dima_EV_1.c: 457:         {;Dima_EV_1.c: 458:             g_vacuum_on = 0;
  1295  001178  0E00               	movlw	0
  1296  00117A  6FA7               	movwf	_g_vacuum_on& (0+255),b	;volatile
  1297                           
  1298                           ;Dima_EV_1.c: 459:             g_vacuum_delay_active = 0;
  1299  00117C  0E00               	movlw	0
  1300  00117E  6FA4               	movwf	_g_vacuum_delay_active& (0+255),b	;volatile
  1301  001180  EFC6  F008         	goto	l2862
  1302  001184                     l2860:
  1303                           
  1304                           ; BSR set to: 0
  1305                           ;Dima_EV_1.c: 463:     {;Dima_EV_1.c: 464:         g_vacuum_off_delay = 0;
  1306  001184  0E00               	movlw	0
  1307  001186  6FA5               	movwf	_g_vacuum_off_delay& (0+255),b	;volatile
  1308                           
  1309                           ;Dima_EV_1.c: 465:         g_vacuum_delay_active = 0;
  1310  001188  0E00               	movlw	0
  1311  00118A  6FA4               	movwf	_g_vacuum_delay_active& (0+255),b	;volatile
  1312  00118C                     l2862:
  1313                           
  1314                           ; BSR set to: 0
  1315                           ;Dima_EV_1.c: 468:     LATCbits.LATC0 = g_brush_on ? 1 : 0;
  1316  00118C  51A8               	movf	_g_brush_on& (0+255),w,b	;volatile
  1317  00118E  A4D8               	btfss	status,2,c
  1318  001190  EFCC  F008         	goto	u1961
  1319  001194  EFD0  F008         	goto	u1960
  1320  001198                     u1961:
  1321  001198  6A2D               	clrf	??_update_logic_1s^0,c
  1322  00119A  2A2D               	incf	??_update_logic_1s^0,f,c
  1323  00119C  EFD1  F008         	goto	u1978
  1324  0011A0                     u1960:
  1325  0011A0  6A2D               	clrf	??_update_logic_1s^0,c
  1326  0011A2                     u1978:
  1327  0011A2  508B               	movf	139,w,c	;volatile
  1328  0011A4  182D               	xorwf	??_update_logic_1s^0,w,c
  1329  0011A6  0BFE               	andlw	-2
  1330  0011A8  182D               	xorwf	??_update_logic_1s^0,w,c
  1331  0011AA  6E8B               	movwf	139,c	;volatile
  1332  0011AC                     
  1333                           ;Dima_EV_1.c: 469:     LATCbits.LATC1 = g_vacuum_on ? 1 : 0;
  1334  0011AC  0100               	movlb	0	; () banked
  1335  0011AE  51A7               	movf	_g_vacuum_on& (0+255),w,b	;volatile
  1336  0011B0  A4D8               	btfss	status,2,c
  1337  0011B2  EFDD  F008         	goto	u1981
  1338  0011B6  EFE1  F008         	goto	u1980
  1339  0011BA                     u1981:
  1340  0011BA  6A2D               	clrf	??_update_logic_1s^0,c
  1341  0011BC  2A2D               	incf	??_update_logic_1s^0,f,c
  1342  0011BE  EFE2  F008         	goto	u1998
  1343  0011C2                     u1980:
  1344  0011C2  6A2D               	clrf	??_update_logic_1s^0,c
  1345  0011C4                     u1998:
  1346  0011C4  462D               	rlncf	??_update_logic_1s^0,f,c
  1347  0011C6  508B               	movf	139,w,c	;volatile
  1348  0011C8  182D               	xorwf	??_update_logic_1s^0,w,c
  1349  0011CA  0BFD               	andlw	-3
  1350  0011CC  182D               	xorwf	??_update_logic_1s^0,w,c
  1351  0011CE  6E8B               	movwf	139,c	;volatile
  1352  0011D0                     
  1353                           ;Dima_EV_1.c: 472:     oled_update_screen();
  1354  0011D0  EC52  F003         	call	_oled_update_screen	;wreg free
  1355  0011D4                     
  1356                           ;Dima_EV_1.c: 475:     static uint8_t eeprom_save_counter = 0;;Dima_EV_1.c: 476:     eep
      +                          rom_save_counter++;
  1357  0011D4  0100               	movlb	0	; () banked
  1358  0011D6  2BA1               	incf	update_logic_1s@eeprom_save_counter& (0+255),f,b
  1359  0011D8                     
  1360                           ; BSR set to: 0
  1361                           ;Dima_EV_1.c: 477:     if (eeprom_save_counter >= 10)
  1362  0011D8  0E09               	movlw	9
  1363  0011DA  65A1               	cpfsgt	update_logic_1s@eeprom_save_counter& (0+255),b
  1364  0011DC  EFF2  F008         	goto	u2001
  1365  0011E0  EFF4  F008         	goto	u2000
  1366  0011E4                     u2001:
  1367  0011E4  EFF8  F008         	goto	l181
  1368  0011E8                     u2000:
  1369  0011E8                     
  1370                           ; BSR set to: 0
  1371                           ;Dima_EV_1.c: 478:     {;Dima_EV_1.c: 479:         eeprom_save_counter = 0;
  1372  0011E8  0E00               	movlw	0
  1373  0011EA  6FA1               	movwf	update_logic_1s@eeprom_save_counter& (0+255),b
  1374  0011EC                     
  1375                           ; BSR set to: 0
  1376                           ;Dima_EV_1.c: 480:         hourmeter_save_to_eeprom();
  1377  0011EC  EC1E  F00F         	call	_hourmeter_save_to_eeprom	;wreg free
  1378  0011F0                     l181:
  1379  0011F0  0012               	return		;funcret
  1380  0011F2                     __end_of_update_logic_1s:
  1381                           	callstack 0
  1382                           
  1383 ;; *************** function _oled_update_screen *****************
  1384 ;; Defined at:
  1385 ;;		line 894 in file "Dima_EV_1.c"
  1386 ;; Parameters:    Size  Location     Type
  1387 ;;		None
  1388 ;; Auto vars:     Size  Location     Type
  1389 ;;  j               1   44[BANK0 ] unsigned char 
  1390 ;;  i2              1   49[BANK0 ] unsigned char 
  1391 ;;  i               1   43[BANK0 ] unsigned char 
  1392 ;;  i               1   47[BANK0 ] unsigned char 
  1393 ;;  i               1   46[BANK0 ] unsigned char 
  1394 ;;  linebuf        24    0[BANK0 ] unsigned char [24]
  1395 ;;  timebuf         9   28[BANK0 ] unsigned char [9]
  1396 ;;  p               2   41[BANK0 ] PTR const unsigned char 
  1397 ;;		 -> oled_update_screen@linebuf(24), 
  1398 ;;  vac_icon        2   26[BANK0 ] PTR const unsigned char 
  1399 ;;		 -> icon_vac_off(8), icon_vac_on(8), 
  1400 ;;  brush_icon      2   24[BANK0 ] PTR const unsigned char 
  1401 ;;		 -> icon_brush_off(8), icon_brush_on(8), 
  1402 ;;  len             1   50[BANK0 ] unsigned char 
  1403 ;;  start_col       1   48[BANK0 ] unsigned char 
  1404 ;;  icon_width      1   45[BANK0 ] const unsigned char 
  1405 ;;  text_col        1   40[BANK0 ] unsigned char 
  1406 ;;  icon_col        1   39[BANK0 ] unsigned char 
  1407 ;;  total_width     1   38[BANK0 ] unsigned char 
  1408 ;;  text_width      1   37[BANK0 ] unsigned char 
  1409 ;; Return value:  Size  Location     Type
  1410 ;;                  1    wreg      void 
  1411 ;; Registers used:
  1412 ;;		wreg, fsr0l, fsr0h, fsr1l, fsr1h, fsr2l, fsr2h, status,2, status,0, tblptrl, tblptrh, tblptru, prodl, prodh, cstack
  1413 ;; Tracked objects:
  1414 ;;		On entry : 0/0
  1415 ;;		On exit  : 0/0
  1416 ;;		Unchanged: 0/0
  1417 ;; Data sizes:     COMRAM   BANK0   BANK1   BANK2   BANK3   BANK4   BANK5
  1418 ;;      Params:         0       0       0       0       0       0       0
  1419 ;;      Locals:         0      51       0       0       0       0       0
  1420 ;;      Temps:          4       0       0       0       0       0       0
  1421 ;;      Totals:         4      51       0       0       0       0       0
  1422 ;;Total ram usage:       55 bytes
  1423 ;; Hardware stack levels used:    1
  1424 ;; Hardware stack levels required when called:    8
  1425 ;; This function calls:
  1426 ;;		_format_hourmeter_string
  1427 ;;		_format_runtime_string
  1428 ;;		_oled_draw_text
  1429 ;;		_oled_draw_text_centered
  1430 ;;		_oled_send_data_byte
  1431 ;;		_oled_send_data_start
  1432 ;;		_oled_send_data_stop
  1433 ;;		_oled_set_cursor
  1434 ;; This function is called by:
  1435 ;;		_update_logic_1s
  1436 ;;		_main
  1437 ;; This function uses a non-reentrant model
  1438 ;;
  1439                           
  1440                           	psect	text2
  1441  0006A4                     __ptext2:
  1442                           	callstack 0
  1443  0006A4                     _oled_update_screen:
  1444                           	callstack 21
  1445  0006A4                     
  1446                           ;Dima_EV_1.c: 896:     char timebuf[9];;Dima_EV_1.c: 897:     char linebuf[24];;Dima_EV_
      +                          1.c: 900:     oled_draw_text_centered(0, "DIMA");
  1447  0006A4  0E9E               	movlw	low STR_1
  1448  0006A6  6E11               	movwf	oled_draw_text_centered@text^0,c
  1449  0006A8  0E06               	movlw	high STR_1
  1450  0006AA  6E12               	movwf	(oled_draw_text_centered@text+1)^0,c
  1451  0006AC  0E00               	movlw	0
  1452  0006AE  EC17  F00E         	call	_oled_draw_text_centered
  1453  0006B2                     
  1454                           ;Dima_EV_1.c: 903:     format_hourmeter_string(timebuf, g_overall_seconds);
  1455  0006B2  0E7C               	movlw	low oled_update_screen@timebuf
  1456  0006B4  6E17               	movwf	format_hourmeter_string@buf^0,c
  1457  0006B6  0E00               	movlw	high oled_update_screen@timebuf
  1458  0006B8  6E18               	movwf	(format_hourmeter_string@buf+1)^0,c
  1459  0006BA  C09B  F019         	movff	_g_overall_seconds,format_hourmeter_string@seconds	;volatile
  1460  0006BE  C09C  F01A         	movff	_g_overall_seconds+1,format_hourmeter_string@seconds+1	;volatile
  1461  0006C2  C09D  F01B         	movff	_g_overall_seconds+2,format_hourmeter_string@seconds+2	;volatile
  1462  0006C6  C09E  F01C         	movff	_g_overall_seconds+3,format_hourmeter_string@seconds+3	;volatile
  1463  0006CA  EC2C  F005         	call	_format_hourmeter_string	;wreg free
  1464  0006CE                     
  1465                           ;Dima_EV_1.c: 904:     linebuf[0]='H'; linebuf[1]='O'; linebuf[2]='U'; linebuf[3]='R';
  1466  0006CE  0E48               	movlw	72
  1467  0006D0  0100               	movlb	0	; () banked
  1468  0006D2  6F60               	movwf	oled_update_screen@linebuf& (0+255),b
  1469  0006D4                     
  1470                           ; BSR set to: 0
  1471  0006D4  0E4F               	movlw	79
  1472  0006D6  6F61               	movwf	(oled_update_screen@linebuf+1)& (0+255),b
  1473  0006D8                     
  1474                           ; BSR set to: 0
  1475  0006D8  0E55               	movlw	85
  1476  0006DA  6F62               	movwf	(oled_update_screen@linebuf+2)& (0+255),b
  1477  0006DC                     
  1478                           ; BSR set to: 0
  1479  0006DC  0E52               	movlw	82
  1480  0006DE  6F63               	movwf	(oled_update_screen@linebuf+3)& (0+255),b
  1481  0006E0                     
  1482                           ; BSR set to: 0
  1483                           ;Dima_EV_1.c: 905:     linebuf[4]=' '; linebuf[5]='M'; linebuf[6]='E'; linebuf[7]='T';
  1484  0006E0  0E20               	movlw	32
  1485  0006E2  6F64               	movwf	(oled_update_screen@linebuf+4)& (0+255),b
  1486  0006E4                     
  1487                           ; BSR set to: 0
  1488  0006E4  0E4D               	movlw	77
  1489  0006E6  6F65               	movwf	(oled_update_screen@linebuf+5)& (0+255),b
  1490  0006E8                     
  1491                           ; BSR set to: 0
  1492  0006E8  0E45               	movlw	69
  1493  0006EA  6F66               	movwf	(oled_update_screen@linebuf+6)& (0+255),b
  1494  0006EC                     
  1495                           ; BSR set to: 0
  1496  0006EC  0E54               	movlw	84
  1497  0006EE  6F67               	movwf	(oled_update_screen@linebuf+7)& (0+255),b
  1498  0006F0                     
  1499                           ; BSR set to: 0
  1500                           ;Dima_EV_1.c: 906:     linebuf[8]='E'; linebuf[9]='R'; linebuf[10]=' '; linebuf[11]=' ';
  1501  0006F0  0E45               	movlw	69
  1502  0006F2  6F68               	movwf	(oled_update_screen@linebuf+8)& (0+255),b
  1503  0006F4                     
  1504                           ; BSR set to: 0
  1505  0006F4  0E52               	movlw	82
  1506  0006F6  6F69               	movwf	(oled_update_screen@linebuf+9)& (0+255),b
  1507  0006F8                     
  1508                           ; BSR set to: 0
  1509  0006F8  0E20               	movlw	32
  1510  0006FA  6F6A               	movwf	(oled_update_screen@linebuf+10)& (0+255),b
  1511  0006FC                     
  1512                           ; BSR set to: 0
  1513  0006FC  0E20               	movlw	32
  1514  0006FE  6F6B               	movwf	(oled_update_screen@linebuf+11)& (0+255),b
  1515  000700                     
  1516                           ; BSR set to: 0
  1517                           ;Dima_EV_1.c: 907:     for (uint8_t i=0;i<9;i++) linebuf[12+i]=timebuf[i];
  1518  000700  0E00               	movlw	0
  1519  000702  6F8E               	movwf	oled_update_screen@i& (0+255),b
  1520  000704                     l2498:
  1521                           
  1522                           ; BSR set to: 0
  1523  000704  0E7C               	movlw	low oled_update_screen@timebuf
  1524  000706  258E               	addwf	oled_update_screen@i& (0+255),w,b
  1525  000708  6ED9               	movwf	fsr2l,c
  1526  00070A  6ADA               	clrf	fsr2h,c
  1527  00070C  0E00               	movlw	high oled_update_screen@timebuf
  1528  00070E  22DA               	addwfc	fsr2h,f,c
  1529  000710  518E               	movf	oled_update_screen@i& (0+255),w,b
  1530  000712  6E29               	movwf	??_oled_update_screen^0,c
  1531  000714  6A2A               	clrf	(??_oled_update_screen+1)^0,c
  1532  000716  0E0C               	movlw	12
  1533  000718  2629               	addwf	??_oled_update_screen^0,f,c
  1534  00071A  0E00               	movlw	0
  1535  00071C  222A               	addwfc	(??_oled_update_screen+1)^0,f,c
  1536  00071E  0E60               	movlw	low oled_update_screen@linebuf
  1537  000720  2429               	addwf	??_oled_update_screen^0,w,c
  1538  000722  6EE1               	movwf	fsr1l,c
  1539  000724  0E00               	movlw	high oled_update_screen@linebuf
  1540  000726  202A               	addwfc	(??_oled_update_screen+1)^0,w,c
  1541  000728  6EE2               	movwf	fsr1h,c
  1542  00072A  CFDF FFE7          	movff	indf2,indf1
  1543  00072E                     
  1544                           ; BSR set to: 0
  1545  00072E  2B8E               	incf	oled_update_screen@i& (0+255),f,b
  1546  000730                     
  1547                           ; BSR set to: 0
  1548  000730  0E08               	movlw	8
  1549  000732  658E               	cpfsgt	oled_update_screen@i& (0+255),b
  1550  000734  EF9E  F003         	goto	u1371
  1551  000738  EFA0  F003         	goto	u1370
  1552  00073C                     u1371:
  1553  00073C  EF82  F003         	goto	l2498
  1554  000740                     u1370:
  1555  000740                     
  1556                           ; BSR set to: 0
  1557                           ;Dima_EV_1.c: 908:     oled_draw_text_centered(2, linebuf);
  1558  000740  0E60               	movlw	low oled_update_screen@linebuf
  1559  000742  6E11               	movwf	oled_draw_text_centered@text^0,c
  1560  000744  0E00               	movlw	high oled_update_screen@linebuf
  1561  000746  6E12               	movwf	(oled_draw_text_centered@text+1)^0,c
  1562  000748  0E02               	movlw	2
  1563  00074A  EC17  F00E         	call	_oled_draw_text_centered
  1564  00074E                     
  1565                           ;Dima_EV_1.c: 911:     format_runtime_string(timebuf, g_brush_seconds);
  1566  00074E  0E7C               	movlw	low oled_update_screen@timebuf
  1567  000750  6E17               	movwf	format_runtime_string@buf^0,c
  1568  000752  0E00               	movlw	high oled_update_screen@timebuf
  1569  000754  6E18               	movwf	(format_runtime_string@buf+1)^0,c
  1570  000756  C097  F019         	movff	_g_brush_seconds,format_runtime_string@seconds	;volatile
  1571  00075A  C098  F01A         	movff	_g_brush_seconds+1,format_runtime_string@seconds+1	;volatile
  1572  00075E  C099  F01B         	movff	_g_brush_seconds+2,format_runtime_string@seconds+2	;volatile
  1573  000762  C09A  F01C         	movff	_g_brush_seconds+3,format_runtime_string@seconds+3	;volatile
  1574  000766  ECAF  F006         	call	_format_runtime_string	;wreg free
  1575  00076A                     
  1576                           ;Dima_EV_1.c: 912:     linebuf[0]='B'; linebuf[1]='R'; linebuf[2]='U';
  1577  00076A  0E42               	movlw	66
  1578  00076C  0100               	movlb	0	; () banked
  1579  00076E  6F60               	movwf	oled_update_screen@linebuf& (0+255),b
  1580  000770                     
  1581                           ; BSR set to: 0
  1582  000770  0E52               	movlw	82
  1583  000772  6F61               	movwf	(oled_update_screen@linebuf+1)& (0+255),b
  1584  000774                     
  1585                           ; BSR set to: 0
  1586  000774  0E55               	movlw	85
  1587  000776  6F62               	movwf	(oled_update_screen@linebuf+2)& (0+255),b
  1588  000778                     
  1589                           ; BSR set to: 0
  1590                           ;Dima_EV_1.c: 913:     linebuf[3]=' '; linebuf[4]=' ';
  1591  000778  0E20               	movlw	32
  1592  00077A  6F63               	movwf	(oled_update_screen@linebuf+3)& (0+255),b
  1593  00077C                     
  1594                           ; BSR set to: 0
  1595  00077C  0E20               	movlw	32
  1596  00077E  6F64               	movwf	(oled_update_screen@linebuf+4)& (0+255),b
  1597  000780                     
  1598                           ; BSR set to: 0
  1599                           ;Dima_EV_1.c: 914:     for (uint8_t i=0;i<9;i++) linebuf[5+i]=timebuf[i];
  1600  000780  0E00               	movlw	0
  1601  000782  6F8F               	movwf	oled_update_screen@i_902& (0+255),b
  1602  000784                     l2524:
  1603                           
  1604                           ; BSR set to: 0
  1605  000784  0E7C               	movlw	low oled_update_screen@timebuf
  1606  000786  258F               	addwf	oled_update_screen@i_902& (0+255),w,b
  1607  000788  6ED9               	movwf	fsr2l,c
  1608  00078A  6ADA               	clrf	fsr2h,c
  1609  00078C  0E00               	movlw	high oled_update_screen@timebuf
  1610  00078E  22DA               	addwfc	fsr2h,f,c
  1611  000790  518F               	movf	oled_update_screen@i_902& (0+255),w,b
  1612  000792  6E29               	movwf	??_oled_update_screen^0,c
  1613  000794  6A2A               	clrf	(??_oled_update_screen+1)^0,c
  1614  000796  0E05               	movlw	5
  1615  000798  2629               	addwf	??_oled_update_screen^0,f,c
  1616  00079A  0E00               	movlw	0
  1617  00079C  222A               	addwfc	(??_oled_update_screen+1)^0,f,c
  1618  00079E  0E60               	movlw	low oled_update_screen@linebuf
  1619  0007A0  2429               	addwf	??_oled_update_screen^0,w,c
  1620  0007A2  6EE1               	movwf	fsr1l,c
  1621  0007A4  0E00               	movlw	high oled_update_screen@linebuf
  1622  0007A6  202A               	addwfc	(??_oled_update_screen+1)^0,w,c
  1623  0007A8  6EE2               	movwf	fsr1h,c
  1624  0007AA  CFDF FFE7          	movff	indf2,indf1
  1625  0007AE                     
  1626                           ; BSR set to: 0
  1627  0007AE  2B8F               	incf	oled_update_screen@i_902& (0+255),f,b
  1628  0007B0                     
  1629                           ; BSR set to: 0
  1630  0007B0  0E08               	movlw	8
  1631  0007B2  658F               	cpfsgt	oled_update_screen@i_902& (0+255),b
  1632  0007B4  EFDE  F003         	goto	u1381
  1633  0007B8  EFE0  F003         	goto	u1380
  1634  0007BC                     u1381:
  1635  0007BC  EFC2  F003         	goto	l2524
  1636  0007C0                     u1380:
  1637  0007C0                     
  1638                           ; BSR set to: 0
  1639                           ;Dima_EV_1.c: 916:     uint8_t len = 0;
  1640  0007C0  0E00               	movlw	0
  1641  0007C2  6F92               	movwf	oled_update_screen@len& (0+255),b
  1642  0007C4                     
  1643                           ; BSR set to: 0
  1644                           ;Dima_EV_1.c: 917:     const char *p = linebuf;
  1645  0007C4  0E60               	movlw	low oled_update_screen@linebuf
  1646  0007C6  6F89               	movwf	oled_update_screen@p& (0+255),b
  1647  0007C8  0E00               	movlw	high oled_update_screen@linebuf
  1648  0007CA  6F8A               	movwf	(oled_update_screen@p+1)& (0+255),b
  1649                           
  1650                           ;Dima_EV_1.c: 918:     while (*p && len < 23) { len++; p++; }
  1651  0007CC  EFEB  F003         	goto	l2536
  1652  0007D0                     l2534:
  1653                           
  1654                           ; BSR set to: 0
  1655  0007D0  2B92               	incf	oled_update_screen@len& (0+255),f,b
  1656  0007D2  4B89               	infsnz	oled_update_screen@p& (0+255),f,b
  1657  0007D4  2B8A               	incf	(oled_update_screen@p+1)& (0+255),f,b
  1658  0007D6                     l2536:
  1659                           
  1660                           ; BSR set to: 0
  1661  0007D6  C089  FFD9         	movff	oled_update_screen@p,fsr2l
  1662  0007DA  C08A  FFDA         	movff	oled_update_screen@p+1,fsr2h
  1663  0007DE  50DF               	movf	indf2,w,c
  1664  0007E0  B4D8               	btfsc	status,2,c
  1665  0007E2  EFF5  F003         	goto	u1391
  1666  0007E6  EFF7  F003         	goto	u1390
  1667  0007EA                     u1391:
  1668  0007EA  EFFF  F003         	goto	l2540
  1669  0007EE                     u1390:
  1670  0007EE                     
  1671                           ; BSR set to: 0
  1672  0007EE  0E16               	movlw	22
  1673  0007F0  6592               	cpfsgt	oled_update_screen@len& (0+255),b
  1674  0007F2  EFFD  F003         	goto	u1401
  1675  0007F6  EFFF  F003         	goto	u1400
  1676  0007FA                     u1401:
  1677  0007FA  EFE8  F003         	goto	l2534
  1678  0007FE                     u1400:
  1679  0007FE                     l2540:
  1680                           
  1681                           ; BSR set to: 0
  1682                           ;Dima_EV_1.c: 919:     uint8_t text_width = (uint8_t)(len * 6u);
  1683  0007FE  5192               	movf	oled_update_screen@len& (0+255),w,b
  1684  000800  0D06               	mullw	6
  1685  000802  CFF3 F085          	movff	prodl,oled_update_screen@text_width
  1686  000806                     
  1687                           ; BSR set to: 0
  1688                           ;Dima_EV_1.c: 920:     const uint8_t icon_width = 10u;
  1689  000806  0E0A               	movlw	10
  1690  000808  6F8D               	movwf	oled_update_screen@icon_width& (0+255),b
  1691  00080A                     
  1692                           ; BSR set to: 0
  1693                           ;Dima_EV_1.c: 921:     uint8_t total_width = (uint8_t)(icon_width + text_width);
  1694  00080A  5185               	movf	oled_update_screen@text_width& (0+255),w,b
  1695  00080C  0F0A               	addlw	10
  1696  00080E  6F86               	movwf	oled_update_screen@total_width& (0+255),b
  1697  000810                     
  1698                           ; BSR set to: 0
  1699                           ;Dima_EV_1.c: 922:     uint8_t start_col = (uint8_t)((128u - total_width) / 2u);
  1700  000810  0E80               	movlw	128
  1701  000812  6E29               	movwf	??_oled_update_screen^0,c
  1702  000814  0E00               	movlw	0
  1703  000816  6E2A               	movwf	(??_oled_update_screen+1)^0,c
  1704  000818  5186               	movf	oled_update_screen@total_width& (0+255),w,b
  1705  00081A  5E29               	subwf	??_oled_update_screen^0,f,c
  1706  00081C  0E00               	movlw	0
  1707  00081E  5A2A               	subwfb	(??_oled_update_screen+1)^0,f,c
  1708  000820  90D8               	bcf	status,0,c
  1709  000822  302A               	rrcf	(??_oled_update_screen+1)^0,w,c
  1710  000824  6E2C               	movwf	(??_oled_update_screen+3)^0,c
  1711  000826  3029               	rrcf	??_oled_update_screen^0,w,c
  1712  000828  6E2B               	movwf	(??_oled_update_screen+2)^0,c
  1713  00082A  502B               	movf	(??_oled_update_screen+2)^0,w,c
  1714  00082C  6F90               	movwf	oled_update_screen@start_col& (0+255),b
  1715  00082E                     
  1716                           ; BSR set to: 0
  1717                           ;Dima_EV_1.c: 923:     uint8_t icon_col = start_col;
  1718  00082E  C090  F087         	movff	oled_update_screen@start_col,oled_update_screen@icon_col
  1719  000832                     
  1720                           ; BSR set to: 0
  1721                           ;Dima_EV_1.c: 924:     uint8_t text_col = (uint8_t)(start_col + icon_width);
  1722  000832  5190               	movf	oled_update_screen@start_col& (0+255),w,b
  1723  000834  0F0A               	addlw	10
  1724  000836  6F88               	movwf	oled_update_screen@text_col& (0+255),b
  1725  000838                     
  1726                           ; BSR set to: 0
  1727                           ;Dima_EV_1.c: 926:     const uint8_t *brush_icon = (g_brush_on && g_logo_blink_state) ? 
      +                          icon_brush_on : icon_brush_off;
  1728  000838  51A8               	movf	_g_brush_on& (0+255),w,b	;volatile
  1729  00083A  B4D8               	btfsc	status,2,c
  1730  00083C  EF22  F004         	goto	u1411
  1731  000840  EF24  F004         	goto	u1410
  1732  000844                     u1411:
  1733  000844  EF2C  F004         	goto	l2556
  1734  000848                     u1410:
  1735  000848                     
  1736                           ; BSR set to: 0
  1737  000848  51A3               	movf	_g_logo_blink_state& (0+255),w,b	;volatile
  1738  00084A  A4D8               	btfss	status,2,c
  1739  00084C  EF2A  F004         	goto	u1421
  1740  000850  EF2C  F004         	goto	u1420
  1741  000854                     u1421:
  1742  000854  EF32  F004         	goto	l2558
  1743  000858                     u1420:
  1744  000858                     l2556:
  1745                           
  1746                           ; BSR set to: 0
  1747  000858  0E43               	movlw	low _icon_brush_off
  1748  00085A  6F78               	movwf	oled_update_screen@brush_icon& (0+255),b
  1749  00085C  0E06               	movlw	high _icon_brush_off
  1750  00085E  6F79               	movwf	(oled_update_screen@brush_icon+1)& (0+255),b
  1751  000860  EF36  F004         	goto	l2560
  1752  000864                     l2558:
  1753                           
  1754                           ; BSR set to: 0
  1755  000864  0E4B               	movlw	low _icon_brush_on
  1756  000866  6F78               	movwf	oled_update_screen@brush_icon& (0+255),b
  1757  000868  0E06               	movlw	high _icon_brush_on
  1758  00086A  6F79               	movwf	(oled_update_screen@brush_icon+1)& (0+255),b
  1759  00086C                     l2560:
  1760                           
  1761                           ; BSR set to: 0
  1762                           ;Dima_EV_1.c: 927:     oled_set_cursor(icon_col, 4);
  1763  00086C  0E04               	movlw	4
  1764  00086E  6E07               	movwf	oled_set_cursor@page^0,c
  1765  000870  5187               	movf	oled_update_screen@icon_col& (0+255),w,b
  1766  000872  EC59  F010         	call	_oled_set_cursor
  1767  000876                     
  1768                           ;Dima_EV_1.c: 928:     oled_send_data_start();
  1769  000876  ECB5  F010         	call	_oled_send_data_start	;wreg free
  1770  00087A                     
  1771                           ;Dima_EV_1.c: 929:     for (uint8_t i = 0; i < 8; i++) oled_send_data_byte(brush_icon[i]
      +                          );
  1772  00087A  0E00               	movlw	0
  1773  00087C  0100               	movlb	0	; () banked
  1774  00087E  6F8B               	movwf	oled_update_screen@i_913& (0+255),b
  1775  000880                     l2566:
  1776                           
  1777                           ; BSR set to: 0
  1778  000880  0E07               	movlw	7
  1779  000882  658B               	cpfsgt	oled_update_screen@i_913& (0+255),b
  1780  000884  EF46  F004         	goto	u1431
  1781  000888  EF48  F004         	goto	u1430
  1782  00088C                     u1431:
  1783  00088C  EF4A  F004         	goto	l2570
  1784  000890                     u1430:
  1785  000890  EF5C  F004         	goto	l2576
  1786  000894                     l2570:
  1787                           
  1788                           ; BSR set to: 0
  1789  000894  518B               	movf	oled_update_screen@i_913& (0+255),w,b
  1790  000896  2578               	addwf	oled_update_screen@brush_icon& (0+255),w,b
  1791  000898  6E29               	movwf	??_oled_update_screen^0,c
  1792  00089A  0E00               	movlw	0
  1793  00089C  2179               	addwfc	(oled_update_screen@brush_icon+1)& (0+255),w,b
  1794  00089E  6E2A               	movwf	(??_oled_update_screen+1)^0,c
  1795  0008A0  C029  FFF6         	movff	??_oled_update_screen,tblptrl
  1796  0008A4  C02A  FFF7         	movff	??_oled_update_screen+1,tblptrh
  1797  0008A8                     	if	0	;tblptru may be non-zero
  1798  0008A8                     	endif
  1799  0008A8                     	if	0	;tblptru may be non-zero
  1800  0008A8                     	endif
  1801  0008A8  0008               	tblrd		*
  1802  0008AA  50F5               	movf	tablat,w,c
  1803  0008AC  ECCA  F010         	call	_oled_send_data_byte
  1804  0008B0  0100               	movlb	0	; () banked
  1805  0008B2  2B8B               	incf	oled_update_screen@i_913& (0+255),f,b
  1806  0008B4  EF40  F004         	goto	l2566
  1807  0008B8                     l2576:
  1808                           
  1809                           ; BSR set to: 0
  1810                           ;Dima_EV_1.c: 930:     oled_send_data_stop();
  1811  0008B8  ECD2  F010         	call	_oled_send_data_stop	;wreg free
  1812  0008BC                     
  1813                           ;Dima_EV_1.c: 931:     oled_draw_text(text_col, 4, linebuf);
  1814  0008BC  0E04               	movlw	4
  1815  0008BE  6E0D               	movwf	oled_draw_text@page^0,c
  1816  0008C0  0E60               	movlw	low oled_update_screen@linebuf
  1817  0008C2  6E0E               	movwf	oled_draw_text@text^0,c
  1818  0008C4  0E00               	movlw	high oled_update_screen@linebuf
  1819  0008C6  6E0F               	movwf	(oled_draw_text@text+1)^0,c
  1820  0008C8  0100               	movlb	0	; () banked
  1821  0008CA  5188               	movf	oled_update_screen@text_col& (0+255),w,b
  1822  0008CC  ECE5  F00E         	call	_oled_draw_text
  1823  0008D0                     
  1824                           ;Dima_EV_1.c: 934:     format_runtime_string(timebuf, g_vacuum_seconds);
  1825  0008D0  0E7C               	movlw	low oled_update_screen@timebuf
  1826  0008D2  6E17               	movwf	format_runtime_string@buf^0,c
  1827  0008D4  0E00               	movlw	high oled_update_screen@timebuf
  1828  0008D6  6E18               	movwf	(format_runtime_string@buf+1)^0,c
  1829  0008D8  C093  F019         	movff	_g_vacuum_seconds,format_runtime_string@seconds	;volatile
  1830  0008DC  C094  F01A         	movff	_g_vacuum_seconds+1,format_runtime_string@seconds+1	;volatile
  1831  0008E0  C095  F01B         	movff	_g_vacuum_seconds+2,format_runtime_string@seconds+2	;volatile
  1832  0008E4  C096  F01C         	movff	_g_vacuum_seconds+3,format_runtime_string@seconds+3	;volatile
  1833  0008E8  ECAF  F006         	call	_format_runtime_string	;wreg free
  1834  0008EC                     
  1835                           ;Dima_EV_1.c: 935:     linebuf[0]='V'; linebuf[1]='A'; linebuf[2]='C';
  1836  0008EC  0E56               	movlw	86
  1837  0008EE  0100               	movlb	0	; () banked
  1838  0008F0  6F60               	movwf	oled_update_screen@linebuf& (0+255),b
  1839  0008F2                     
  1840                           ; BSR set to: 0
  1841  0008F2  0E41               	movlw	65
  1842  0008F4  6F61               	movwf	(oled_update_screen@linebuf+1)& (0+255),b
  1843  0008F6                     
  1844                           ; BSR set to: 0
  1845  0008F6  0E43               	movlw	67
  1846  0008F8  6F62               	movwf	(oled_update_screen@linebuf+2)& (0+255),b
  1847  0008FA                     
  1848                           ; BSR set to: 0
  1849                           ;Dima_EV_1.c: 936:     linebuf[3]=' '; linebuf[4]=' ';
  1850  0008FA  0E20               	movlw	32
  1851  0008FC  6F63               	movwf	(oled_update_screen@linebuf+3)& (0+255),b
  1852  0008FE                     
  1853                           ; BSR set to: 0
  1854  0008FE  0E20               	movlw	32
  1855  000900  6F64               	movwf	(oled_update_screen@linebuf+4)& (0+255),b
  1856  000902                     
  1857                           ; BSR set to: 0
  1858                           ;Dima_EV_1.c: 937:     for (uint8_t i2=0;i2<9;i2++) linebuf[5+i2]=timebuf[i2];
  1859  000902  0E00               	movlw	0
  1860  000904  6F91               	movwf	oled_update_screen@i2& (0+255),b
  1861  000906                     l2594:
  1862                           
  1863                           ; BSR set to: 0
  1864  000906  0E08               	movlw	8
  1865  000908  6591               	cpfsgt	oled_update_screen@i2& (0+255),b
  1866  00090A  EF89  F004         	goto	u1441
  1867  00090E  EF8B  F004         	goto	u1440
  1868  000912                     u1441:
  1869  000912  EF8D  F004         	goto	l2598
  1870  000916                     u1440:
  1871  000916  EFA5  F004         	goto	l2604
  1872  00091A                     l2598:
  1873                           
  1874                           ; BSR set to: 0
  1875  00091A  0E7C               	movlw	low oled_update_screen@timebuf
  1876  00091C  2591               	addwf	oled_update_screen@i2& (0+255),w,b
  1877  00091E  6ED9               	movwf	fsr2l,c
  1878  000920  6ADA               	clrf	fsr2h,c
  1879  000922  0E00               	movlw	high oled_update_screen@timebuf
  1880  000924  22DA               	addwfc	fsr2h,f,c
  1881  000926  5191               	movf	oled_update_screen@i2& (0+255),w,b
  1882  000928  6E29               	movwf	??_oled_update_screen^0,c
  1883  00092A  6A2A               	clrf	(??_oled_update_screen+1)^0,c
  1884  00092C  0E05               	movlw	5
  1885  00092E  2629               	addwf	??_oled_update_screen^0,f,c
  1886  000930  0E00               	movlw	0
  1887  000932  222A               	addwfc	(??_oled_update_screen+1)^0,f,c
  1888  000934  0E60               	movlw	low oled_update_screen@linebuf
  1889  000936  2429               	addwf	??_oled_update_screen^0,w,c
  1890  000938  6EE1               	movwf	fsr1l,c
  1891  00093A  0E00               	movlw	high oled_update_screen@linebuf
  1892  00093C  202A               	addwfc	(??_oled_update_screen+1)^0,w,c
  1893  00093E  6EE2               	movwf	fsr1h,c
  1894  000940  CFDF FFE7          	movff	indf2,indf1
  1895  000944                     
  1896                           ; BSR set to: 0
  1897  000944  2B91               	incf	oled_update_screen@i2& (0+255),f,b
  1898  000946  EF83  F004         	goto	l2594
  1899  00094A                     l2604:
  1900                           
  1901                           ; BSR set to: 0
  1902                           ;Dima_EV_1.c: 939:     len = 0;
  1903  00094A  0E00               	movlw	0
  1904  00094C  6F92               	movwf	oled_update_screen@len& (0+255),b
  1905  00094E                     
  1906                           ; BSR set to: 0
  1907                           ;Dima_EV_1.c: 940:     p = linebuf;
  1908  00094E  0E60               	movlw	low oled_update_screen@linebuf
  1909  000950  6F89               	movwf	oled_update_screen@p& (0+255),b
  1910  000952  0E00               	movlw	high oled_update_screen@linebuf
  1911  000954  6F8A               	movwf	(oled_update_screen@p+1)& (0+255),b
  1912                           
  1913                           ;Dima_EV_1.c: 941:     while (*p && len < 23) { len++; p++; }
  1914  000956  EFB0  F004         	goto	l2610
  1915  00095A                     l2608:
  1916                           
  1917                           ; BSR set to: 0
  1918  00095A  2B92               	incf	oled_update_screen@len& (0+255),f,b
  1919  00095C  4B89               	infsnz	oled_update_screen@p& (0+255),f,b
  1920  00095E  2B8A               	incf	(oled_update_screen@p+1)& (0+255),f,b
  1921  000960                     l2610:
  1922                           
  1923                           ; BSR set to: 0
  1924  000960  C089  FFD9         	movff	oled_update_screen@p,fsr2l
  1925  000964  C08A  FFDA         	movff	oled_update_screen@p+1,fsr2h
  1926  000968  50DF               	movf	indf2,w,c
  1927  00096A  B4D8               	btfsc	status,2,c
  1928  00096C  EFBA  F004         	goto	u1451
  1929  000970  EFBC  F004         	goto	u1450
  1930  000974                     u1451:
  1931  000974  EFC4  F004         	goto	l2614
  1932  000978                     u1450:
  1933  000978                     
  1934                           ; BSR set to: 0
  1935  000978  0E16               	movlw	22
  1936  00097A  6592               	cpfsgt	oled_update_screen@len& (0+255),b
  1937  00097C  EFC2  F004         	goto	u1461
  1938  000980  EFC4  F004         	goto	u1460
  1939  000984                     u1461:
  1940  000984  EFAD  F004         	goto	l2608
  1941  000988                     u1460:
  1942  000988                     l2614:
  1943                           
  1944                           ; BSR set to: 0
  1945                           ;Dima_EV_1.c: 942:     text_width = (uint8_t)(len * 6u);
  1946  000988  5192               	movf	oled_update_screen@len& (0+255),w,b
  1947  00098A  0D06               	mullw	6
  1948  00098C  CFF3 F085          	movff	prodl,oled_update_screen@text_width
  1949  000990                     
  1950                           ; BSR set to: 0
  1951                           ;Dima_EV_1.c: 943:     total_width = (uint8_t)(icon_width + text_width);
  1952  000990  518D               	movf	oled_update_screen@icon_width& (0+255),w,b
  1953  000992  2585               	addwf	oled_update_screen@text_width& (0+255),w,b
  1954  000994  6F86               	movwf	oled_update_screen@total_width& (0+255),b
  1955  000996                     
  1956                           ; BSR set to: 0
  1957                           ;Dima_EV_1.c: 944:     start_col = (uint8_t)((128u - total_width) / 2u);
  1958  000996  0E80               	movlw	128
  1959  000998  6E29               	movwf	??_oled_update_screen^0,c
  1960  00099A  0E00               	movlw	0
  1961  00099C  6E2A               	movwf	(??_oled_update_screen+1)^0,c
  1962  00099E  5186               	movf	oled_update_screen@total_width& (0+255),w,b
  1963  0009A0  5E29               	subwf	??_oled_update_screen^0,f,c
  1964  0009A2  0E00               	movlw	0
  1965  0009A4  5A2A               	subwfb	(??_oled_update_screen+1)^0,f,c
  1966  0009A6  90D8               	bcf	status,0,c
  1967  0009A8  302A               	rrcf	(??_oled_update_screen+1)^0,w,c
  1968  0009AA  6E2C               	movwf	(??_oled_update_screen+3)^0,c
  1969  0009AC  3029               	rrcf	??_oled_update_screen^0,w,c
  1970  0009AE  6E2B               	movwf	(??_oled_update_screen+2)^0,c
  1971  0009B0  502B               	movf	(??_oled_update_screen+2)^0,w,c
  1972  0009B2  6F90               	movwf	oled_update_screen@start_col& (0+255),b
  1973  0009B4                     
  1974                           ; BSR set to: 0
  1975                           ;Dima_EV_1.c: 945:     icon_col = start_col;
  1976  0009B4  C090  F087         	movff	oled_update_screen@start_col,oled_update_screen@icon_col
  1977  0009B8                     
  1978                           ; BSR set to: 0
  1979                           ;Dima_EV_1.c: 946:     text_col = (uint8_t)(start_col + icon_width);
  1980  0009B8  5190               	movf	oled_update_screen@start_col& (0+255),w,b
  1981  0009BA  258D               	addwf	oled_update_screen@icon_width& (0+255),w,b
  1982  0009BC  6F88               	movwf	oled_update_screen@text_col& (0+255),b
  1983  0009BE                     
  1984                           ; BSR set to: 0
  1985                           ;Dima_EV_1.c: 948:     const uint8_t *vac_icon = (g_vacuum_on && g_logo_blink_state) ? i
      +                          con_vac_on : icon_vac_off;
  1986  0009BE  51A7               	movf	_g_vacuum_on& (0+255),w,b	;volatile
  1987  0009C0  B4D8               	btfsc	status,2,c
  1988  0009C2  EFE5  F004         	goto	u1471
  1989  0009C6  EFE7  F004         	goto	u1470
  1990  0009CA                     u1471:
  1991  0009CA  EFEF  F004         	goto	l2628
  1992  0009CE                     u1470:
  1993  0009CE                     
  1994                           ; BSR set to: 0
  1995  0009CE  51A3               	movf	_g_logo_blink_state& (0+255),w,b	;volatile
  1996  0009D0  A4D8               	btfss	status,2,c
  1997  0009D2  EFED  F004         	goto	u1481
  1998  0009D6  EFEF  F004         	goto	u1480
  1999  0009DA                     u1481:
  2000  0009DA  EFF5  F004         	goto	l2630
  2001  0009DE                     u1480:
  2002  0009DE                     l2628:
  2003                           
  2004                           ; BSR set to: 0
  2005  0009DE  0E33               	movlw	low _icon_vac_off
  2006  0009E0  6F7A               	movwf	oled_update_screen@vac_icon& (0+255),b
  2007  0009E2  0E06               	movlw	high _icon_vac_off
  2008  0009E4  6F7B               	movwf	(oled_update_screen@vac_icon+1)& (0+255),b
  2009  0009E6  EFF9  F004         	goto	l2632
  2010  0009EA                     l2630:
  2011                           
  2012                           ; BSR set to: 0
  2013  0009EA  0E3B               	movlw	low _icon_vac_on
  2014  0009EC  6F7A               	movwf	oled_update_screen@vac_icon& (0+255),b
  2015  0009EE  0E06               	movlw	high _icon_vac_on
  2016  0009F0  6F7B               	movwf	(oled_update_screen@vac_icon+1)& (0+255),b
  2017  0009F2                     l2632:
  2018                           
  2019                           ; BSR set to: 0
  2020                           ;Dima_EV_1.c: 949:     oled_set_cursor(icon_col, 6);
  2021  0009F2  0E06               	movlw	6
  2022  0009F4  6E07               	movwf	oled_set_cursor@page^0,c
  2023  0009F6  5187               	movf	oled_update_screen@icon_col& (0+255),w,b
  2024  0009F8  EC59  F010         	call	_oled_set_cursor
  2025  0009FC                     
  2026                           ;Dima_EV_1.c: 950:     oled_send_data_start();
  2027  0009FC  ECB5  F010         	call	_oled_send_data_start	;wreg free
  2028  000A00                     
  2029                           ;Dima_EV_1.c: 951:     for (uint8_t j = 0; j < 8; j++) oled_send_data_byte(vac_icon[j]);
  2030  000A00  0E00               	movlw	0
  2031  000A02  0100               	movlb	0	; () banked
  2032  000A04  6F8C               	movwf	oled_update_screen@j& (0+255),b
  2033  000A06                     l2638:
  2034                           
  2035                           ; BSR set to: 0
  2036  000A06  0E07               	movlw	7
  2037  000A08  658C               	cpfsgt	oled_update_screen@j& (0+255),b
  2038  000A0A  EF09  F005         	goto	u1491
  2039  000A0E  EF0B  F005         	goto	u1490
  2040  000A12                     u1491:
  2041  000A12  EF0D  F005         	goto	l2642
  2042  000A16                     u1490:
  2043  000A16  EF1F  F005         	goto	l2648
  2044  000A1A                     l2642:
  2045                           
  2046                           ; BSR set to: 0
  2047  000A1A  518C               	movf	oled_update_screen@j& (0+255),w,b
  2048  000A1C  257A               	addwf	oled_update_screen@vac_icon& (0+255),w,b
  2049  000A1E  6E29               	movwf	??_oled_update_screen^0,c
  2050  000A20  0E00               	movlw	0
  2051  000A22  217B               	addwfc	(oled_update_screen@vac_icon+1)& (0+255),w,b
  2052  000A24  6E2A               	movwf	(??_oled_update_screen+1)^0,c
  2053  000A26  C029  FFF6         	movff	??_oled_update_screen,tblptrl
  2054  000A2A  C02A  FFF7         	movff	??_oled_update_screen+1,tblptrh
  2055  000A2E                     	if	0	;tblptru may be non-zero
  2056  000A2E                     	endif
  2057  000A2E                     	if	0	;tblptru may be non-zero
  2058  000A2E                     	endif
  2059  000A2E  0008               	tblrd		*
  2060  000A30  50F5               	movf	tablat,w,c
  2061  000A32  ECCA  F010         	call	_oled_send_data_byte
  2062  000A36  0100               	movlb	0	; () banked
  2063  000A38  2B8C               	incf	oled_update_screen@j& (0+255),f,b
  2064  000A3A  EF03  F005         	goto	l2638
  2065  000A3E                     l2648:
  2066                           
  2067                           ; BSR set to: 0
  2068                           ;Dima_EV_1.c: 952:     oled_send_data_stop();
  2069  000A3E  ECD2  F010         	call	_oled_send_data_stop	;wreg free
  2070  000A42                     
  2071                           ;Dima_EV_1.c: 953:     oled_draw_text(text_col, 6, linebuf);
  2072  000A42  0E06               	movlw	6
  2073  000A44  6E0D               	movwf	oled_draw_text@page^0,c
  2074  000A46  0E60               	movlw	low oled_update_screen@linebuf
  2075  000A48  6E0E               	movwf	oled_draw_text@text^0,c
  2076  000A4A  0E00               	movlw	high oled_update_screen@linebuf
  2077  000A4C  6E0F               	movwf	(oled_draw_text@text+1)^0,c
  2078  000A4E  0100               	movlb	0	; () banked
  2079  000A50  5188               	movf	oled_update_screen@text_col& (0+255),w,b
  2080  000A52  ECE5  F00E         	call	_oled_draw_text
  2081  000A56  0012               	return		;funcret
  2082  000A58                     __end_of_oled_update_screen:
  2083                           	callstack 0
  2084                           
  2085 ;; *************** function _oled_draw_text_centered *****************
  2086 ;; Defined at:
  2087 ;;		line 724 in file "Dima_EV_1.c"
  2088 ;; Parameters:    Size  Location     Type
  2089 ;;  page            1    wreg     unsigned char 
  2090 ;;  text            2   16[COMRAM] PTR const unsigned char 
  2091 ;;		 -> oled_update_screen@linebuf(24), STR_1(5), 
  2092 ;; Auto vars:     Size  Location     Type
  2093 ;;  page            1   22[COMRAM] unsigned char 
  2094 ;;  p               2   23[COMRAM] PTR const unsigned char 
  2095 ;;		 -> oled_update_screen@linebuf(24), STR_1(5), 
  2096 ;;  len             1   27[COMRAM] unsigned char 
  2097 ;;  start_col       1   26[COMRAM] unsigned char 
  2098 ;;  width           1   25[COMRAM] unsigned char 
  2099 ;; Return value:  Size  Location     Type
  2100 ;;                  1    wreg      void 
  2101 ;; Registers used:
  2102 ;;		wreg, fsr0l, fsr0h, status,2, status,0, tblptrl, tblptrh, tblptru, prodl, prodh, cstack
  2103 ;; Tracked objects:
  2104 ;;		On entry : 0/0
  2105 ;;		On exit  : 0/0
  2106 ;;		Unchanged: 0/0
  2107 ;; Data sizes:     COMRAM   BANK0   BANK1   BANK2   BANK3   BANK4   BANK5
  2108 ;;      Params:         2       0       0       0       0       0       0
  2109 ;;      Locals:         6       0       0       0       0       0       0
  2110 ;;      Temps:          4       0       0       0       0       0       0
  2111 ;;      Totals:        12       0       0       0       0       0       0
  2112 ;;Total ram usage:       12 bytes
  2113 ;; Hardware stack levels used:    1
  2114 ;; Hardware stack levels required when called:    7
  2115 ;; This function calls:
  2116 ;;		_oled_draw_text
  2117 ;; This function is called by:
  2118 ;;		_oled_update_screen
  2119 ;; This function uses a non-reentrant model
  2120 ;;
  2121                           
  2122                           	psect	text3
  2123  001C2E                     __ptext3:
  2124                           	callstack 0
  2125  001C2E                     _oled_draw_text_centered:
  2126                           	callstack 21
  2127                           
  2128                           ;incstack = 0
  2129                           ;oled_draw_text_centered@page stored from wreg
  2130  001C2E  6E17               	movwf	oled_draw_text_centered@page^0,c
  2131  001C30                     
  2132                           ;Dima_EV_1.c: 724: void oled_draw_text_centered(uint8_t page, const char *text);Dima_EV_
      +                          1.c: 725: {;Dima_EV_1.c: 726:     uint8_t len = 0;
  2133  001C30  0E00               	movlw	0
  2134  001C32  6E1C               	movwf	oled_draw_text_centered@len^0,c
  2135  001C34                     
  2136                           ;Dima_EV_1.c: 727:     const char *p = text;
  2137  001C34  C011  F018         	movff	oled_draw_text_centered@text,oled_draw_text_centered@p
  2138  001C38  C012  F019         	movff	oled_draw_text_centered@text+1,oled_draw_text_centered@p+1
  2139                           
  2140                           ;Dima_EV_1.c: 728:     while (*p && len < 21)
  2141  001C3C  EF23  F00E         	goto	l2310
  2142  001C40                     l2308:
  2143                           
  2144                           ;Dima_EV_1.c: 729:     {;Dima_EV_1.c: 730:         len++;
  2145  001C40  2A1C               	incf	oled_draw_text_centered@len^0,f,c
  2146                           
  2147                           ;Dima_EV_1.c: 731:         p++;
  2148  001C42  4A18               	infsnz	oled_draw_text_centered@p^0,f,c
  2149  001C44  2A19               	incf	(oled_draw_text_centered@p+1)^0,f,c
  2150  001C46                     l2310:
  2151                           
  2152                           ;Dima_EV_1.c: 728:     while (*p && len < 21)
  2153  001C46  C018  FFF6         	movff	oled_draw_text_centered@p,tblptrl
  2154  001C4A  C019  FFF7         	movff	oled_draw_text_centered@p+1,tblptrh
  2155  001C4E  6AF8               	clrf	tblptru,c
  2156  001C50  0E05               	movlw	(high __ramtop+-1)
  2157  001C52  64F7               	cpfsgt	tblptrh,c
  2158  001C54  D003               	bra	u1277
  2159  001C56  0008               	tblrd		*
  2160  001C58  50F5               	movf	tablat,w,c
  2161  001C5A  D005               	bra	u1270
  2162  001C5C                     u1277:
  2163  001C5C  CFF6 FFE9          	movff	tblptrl,fsr0l
  2164  001C60  CFF7 FFEA          	movff	tblptrh,fsr0h
  2165  001C64  50EF               	movf	indf0,w,c
  2166  001C66                     u1270:
  2167  001C66  0900               	iorlw	0
  2168  001C68  B4D8               	btfsc	status,2,c
  2169  001C6A  EF39  F00E         	goto	u1281
  2170  001C6E  EF3B  F00E         	goto	u1280
  2171  001C72                     u1281:
  2172  001C72  EF43  F00E         	goto	l2314
  2173  001C76                     u1280:
  2174  001C76  0E14               	movlw	20
  2175  001C78  641C               	cpfsgt	oled_draw_text_centered@len^0,c
  2176  001C7A  EF41  F00E         	goto	u1291
  2177  001C7E  EF43  F00E         	goto	u1290
  2178  001C82                     u1291:
  2179  001C82  EF20  F00E         	goto	l2308
  2180  001C86                     u1290:
  2181  001C86                     l2314:
  2182                           
  2183                           ;Dima_EV_1.c: 734:     uint8_t width = (uint8_t)(len * 6u);
  2184  001C86  501C               	movf	oled_draw_text_centered@len^0,w,c
  2185  001C88  0D06               	mullw	6
  2186  001C8A  CFF3 F01A          	movff	prodl,oled_draw_text_centered@width
  2187  001C8E                     
  2188                           ;Dima_EV_1.c: 735:     uint8_t start_col = (uint8_t)((128u - width) / 2u);
  2189  001C8E  0E80               	movlw	128
  2190  001C90  6E13               	movwf	??_oled_draw_text_centered^0,c
  2191  001C92  0E00               	movlw	0
  2192  001C94  6E14               	movwf	(??_oled_draw_text_centered+1)^0,c
  2193  001C96  501A               	movf	oled_draw_text_centered@width^0,w,c
  2194  001C98  5E13               	subwf	??_oled_draw_text_centered^0,f,c
  2195  001C9A  0E00               	movlw	0
  2196  001C9C  5A14               	subwfb	(??_oled_draw_text_centered+1)^0,f,c
  2197  001C9E  90D8               	bcf	status,0,c
  2198  001CA0  3014               	rrcf	(??_oled_draw_text_centered+1)^0,w,c
  2199  001CA2  6E16               	movwf	(??_oled_draw_text_centered+3)^0,c
  2200  001CA4  3013               	rrcf	??_oled_draw_text_centered^0,w,c
  2201  001CA6  6E15               	movwf	(??_oled_draw_text_centered+2)^0,c
  2202  001CA8  5015               	movf	(??_oled_draw_text_centered+2)^0,w,c
  2203  001CAA  6E1B               	movwf	oled_draw_text_centered@start_col^0,c
  2204  001CAC                     
  2205                           ;Dima_EV_1.c: 736:     oled_draw_text(start_col, page, text);
  2206  001CAC  C017  F00D         	movff	oled_draw_text_centered@page,oled_draw_text@page
  2207  001CB0  C011  F00E         	movff	oled_draw_text_centered@text,oled_draw_text@text
  2208  001CB4  C012  F00F         	movff	oled_draw_text_centered@text+1,oled_draw_text@text+1
  2209  001CB8  501B               	movf	oled_draw_text_centered@start_col^0,w,c
  2210  001CBA  ECE5  F00E         	call	_oled_draw_text
  2211  001CBE  0012               	return		;funcret
  2212  001CC0                     __end_of_oled_draw_text_centered:
  2213                           	callstack 0
  2214                           
  2215 ;; *************** function _oled_draw_text *****************
  2216 ;; Defined at:
  2217 ;;		line 712 in file "Dima_EV_1.c"
  2218 ;; Parameters:    Size  Location     Type
  2219 ;;  col             1    wreg     unsigned char 
  2220 ;;  page            1   12[COMRAM] unsigned char 
  2221 ;;  text            2   13[COMRAM] PTR const unsigned char 
  2222 ;;		 -> oled_update_screen@linebuf(24), STR_1(5), 
  2223 ;; Auto vars:     Size  Location     Type
  2224 ;;  col             1   15[COMRAM] unsigned char 
  2225 ;; Return value:  Size  Location     Type
  2226 ;;                  1    wreg      void 
  2227 ;; Registers used:
  2228 ;;		wreg, fsr0l, fsr0h, status,2, status,0, tblptrl, tblptrh, tblptru, prodl, prodh, cstack
  2229 ;; Tracked objects:
  2230 ;;		On entry : 0/0
  2231 ;;		On exit  : 0/0
  2232 ;;		Unchanged: 0/0
  2233 ;; Data sizes:     COMRAM   BANK0   BANK1   BANK2   BANK3   BANK4   BANK5
  2234 ;;      Params:         3       0       0       0       0       0       0
  2235 ;;      Locals:         1       0       0       0       0       0       0
  2236 ;;      Temps:          0       0       0       0       0       0       0
  2237 ;;      Totals:         4       0       0       0       0       0       0
  2238 ;;Total ram usage:        4 bytes
  2239 ;; Hardware stack levels used:    1
  2240 ;; Hardware stack levels required when called:    6
  2241 ;; This function calls:
  2242 ;;		_oled_draw_char
  2243 ;;		_oled_send_data_start
  2244 ;;		_oled_send_data_stop
  2245 ;;		_oled_set_cursor
  2246 ;; This function is called by:
  2247 ;;		_oled_draw_text_centered
  2248 ;;		_oled_update_screen
  2249 ;; This function uses a non-reentrant model
  2250 ;;
  2251                           
  2252                           	psect	text4
  2253  001DCA                     __ptext4:
  2254                           	callstack 0
  2255  001DCA                     _oled_draw_text:
  2256                           	callstack 21
  2257                           
  2258                           ;incstack = 0
  2259                           ;oled_draw_text@col stored from wreg
  2260  001DCA  6E10               	movwf	oled_draw_text@col^0,c
  2261  001DCC                     
  2262                           ;Dima_EV_1.c: 712: void oled_draw_text(uint8_t col, uint8_t page, const char *text);Dima
      +                          _EV_1.c: 713: {;Dima_EV_1.c: 714:     oled_set_cursor(col, page);
  2263  001DCC  C00D  F007         	movff	oled_draw_text@page,oled_set_cursor@page
  2264  001DD0  5010               	movf	oled_draw_text@col^0,w,c
  2265  001DD2  EC59  F010         	call	_oled_set_cursor
  2266                           
  2267                           ;Dima_EV_1.c: 715:     oled_send_data_start();
  2268  001DD6  ECB5  F010         	call	_oled_send_data_start	;wreg free
  2269                           
  2270                           ;Dima_EV_1.c: 716:     while (*text)
  2271  001DDA  EF03  F00F         	goto	l2220
  2272  001DDE                     l2216:
  2273                           
  2274                           ;Dima_EV_1.c: 717:     {;Dima_EV_1.c: 718:         oled_draw_char(*text++);
  2275  001DDE  C00E  FFF6         	movff	oled_draw_text@text,tblptrl
  2276  001DE2  C00F  FFF7         	movff	oled_draw_text@text+1,tblptrh
  2277  001DE6  6AF8               	clrf	tblptru,c
  2278  001DE8  0E05               	movlw	(high __ramtop+-1)
  2279  001DEA  64F7               	cpfsgt	tblptrh,c
  2280  001DEC  D003               	bra	u1127
  2281  001DEE  0008               	tblrd		*
  2282  001DF0  50F5               	movf	tablat,w,c
  2283  001DF2  D005               	bra	u1120
  2284  001DF4                     u1127:
  2285  001DF4  CFF6 FFE9          	movff	tblptrl,fsr0l
  2286  001DF8  CFF7 FFEA          	movff	tblptrh,fsr0h
  2287  001DFC  50EF               	movf	indf0,w,c
  2288  001DFE                     u1120:
  2289  001DFE  ECCB  F00D         	call	_oled_draw_char
  2290  001E02  4A0E               	infsnz	oled_draw_text@text^0,f,c
  2291  001E04  2A0F               	incf	(oled_draw_text@text+1)^0,f,c
  2292  001E06                     l2220:
  2293                           
  2294                           ;Dima_EV_1.c: 716:     while (*text)
  2295  001E06  C00E  FFF6         	movff	oled_draw_text@text,tblptrl
  2296  001E0A  C00F  FFF7         	movff	oled_draw_text@text+1,tblptrh
  2297  001E0E  6AF8               	clrf	tblptru,c
  2298  001E10  0E05               	movlw	(high __ramtop+-1)
  2299  001E12  64F7               	cpfsgt	tblptrh,c
  2300  001E14  D003               	bra	u1137
  2301  001E16  0008               	tblrd		*
  2302  001E18  50F5               	movf	tablat,w,c
  2303  001E1A  D005               	bra	u1130
  2304  001E1C                     u1137:
  2305  001E1C  CFF6 FFE9          	movff	tblptrl,fsr0l
  2306  001E20  CFF7 FFEA          	movff	tblptrh,fsr0h
  2307  001E24  50EF               	movf	indf0,w,c
  2308  001E26                     u1130:
  2309  001E26  0900               	iorlw	0
  2310  001E28  A4D8               	btfss	status,2,c
  2311  001E2A  EF19  F00F         	goto	u1141
  2312  001E2E  EF1B  F00F         	goto	u1140
  2313  001E32                     u1141:
  2314  001E32  EFEF  F00E         	goto	l2216
  2315  001E36                     u1140:
  2316  001E36                     
  2317                           ;Dima_EV_1.c: 720:     oled_send_data_stop();
  2318  001E36  ECD2  F010         	call	_oled_send_data_stop	;wreg free
  2319  001E3A  0012               	return		;funcret
  2320  001E3C                     __end_of_oled_draw_text:
  2321                           	callstack 0
  2322                           
  2323 ;; *************** function _oled_draw_char *****************
  2324 ;; Defined at:
  2325 ;;		line 701 in file "Dima_EV_1.c"
  2326 ;; Parameters:    Size  Location     Type
  2327 ;;  c               1    wreg     unsigned char 
  2328 ;; Auto vars:     Size  Location     Type
  2329 ;;  c               1    9[COMRAM] unsigned char 
  2330 ;;  pattern         2   10[COMRAM] PTR const unsigned char 
  2331 ;;		 -> font_get_pattern@letter_space(5), font_get_pattern@colon_char(5), font_get_pattern@letter_E(5), font_get_pattern
      +@letter_H(5), 
  2332 ;;		 -> font_get_pattern@letter_M(5), font_get_pattern@letter_I(5), font_get_pattern@letter_D(5), font_get_pattern@lette
      +r_U(5), 
  2333 ;;		 -> font_get_pattern@letter_R(5), font_get_pattern@letter_B(5), font_get_pattern@letter_C(5), font_get_pattern@lette
      +r_A(5), 
  2334 ;;		 -> font_get_pattern@letter_V(5), font_get_pattern@letter_O(5), font_get_pattern@letter_T(5), font_get_pattern@digit
      +s(50), 
  2335 ;; Return value:  Size  Location     Type
  2336 ;;                  1    wreg      void 
  2337 ;; Registers used:
  2338 ;;		wreg, status,2, status,0, tblptrl, tblptrh, tblptru, prodl, prodh, cstack
  2339 ;; Tracked objects:
  2340 ;;		On entry : 0/0
  2341 ;;		On exit  : 0/0
  2342 ;;		Unchanged: 0/0
  2343 ;; Data sizes:     COMRAM   BANK0   BANK1   BANK2   BANK3   BANK4   BANK5
  2344 ;;      Params:         0       0       0       0       0       0       0
  2345 ;;      Locals:         3       0       0       0       0       0       0
  2346 ;;      Temps:          2       0       0       0       0       0       0
  2347 ;;      Totals:         5       0       0       0       0       0       0
  2348 ;;Total ram usage:        5 bytes
  2349 ;; Hardware stack levels used:    1
  2350 ;; Hardware stack levels required when called:    5
  2351 ;; This function calls:
  2352 ;;		_font_get_pattern
  2353 ;;		_oled_send_data_byte
  2354 ;; This function is called by:
  2355 ;;		_oled_draw_text
  2356 ;; This function uses a non-reentrant model
  2357 ;;
  2358                           
  2359                           	psect	text5
  2360  001B96                     __ptext5:
  2361                           	callstack 0
  2362  001B96                     _oled_draw_char:
  2363                           	callstack 21
  2364                           
  2365                           ;incstack = 0
  2366                           ;oled_draw_char@c stored from wreg
  2367  001B96  6E0A               	movwf	oled_draw_char@c^0,c
  2368  001B98                     
  2369                           ;Dima_EV_1.c: 701: void oled_draw_char(char c);Dima_EV_1.c: 702: {;Dima_EV_1.c: 703:    
      +                           const uint8_t* pattern = font_get_pattern(c);
  2370  001B98  500A               	movf	oled_draw_char@c^0,w,c
  2371  001B9A  ECF9  F008         	call	_font_get_pattern
  2372  001B9E  C001  F00B         	movff	?_font_get_pattern,oled_draw_char@pattern
  2373  001BA2  C002  F00C         	movff	?_font_get_pattern+1,oled_draw_char@pattern+1
  2374  001BA6                     
  2375                           ;Dima_EV_1.c: 704:     oled_send_data_byte(pattern[0]);
  2376  001BA6  C00B  FFF6         	movff	oled_draw_char@pattern,tblptrl
  2377  001BAA  C00C  FFF7         	movff	oled_draw_char@pattern+1,tblptrh
  2378  001BAE                     	if	0	;tblptru may be non-zero
  2379  001BAE                     	endif
  2380  001BAE                     	if	0	;tblptru may be non-zero
  2381  001BAE                     	endif
  2382  001BAE  0008               	tblrd		*
  2383  001BB0  50F5               	movf	tablat,w,c
  2384  001BB2  ECCA  F010         	call	_oled_send_data_byte
  2385  001BB6                     
  2386                           ;Dima_EV_1.c: 705:     oled_send_data_byte(pattern[1]);
  2387  001BB6  0E01               	movlw	1
  2388  001BB8  240B               	addwf	oled_draw_char@pattern^0,w,c
  2389  001BBA  6E08               	movwf	??_oled_draw_char^0,c
  2390  001BBC  0E00               	movlw	0
  2391  001BBE  200C               	addwfc	(oled_draw_char@pattern+1)^0,w,c
  2392  001BC0  6E09               	movwf	(??_oled_draw_char+1)^0,c
  2393  001BC2  C008  FFF6         	movff	??_oled_draw_char,tblptrl
  2394  001BC6  C009  FFF7         	movff	??_oled_draw_char+1,tblptrh
  2395  001BCA                     	if	0	;tblptru may be non-zero
  2396  001BCA                     	endif
  2397  001BCA                     	if	0	;tblptru may be non-zero
  2398  001BCA                     	endif
  2399  001BCA  0008               	tblrd		*
  2400  001BCC  50F5               	movf	tablat,w,c
  2401  001BCE  ECCA  F010         	call	_oled_send_data_byte
  2402  001BD2                     
  2403                           ;Dima_EV_1.c: 706:     oled_send_data_byte(pattern[2]);
  2404  001BD2  0E02               	movlw	2
  2405  001BD4  240B               	addwf	oled_draw_char@pattern^0,w,c
  2406  001BD6  6E08               	movwf	??_oled_draw_char^0,c
  2407  001BD8  0E00               	movlw	0
  2408  001BDA  200C               	addwfc	(oled_draw_char@pattern+1)^0,w,c
  2409  001BDC  6E09               	movwf	(??_oled_draw_char+1)^0,c
  2410  001BDE  C008  FFF6         	movff	??_oled_draw_char,tblptrl
  2411  001BE2  C009  FFF7         	movff	??_oled_draw_char+1,tblptrh
  2412  001BE6                     	if	0	;tblptru may be non-zero
  2413  001BE6                     	endif
  2414  001BE6                     	if	0	;tblptru may be non-zero
  2415  001BE6                     	endif
  2416  001BE6  0008               	tblrd		*
  2417  001BE8  50F5               	movf	tablat,w,c
  2418  001BEA  ECCA  F010         	call	_oled_send_data_byte
  2419  001BEE                     
  2420                           ;Dima_EV_1.c: 707:     oled_send_data_byte(pattern[3]);
  2421  001BEE  0E03               	movlw	3
  2422  001BF0  240B               	addwf	oled_draw_char@pattern^0,w,c
  2423  001BF2  6E08               	movwf	??_oled_draw_char^0,c
  2424  001BF4  0E00               	movlw	0
  2425  001BF6  200C               	addwfc	(oled_draw_char@pattern+1)^0,w,c
  2426  001BF8  6E09               	movwf	(??_oled_draw_char+1)^0,c
  2427  001BFA  C008  FFF6         	movff	??_oled_draw_char,tblptrl
  2428  001BFE  C009  FFF7         	movff	??_oled_draw_char+1,tblptrh
  2429  001C02                     	if	0	;tblptru may be non-zero
  2430  001C02                     	endif
  2431  001C02                     	if	0	;tblptru may be non-zero
  2432  001C02                     	endif
  2433  001C02  0008               	tblrd		*
  2434  001C04  50F5               	movf	tablat,w,c
  2435  001C06  ECCA  F010         	call	_oled_send_data_byte
  2436  001C0A                     
  2437                           ;Dima_EV_1.c: 708:     oled_send_data_byte(pattern[4]);
  2438  001C0A  0E04               	movlw	4
  2439  001C0C  240B               	addwf	oled_draw_char@pattern^0,w,c
  2440  001C0E  6E08               	movwf	??_oled_draw_char^0,c
  2441  001C10  0E00               	movlw	0
  2442  001C12  200C               	addwfc	(oled_draw_char@pattern+1)^0,w,c
  2443  001C14  6E09               	movwf	(??_oled_draw_char+1)^0,c
  2444  001C16  C008  FFF6         	movff	??_oled_draw_char,tblptrl
  2445  001C1A  C009  FFF7         	movff	??_oled_draw_char+1,tblptrh
  2446  001C1E                     	if	0	;tblptru may be non-zero
  2447  001C1E                     	endif
  2448  001C1E                     	if	0	;tblptru may be non-zero
  2449  001C1E                     	endif
  2450  001C1E  0008               	tblrd		*
  2451  001C20  50F5               	movf	tablat,w,c
  2452  001C22  ECCA  F010         	call	_oled_send_data_byte
  2453  001C26                     
  2454                           ;Dima_EV_1.c: 709:     oled_send_data_byte(0x00);
  2455  001C26  0E00               	movlw	0
  2456  001C28  ECCA  F010         	call	_oled_send_data_byte
  2457  001C2C  0012               	return		;funcret
  2458  001C2E                     __end_of_oled_draw_char:
  2459                           	callstack 0
  2460                           
  2461 ;; *************** function _format_runtime_string *****************
  2462 ;; Defined at:
  2463 ;;		line 761 in file "Dima_EV_1.c"
  2464 ;; Parameters:    Size  Location     Type
  2465 ;;  buf             2   22[COMRAM] PTR unsigned char 
  2466 ;;		 -> oled_update_screen@timebuf(9), 
  2467 ;;  seconds         4   24[COMRAM] unsigned long 
  2468 ;; Auto vars:     Size  Location     Type
  2469 ;;  hh              4   36[COMRAM] unsigned long 
  2470 ;;  ss              4   32[COMRAM] unsigned long 
  2471 ;;  mm              4   28[COMRAM] unsigned long 
  2472 ;; Return value:  Size  Location     Type
  2473 ;;                  1    wreg      void 
  2474 ;; Registers used:
  2475 ;;		wreg, fsr2l, fsr2h, status,2, status,0, cstack
  2476 ;; Tracked objects:
  2477 ;;		On entry : 0/0
  2478 ;;		On exit  : 0/0
  2479 ;;		Unchanged: 0/0
  2480 ;; Data sizes:     COMRAM   BANK0   BANK1   BANK2   BANK3   BANK4   BANK5
  2481 ;;      Params:         6       0       0       0       0       0       0
  2482 ;;      Locals:        12       0       0       0       0       0       0
  2483 ;;      Temps:          0       0       0       0       0       0       0
  2484 ;;      Totals:        18       0       0       0       0       0       0
  2485 ;;Total ram usage:       18 bytes
  2486 ;; Hardware stack levels used:    1
  2487 ;; Hardware stack levels required when called:    2
  2488 ;; This function calls:
  2489 ;;		___lldiv
  2490 ;;		___llmod
  2491 ;; This function is called by:
  2492 ;;		_oled_update_screen
  2493 ;; This function uses a non-reentrant model
  2494 ;;
  2495                           
  2496                           	psect	text6
  2497  000D5E                     __ptext6:
  2498                           	callstack 0
  2499  000D5E                     _format_runtime_string:
  2500                           	callstack 26
  2501  000D5E                     
  2502                           ;Dima_EV_1.c: 761: void format_runtime_string(char *buf, uint32_t seconds);Dima_EV_1.c: 
      +                          762: {;Dima_EV_1.c: 763:     uint32_t hh = seconds / 3600u;
  2503  000D5E  C019  F00A         	movff	format_runtime_string@seconds,___lldiv@dividend
  2504  000D62  C01A  F00B         	movff	format_runtime_string@seconds+1,___lldiv@dividend+1
  2505  000D66  C01B  F00C         	movff	format_runtime_string@seconds+2,___lldiv@dividend+2
  2506  000D6A  C01C  F00D         	movff	format_runtime_string@seconds+3,___lldiv@dividend+3
  2507  000D6E  0E10               	movlw	16
  2508  000D70  6E0E               	movwf	___lldiv@divisor^0,c
  2509  000D72  0E0E               	movlw	14
  2510  000D74  6E0F               	movwf	(___lldiv@divisor+1)^0,c
  2511  000D76  0E00               	movlw	0
  2512  000D78  6E10               	movwf	(___lldiv@divisor+2)^0,c
  2513  000D7A  0E00               	movlw	0
  2514  000D7C  6E11               	movwf	(___lldiv@divisor+3)^0,c
  2515  000D7E  EC79  F00D         	call	___lldiv	;wreg free
  2516  000D82  C00A  F025         	movff	?___lldiv,format_runtime_string@hh
  2517  000D86  C00B  F026         	movff	?___lldiv+1,format_runtime_string@hh+1
  2518  000D8A  C00C  F027         	movff	?___lldiv+2,format_runtime_string@hh+2
  2519  000D8E  C00D  F028         	movff	?___lldiv+3,format_runtime_string@hh+3
  2520                           
  2521                           ;Dima_EV_1.c: 764:     uint32_t mm = (seconds % 3600u) / 60u;
  2522  000D92  0E10               	movlw	16
  2523  000D94  6E05               	movwf	___llmod@divisor^0,c
  2524  000D96  0E0E               	movlw	14
  2525  000D98  6E06               	movwf	(___llmod@divisor+1)^0,c
  2526  000D9A  0E00               	movlw	0
  2527  000D9C  6E07               	movwf	(___llmod@divisor+2)^0,c
  2528  000D9E  0E00               	movlw	0
  2529  000DA0  6E08               	movwf	(___llmod@divisor+3)^0,c
  2530  000DA2  C019  F001         	movff	format_runtime_string@seconds,___llmod@dividend
  2531  000DA6  C01A  F002         	movff	format_runtime_string@seconds+1,___llmod@dividend+1
  2532  000DAA  C01B  F003         	movff	format_runtime_string@seconds+2,___llmod@dividend+2
  2533  000DAE  C01C  F004         	movff	format_runtime_string@seconds+3,___llmod@dividend+3
  2534  000DB2  EC60  F00E         	call	___llmod	;wreg free
  2535  000DB6  C001  F00A         	movff	?___llmod,___lldiv@dividend
  2536  000DBA  C002  F00B         	movff	?___llmod+1,___lldiv@dividend+1
  2537  000DBE  C003  F00C         	movff	?___llmod+2,___lldiv@dividend+2
  2538  000DC2  C004  F00D         	movff	?___llmod+3,___lldiv@dividend+3
  2539  000DC6  0E3C               	movlw	60
  2540  000DC8  6E0E               	movwf	___lldiv@divisor^0,c
  2541  000DCA  0E00               	movlw	0
  2542  000DCC  6E0F               	movwf	(___lldiv@divisor+1)^0,c
  2543  000DCE  0E00               	movlw	0
  2544  000DD0  6E10               	movwf	(___lldiv@divisor+2)^0,c
  2545  000DD2  0E00               	movlw	0
  2546  000DD4  6E11               	movwf	(___lldiv@divisor+3)^0,c
  2547  000DD6  EC79  F00D         	call	___lldiv	;wreg free
  2548  000DDA  C00A  F01D         	movff	?___lldiv,format_runtime_string@mm
  2549  000DDE  C00B  F01E         	movff	?___lldiv+1,format_runtime_string@mm+1
  2550  000DE2  C00C  F01F         	movff	?___lldiv+2,format_runtime_string@mm+2
  2551  000DE6  C00D  F020         	movff	?___lldiv+3,format_runtime_string@mm+3
  2552                           
  2553                           ;Dima_EV_1.c: 765:     uint32_t ss = seconds % 60u;
  2554  000DEA  C019  F001         	movff	format_runtime_string@seconds,___llmod@dividend
  2555  000DEE  C01A  F002         	movff	format_runtime_string@seconds+1,___llmod@dividend+1
  2556  000DF2  C01B  F003         	movff	format_runtime_string@seconds+2,___llmod@dividend+2
  2557  000DF6  C01C  F004         	movff	format_runtime_string@seconds+3,___llmod@dividend+3
  2558  000DFA  0E3C               	movlw	60
  2559  000DFC  6E05               	movwf	___llmod@divisor^0,c
  2560  000DFE  0E00               	movlw	0
  2561  000E00  6E06               	movwf	(___llmod@divisor+1)^0,c
  2562  000E02  0E00               	movlw	0
  2563  000E04  6E07               	movwf	(___llmod@divisor+2)^0,c
  2564  000E06  0E00               	movlw	0
  2565  000E08  6E08               	movwf	(___llmod@divisor+3)^0,c
  2566  000E0A  EC60  F00E         	call	___llmod	;wreg free
  2567  000E0E  C001  F021         	movff	?___llmod,format_runtime_string@ss
  2568  000E12  C002  F022         	movff	?___llmod+1,format_runtime_string@ss+1
  2569  000E16  C003  F023         	movff	?___llmod+2,format_runtime_string@ss+2
  2570  000E1A  C004  F024         	movff	?___llmod+3,format_runtime_string@ss+3
  2571  000E1E                     
  2572                           ;Dima_EV_1.c: 767:     if (hh > 99u) hh = 99u;
  2573  000E1E  5028               	movf	(format_runtime_string@hh+3)^0,w,c
  2574  000E20  1027               	iorwf	(format_runtime_string@hh+2)^0,w,c
  2575  000E22  1026               	iorwf	(format_runtime_string@hh+1)^0,w,c
  2576  000E24  E109               	bnz	u1310
  2577  000E26  0E64               	movlw	100
  2578  000E28  5C25               	subwf	format_runtime_string@hh^0,w,c
  2579  000E2A  A0D8               	btfss	status,0,c
  2580  000E2C  EF1A  F007         	goto	u1311
  2581  000E30  EF1C  F007         	goto	u1310
  2582  000E34                     u1311:
  2583  000E34  EF24  F007         	goto	l2350
  2584  000E38                     u1310:
  2585  000E38  0E63               	movlw	99
  2586  000E3A  6E25               	movwf	format_runtime_string@hh^0,c
  2587  000E3C  0E00               	movlw	0
  2588  000E3E  6E26               	movwf	(format_runtime_string@hh+1)^0,c
  2589  000E40  0E00               	movlw	0
  2590  000E42  6E27               	movwf	(format_runtime_string@hh+2)^0,c
  2591  000E44  0E00               	movlw	0
  2592  000E46  6E28               	movwf	(format_runtime_string@hh+3)^0,c
  2593  000E48                     l2350:
  2594                           
  2595                           ;Dima_EV_1.c: 769:     buf[0] = '0' + (char)((hh / 10u) % 10u);
  2596  000E48  0E0A               	movlw	10
  2597  000E4A  6E0E               	movwf	___lldiv@divisor^0,c
  2598  000E4C  0E00               	movlw	0
  2599  000E4E  6E0F               	movwf	(___lldiv@divisor+1)^0,c
  2600  000E50  0E00               	movlw	0
  2601  000E52  6E10               	movwf	(___lldiv@divisor+2)^0,c
  2602  000E54  0E00               	movlw	0
  2603  000E56  6E11               	movwf	(___lldiv@divisor+3)^0,c
  2604  000E58  C025  F00A         	movff	format_runtime_string@hh,___lldiv@dividend
  2605  000E5C  C026  F00B         	movff	format_runtime_string@hh+1,___lldiv@dividend+1
  2606  000E60  C027  F00C         	movff	format_runtime_string@hh+2,___lldiv@dividend+2
  2607  000E64  C028  F00D         	movff	format_runtime_string@hh+3,___lldiv@dividend+3
  2608  000E68  EC79  F00D         	call	___lldiv	;wreg free
  2609  000E6C  C00A  F001         	movff	?___lldiv,___llmod@dividend
  2610  000E70  C00B  F002         	movff	?___lldiv+1,___llmod@dividend+1
  2611  000E74  C00C  F003         	movff	?___lldiv+2,___llmod@dividend+2
  2612  000E78  C00D  F004         	movff	?___lldiv+3,___llmod@dividend+3
  2613  000E7C  0E0A               	movlw	10
  2614  000E7E  6E05               	movwf	___llmod@divisor^0,c
  2615  000E80  0E00               	movlw	0
  2616  000E82  6E06               	movwf	(___llmod@divisor+1)^0,c
  2617  000E84  0E00               	movlw	0
  2618  000E86  6E07               	movwf	(___llmod@divisor+2)^0,c
  2619  000E88  0E00               	movlw	0
  2620  000E8A  6E08               	movwf	(___llmod@divisor+3)^0,c
  2621  000E8C  EC60  F00E         	call	___llmod	;wreg free
  2622  000E90  5001               	movf	?___llmod^0,w,c
  2623  000E92  0F30               	addlw	48
  2624  000E94  C017  FFD9         	movff	format_runtime_string@buf,fsr2l
  2625  000E98  C018  FFDA         	movff	format_runtime_string@buf+1,fsr2h
  2626  000E9C  6EDF               	movwf	indf2,c
  2627  000E9E                     
  2628                           ;Dima_EV_1.c: 770:     buf[1] = '0' + (char)( hh % 10u);
  2629  000E9E  EE20 F001          	lfsr	2,1
  2630  000EA2  5017               	movf	format_runtime_string@buf^0,w,c
  2631  000EA4  26D9               	addwf	fsr2l,f,c
  2632  000EA6  5018               	movf	(format_runtime_string@buf+1)^0,w,c
  2633  000EA8  22DA               	addwfc	fsr2h,f,c
  2634  000EAA  C025  F001         	movff	format_runtime_string@hh,___llmod@dividend
  2635  000EAE  C026  F002         	movff	format_runtime_string@hh+1,___llmod@dividend+1
  2636  000EB2  C027  F003         	movff	format_runtime_string@hh+2,___llmod@dividend+2
  2637  000EB6  C028  F004         	movff	format_runtime_string@hh+3,___llmod@dividend+3
  2638  000EBA  0E0A               	movlw	10
  2639  000EBC  6E05               	movwf	___llmod@divisor^0,c
  2640  000EBE  0E00               	movlw	0
  2641  000EC0  6E06               	movwf	(___llmod@divisor+1)^0,c
  2642  000EC2  0E00               	movlw	0
  2643  000EC4  6E07               	movwf	(___llmod@divisor+2)^0,c
  2644  000EC6  0E00               	movlw	0
  2645  000EC8  6E08               	movwf	(___llmod@divisor+3)^0,c
  2646  000ECA  EC60  F00E         	call	___llmod	;wreg free
  2647  000ECE  5001               	movf	?___llmod^0,w,c
  2648  000ED0  0F30               	addlw	48
  2649  000ED2  6EDF               	movwf	indf2,c
  2650  000ED4                     
  2651                           ;Dima_EV_1.c: 771:     buf[2] = ':';
  2652  000ED4  EE20 F002          	lfsr	2,2
  2653  000ED8  5017               	movf	format_runtime_string@buf^0,w,c
  2654  000EDA  26D9               	addwf	fsr2l,f,c
  2655  000EDC  5018               	movf	(format_runtime_string@buf+1)^0,w,c
  2656  000EDE  22DA               	addwfc	fsr2h,f,c
  2657  000EE0  0E3A               	movlw	58
  2658  000EE2  6EDF               	movwf	indf2,c
  2659  000EE4                     
  2660                           ;Dima_EV_1.c: 772:     buf[3] = '0' + (char)((mm / 10u) % 10u);
  2661  000EE4  EE20 F003          	lfsr	2,3
  2662  000EE8  5017               	movf	format_runtime_string@buf^0,w,c
  2663  000EEA  26D9               	addwf	fsr2l,f,c
  2664  000EEC  5018               	movf	(format_runtime_string@buf+1)^0,w,c
  2665  000EEE  22DA               	addwfc	fsr2h,f,c
  2666  000EF0  0E0A               	movlw	10
  2667  000EF2  6E0E               	movwf	___lldiv@divisor^0,c
  2668  000EF4  0E00               	movlw	0
  2669  000EF6  6E0F               	movwf	(___lldiv@divisor+1)^0,c
  2670  000EF8  0E00               	movlw	0
  2671  000EFA  6E10               	movwf	(___lldiv@divisor+2)^0,c
  2672  000EFC  0E00               	movlw	0
  2673  000EFE  6E11               	movwf	(___lldiv@divisor+3)^0,c
  2674  000F00  C01D  F00A         	movff	format_runtime_string@mm,___lldiv@dividend
  2675  000F04  C01E  F00B         	movff	format_runtime_string@mm+1,___lldiv@dividend+1
  2676  000F08  C01F  F00C         	movff	format_runtime_string@mm+2,___lldiv@dividend+2
  2677  000F0C  C020  F00D         	movff	format_runtime_string@mm+3,___lldiv@dividend+3
  2678  000F10  EC79  F00D         	call	___lldiv	;wreg free
  2679  000F14  C00A  F001         	movff	?___lldiv,___llmod@dividend
  2680  000F18  C00B  F002         	movff	?___lldiv+1,___llmod@dividend+1
  2681  000F1C  C00C  F003         	movff	?___lldiv+2,___llmod@dividend+2
  2682  000F20  C00D  F004         	movff	?___lldiv+3,___llmod@dividend+3
  2683  000F24  0E0A               	movlw	10
  2684  000F26  6E05               	movwf	___llmod@divisor^0,c
  2685  000F28  0E00               	movlw	0
  2686  000F2A  6E06               	movwf	(___llmod@divisor+1)^0,c
  2687  000F2C  0E00               	movlw	0
  2688  000F2E  6E07               	movwf	(___llmod@divisor+2)^0,c
  2689  000F30  0E00               	movlw	0
  2690  000F32  6E08               	movwf	(___llmod@divisor+3)^0,c
  2691  000F34  EC60  F00E         	call	___llmod	;wreg free
  2692  000F38  5001               	movf	?___llmod^0,w,c
  2693  000F3A  0F30               	addlw	48
  2694  000F3C  6EDF               	movwf	indf2,c
  2695  000F3E                     
  2696                           ;Dima_EV_1.c: 773:     buf[4] = '0' + (char)( mm % 10u);
  2697  000F3E  EE20 F004          	lfsr	2,4
  2698  000F42  5017               	movf	format_runtime_string@buf^0,w,c
  2699  000F44  26D9               	addwf	fsr2l,f,c
  2700  000F46  5018               	movf	(format_runtime_string@buf+1)^0,w,c
  2701  000F48  22DA               	addwfc	fsr2h,f,c
  2702  000F4A  C01D  F001         	movff	format_runtime_string@mm,___llmod@dividend
  2703  000F4E  C01E  F002         	movff	format_runtime_string@mm+1,___llmod@dividend+1
  2704  000F52  C01F  F003         	movff	format_runtime_string@mm+2,___llmod@dividend+2
  2705  000F56  C020  F004         	movff	format_runtime_string@mm+3,___llmod@dividend+3
  2706  000F5A  0E0A               	movlw	10
  2707  000F5C  6E05               	movwf	___llmod@divisor^0,c
  2708  000F5E  0E00               	movlw	0
  2709  000F60  6E06               	movwf	(___llmod@divisor+1)^0,c
  2710  000F62  0E00               	movlw	0
  2711  000F64  6E07               	movwf	(___llmod@divisor+2)^0,c
  2712  000F66  0E00               	movlw	0
  2713  000F68  6E08               	movwf	(___llmod@divisor+3)^0,c
  2714  000F6A  EC60  F00E         	call	___llmod	;wreg free
  2715  000F6E  5001               	movf	?___llmod^0,w,c
  2716  000F70  0F30               	addlw	48
  2717  000F72  6EDF               	movwf	indf2,c
  2718  000F74                     
  2719                           ;Dima_EV_1.c: 774:     buf[5] = ':';
  2720  000F74  EE20 F005          	lfsr	2,5
  2721  000F78  5017               	movf	format_runtime_string@buf^0,w,c
  2722  000F7A  26D9               	addwf	fsr2l,f,c
  2723  000F7C  5018               	movf	(format_runtime_string@buf+1)^0,w,c
  2724  000F7E  22DA               	addwfc	fsr2h,f,c
  2725  000F80  0E3A               	movlw	58
  2726  000F82  6EDF               	movwf	indf2,c
  2727  000F84                     
  2728                           ;Dima_EV_1.c: 775:     buf[6] = '0' + (char)((ss / 10u) % 10u);
  2729  000F84  EE20 F006          	lfsr	2,6
  2730  000F88  5017               	movf	format_runtime_string@buf^0,w,c
  2731  000F8A  26D9               	addwf	fsr2l,f,c
  2732  000F8C  5018               	movf	(format_runtime_string@buf+1)^0,w,c
  2733  000F8E  22DA               	addwfc	fsr2h,f,c
  2734  000F90  0E0A               	movlw	10
  2735  000F92  6E0E               	movwf	___lldiv@divisor^0,c
  2736  000F94  0E00               	movlw	0
  2737  000F96  6E0F               	movwf	(___lldiv@divisor+1)^0,c
  2738  000F98  0E00               	movlw	0
  2739  000F9A  6E10               	movwf	(___lldiv@divisor+2)^0,c
  2740  000F9C  0E00               	movlw	0
  2741  000F9E  6E11               	movwf	(___lldiv@divisor+3)^0,c
  2742  000FA0  C021  F00A         	movff	format_runtime_string@ss,___lldiv@dividend
  2743  000FA4  C022  F00B         	movff	format_runtime_string@ss+1,___lldiv@dividend+1
  2744  000FA8  C023  F00C         	movff	format_runtime_string@ss+2,___lldiv@dividend+2
  2745  000FAC  C024  F00D         	movff	format_runtime_string@ss+3,___lldiv@dividend+3
  2746  000FB0  EC79  F00D         	call	___lldiv	;wreg free
  2747  000FB4  C00A  F001         	movff	?___lldiv,___llmod@dividend
  2748  000FB8  C00B  F002         	movff	?___lldiv+1,___llmod@dividend+1
  2749  000FBC  C00C  F003         	movff	?___lldiv+2,___llmod@dividend+2
  2750  000FC0  C00D  F004         	movff	?___lldiv+3,___llmod@dividend+3
  2751  000FC4  0E0A               	movlw	10
  2752  000FC6  6E05               	movwf	___llmod@divisor^0,c
  2753  000FC8  0E00               	movlw	0
  2754  000FCA  6E06               	movwf	(___llmod@divisor+1)^0,c
  2755  000FCC  0E00               	movlw	0
  2756  000FCE  6E07               	movwf	(___llmod@divisor+2)^0,c
  2757  000FD0  0E00               	movlw	0
  2758  000FD2  6E08               	movwf	(___llmod@divisor+3)^0,c
  2759  000FD4  EC60  F00E         	call	___llmod	;wreg free
  2760  000FD8  5001               	movf	?___llmod^0,w,c
  2761  000FDA  0F30               	addlw	48
  2762  000FDC  6EDF               	movwf	indf2,c
  2763  000FDE                     
  2764                           ;Dima_EV_1.c: 776:     buf[7] = '0' + (char)( ss % 10u);
  2765  000FDE  EE20 F007          	lfsr	2,7
  2766  000FE2  5017               	movf	format_runtime_string@buf^0,w,c
  2767  000FE4  26D9               	addwf	fsr2l,f,c
  2768  000FE6  5018               	movf	(format_runtime_string@buf+1)^0,w,c
  2769  000FE8  22DA               	addwfc	fsr2h,f,c
  2770  000FEA  C021  F001         	movff	format_runtime_string@ss,___llmod@dividend
  2771  000FEE  C022  F002         	movff	format_runtime_string@ss+1,___llmod@dividend+1
  2772  000FF2  C023  F003         	movff	format_runtime_string@ss+2,___llmod@dividend+2
  2773  000FF6  C024  F004         	movff	format_runtime_string@ss+3,___llmod@dividend+3
  2774  000FFA  0E0A               	movlw	10
  2775  000FFC  6E05               	movwf	___llmod@divisor^0,c
  2776  000FFE  0E00               	movlw	0
  2777  001000  6E06               	movwf	(___llmod@divisor+1)^0,c
  2778  001002  0E00               	movlw	0
  2779  001004  6E07               	movwf	(___llmod@divisor+2)^0,c
  2780  001006  0E00               	movlw	0
  2781  001008  6E08               	movwf	(___llmod@divisor+3)^0,c
  2782  00100A  EC60  F00E         	call	___llmod	;wreg free
  2783  00100E  5001               	movf	?___llmod^0,w,c
  2784  001010  0F30               	addlw	48
  2785  001012  6EDF               	movwf	indf2,c
  2786  001014                     
  2787                           ;Dima_EV_1.c: 777:     buf[8] = '\0';
  2788  001014  EE20 F008          	lfsr	2,8
  2789  001018  5017               	movf	format_runtime_string@buf^0,w,c
  2790  00101A  26D9               	addwf	fsr2l,f,c
  2791  00101C  5018               	movf	(format_runtime_string@buf+1)^0,w,c
  2792  00101E  22DA               	addwfc	fsr2h,f,c
  2793  001020  0E00               	movlw	0
  2794  001022  6EDF               	movwf	indf2,c
  2795  001024  0012               	return		;funcret
  2796  001026                     __end_of_format_runtime_string:
  2797                           	callstack 0
  2798                           
  2799 ;; *************** function _format_hourmeter_string *****************
  2800 ;; Defined at:
  2801 ;;		line 742 in file "Dima_EV_1.c"
  2802 ;; Parameters:    Size  Location     Type
  2803 ;;  buf             2   22[COMRAM] PTR unsigned char 
  2804 ;;		 -> oled_update_screen@timebuf(9), 
  2805 ;;  seconds         4   24[COMRAM] unsigned long 
  2806 ;; Auto vars:     Size  Location     Type
  2807 ;;  hh              4   32[COMRAM] unsigned long 
  2808 ;;  mm              4   28[COMRAM] unsigned long 
  2809 ;; Return value:  Size  Location     Type
  2810 ;;                  1    wreg      void 
  2811 ;; Registers used:
  2812 ;;		wreg, fsr2l, fsr2h, status,2, status,0, cstack
  2813 ;; Tracked objects:
  2814 ;;		On entry : 0/0
  2815 ;;		On exit  : 0/0
  2816 ;;		Unchanged: 0/0
  2817 ;; Data sizes:     COMRAM   BANK0   BANK1   BANK2   BANK3   BANK4   BANK5
  2818 ;;      Params:         6       0       0       0       0       0       0
  2819 ;;      Locals:         8       0       0       0       0       0       0
  2820 ;;      Temps:          0       0       0       0       0       0       0
  2821 ;;      Totals:        14       0       0       0       0       0       0
  2822 ;;Total ram usage:       14 bytes
  2823 ;; Hardware stack levels used:    1
  2824 ;; Hardware stack levels required when called:    2
  2825 ;; This function calls:
  2826 ;;		___lldiv
  2827 ;;		___llmod
  2828 ;; This function is called by:
  2829 ;;		_oled_update_screen
  2830 ;; This function uses a non-reentrant model
  2831 ;;
  2832                           
  2833                           	psect	text7
  2834  000A58                     __ptext7:
  2835                           	callstack 0
  2836  000A58                     _format_hourmeter_string:
  2837                           	callstack 26
  2838  000A58                     
  2839                           ;Dima_EV_1.c: 742: void format_hourmeter_string(char *buf, uint32_t seconds);Dima_EV_1.c
      +                          : 743: {;Dima_EV_1.c: 744:     uint32_t hh = seconds / 3600u;
  2840  000A58  C019  F00A         	movff	format_hourmeter_string@seconds,___lldiv@dividend
  2841  000A5C  C01A  F00B         	movff	format_hourmeter_string@seconds+1,___lldiv@dividend+1
  2842  000A60  C01B  F00C         	movff	format_hourmeter_string@seconds+2,___lldiv@dividend+2
  2843  000A64  C01C  F00D         	movff	format_hourmeter_string@seconds+3,___lldiv@dividend+3
  2844  000A68  0E10               	movlw	16
  2845  000A6A  6E0E               	movwf	___lldiv@divisor^0,c
  2846  000A6C  0E0E               	movlw	14
  2847  000A6E  6E0F               	movwf	(___lldiv@divisor+1)^0,c
  2848  000A70  0E00               	movlw	0
  2849  000A72  6E10               	movwf	(___lldiv@divisor+2)^0,c
  2850  000A74  0E00               	movlw	0
  2851  000A76  6E11               	movwf	(___lldiv@divisor+3)^0,c
  2852  000A78  EC79  F00D         	call	___lldiv	;wreg free
  2853  000A7C  C00A  F021         	movff	?___lldiv,format_hourmeter_string@hh
  2854  000A80  C00B  F022         	movff	?___lldiv+1,format_hourmeter_string@hh+1
  2855  000A84  C00C  F023         	movff	?___lldiv+2,format_hourmeter_string@hh+2
  2856  000A88  C00D  F024         	movff	?___lldiv+3,format_hourmeter_string@hh+3
  2857                           
  2858                           ;Dima_EV_1.c: 745:     uint32_t mm = (seconds % 3600u) / 60u;
  2859  000A8C  0E10               	movlw	16
  2860  000A8E  6E05               	movwf	___llmod@divisor^0,c
  2861  000A90  0E0E               	movlw	14
  2862  000A92  6E06               	movwf	(___llmod@divisor+1)^0,c
  2863  000A94  0E00               	movlw	0
  2864  000A96  6E07               	movwf	(___llmod@divisor+2)^0,c
  2865  000A98  0E00               	movlw	0
  2866  000A9A  6E08               	movwf	(___llmod@divisor+3)^0,c
  2867  000A9C  C019  F001         	movff	format_hourmeter_string@seconds,___llmod@dividend
  2868  000AA0  C01A  F002         	movff	format_hourmeter_string@seconds+1,___llmod@dividend+1
  2869  000AA4  C01B  F003         	movff	format_hourmeter_string@seconds+2,___llmod@dividend+2
  2870  000AA8  C01C  F004         	movff	format_hourmeter_string@seconds+3,___llmod@dividend+3
  2871  000AAC  EC60  F00E         	call	___llmod	;wreg free
  2872  000AB0  C001  F00A         	movff	?___llmod,___lldiv@dividend
  2873  000AB4  C002  F00B         	movff	?___llmod+1,___lldiv@dividend+1
  2874  000AB8  C003  F00C         	movff	?___llmod+2,___lldiv@dividend+2
  2875  000ABC  C004  F00D         	movff	?___llmod+3,___lldiv@dividend+3
  2876  000AC0  0E3C               	movlw	60
  2877  000AC2  6E0E               	movwf	___lldiv@divisor^0,c
  2878  000AC4  0E00               	movlw	0
  2879  000AC6  6E0F               	movwf	(___lldiv@divisor+1)^0,c
  2880  000AC8  0E00               	movlw	0
  2881  000ACA  6E10               	movwf	(___lldiv@divisor+2)^0,c
  2882  000ACC  0E00               	movlw	0
  2883  000ACE  6E11               	movwf	(___lldiv@divisor+3)^0,c
  2884  000AD0  EC79  F00D         	call	___lldiv	;wreg free
  2885  000AD4  C00A  F01D         	movff	?___lldiv,format_hourmeter_string@mm
  2886  000AD8  C00B  F01E         	movff	?___lldiv+1,format_hourmeter_string@mm+1
  2887  000ADC  C00C  F01F         	movff	?___lldiv+2,format_hourmeter_string@mm+2
  2888  000AE0  C00D  F020         	movff	?___lldiv+3,format_hourmeter_string@mm+3
  2889  000AE4                     
  2890                           ;Dima_EV_1.c: 747:     if (hh > 99999u) hh = 99999u;
  2891  000AE4  5024               	movf	(format_hourmeter_string@hh+3)^0,w,c
  2892  000AE6  E10D               	bnz	u1300
  2893  000AE8  0EA0               	movlw	160
  2894  000AEA  5C21               	subwf	format_hourmeter_string@hh^0,w,c
  2895  000AEC  0E86               	movlw	134
  2896  000AEE  5822               	subwfb	(format_hourmeter_string@hh+1)^0,w,c
  2897  000AF0  0E01               	movlw	1
  2898  000AF2  5823               	subwfb	(format_hourmeter_string@hh+2)^0,w,c
  2899  000AF4  A0D8               	btfss	status,0,c
  2900  000AF6  EF7F  F005         	goto	u1301
  2901  000AFA  EF81  F005         	goto	u1300
  2902  000AFE                     u1301:
  2903  000AFE  EF89  F005         	goto	l2326
  2904  000B02                     u1300:
  2905  000B02  0E9F               	movlw	159
  2906  000B04  6E21               	movwf	format_hourmeter_string@hh^0,c
  2907  000B06  0E86               	movlw	134
  2908  000B08  6E22               	movwf	(format_hourmeter_string@hh+1)^0,c
  2909  000B0A  0E01               	movlw	1
  2910  000B0C  6E23               	movwf	(format_hourmeter_string@hh+2)^0,c
  2911  000B0E  0E00               	movlw	0
  2912  000B10  6E24               	movwf	(format_hourmeter_string@hh+3)^0,c
  2913  000B12                     l2326:
  2914                           
  2915                           ;Dima_EV_1.c: 749:     buf[0] = '0' + (char)((hh / 10000u) % 10u);
  2916  000B12  0E10               	movlw	16
  2917  000B14  6E0E               	movwf	___lldiv@divisor^0,c
  2918  000B16  0E27               	movlw	39
  2919  000B18  6E0F               	movwf	(___lldiv@divisor+1)^0,c
  2920  000B1A  0E00               	movlw	0
  2921  000B1C  6E10               	movwf	(___lldiv@divisor+2)^0,c
  2922  000B1E  0E00               	movlw	0
  2923  000B20  6E11               	movwf	(___lldiv@divisor+3)^0,c
  2924  000B22  C021  F00A         	movff	format_hourmeter_string@hh,___lldiv@dividend
  2925  000B26  C022  F00B         	movff	format_hourmeter_string@hh+1,___lldiv@dividend+1
  2926  000B2A  C023  F00C         	movff	format_hourmeter_string@hh+2,___lldiv@dividend+2
  2927  000B2E  C024  F00D         	movff	format_hourmeter_string@hh+3,___lldiv@dividend+3
  2928  000B32  EC79  F00D         	call	___lldiv	;wreg free
  2929  000B36  C00A  F001         	movff	?___lldiv,___llmod@dividend
  2930  000B3A  C00B  F002         	movff	?___lldiv+1,___llmod@dividend+1
  2931  000B3E  C00C  F003         	movff	?___lldiv+2,___llmod@dividend+2
  2932  000B42  C00D  F004         	movff	?___lldiv+3,___llmod@dividend+3
  2933  000B46  0E0A               	movlw	10
  2934  000B48  6E05               	movwf	___llmod@divisor^0,c
  2935  000B4A  0E00               	movlw	0
  2936  000B4C  6E06               	movwf	(___llmod@divisor+1)^0,c
  2937  000B4E  0E00               	movlw	0
  2938  000B50  6E07               	movwf	(___llmod@divisor+2)^0,c
  2939  000B52  0E00               	movlw	0
  2940  000B54  6E08               	movwf	(___llmod@divisor+3)^0,c
  2941  000B56  EC60  F00E         	call	___llmod	;wreg free
  2942  000B5A  5001               	movf	?___llmod^0,w,c
  2943  000B5C  0F30               	addlw	48
  2944  000B5E  C017  FFD9         	movff	format_hourmeter_string@buf,fsr2l
  2945  000B62  C018  FFDA         	movff	format_hourmeter_string@buf+1,fsr2h
  2946  000B66  6EDF               	movwf	indf2,c
  2947  000B68                     
  2948                           ;Dima_EV_1.c: 750:     buf[1] = '0' + (char)((hh / 1000u) % 10u);
  2949  000B68  EE20 F001          	lfsr	2,1
  2950  000B6C  5017               	movf	format_hourmeter_string@buf^0,w,c
  2951  000B6E  26D9               	addwf	fsr2l,f,c
  2952  000B70  5018               	movf	(format_hourmeter_string@buf+1)^0,w,c
  2953  000B72  22DA               	addwfc	fsr2h,f,c
  2954  000B74  0EE8               	movlw	232
  2955  000B76  6E0E               	movwf	___lldiv@divisor^0,c
  2956  000B78  0E03               	movlw	3
  2957  000B7A  6E0F               	movwf	(___lldiv@divisor+1)^0,c
  2958  000B7C  0E00               	movlw	0
  2959  000B7E  6E10               	movwf	(___lldiv@divisor+2)^0,c
  2960  000B80  0E00               	movlw	0
  2961  000B82  6E11               	movwf	(___lldiv@divisor+3)^0,c
  2962  000B84  C021  F00A         	movff	format_hourmeter_string@hh,___lldiv@dividend
  2963  000B88  C022  F00B         	movff	format_hourmeter_string@hh+1,___lldiv@dividend+1
  2964  000B8C  C023  F00C         	movff	format_hourmeter_string@hh+2,___lldiv@dividend+2
  2965  000B90  C024  F00D         	movff	format_hourmeter_string@hh+3,___lldiv@dividend+3
  2966  000B94  EC79  F00D         	call	___lldiv	;wreg free
  2967  000B98  C00A  F001         	movff	?___lldiv,___llmod@dividend
  2968  000B9C  C00B  F002         	movff	?___lldiv+1,___llmod@dividend+1
  2969  000BA0  C00C  F003         	movff	?___lldiv+2,___llmod@dividend+2
  2970  000BA4  C00D  F004         	movff	?___lldiv+3,___llmod@dividend+3
  2971  000BA8  0E0A               	movlw	10
  2972  000BAA  6E05               	movwf	___llmod@divisor^0,c
  2973  000BAC  0E00               	movlw	0
  2974  000BAE  6E06               	movwf	(___llmod@divisor+1)^0,c
  2975  000BB0  0E00               	movlw	0
  2976  000BB2  6E07               	movwf	(___llmod@divisor+2)^0,c
  2977  000BB4  0E00               	movlw	0
  2978  000BB6  6E08               	movwf	(___llmod@divisor+3)^0,c
  2979  000BB8  EC60  F00E         	call	___llmod	;wreg free
  2980  000BBC  5001               	movf	?___llmod^0,w,c
  2981  000BBE  0F30               	addlw	48
  2982  000BC0  6EDF               	movwf	indf2,c
  2983  000BC2                     
  2984                           ;Dima_EV_1.c: 751:     buf[2] = '0' + (char)((hh / 100u) % 10u);
  2985  000BC2  EE20 F002          	lfsr	2,2
  2986  000BC6  5017               	movf	format_hourmeter_string@buf^0,w,c
  2987  000BC8  26D9               	addwf	fsr2l,f,c
  2988  000BCA  5018               	movf	(format_hourmeter_string@buf+1)^0,w,c
  2989  000BCC  22DA               	addwfc	fsr2h,f,c
  2990  000BCE  0E64               	movlw	100
  2991  000BD0  6E0E               	movwf	___lldiv@divisor^0,c
  2992  000BD2  0E00               	movlw	0
  2993  000BD4  6E0F               	movwf	(___lldiv@divisor+1)^0,c
  2994  000BD6  0E00               	movlw	0
  2995  000BD8  6E10               	movwf	(___lldiv@divisor+2)^0,c
  2996  000BDA  0E00               	movlw	0
  2997  000BDC  6E11               	movwf	(___lldiv@divisor+3)^0,c
  2998  000BDE  C021  F00A         	movff	format_hourmeter_string@hh,___lldiv@dividend
  2999  000BE2  C022  F00B         	movff	format_hourmeter_string@hh+1,___lldiv@dividend+1
  3000  000BE6  C023  F00C         	movff	format_hourmeter_string@hh+2,___lldiv@dividend+2
  3001  000BEA  C024  F00D         	movff	format_hourmeter_string@hh+3,___lldiv@dividend+3
  3002  000BEE  EC79  F00D         	call	___lldiv	;wreg free
  3003  000BF2  C00A  F001         	movff	?___lldiv,___llmod@dividend
  3004  000BF6  C00B  F002         	movff	?___lldiv+1,___llmod@dividend+1
  3005  000BFA  C00C  F003         	movff	?___lldiv+2,___llmod@dividend+2
  3006  000BFE  C00D  F004         	movff	?___lldiv+3,___llmod@dividend+3
  3007  000C02  0E0A               	movlw	10
  3008  000C04  6E05               	movwf	___llmod@divisor^0,c
  3009  000C06  0E00               	movlw	0
  3010  000C08  6E06               	movwf	(___llmod@divisor+1)^0,c
  3011  000C0A  0E00               	movlw	0
  3012  000C0C  6E07               	movwf	(___llmod@divisor+2)^0,c
  3013  000C0E  0E00               	movlw	0
  3014  000C10  6E08               	movwf	(___llmod@divisor+3)^0,c
  3015  000C12  EC60  F00E         	call	___llmod	;wreg free
  3016  000C16  5001               	movf	?___llmod^0,w,c
  3017  000C18  0F30               	addlw	48
  3018  000C1A  6EDF               	movwf	indf2,c
  3019  000C1C                     
  3020                           ;Dima_EV_1.c: 752:     buf[3] = '0' + (char)((hh / 10u) % 10u);
  3021  000C1C  EE20 F003          	lfsr	2,3
  3022  000C20  5017               	movf	format_hourmeter_string@buf^0,w,c
  3023  000C22  26D9               	addwf	fsr2l,f,c
  3024  000C24  5018               	movf	(format_hourmeter_string@buf+1)^0,w,c
  3025  000C26  22DA               	addwfc	fsr2h,f,c
  3026  000C28  0E0A               	movlw	10
  3027  000C2A  6E0E               	movwf	___lldiv@divisor^0,c
  3028  000C2C  0E00               	movlw	0
  3029  000C2E  6E0F               	movwf	(___lldiv@divisor+1)^0,c
  3030  000C30  0E00               	movlw	0
  3031  000C32  6E10               	movwf	(___lldiv@divisor+2)^0,c
  3032  000C34  0E00               	movlw	0
  3033  000C36  6E11               	movwf	(___lldiv@divisor+3)^0,c
  3034  000C38  C021  F00A         	movff	format_hourmeter_string@hh,___lldiv@dividend
  3035  000C3C  C022  F00B         	movff	format_hourmeter_string@hh+1,___lldiv@dividend+1
  3036  000C40  C023  F00C         	movff	format_hourmeter_string@hh+2,___lldiv@dividend+2
  3037  000C44  C024  F00D         	movff	format_hourmeter_string@hh+3,___lldiv@dividend+3
  3038  000C48  EC79  F00D         	call	___lldiv	;wreg free
  3039  000C4C  C00A  F001         	movff	?___lldiv,___llmod@dividend
  3040  000C50  C00B  F002         	movff	?___lldiv+1,___llmod@dividend+1
  3041  000C54  C00C  F003         	movff	?___lldiv+2,___llmod@dividend+2
  3042  000C58  C00D  F004         	movff	?___lldiv+3,___llmod@dividend+3
  3043  000C5C  0E0A               	movlw	10
  3044  000C5E  6E05               	movwf	___llmod@divisor^0,c
  3045  000C60  0E00               	movlw	0
  3046  000C62  6E06               	movwf	(___llmod@divisor+1)^0,c
  3047  000C64  0E00               	movlw	0
  3048  000C66  6E07               	movwf	(___llmod@divisor+2)^0,c
  3049  000C68  0E00               	movlw	0
  3050  000C6A  6E08               	movwf	(___llmod@divisor+3)^0,c
  3051  000C6C  EC60  F00E         	call	___llmod	;wreg free
  3052  000C70  5001               	movf	?___llmod^0,w,c
  3053  000C72  0F30               	addlw	48
  3054  000C74  6EDF               	movwf	indf2,c
  3055  000C76                     
  3056                           ;Dima_EV_1.c: 753:     buf[4] = '0' + (char)( hh % 10u);
  3057  000C76  EE20 F004          	lfsr	2,4
  3058  000C7A  5017               	movf	format_hourmeter_string@buf^0,w,c
  3059  000C7C  26D9               	addwf	fsr2l,f,c
  3060  000C7E  5018               	movf	(format_hourmeter_string@buf+1)^0,w,c
  3061  000C80  22DA               	addwfc	fsr2h,f,c
  3062  000C82  C021  F001         	movff	format_hourmeter_string@hh,___llmod@dividend
  3063  000C86  C022  F002         	movff	format_hourmeter_string@hh+1,___llmod@dividend+1
  3064  000C8A  C023  F003         	movff	format_hourmeter_string@hh+2,___llmod@dividend+2
  3065  000C8E  C024  F004         	movff	format_hourmeter_string@hh+3,___llmod@dividend+3
  3066  000C92  0E0A               	movlw	10
  3067  000C94  6E05               	movwf	___llmod@divisor^0,c
  3068  000C96  0E00               	movlw	0
  3069  000C98  6E06               	movwf	(___llmod@divisor+1)^0,c
  3070  000C9A  0E00               	movlw	0
  3071  000C9C  6E07               	movwf	(___llmod@divisor+2)^0,c
  3072  000C9E  0E00               	movlw	0
  3073  000CA0  6E08               	movwf	(___llmod@divisor+3)^0,c
  3074  000CA2  EC60  F00E         	call	___llmod	;wreg free
  3075  000CA6  5001               	movf	?___llmod^0,w,c
  3076  000CA8  0F30               	addlw	48
  3077  000CAA  6EDF               	movwf	indf2,c
  3078  000CAC                     
  3079                           ;Dima_EV_1.c: 754:     buf[5] = ':';
  3080  000CAC  EE20 F005          	lfsr	2,5
  3081  000CB0  5017               	movf	format_hourmeter_string@buf^0,w,c
  3082  000CB2  26D9               	addwf	fsr2l,f,c
  3083  000CB4  5018               	movf	(format_hourmeter_string@buf+1)^0,w,c
  3084  000CB6  22DA               	addwfc	fsr2h,f,c
  3085  000CB8  0E3A               	movlw	58
  3086  000CBA  6EDF               	movwf	indf2,c
  3087  000CBC                     
  3088                           ;Dima_EV_1.c: 755:     buf[6] = '0' + (char)((mm / 10u) % 10u);
  3089  000CBC  EE20 F006          	lfsr	2,6
  3090  000CC0  5017               	movf	format_hourmeter_string@buf^0,w,c
  3091  000CC2  26D9               	addwf	fsr2l,f,c
  3092  000CC4  5018               	movf	(format_hourmeter_string@buf+1)^0,w,c
  3093  000CC6  22DA               	addwfc	fsr2h,f,c
  3094  000CC8  0E0A               	movlw	10
  3095  000CCA  6E0E               	movwf	___lldiv@divisor^0,c
  3096  000CCC  0E00               	movlw	0
  3097  000CCE  6E0F               	movwf	(___lldiv@divisor+1)^0,c
  3098  000CD0  0E00               	movlw	0
  3099  000CD2  6E10               	movwf	(___lldiv@divisor+2)^0,c
  3100  000CD4  0E00               	movlw	0
  3101  000CD6  6E11               	movwf	(___lldiv@divisor+3)^0,c
  3102  000CD8  C01D  F00A         	movff	format_hourmeter_string@mm,___lldiv@dividend
  3103  000CDC  C01E  F00B         	movff	format_hourmeter_string@mm+1,___lldiv@dividend+1
  3104  000CE0  C01F  F00C         	movff	format_hourmeter_string@mm+2,___lldiv@dividend+2
  3105  000CE4  C020  F00D         	movff	format_hourmeter_string@mm+3,___lldiv@dividend+3
  3106  000CE8  EC79  F00D         	call	___lldiv	;wreg free
  3107  000CEC  C00A  F001         	movff	?___lldiv,___llmod@dividend
  3108  000CF0  C00B  F002         	movff	?___lldiv+1,___llmod@dividend+1
  3109  000CF4  C00C  F003         	movff	?___lldiv+2,___llmod@dividend+2
  3110  000CF8  C00D  F004         	movff	?___lldiv+3,___llmod@dividend+3
  3111  000CFC  0E0A               	movlw	10
  3112  000CFE  6E05               	movwf	___llmod@divisor^0,c
  3113  000D00  0E00               	movlw	0
  3114  000D02  6E06               	movwf	(___llmod@divisor+1)^0,c
  3115  000D04  0E00               	movlw	0
  3116  000D06  6E07               	movwf	(___llmod@divisor+2)^0,c
  3117  000D08  0E00               	movlw	0
  3118  000D0A  6E08               	movwf	(___llmod@divisor+3)^0,c
  3119  000D0C  EC60  F00E         	call	___llmod	;wreg free
  3120  000D10  5001               	movf	?___llmod^0,w,c
  3121  000D12  0F30               	addlw	48
  3122  000D14  6EDF               	movwf	indf2,c
  3123  000D16                     
  3124                           ;Dima_EV_1.c: 756:     buf[7] = '0' + (char)( mm % 10u);
  3125  000D16  EE20 F007          	lfsr	2,7
  3126  000D1A  5017               	movf	format_hourmeter_string@buf^0,w,c
  3127  000D1C  26D9               	addwf	fsr2l,f,c
  3128  000D1E  5018               	movf	(format_hourmeter_string@buf+1)^0,w,c
  3129  000D20  22DA               	addwfc	fsr2h,f,c
  3130  000D22  C01D  F001         	movff	format_hourmeter_string@mm,___llmod@dividend
  3131  000D26  C01E  F002         	movff	format_hourmeter_string@mm+1,___llmod@dividend+1
  3132  000D2A  C01F  F003         	movff	format_hourmeter_string@mm+2,___llmod@dividend+2
  3133  000D2E  C020  F004         	movff	format_hourmeter_string@mm+3,___llmod@dividend+3
  3134  000D32  0E0A               	movlw	10
  3135  000D34  6E05               	movwf	___llmod@divisor^0,c
  3136  000D36  0E00               	movlw	0
  3137  000D38  6E06               	movwf	(___llmod@divisor+1)^0,c
  3138  000D3A  0E00               	movlw	0
  3139  000D3C  6E07               	movwf	(___llmod@divisor+2)^0,c
  3140  000D3E  0E00               	movlw	0
  3141  000D40  6E08               	movwf	(___llmod@divisor+3)^0,c
  3142  000D42  EC60  F00E         	call	___llmod	;wreg free
  3143  000D46  5001               	movf	?___llmod^0,w,c
  3144  000D48  0F30               	addlw	48
  3145  000D4A  6EDF               	movwf	indf2,c
  3146  000D4C                     
  3147                           ;Dima_EV_1.c: 757:     buf[8] = '\0';
  3148  000D4C  EE20 F008          	lfsr	2,8
  3149  000D50  5017               	movf	format_hourmeter_string@buf^0,w,c
  3150  000D52  26D9               	addwf	fsr2l,f,c
  3151  000D54  5018               	movf	(format_hourmeter_string@buf+1)^0,w,c
  3152  000D56  22DA               	addwfc	fsr2h,f,c
  3153  000D58  0E00               	movlw	0
  3154  000D5A  6EDF               	movwf	indf2,c
  3155  000D5C  0012               	return		;funcret
  3156  000D5E                     __end_of_format_hourmeter_string:
  3157                           	callstack 0
  3158                           
  3159 ;; *************** function ___llmod *****************
  3160 ;; Defined at:
  3161 ;;		line 7 in file "C:\Program Files\Microchip\xc8\v2.31\pic\sources\c99\common\llmod.c"
  3162 ;; Parameters:    Size  Location     Type
  3163 ;;  dividend        4    0[COMRAM] unsigned long 
  3164 ;;  divisor         4    4[COMRAM] unsigned long 
  3165 ;; Auto vars:     Size  Location     Type
  3166 ;;  counter         1    8[COMRAM] unsigned char 
  3167 ;; Return value:  Size  Location     Type
  3168 ;;                  4    0[COMRAM] unsigned long 
  3169 ;; Registers used:
  3170 ;;		wreg, status,2, status,0
  3171 ;; Tracked objects:
  3172 ;;		On entry : 0/0
  3173 ;;		On exit  : 0/0
  3174 ;;		Unchanged: 0/0
  3175 ;; Data sizes:     COMRAM   BANK0   BANK1   BANK2   BANK3   BANK4   BANK5
  3176 ;;      Params:         8       0       0       0       0       0       0
  3177 ;;      Locals:         1       0       0       0       0       0       0
  3178 ;;      Temps:          0       0       0       0       0       0       0
  3179 ;;      Totals:         9       0       0       0       0       0       0
  3180 ;;Total ram usage:        9 bytes
  3181 ;; Hardware stack levels used:    1
  3182 ;; Hardware stack levels required when called:    1
  3183 ;; This function calls:
  3184 ;;		Nothing
  3185 ;; This function is called by:
  3186 ;;		_format_hourmeter_string
  3187 ;;		_format_runtime_string
  3188 ;; This function uses a non-reentrant model
  3189 ;;
  3190                           
  3191                           	psect	text8
  3192  001CC0                     __ptext8:
  3193                           	callstack 0
  3194  001CC0                     ___llmod:
  3195                           	callstack 26
  3196  001CC0  5005               	movf	___llmod@divisor^0,w,c
  3197  001CC2  1006               	iorwf	(___llmod@divisor+1)^0,w,c
  3198  001CC4  1007               	iorwf	(___llmod@divisor+2)^0,w,c
  3199  001CC6  1008               	iorwf	(___llmod@divisor+3)^0,w,c
  3200  001CC8  B4D8               	btfsc	status,2,c
  3201  001CCA  EF69  F00E         	goto	u1231
  3202  001CCE  EF6B  F00E         	goto	u1230
  3203  001CD2                     u1231:
  3204  001CD2  EF9B  F00E         	goto	l847
  3205  001CD6                     u1230:
  3206  001CD6  0E01               	movlw	1
  3207  001CD8  6E09               	movwf	___llmod@counter^0,c
  3208  001CDA  EF75  F00E         	goto	l2288
  3209  001CDE                     l2286:
  3210  001CDE  90D8               	bcf	status,0,c
  3211  001CE0  3605               	rlcf	___llmod@divisor^0,f,c
  3212  001CE2  3606               	rlcf	(___llmod@divisor+1)^0,f,c
  3213  001CE4  3607               	rlcf	(___llmod@divisor+2)^0,f,c
  3214  001CE6  3608               	rlcf	(___llmod@divisor+3)^0,f,c
  3215  001CE8  2A09               	incf	___llmod@counter^0,f,c
  3216  001CEA                     l2288:
  3217  001CEA  AE08               	btfss	(___llmod@divisor+3)^0,7,c
  3218  001CEC  EF7A  F00E         	goto	u1241
  3219  001CF0  EF7C  F00E         	goto	u1240
  3220  001CF4                     u1241:
  3221  001CF4  EF6F  F00E         	goto	l2286
  3222  001CF8                     u1240:
  3223  001CF8                     l2290:
  3224  001CF8  5005               	movf	___llmod@divisor^0,w,c
  3225  001CFA  5C01               	subwf	___llmod@dividend^0,w,c
  3226  001CFC  5006               	movf	(___llmod@divisor+1)^0,w,c
  3227  001CFE  5802               	subwfb	(___llmod@dividend+1)^0,w,c
  3228  001D00  5007               	movf	(___llmod@divisor+2)^0,w,c
  3229  001D02  5803               	subwfb	(___llmod@dividend+2)^0,w,c
  3230  001D04  5008               	movf	(___llmod@divisor+3)^0,w,c
  3231  001D06  5804               	subwfb	(___llmod@dividend+3)^0,w,c
  3232  001D08  A0D8               	btfss	status,0,c
  3233  001D0A  EF89  F00E         	goto	u1251
  3234  001D0E  EF8B  F00E         	goto	u1250
  3235  001D12                     u1251:
  3236  001D12  EF93  F00E         	goto	l2294
  3237  001D16                     u1250:
  3238  001D16  5005               	movf	___llmod@divisor^0,w,c
  3239  001D18  5E01               	subwf	___llmod@dividend^0,f,c
  3240  001D1A  5006               	movf	(___llmod@divisor+1)^0,w,c
  3241  001D1C  5A02               	subwfb	(___llmod@dividend+1)^0,f,c
  3242  001D1E  5007               	movf	(___llmod@divisor+2)^0,w,c
  3243  001D20  5A03               	subwfb	(___llmod@dividend+2)^0,f,c
  3244  001D22  5008               	movf	(___llmod@divisor+3)^0,w,c
  3245  001D24  5A04               	subwfb	(___llmod@dividend+3)^0,f,c
  3246  001D26                     l2294:
  3247  001D26  90D8               	bcf	status,0,c
  3248  001D28  3208               	rrcf	(___llmod@divisor+3)^0,f,c
  3249  001D2A  3207               	rrcf	(___llmod@divisor+2)^0,f,c
  3250  001D2C  3206               	rrcf	(___llmod@divisor+1)^0,f,c
  3251  001D2E  3205               	rrcf	___llmod@divisor^0,f,c
  3252  001D30  2E09               	decfsz	___llmod@counter^0,f,c
  3253  001D32  EF7C  F00E         	goto	l2290
  3254  001D36                     l847:
  3255  001D36  C001  F001         	movff	___llmod@dividend,?___llmod
  3256  001D3A  C002  F002         	movff	___llmod@dividend+1,?___llmod+1
  3257  001D3E  C003  F003         	movff	___llmod@dividend+2,?___llmod+2
  3258  001D42  C004  F004         	movff	___llmod@dividend+3,?___llmod+3
  3259  001D46  0012               	return		;funcret
  3260  001D48                     __end_of___llmod:
  3261                           	callstack 0
  3262                           
  3263 ;; *************** function ___lldiv *****************
  3264 ;; Defined at:
  3265 ;;		line 7 in file "C:\Program Files\Microchip\xc8\v2.31\pic\sources\c99\common\__lldiv.c"
  3266 ;; Parameters:    Size  Location     Type
  3267 ;;  dividend        4    9[COMRAM] unsigned long 
  3268 ;;  divisor         4   13[COMRAM] unsigned long 
  3269 ;; Auto vars:     Size  Location     Type
  3270 ;;  quotient        4   17[COMRAM] unsigned long 
  3271 ;;  counter         1   21[COMRAM] unsigned char 
  3272 ;; Return value:  Size  Location     Type
  3273 ;;                  4    9[COMRAM] unsigned long 
  3274 ;; Registers used:
  3275 ;;		wreg, status,2, status,0
  3276 ;; Tracked objects:
  3277 ;;		On entry : 0/0
  3278 ;;		On exit  : 0/0
  3279 ;;		Unchanged: 0/0
  3280 ;; Data sizes:     COMRAM   BANK0   BANK1   BANK2   BANK3   BANK4   BANK5
  3281 ;;      Params:         8       0       0       0       0       0       0
  3282 ;;      Locals:         5       0       0       0       0       0       0
  3283 ;;      Temps:          0       0       0       0       0       0       0
  3284 ;;      Totals:        13       0       0       0       0       0       0
  3285 ;;Total ram usage:       13 bytes
  3286 ;; Hardware stack levels used:    1
  3287 ;; Hardware stack levels required when called:    1
  3288 ;; This function calls:
  3289 ;;		Nothing
  3290 ;; This function is called by:
  3291 ;;		_format_hourmeter_string
  3292 ;;		_format_runtime_string
  3293 ;; This function uses a non-reentrant model
  3294 ;;
  3295                           
  3296                           	psect	text9
  3297  001AF2                     __ptext9:
  3298                           	callstack 0
  3299  001AF2                     ___lldiv:
  3300                           	callstack 26
  3301  001AF2  0E00               	movlw	0
  3302  001AF4  6E12               	movwf	___lldiv@quotient^0,c
  3303  001AF6  0E00               	movlw	0
  3304  001AF8  6E13               	movwf	(___lldiv@quotient+1)^0,c
  3305  001AFA  0E00               	movlw	0
  3306  001AFC  6E14               	movwf	(___lldiv@quotient+2)^0,c
  3307  001AFE  0E00               	movlw	0
  3308  001B00  6E15               	movwf	(___lldiv@quotient+3)^0,c
  3309  001B02  500E               	movf	___lldiv@divisor^0,w,c
  3310  001B04  100F               	iorwf	(___lldiv@divisor+1)^0,w,c
  3311  001B06  1010               	iorwf	(___lldiv@divisor+2)^0,w,c
  3312  001B08  1011               	iorwf	(___lldiv@divisor+3)^0,w,c
  3313  001B0A  B4D8               	btfsc	status,2,c
  3314  001B0C  EF8A  F00D         	goto	u1201
  3315  001B10  EF8C  F00D         	goto	u1200
  3316  001B14                     u1201:
  3317  001B14  EFC2  F00D         	goto	l454
  3318  001B18                     u1200:
  3319  001B18  0E01               	movlw	1
  3320  001B1A  6E16               	movwf	___lldiv@counter^0,c
  3321  001B1C  EF96  F00D         	goto	l2268
  3322  001B20                     l2266:
  3323  001B20  90D8               	bcf	status,0,c
  3324  001B22  360E               	rlcf	___lldiv@divisor^0,f,c
  3325  001B24  360F               	rlcf	(___lldiv@divisor+1)^0,f,c
  3326  001B26  3610               	rlcf	(___lldiv@divisor+2)^0,f,c
  3327  001B28  3611               	rlcf	(___lldiv@divisor+3)^0,f,c
  3328  001B2A  2A16               	incf	___lldiv@counter^0,f,c
  3329  001B2C                     l2268:
  3330  001B2C  AE11               	btfss	(___lldiv@divisor+3)^0,7,c
  3331  001B2E  EF9B  F00D         	goto	u1211
  3332  001B32  EF9D  F00D         	goto	u1210
  3333  001B36                     u1211:
  3334  001B36  EF90  F00D         	goto	l2266
  3335  001B3A                     u1210:
  3336  001B3A                     l2270:
  3337  001B3A  90D8               	bcf	status,0,c
  3338  001B3C  3612               	rlcf	___lldiv@quotient^0,f,c
  3339  001B3E  3613               	rlcf	(___lldiv@quotient+1)^0,f,c
  3340  001B40  3614               	rlcf	(___lldiv@quotient+2)^0,f,c
  3341  001B42  3615               	rlcf	(___lldiv@quotient+3)^0,f,c
  3342  001B44  500E               	movf	___lldiv@divisor^0,w,c
  3343  001B46  5C0A               	subwf	___lldiv@dividend^0,w,c
  3344  001B48  500F               	movf	(___lldiv@divisor+1)^0,w,c
  3345  001B4A  580B               	subwfb	(___lldiv@dividend+1)^0,w,c
  3346  001B4C  5010               	movf	(___lldiv@divisor+2)^0,w,c
  3347  001B4E  580C               	subwfb	(___lldiv@dividend+2)^0,w,c
  3348  001B50  5011               	movf	(___lldiv@divisor+3)^0,w,c
  3349  001B52  580D               	subwfb	(___lldiv@dividend+3)^0,w,c
  3350  001B54  A0D8               	btfss	status,0,c
  3351  001B56  EFAF  F00D         	goto	u1221
  3352  001B5A  EFB1  F00D         	goto	u1220
  3353  001B5E                     u1221:
  3354  001B5E  EFBA  F00D         	goto	l2278
  3355  001B62                     u1220:
  3356  001B62  500E               	movf	___lldiv@divisor^0,w,c
  3357  001B64  5E0A               	subwf	___lldiv@dividend^0,f,c
  3358  001B66  500F               	movf	(___lldiv@divisor+1)^0,w,c
  3359  001B68  5A0B               	subwfb	(___lldiv@dividend+1)^0,f,c
  3360  001B6A  5010               	movf	(___lldiv@divisor+2)^0,w,c
  3361  001B6C  5A0C               	subwfb	(___lldiv@dividend+2)^0,f,c
  3362  001B6E  5011               	movf	(___lldiv@divisor+3)^0,w,c
  3363  001B70  5A0D               	subwfb	(___lldiv@dividend+3)^0,f,c
  3364  001B72  8012               	bsf	___lldiv@quotient^0,0,c
  3365  001B74                     l2278:
  3366  001B74  90D8               	bcf	status,0,c
  3367  001B76  3211               	rrcf	(___lldiv@divisor+3)^0,f,c
  3368  001B78  3210               	rrcf	(___lldiv@divisor+2)^0,f,c
  3369  001B7A  320F               	rrcf	(___lldiv@divisor+1)^0,f,c
  3370  001B7C  320E               	rrcf	___lldiv@divisor^0,f,c
  3371  001B7E  2E16               	decfsz	___lldiv@counter^0,f,c
  3372  001B80  EF9D  F00D         	goto	l2270
  3373  001B84                     l454:
  3374  001B84  C012  F00A         	movff	___lldiv@quotient,?___lldiv
  3375  001B88  C013  F00B         	movff	___lldiv@quotient+1,?___lldiv+1
  3376  001B8C  C014  F00C         	movff	___lldiv@quotient+2,?___lldiv+2
  3377  001B90  C015  F00D         	movff	___lldiv@quotient+3,?___lldiv+3
  3378  001B94  0012               	return		;funcret
  3379  001B96                     __end_of___lldiv:
  3380                           	callstack 0
  3381                           
  3382 ;; *************** function _hourmeter_save_to_eeprom *****************
  3383 ;; Defined at:
  3384 ;;		line 1045 in file "Dima_EV_1.c"
  3385 ;; Parameters:    Size  Location     Type
  3386 ;;		None
  3387 ;; Auto vars:     Size  Location     Type
  3388 ;;  val             4    3[COMRAM] unsigned long 
  3389 ;; Return value:  Size  Location     Type
  3390 ;;                  1    wreg      void 
  3391 ;; Registers used:
  3392 ;;		wreg, status,2, cstack
  3393 ;; Tracked objects:
  3394 ;;		On entry : 0/0
  3395 ;;		On exit  : 0/0
  3396 ;;		Unchanged: 0/0
  3397 ;; Data sizes:     COMRAM   BANK0   BANK1   BANK2   BANK3   BANK4   BANK5
  3398 ;;      Params:         0       0       0       0       0       0       0
  3399 ;;      Locals:         4       0       0       0       0       0       0
  3400 ;;      Temps:          0       0       0       0       0       0       0
  3401 ;;      Totals:         4       0       0       0       0       0       0
  3402 ;;Total ram usage:        4 bytes
  3403 ;; Hardware stack levels used:    1
  3404 ;; Hardware stack levels required when called:    2
  3405 ;; This function calls:
  3406 ;;		_eeprom_write_byte
  3407 ;; This function is called by:
  3408 ;;		_update_logic_1s
  3409 ;; This function uses a non-reentrant model
  3410 ;;
  3411                           
  3412                           	psect	text10
  3413  001E3C                     __ptext10:
  3414                           	callstack 0
  3415  001E3C                     _hourmeter_save_to_eeprom:
  3416                           	callstack 27
  3417  001E3C                     
  3418                           ;Dima_EV_1.c: 1047:     uint32_t val = g_overall_seconds;
  3419  001E3C  C09B  F004         	movff	_g_overall_seconds,hourmeter_save_to_eeprom@val	;volatile
  3420  001E40  C09C  F005         	movff	_g_overall_seconds+1,hourmeter_save_to_eeprom@val+1	;volatile
  3421  001E44  C09D  F006         	movff	_g_overall_seconds+2,hourmeter_save_to_eeprom@val+2	;volatile
  3422  001E48  C09E  F007         	movff	_g_overall_seconds+3,hourmeter_save_to_eeprom@val+3	;volatile
  3423  001E4C                     
  3424                           ;Dima_EV_1.c: 1049:     eeprom_write_byte(0x0000u + 0, (uint8_t)(val & 0xFFu));
  3425  001E4C  0E00               	movlw	0
  3426  001E4E  6E02               	movwf	(eeprom_write_byte@addr+1)^0,c
  3427  001E50  0E00               	movlw	0
  3428  001E52  6E01               	movwf	eeprom_write_byte@addr^0,c
  3429  001E54  C004  F003         	movff	hourmeter_save_to_eeprom@val,eeprom_write_byte@value
  3430  001E58  EC10  F010         	call	_eeprom_write_byte	;wreg free
  3431                           
  3432                           ;Dima_EV_1.c: 1050:     eeprom_write_byte(0x0000u + 1, (uint8_t)((val >> 8) & 0xFFu));
  3433  001E5C  0E00               	movlw	0
  3434  001E5E  6E02               	movwf	(eeprom_write_byte@addr+1)^0,c
  3435  001E60  0E01               	movlw	1
  3436  001E62  6E01               	movwf	eeprom_write_byte@addr^0,c
  3437  001E64  C005  F003         	movff	hourmeter_save_to_eeprom@val+1,eeprom_write_byte@value
  3438  001E68  EC10  F010         	call	_eeprom_write_byte	;wreg free
  3439                           
  3440                           ;Dima_EV_1.c: 1051:     eeprom_write_byte(0x0000u + 2, (uint8_t)((val >> 16) & 0xFFu));
  3441  001E6C  0E00               	movlw	0
  3442  001E6E  6E02               	movwf	(eeprom_write_byte@addr+1)^0,c
  3443  001E70  0E02               	movlw	2
  3444  001E72  6E01               	movwf	eeprom_write_byte@addr^0,c
  3445  001E74  C006  F003         	movff	hourmeter_save_to_eeprom@val+2,eeprom_write_byte@value
  3446  001E78  EC10  F010         	call	_eeprom_write_byte	;wreg free
  3447                           
  3448                           ;Dima_EV_1.c: 1052:     eeprom_write_byte(0x0000u + 3, (uint8_t)((val >> 24) & 0xFFu));
  3449  001E7C  0E00               	movlw	0
  3450  001E7E  6E02               	movwf	(eeprom_write_byte@addr+1)^0,c
  3451  001E80  0E03               	movlw	3
  3452  001E82  6E01               	movwf	eeprom_write_byte@addr^0,c
  3453  001E84  C007  F003         	movff	hourmeter_save_to_eeprom@val+3,eeprom_write_byte@value
  3454  001E88  EC10  F010         	call	_eeprom_write_byte	;wreg free
  3455                           
  3456                           ;Dima_EV_1.c: 1054:     eeprom_write_byte(0x0004u, 0x5Au);
  3457  001E8C  0E00               	movlw	0
  3458  001E8E  6E02               	movwf	(eeprom_write_byte@addr+1)^0,c
  3459  001E90  0E04               	movlw	4
  3460  001E92  6E01               	movwf	eeprom_write_byte@addr^0,c
  3461  001E94  0E5A               	movlw	90
  3462  001E96  6E03               	movwf	eeprom_write_byte@value^0,c
  3463  001E98  EC10  F010         	call	_eeprom_write_byte	;wreg free
  3464  001E9C  0012               	return		;funcret
  3465  001E9E                     __end_of_hourmeter_save_to_eeprom:
  3466                           	callstack 0
  3467                           
  3468 ;; *************** function _eeprom_write_byte *****************
  3469 ;; Defined at:
  3470 ;;		line 1011 in file "Dima_EV_1.c"
  3471 ;; Parameters:    Size  Location     Type
  3472 ;;  addr            2    0[COMRAM] unsigned short 
  3473 ;;  value           1    2[COMRAM] unsigned char 
  3474 ;; Auto vars:     Size  Location     Type
  3475 ;;		None
  3476 ;; Return value:  Size  Location     Type
  3477 ;;                  1    wreg      void 
  3478 ;; Registers used:
  3479 ;;		wreg, status,2
  3480 ;; Tracked objects:
  3481 ;;		On entry : 0/0
  3482 ;;		On exit  : 0/0
  3483 ;;		Unchanged: 0/0
  3484 ;; Data sizes:     COMRAM   BANK0   BANK1   BANK2   BANK3   BANK4   BANK5
  3485 ;;      Params:         3       0       0       0       0       0       0
  3486 ;;      Locals:         0       0       0       0       0       0       0
  3487 ;;      Temps:          0       0       0       0       0       0       0
  3488 ;;      Totals:         3       0       0       0       0       0       0
  3489 ;;Total ram usage:        3 bytes
  3490 ;; Hardware stack levels used:    1
  3491 ;; Hardware stack levels required when called:    1
  3492 ;; This function calls:
  3493 ;;		Nothing
  3494 ;; This function is called by:
  3495 ;;		_hourmeter_save_to_eeprom
  3496 ;; This function uses a non-reentrant model
  3497 ;;
  3498                           
  3499                           	psect	text11
  3500  002020                     __ptext11:
  3501                           	callstack 0
  3502  002020                     _eeprom_write_byte:
  3503                           	callstack 27
  3504  002020                     l395:
  3505  002020  B2A6               	btfsc	166,1,c	;volsfr
  3506  002022  EF15  F010         	goto	u1351
  3507  002026  EF17  F010         	goto	u1350
  3508  00202A                     u1351:
  3509  00202A  EF10  F010         	goto	l395
  3510  00202E                     u1350:
  3511  00202E                     
  3512                           ;Dima_EV_1.c: 1015:     EEADR = (uint8_t)(addr & 0xFFu);
  3513  00202E  C001  FFA9         	movff	eeprom_write_byte@addr,4009	;volatile
  3514                           
  3515                           ;Dima_EV_1.c: 1016:     EEDATA = value;
  3516  002032  C003  FFA8         	movff	eeprom_write_byte@value,4008	;volatile
  3517                           
  3518                           ;Dima_EV_1.c: 1018:     EECON1bits.EEPGD = 0;
  3519  002036  9EA6               	bcf	166,7,c	;volsfr
  3520                           
  3521                           ;Dima_EV_1.c: 1019:     EECON1bits.CFGS = 0;
  3522  002038  9CA6               	bcf	166,6,c	;volsfr
  3523                           
  3524                           ;Dima_EV_1.c: 1020:     EECON1bits.WREN = 1;
  3525  00203A  84A6               	bsf	166,2,c	;volsfr
  3526                           
  3527                           ;Dima_EV_1.c: 1022:     INTCONbits.GIE = 0;
  3528  00203C  9EF2               	bcf	242,7,c	;volatile
  3529  00203E                     
  3530                           ;Dima_EV_1.c: 1023:     EECON2 = 0x55;
  3531  00203E  0E55               	movlw	85
  3532  002040  6EA7               	movwf	167,c	;volsfr
  3533                           
  3534                           ;Dima_EV_1.c: 1024:     EECON2 = 0xAA;
  3535  002042  0EAA               	movlw	170
  3536  002044  6EA7               	movwf	167,c	;volsfr
  3537  002046                     
  3538                           ;Dima_EV_1.c: 1025:     EECON1bits.WR = 1;
  3539  002046  82A6               	bsf	166,1,c	;volsfr
  3540  002048                     
  3541                           ;Dima_EV_1.c: 1026:     INTCONbits.GIE = 1;
  3542  002048  8EF2               	bsf	242,7,c	;volatile
  3543  00204A                     l398:
  3544  00204A  B2A6               	btfsc	166,1,c	;volsfr
  3545  00204C  EF2A  F010         	goto	u1361
  3546  002050  EF2C  F010         	goto	u1360
  3547  002054                     u1361:
  3548  002054  EF25  F010         	goto	l398
  3549  002058                     u1360:
  3550  002058                     
  3551                           ;Dima_EV_1.c: 1029:     EECON1bits.WREN = 0;
  3552  002058  94A6               	bcf	166,2,c	;volsfr
  3553  00205A  0012               	return		;funcret
  3554  00205C                     __end_of_eeprom_write_byte:
  3555                           	callstack 0
  3556                           
  3557 ;; *************** function _update_logic_10ms *****************
  3558 ;; Defined at:
  3559 ;;		line 347 in file "Dima_EV_1.c"
  3560 ;; Parameters:    Size  Location     Type
  3561 ;;		None
  3562 ;; Auto vars:     Size  Location     Type
  3563 ;;		None
  3564 ;; Return value:  Size  Location     Type
  3565 ;;                  1    wreg      void 
  3566 ;; Registers used:
  3567 ;;		wreg, status,2, status,0
  3568 ;; Tracked objects:
  3569 ;;		On entry : 0/0
  3570 ;;		On exit  : 0/0
  3571 ;;		Unchanged: 0/0
  3572 ;; Data sizes:     COMRAM   BANK0   BANK1   BANK2   BANK3   BANK4   BANK5
  3573 ;;      Params:         0       0       0       0       0       0       0
  3574 ;;      Locals:         0       0       0       0       0       0       0
  3575 ;;      Temps:          1       0       0       0       0       0       0
  3576 ;;      Totals:         1       0       0       0       0       0       0
  3577 ;;Total ram usage:        1 bytes
  3578 ;; Hardware stack levels used:    1
  3579 ;; Hardware stack levels required when called:    1
  3580 ;; This function calls:
  3581 ;;		Nothing
  3582 ;; This function is called by:
  3583 ;;		_main
  3584 ;; This function uses a non-reentrant model
  3585 ;;
  3586                           
  3587                           	psect	text12
  3588  0015F2                     __ptext12:
  3589                           	callstack 0
  3590  0015F2                     _update_logic_10ms:
  3591                           	callstack 29
  3592  0015F2                     
  3593                           ;Dima_EV_1.c: 350:     if (g_h1_state && g_h2_state && !g_brush_timeout_active)
  3594  0015F2  0100               	movlb	0	; () banked
  3595  0015F4  51AB               	movf	_g_h1_state& (0+255),w,b	;volatile
  3596  0015F6  B4D8               	btfsc	status,2,c
  3597  0015F8  EF00  F00B         	goto	u1681
  3598  0015FC  EF02  F00B         	goto	u1680
  3599  001600                     u1681:
  3600  001600  EF16  F00B         	goto	l2778
  3601  001604                     u1680:
  3602  001604                     
  3603                           ; BSR set to: 0
  3604  001604  51AA               	movf	_g_h2_state& (0+255),w,b	;volatile
  3605  001606  B4D8               	btfsc	status,2,c
  3606  001608  EF08  F00B         	goto	u1691
  3607  00160C  EF0A  F00B         	goto	u1690
  3608  001610                     u1691:
  3609  001610  EF16  F00B         	goto	l2778
  3610  001614                     u1690:
  3611  001614                     
  3612                           ; BSR set to: 0
  3613  001614  51A6               	movf	_g_brush_timeout_active& (0+255),w,b	;volatile
  3614  001616  A4D8               	btfss	status,2,c
  3615  001618  EF10  F00B         	goto	u1701
  3616  00161C  EF12  F00B         	goto	u1700
  3617  001620                     u1701:
  3618  001620  EF16  F00B         	goto	l2778
  3619  001624                     u1700:
  3620  001624                     
  3621                           ; BSR set to: 0
  3622                           ;Dima_EV_1.c: 351:     {;Dima_EV_1.c: 352:         g_brush_on = 1;
  3623  001624  0E01               	movlw	1
  3624  001626  6FA8               	movwf	_g_brush_on& (0+255),b	;volatile
  3625                           
  3626                           ;Dima_EV_1.c: 353:     }
  3627  001628  EF34  F00B         	goto	l146
  3628  00162C                     l2778:
  3629                           
  3630                           ; BSR set to: 0
  3631                           ;Dima_EV_1.c: 355:     {;Dima_EV_1.c: 356:         if (!g_h1_state && !g_h2_state)
  3632  00162C  51AB               	movf	_g_h1_state& (0+255),w,b	;volatile
  3633  00162E  A4D8               	btfss	status,2,c
  3634  001630  EF1C  F00B         	goto	u1711
  3635  001634  EF1E  F00B         	goto	u1710
  3636  001638                     u1711:
  3637  001638  EF2A  F00B         	goto	l2784
  3638  00163C                     u1710:
  3639  00163C                     
  3640                           ; BSR set to: 0
  3641  00163C  51AA               	movf	_g_h2_state& (0+255),w,b	;volatile
  3642  00163E  A4D8               	btfss	status,2,c
  3643  001640  EF24  F00B         	goto	u1721
  3644  001644  EF26  F00B         	goto	u1720
  3645  001648                     u1721:
  3646  001648  EF2A  F00B         	goto	l2784
  3647  00164C                     u1720:
  3648  00164C                     l2782:
  3649                           
  3650                           ; BSR set to: 0
  3651                           ;Dima_EV_1.c: 357:         {;Dima_EV_1.c: 358:             g_brush_on = 0;
  3652  00164C  0E00               	movlw	0
  3653  00164E  6FA8               	movwf	_g_brush_on& (0+255),b	;volatile
  3654                           
  3655                           ;Dima_EV_1.c: 359:         }
  3656  001650  EF34  F00B         	goto	l146
  3657  001654                     l2784:
  3658                           
  3659                           ; BSR set to: 0
  3660                           ;Dima_EV_1.c: 361:         {;Dima_EV_1.c: 362:             if (g_brush_timeout_active)
  3661  001654  51A6               	movf	_g_brush_timeout_active& (0+255),w,b	;volatile
  3662  001656  B4D8               	btfsc	status,2,c
  3663  001658  EF30  F00B         	goto	u1731
  3664  00165C  EF32  F00B         	goto	u1730
  3665  001660                     u1731:
  3666  001660  EF34  F00B         	goto	l146
  3667  001664                     u1730:
  3668  001664  EF26  F00B         	goto	l2782
  3669  001668                     l146:
  3670                           
  3671                           ; BSR set to: 0
  3672                           ;Dima_EV_1.c: 370:     if (g_lever_state)
  3673  001668  51A9               	movf	_g_lever_state& (0+255),w,b	;volatile
  3674  00166A  B4D8               	btfsc	status,2,c
  3675  00166C  EF3A  F00B         	goto	u1741
  3676  001670  EF3C  F00B         	goto	u1740
  3677  001674                     u1741:
  3678  001674  EF3E  F00B         	goto	l2790
  3679  001678                     u1740:
  3680  001678                     
  3681                           ; BSR set to: 0
  3682                           ;Dima_EV_1.c: 371:     {;Dima_EV_1.c: 372:         g_vacuum_on = 1;
  3683  001678  0E01               	movlw	1
  3684  00167A  6FA7               	movwf	_g_vacuum_on& (0+255),b	;volatile
  3685  00167C                     l2790:
  3686                           
  3687                           ; BSR set to: 0
  3688                           ;Dima_EV_1.c: 376:     LATCbits.LATC0 = g_brush_on ? 1 : 0;
  3689  00167C  51A8               	movf	_g_brush_on& (0+255),w,b	;volatile
  3690  00167E  A4D8               	btfss	status,2,c
  3691  001680  EF44  F00B         	goto	u1751
  3692  001684  EF48  F00B         	goto	u1750
  3693  001688                     u1751:
  3694  001688  6A01               	clrf	??_update_logic_10ms^0,c
  3695  00168A  2A01               	incf	??_update_logic_10ms^0,f,c
  3696  00168C  EF49  F00B         	goto	u1768
  3697  001690                     u1750:
  3698  001690  6A01               	clrf	??_update_logic_10ms^0,c
  3699  001692                     u1768:
  3700  001692  508B               	movf	139,w,c	;volatile
  3701  001694  1801               	xorwf	??_update_logic_10ms^0,w,c
  3702  001696  0BFE               	andlw	-2
  3703  001698  1801               	xorwf	??_update_logic_10ms^0,w,c
  3704  00169A  6E8B               	movwf	139,c	;volatile
  3705  00169C                     
  3706                           ;Dima_EV_1.c: 377:     LATCbits.LATC1 = g_vacuum_on ? 1 : 0;
  3707  00169C  0100               	movlb	0	; () banked
  3708  00169E  51A7               	movf	_g_vacuum_on& (0+255),w,b	;volatile
  3709  0016A0  A4D8               	btfss	status,2,c
  3710  0016A2  EF55  F00B         	goto	u1771
  3711  0016A6  EF59  F00B         	goto	u1770
  3712  0016AA                     u1771:
  3713  0016AA  6A01               	clrf	??_update_logic_10ms^0,c
  3714  0016AC  2A01               	incf	??_update_logic_10ms^0,f,c
  3715  0016AE  EF5A  F00B         	goto	u1788
  3716  0016B2                     u1770:
  3717  0016B2  6A01               	clrf	??_update_logic_10ms^0,c
  3718  0016B4                     u1788:
  3719  0016B4  4601               	rlncf	??_update_logic_10ms^0,f,c
  3720  0016B6  508B               	movf	139,w,c	;volatile
  3721  0016B8  1801               	xorwf	??_update_logic_10ms^0,w,c
  3722  0016BA  0BFD               	andlw	-3
  3723  0016BC  1801               	xorwf	??_update_logic_10ms^0,w,c
  3724  0016BE  6E8B               	movwf	139,c	;volatile
  3725                           
  3726                           ;Dima_EV_1.c: 380:     static uint8_t blink_10ms = 0;;Dima_EV_1.c: 381:     static _Bool
      +                           last_delay_active = 0;;Dima_EV_1.c: 383:     if (g_vacuum_delay_active)
  3727  0016C0  0100               	movlb	0	; () banked
  3728  0016C2  51A4               	movf	_g_vacuum_delay_active& (0+255),w,b	;volatile
  3729  0016C4  B4D8               	btfsc	status,2,c
  3730  0016C6  EF67  F00B         	goto	u1791
  3731  0016CA  EF69  F00B         	goto	u1790
  3732  0016CE                     u1791:
  3733  0016CE  EF84  F00B         	goto	l2808
  3734  0016D2                     u1790:
  3735  0016D2                     
  3736                           ; BSR set to: 0
  3737                           ;Dima_EV_1.c: 384:     {;Dima_EV_1.c: 385:         if (!last_delay_active)
  3738  0016D2  503D               	movf	update_logic_10ms@last_delay_active^0,w,c
  3739  0016D4  A4D8               	btfss	status,2,c
  3740  0016D6  EF6F  F00B         	goto	u1801
  3741  0016DA  EF71  F00B         	goto	u1800
  3742  0016DE                     u1801:
  3743  0016DE  EF76  F00B         	goto	l2800
  3744  0016E2                     u1800:
  3745  0016E2                     
  3746                           ; BSR set to: 0
  3747                           ;Dima_EV_1.c: 386:         {;Dima_EV_1.c: 387:             last_delay_active = 1;
  3748  0016E2  0E01               	movlw	1
  3749  0016E4  6E3D               	movwf	update_logic_10ms@last_delay_active^0,c
  3750                           
  3751                           ;Dima_EV_1.c: 388:             blink_10ms = 0;
  3752  0016E6  0E00               	movlw	0
  3753  0016E8  6E3E               	movwf	update_logic_10ms@blink_10ms^0,c
  3754  0016EA                     
  3755                           ; BSR set to: 0
  3756                           ;Dima_EV_1.c: 389:             LATBbits.LATB0 = 1;
  3757  0016EA  808A               	bsf	138,0,c	;volatile
  3758  0016EC                     l2800:
  3759                           
  3760                           ; BSR set to: 0
  3761                           ;Dima_EV_1.c: 392:         blink_10ms++;
  3762  0016EC  2A3E               	incf	update_logic_10ms@blink_10ms^0,f,c
  3763  0016EE                     
  3764                           ; BSR set to: 0
  3765                           ;Dima_EV_1.c: 393:         if (blink_10ms >= 30)
  3766  0016EE  0E1D               	movlw	29
  3767  0016F0  643E               	cpfsgt	update_logic_10ms@blink_10ms^0,c
  3768  0016F2  EF7D  F00B         	goto	u1811
  3769  0016F6  EF7F  F00B         	goto	u1810
  3770  0016FA                     u1811:
  3771  0016FA  EF89  F00B         	goto	l159
  3772  0016FE                     u1810:
  3773  0016FE                     
  3774                           ; BSR set to: 0
  3775                           ;Dima_EV_1.c: 394:         {;Dima_EV_1.c: 395:             blink_10ms = 0;
  3776  0016FE  0E00               	movlw	0
  3777  001700  6E3E               	movwf	update_logic_10ms@blink_10ms^0,c
  3778  001702                     
  3779                           ; BSR set to: 0
  3780                           ;Dima_EV_1.c: 396:             LATBbits.LATB0 ^= 1;
  3781  001702  708A               	btg	138,0,c	;volatile
  3782  001704  EF89  F00B         	goto	l159
  3783  001708                     l2808:
  3784                           
  3785                           ; BSR set to: 0
  3786                           ;Dima_EV_1.c: 400:     {;Dima_EV_1.c: 401:         last_delay_active = 0;
  3787  001708  0E00               	movlw	0
  3788  00170A  6E3D               	movwf	update_logic_10ms@last_delay_active^0,c
  3789                           
  3790                           ;Dima_EV_1.c: 402:         blink_10ms = 0;
  3791  00170C  0E00               	movlw	0
  3792  00170E  6E3E               	movwf	update_logic_10ms@blink_10ms^0,c
  3793  001710                     
  3794                           ; BSR set to: 0
  3795                           ;Dima_EV_1.c: 403:         LATBbits.LATB0 = 0;
  3796  001710  908A               	bcf	138,0,c	;volatile
  3797  001712                     l159:
  3798                           
  3799                           ; BSR set to: 0
  3800  001712  0012               	return		;funcret
  3801  001714                     __end_of_update_logic_10ms:
  3802                           	callstack 0
  3803                           
  3804 ;; *************** function _system_init *****************
  3805 ;; Defined at:
  3806 ;;		line 231 in file "Dima_EV_1.c"
  3807 ;; Parameters:    Size  Location     Type
  3808 ;;		None
  3809 ;; Auto vars:     Size  Location     Type
  3810 ;;		None
  3811 ;; Return value:  Size  Location     Type
  3812 ;;                  1    wreg      void 
  3813 ;; Registers used:
  3814 ;;		wreg, status,2, status,0, cstack
  3815 ;; Tracked objects:
  3816 ;;		On entry : 0/0
  3817 ;;		On exit  : 0/0
  3818 ;;		Unchanged: 0/0
  3819 ;; Data sizes:     COMRAM   BANK0   BANK1   BANK2   BANK3   BANK4   BANK5
  3820 ;;      Params:         0       0       0       0       0       0       0
  3821 ;;      Locals:         0       0       0       0       0       0       0
  3822 ;;      Temps:          0       0       0       0       0       0       0
  3823 ;;      Totals:         0       0       0       0       0       0       0
  3824 ;;Total ram usage:        0 bytes
  3825 ;; Hardware stack levels used:    1
  3826 ;; Hardware stack levels required when called:    6
  3827 ;; This function calls:
  3828 ;;		_i2c_init
  3829 ;;		_io_init
  3830 ;;		_oled_init
  3831 ;;		_osc_init
  3832 ;;		_timer0_init
  3833 ;; This function is called by:
  3834 ;;		_main
  3835 ;; This function uses a non-reentrant model
  3836 ;;
  3837                           
  3838                           	psect	text13
  3839  002128                     __ptext13:
  3840                           	callstack 0
  3841  002128                     _system_init:
  3842                           	callstack 24
  3843  002128                     
  3844                           ;Dima_EV_1.c: 233:     osc_init();
  3845  002128  ECCF  F010         	call	_osc_init	;wreg free
  3846                           
  3847                           ;Dima_EV_1.c: 234:     io_init();
  3848  00212C  EC44  F010         	call	_io_init	;wreg free
  3849  002130                     
  3850                           ;Dima_EV_1.c: 235:     i2c_init();
  3851  002130  ECC5  F010         	call	_i2c_init	;wreg free
  3852  002134                     
  3853                           ;Dima_EV_1.c: 236:     oled_init();
  3854  002134  EC69  F00C         	call	_oled_init	;wreg free
  3855  002138                     
  3856                           ;Dima_EV_1.c: 237:     timer0_init();
  3857  002138  EC9F  F010         	call	_timer0_init	;wreg free
  3858  00213C  0012               	return		;funcret
  3859  00213E                     __end_of_system_init:
  3860                           	callstack 0
  3861                           
  3862 ;; *************** function _timer0_init *****************
  3863 ;; Defined at:
  3864 ;;		line 274 in file "Dima_EV_1.c"
  3865 ;; Parameters:    Size  Location     Type
  3866 ;;		None
  3867 ;; Auto vars:     Size  Location     Type
  3868 ;;		None
  3869 ;; Return value:  Size  Location     Type
  3870 ;;                  1    wreg      void 
  3871 ;; Registers used:
  3872 ;;		wreg, status,2
  3873 ;; Tracked objects:
  3874 ;;		On entry : 0/0
  3875 ;;		On exit  : 0/0
  3876 ;;		Unchanged: 0/0
  3877 ;; Data sizes:     COMRAM   BANK0   BANK1   BANK2   BANK3   BANK4   BANK5
  3878 ;;      Params:         0       0       0       0       0       0       0
  3879 ;;      Locals:         0       0       0       0       0       0       0
  3880 ;;      Temps:          0       0       0       0       0       0       0
  3881 ;;      Totals:         0       0       0       0       0       0       0
  3882 ;;Total ram usage:        0 bytes
  3883 ;; Hardware stack levels used:    1
  3884 ;; Hardware stack levels required when called:    1
  3885 ;; This function calls:
  3886 ;;		Nothing
  3887 ;; This function is called by:
  3888 ;;		_system_init
  3889 ;; This function uses a non-reentrant model
  3890 ;;
  3891                           
  3892                           	psect	text14
  3893  00213E                     __ptext14:
  3894                           	callstack 0
  3895  00213E                     _timer0_init:
  3896                           	callstack 28
  3897  00213E                     
  3898                           ;Dima_EV_1.c: 280:     T0CON = 0b00001000;
  3899  00213E  0E08               	movlw	8
  3900  002140  6ED5               	movwf	213,c	;volatile
  3901                           
  3902                           ;Dima_EV_1.c: 281:     TMR0H = 0xF0;
  3903  002142  0EF0               	movlw	240
  3904  002144  6ED7               	movwf	215,c	;volatile
  3905                           
  3906                           ;Dima_EV_1.c: 282:     TMR0L = 0x60;
  3907  002146  0E60               	movlw	96
  3908  002148  6ED6               	movwf	214,c	;volatile
  3909  00214A                     
  3910                           ;Dima_EV_1.c: 284:     INTCONbits.TMR0IF = 0;
  3911  00214A  94F2               	bcf	242,2,c	;volatile
  3912  00214C                     
  3913                           ;Dima_EV_1.c: 285:     INTCONbits.TMR0IE = 1;
  3914  00214C  8AF2               	bsf	242,5,c	;volatile
  3915  00214E                     
  3916                           ;Dima_EV_1.c: 286:     INTCONbits.GIE = 1;
  3917  00214E  8EF2               	bsf	242,7,c	;volatile
  3918  002150                     
  3919                           ;Dima_EV_1.c: 288:     T0CONbits.TMR0ON = 1;
  3920  002150  8ED5               	bsf	213,7,c	;volatile
  3921  002152  0012               	return		;funcret
  3922  002154                     __end_of_timer0_init:
  3923                           	callstack 0
  3924                           
  3925 ;; *************** function _osc_init *****************
  3926 ;; Defined at:
  3927 ;;		line 240 in file "Dima_EV_1.c"
  3928 ;; Parameters:    Size  Location     Type
  3929 ;;		None
  3930 ;; Auto vars:     Size  Location     Type
  3931 ;;		None
  3932 ;; Return value:  Size  Location     Type
  3933 ;;                  1    wreg      void 
  3934 ;; Registers used:
  3935 ;;		wreg, status,2
  3936 ;; Tracked objects:
  3937 ;;		On entry : 0/0
  3938 ;;		On exit  : 0/0
  3939 ;;		Unchanged: 0/0
  3940 ;; Data sizes:     COMRAM   BANK0   BANK1   BANK2   BANK3   BANK4   BANK5
  3941 ;;      Params:         0       0       0       0       0       0       0
  3942 ;;      Locals:         0       0       0       0       0       0       0
  3943 ;;      Temps:          0       0       0       0       0       0       0
  3944 ;;      Totals:         0       0       0       0       0       0       0
  3945 ;;Total ram usage:        0 bytes
  3946 ;; Hardware stack levels used:    1
  3947 ;; Hardware stack levels required when called:    1
  3948 ;; This function calls:
  3949 ;;		Nothing
  3950 ;; This function is called by:
  3951 ;;		_system_init
  3952 ;; This function uses a non-reentrant model
  3953 ;;
  3954                           
  3955                           	psect	text15
  3956  00219E                     __ptext15:
  3957                           	callstack 0
  3958  00219E                     _osc_init:
  3959                           	callstack 28
  3960  00219E                     
  3961                           ;Dima_EV_1.c: 243:     OSCCON = 0b01110010;
  3962  00219E  0E72               	movlw	114
  3963  0021A0  6ED3               	movwf	211,c	;volatile
  3964  0021A2  0012               	return		;funcret
  3965  0021A4                     __end_of_osc_init:
  3966                           	callstack 0
  3967                           
  3968 ;; *************** function _oled_init *****************
  3969 ;; Defined at:
  3970 ;;		line 582 in file "Dima_EV_1.c"
  3971 ;; Parameters:    Size  Location     Type
  3972 ;;		None
  3973 ;; Auto vars:     Size  Location     Type
  3974 ;;		None
  3975 ;; Return value:  Size  Location     Type
  3976 ;;                  1    wreg      void 
  3977 ;; Registers used:
  3978 ;;		wreg, status,2, status,0, cstack
  3979 ;; Tracked objects:
  3980 ;;		On entry : 0/0
  3981 ;;		On exit  : 0/0
  3982 ;;		Unchanged: 0/0
  3983 ;; Data sizes:     COMRAM   BANK0   BANK1   BANK2   BANK3   BANK4   BANK5
  3984 ;;      Params:         0       0       0       0       0       0       0
  3985 ;;      Locals:         0       0       0       0       0       0       0
  3986 ;;      Temps:          0       0       0       0       0       0       0
  3987 ;;      Totals:         0       0       0       0       0       0       0
  3988 ;;Total ram usage:        0 bytes
  3989 ;; Hardware stack levels used:    1
  3990 ;; Hardware stack levels required when called:    5
  3991 ;; This function calls:
  3992 ;;		_delay_ms_soft
  3993 ;;		_oled_send_command
  3994 ;; This function is called by:
  3995 ;;		_system_init
  3996 ;; This function uses a non-reentrant model
  3997 ;;
  3998                           
  3999                           	psect	text16
  4000  0018D2                     __ptext16:
  4001                           	callstack 0
  4002  0018D2                     _oled_init:
  4003                           	callstack 24
  4004  0018D2                     
  4005                           ;Dima_EV_1.c: 585:     delay_ms_soft(30);
  4006  0018D2  0E00               	movlw	0
  4007  0018D4  6E05               	movwf	(delay_ms_soft@ms+1)^0,c
  4008  0018D6  0E1E               	movlw	30
  4009  0018D8  6E04               	movwf	delay_ms_soft@ms^0,c
  4010  0018DA  EC2E  F010         	call	_delay_ms_soft	;wreg free
  4011                           
  4012                           ;Dima_EV_1.c: 587:     oled_send_command(0xAE);
  4013  0018DE  0EAE               	movlw	174
  4014  0018E0  EC6A  F010         	call	_oled_send_command
  4015                           
  4016                           ;Dima_EV_1.c: 588:     oled_send_command(0x20);
  4017  0018E4  0E20               	movlw	32
  4018  0018E6  EC6A  F010         	call	_oled_send_command
  4019                           
  4020                           ;Dima_EV_1.c: 589:     oled_send_command(0x00);
  4021  0018EA  0E00               	movlw	0
  4022  0018EC  EC6A  F010         	call	_oled_send_command
  4023                           
  4024                           ;Dima_EV_1.c: 590:     oled_send_command(0xB0);
  4025  0018F0  0EB0               	movlw	176
  4026  0018F2  EC6A  F010         	call	_oled_send_command
  4027                           
  4028                           ;Dima_EV_1.c: 592:     oled_send_command(0x20);
  4029  0018F6  0E20               	movlw	32
  4030  0018F8  EC6A  F010         	call	_oled_send_command
  4031                           
  4032                           ;Dima_EV_1.c: 593:     oled_send_command(0x00);
  4033  0018FC  0E00               	movlw	0
  4034  0018FE  EC6A  F010         	call	_oled_send_command
  4035                           
  4036                           ;Dima_EV_1.c: 594:     oled_send_command(0xB0);
  4037  001902  0EB0               	movlw	176
  4038  001904  EC6A  F010         	call	_oled_send_command
  4039                           
  4040                           ;Dima_EV_1.c: 595:     oled_send_command(0xC8);
  4041  001908  0EC8               	movlw	200
  4042  00190A  EC6A  F010         	call	_oled_send_command
  4043                           
  4044                           ;Dima_EV_1.c: 596:     oled_send_command(0x00);
  4045  00190E  0E00               	movlw	0
  4046  001910  EC6A  F010         	call	_oled_send_command
  4047                           
  4048                           ;Dima_EV_1.c: 597:     oled_send_command(0x10);
  4049  001914  0E10               	movlw	16
  4050  001916  EC6A  F010         	call	_oled_send_command
  4051                           
  4052                           ;Dima_EV_1.c: 598:     oled_send_command(0x40);
  4053  00191A  0E40               	movlw	64
  4054  00191C  EC6A  F010         	call	_oled_send_command
  4055                           
  4056                           ;Dima_EV_1.c: 599:     oled_send_command(0x81);
  4057  001920  0E81               	movlw	129
  4058  001922  EC6A  F010         	call	_oled_send_command
  4059                           
  4060                           ;Dima_EV_1.c: 600:     oled_send_command(0x7F);
  4061  001926  0E7F               	movlw	127
  4062  001928  EC6A  F010         	call	_oled_send_command
  4063                           
  4064                           ;Dima_EV_1.c: 601:     oled_send_command(0xA1);
  4065  00192C  0EA1               	movlw	161
  4066  00192E  EC6A  F010         	call	_oled_send_command
  4067                           
  4068                           ;Dima_EV_1.c: 602:     oled_send_command(0xA6);
  4069  001932  0EA6               	movlw	166
  4070  001934  EC6A  F010         	call	_oled_send_command
  4071                           
  4072                           ;Dima_EV_1.c: 603:     oled_send_command(0xA8);
  4073  001938  0EA8               	movlw	168
  4074  00193A  EC6A  F010         	call	_oled_send_command
  4075                           
  4076                           ;Dima_EV_1.c: 604:     oled_send_command(0x3F);
  4077  00193E  0E3F               	movlw	63
  4078  001940  EC6A  F010         	call	_oled_send_command
  4079                           
  4080                           ;Dima_EV_1.c: 605:     oled_send_command(0xA4);
  4081  001944  0EA4               	movlw	164
  4082  001946  EC6A  F010         	call	_oled_send_command
  4083                           
  4084                           ;Dima_EV_1.c: 606:     oled_send_command(0xD3);
  4085  00194A  0ED3               	movlw	211
  4086  00194C  EC6A  F010         	call	_oled_send_command
  4087                           
  4088                           ;Dima_EV_1.c: 607:     oled_send_command(0x00);
  4089  001950  0E00               	movlw	0
  4090  001952  EC6A  F010         	call	_oled_send_command
  4091                           
  4092                           ;Dima_EV_1.c: 608:     oled_send_command(0xD5);
  4093  001956  0ED5               	movlw	213
  4094  001958  EC6A  F010         	call	_oled_send_command
  4095                           
  4096                           ;Dima_EV_1.c: 609:     oled_send_command(0x80);
  4097  00195C  0E80               	movlw	128
  4098  00195E  EC6A  F010         	call	_oled_send_command
  4099                           
  4100                           ;Dima_EV_1.c: 610:     oled_send_command(0xD9);
  4101  001962  0ED9               	movlw	217
  4102  001964  EC6A  F010         	call	_oled_send_command
  4103                           
  4104                           ;Dima_EV_1.c: 611:     oled_send_command(0xF1);
  4105  001968  0EF1               	movlw	241
  4106  00196A  EC6A  F010         	call	_oled_send_command
  4107                           
  4108                           ;Dima_EV_1.c: 612:     oled_send_command(0xDA);
  4109  00196E  0EDA               	movlw	218
  4110  001970  EC6A  F010         	call	_oled_send_command
  4111                           
  4112                           ;Dima_EV_1.c: 613:     oled_send_command(0x12);
  4113  001974  0E12               	movlw	18
  4114  001976  EC6A  F010         	call	_oled_send_command
  4115                           
  4116                           ;Dima_EV_1.c: 614:     oled_send_command(0xDB);
  4117  00197A  0EDB               	movlw	219
  4118  00197C  EC6A  F010         	call	_oled_send_command
  4119                           
  4120                           ;Dima_EV_1.c: 615:     oled_send_command(0x40);
  4121  001980  0E40               	movlw	64
  4122  001982  EC6A  F010         	call	_oled_send_command
  4123                           
  4124                           ;Dima_EV_1.c: 616:     oled_send_command(0x8D);
  4125  001986  0E8D               	movlw	141
  4126  001988  EC6A  F010         	call	_oled_send_command
  4127                           
  4128                           ;Dima_EV_1.c: 617:     oled_send_command(0x14);
  4129  00198C  0E14               	movlw	20
  4130  00198E  EC6A  F010         	call	_oled_send_command
  4131  001992  0012               	return		;funcret
  4132  001994                     __end_of_oled_init:
  4133                           	callstack 0
  4134                           
  4135 ;; *************** function _io_init *****************
  4136 ;; Defined at:
  4137 ;;		line 246 in file "Dima_EV_1.c"
  4138 ;; Parameters:    Size  Location     Type
  4139 ;;		None
  4140 ;; Auto vars:     Size  Location     Type
  4141 ;;		None
  4142 ;; Return value:  Size  Location     Type
  4143 ;;                  1    wreg      void 
  4144 ;; Registers used:
  4145 ;;		wreg, status,2
  4146 ;; Tracked objects:
  4147 ;;		On entry : 0/0
  4148 ;;		On exit  : 0/0
  4149 ;;		Unchanged: 0/0
  4150 ;; Data sizes:     COMRAM   BANK0   BANK1   BANK2   BANK3   BANK4   BANK5
  4151 ;;      Params:         0       0       0       0       0       0       0
  4152 ;;      Locals:         0       0       0       0       0       0       0
  4153 ;;      Temps:          0       0       0       0       0       0       0
  4154 ;;      Totals:         0       0       0       0       0       0       0
  4155 ;;Total ram usage:        0 bytes
  4156 ;; Hardware stack levels used:    1
  4157 ;; Hardware stack levels required when called:    1
  4158 ;; This function calls:
  4159 ;;		Nothing
  4160 ;; This function is called by:
  4161 ;;		_system_init
  4162 ;; This function uses a non-reentrant model
  4163 ;;
  4164                           
  4165                           	psect	text17
  4166  002088                     __ptext17:
  4167                           	callstack 0
  4168  002088                     _io_init:
  4169                           	callstack 28
  4170  002088                     
  4171                           ;Dima_EV_1.c: 249:     ANSELA = 0x00;
  4172  002088  0E00               	movlw	0
  4173  00208A  010F               	movlb	15	; () banked
  4174  00208C  6F38               	movwf	56,b	;volatile
  4175                           
  4176                           ;Dima_EV_1.c: 250:     ANSELB = 0x00;
  4177  00208E  0E00               	movlw	0
  4178  002090  6F39               	movwf	57,b	;volatile
  4179                           
  4180                           ;Dima_EV_1.c: 251:     ANSELC = 0x00;
  4181  002092  0E00               	movlw	0
  4182  002094  6F3A               	movwf	58,b	;volatile
  4183  002096                     
  4184                           ; BSR set to: 15
  4185                           ;Dima_EV_1.c: 254:     TRISAbits.TRISA0 = 1;
  4186  002096  8092               	bsf	146,0,c	;volatile
  4187  002098                     
  4188                           ; BSR set to: 15
  4189                           ;Dima_EV_1.c: 255:     TRISAbits.TRISA1 = 1;
  4190  002098  8292               	bsf	146,1,c	;volatile
  4191  00209A                     
  4192                           ; BSR set to: 15
  4193                           ;Dima_EV_1.c: 256:     TRISAbits.TRISA2 = 1;
  4194  00209A  8492               	bsf	146,2,c	;volatile
  4195  00209C                     
  4196                           ; BSR set to: 15
  4197                           ;Dima_EV_1.c: 259:     TRISCbits.TRISC0 = 0;
  4198  00209C  9094               	bcf	148,0,c	;volatile
  4199  00209E                     
  4200                           ; BSR set to: 15
  4201                           ;Dima_EV_1.c: 260:     TRISCbits.TRISC1 = 0;
  4202  00209E  9294               	bcf	148,1,c	;volatile
  4203  0020A0                     
  4204                           ; BSR set to: 15
  4205                           ;Dima_EV_1.c: 261:     TRISBbits.TRISB0 = 0;
  4206  0020A0  9093               	bcf	147,0,c	;volatile
  4207  0020A2                     
  4208                           ; BSR set to: 15
  4209                           ;Dima_EV_1.c: 263:     LATCbits.LATC0 = 0;
  4210  0020A2  908B               	bcf	139,0,c	;volatile
  4211  0020A4                     
  4212                           ; BSR set to: 15
  4213                           ;Dima_EV_1.c: 264:     LATCbits.LATC1 = 0;
  4214  0020A4  928B               	bcf	139,1,c	;volatile
  4215  0020A6                     
  4216                           ; BSR set to: 15
  4217                           ;Dima_EV_1.c: 265:     LATBbits.LATB0 = 0;
  4218  0020A6  908A               	bcf	138,0,c	;volatile
  4219  0020A8                     
  4220                           ; BSR set to: 15
  4221                           ;Dima_EV_1.c: 268:     TRISCbits.TRISC3 = 1;
  4222  0020A8  8694               	bsf	148,3,c	;volatile
  4223  0020AA                     
  4224                           ; BSR set to: 15
  4225                           ;Dima_EV_1.c: 269:     TRISCbits.TRISC4 = 1;
  4226  0020AA  8894               	bsf	148,4,c	;volatile
  4227  0020AC                     
  4228                           ; BSR set to: 15
  4229                           ;Dima_EV_1.c: 270:     LATCbits.LATC3 = 0;
  4230  0020AC  968B               	bcf	139,3,c	;volatile
  4231  0020AE                     
  4232                           ; BSR set to: 15
  4233                           ;Dima_EV_1.c: 271:     LATCbits.LATC4 = 0;
  4234  0020AE  988B               	bcf	139,4,c	;volatile
  4235  0020B0                     
  4236                           ; BSR set to: 15
  4237  0020B0  0012               	return		;funcret
  4238  0020B2                     __end_of_io_init:
  4239                           	callstack 0
  4240                           
  4241 ;; *************** function _i2c_init *****************
  4242 ;; Defined at:
  4243 ;;		line 493 in file "Dima_EV_1.c"
  4244 ;; Parameters:    Size  Location     Type
  4245 ;;		None
  4246 ;; Auto vars:     Size  Location     Type
  4247 ;;		None
  4248 ;; Return value:  Size  Location     Type
  4249 ;;                  1    wreg      void 
  4250 ;; Registers used:
  4251 ;;		None
  4252 ;; Tracked objects:
  4253 ;;		On entry : 0/0
  4254 ;;		On exit  : 0/0
  4255 ;;		Unchanged: 0/0
  4256 ;; Data sizes:     COMRAM   BANK0   BANK1   BANK2   BANK3   BANK4   BANK5
  4257 ;;      Params:         0       0       0       0       0       0       0
  4258 ;;      Locals:         0       0       0       0       0       0       0
  4259 ;;      Temps:          0       0       0       0       0       0       0
  4260 ;;      Totals:         0       0       0       0       0       0       0
  4261 ;;Total ram usage:        0 bytes
  4262 ;; Hardware stack levels used:    1
  4263 ;; Hardware stack levels required when called:    1
  4264 ;; This function calls:
  4265 ;;		Nothing
  4266 ;; This function is called by:
  4267 ;;		_system_init
  4268 ;; This function uses a non-reentrant model
  4269 ;;
  4270                           
  4271                           	psect	text18
  4272  00218A                     __ptext18:
  4273                           	callstack 0
  4274  00218A                     _i2c_init:
  4275                           	callstack 28
  4276  00218A                     
  4277                           ;Dima_EV_1.c: 495:     TRISCbits.TRISC3 = 1;
  4278  00218A  8694               	bsf	148,3,c	;volatile
  4279                           
  4280                           ;Dima_EV_1.c: 496:     TRISCbits.TRISC4 = 1;
  4281  00218C  8894               	bsf	148,4,c	;volatile
  4282                           
  4283                           ;Dima_EV_1.c: 497:     LATCbits.LATC3 = 0;
  4284  00218E  968B               	bcf	139,3,c	;volatile
  4285                           
  4286                           ;Dima_EV_1.c: 498:     LATCbits.LATC4 = 0;
  4287  002190  988B               	bcf	139,4,c	;volatile
  4288  002192  0012               	return		;funcret
  4289  002194                     __end_of_i2c_init:
  4290                           	callstack 0
  4291                           
  4292 ;; *************** function _oled_show_boot_screen *****************
  4293 ;; Defined at:
  4294 ;;		line 958 in file "Dima_EV_1.c"
  4295 ;; Parameters:    Size  Location     Type
  4296 ;;		None
  4297 ;; Auto vars:     Size  Location     Type
  4298 ;;  i               1   51[COMRAM] unsigned char 
  4299 ;;  text_width      1   53[COMRAM] const unsigned char 
  4300 ;;  start_col       1   52[COMRAM] const unsigned char 
  4301 ;;  underline_pa    1   50[COMRAM] const unsigned char 
  4302 ;;  top_page        1    0        const unsigned char 
  4303 ;;  char_advance    1   48[COMRAM] const unsigned char 
  4304 ;;  num_chars       1    0        const unsigned char 
  4305 ;; Return value:  Size  Location     Type
  4306 ;;                  1    wreg      void 
  4307 ;; Registers used:
  4308 ;;		wreg, fsr2l, fsr2h, status,2, status,0, tblptrl, tblptrh, tblptru, prodl, prodh, cstack
  4309 ;; Tracked objects:
  4310 ;;		On entry : 0/0
  4311 ;;		On exit  : 0/0
  4312 ;;		Unchanged: 0/0
  4313 ;; Data sizes:     COMRAM   BANK0   BANK1   BANK2   BANK3   BANK4   BANK5
  4314 ;;      Params:         0       0       0       0       0       0       0
  4315 ;;      Locals:         7       0       0       0       0       0       0
  4316 ;;      Temps:          0       0       0       0       0       0       0
  4317 ;;      Totals:         7       0       0       0       0       0       0
  4318 ;;Total ram usage:        7 bytes
  4319 ;; Hardware stack levels used:    1
  4320 ;; Hardware stack levels required when called:    8
  4321 ;; This function calls:
  4322 ;;		_oled_clear
  4323 ;;		_oled_draw_text_huge
  4324 ;;		_oled_draw_underline_animated
  4325 ;;		_oled_send_command
  4326 ;;		_oled_send_data_byte
  4327 ;;		_oled_send_data_start
  4328 ;;		_oled_send_data_stop
  4329 ;;		_oled_set_cursor
  4330 ;; This function is called by:
  4331 ;;		_main
  4332 ;; This function uses a non-reentrant model
  4333 ;;
  4334                           
  4335                           	psect	text19
  4336  001A48                     __ptext19:
  4337                           	callstack 0
  4338  001A48                     _oled_show_boot_screen:
  4339                           	callstack 22
  4340  001A48                     
  4341                           ;Dima_EV_1.c: 964:     const uint8_t char_advance = 24u;
  4342  001A48  0E18               	movlw	24
  4343  001A4A  6E31               	movwf	oled_show_boot_screen@char_advance^0,c
  4344  001A4C                     
  4345                           ;Dima_EV_1.c: 965:     const uint8_t text_width = (uint8_t)(char_advance * num_chars - 4
      +                          u);
  4346  001A4C  0E5C               	movlw	92
  4347  001A4E  6E36               	movwf	oled_show_boot_screen@text_width^0,c
  4348  001A50                     
  4349                           ;Dima_EV_1.c: 966:     const uint8_t start_col = (uint8_t)((128u - text_width) / 2u);
  4350  001A50  0E12               	movlw	18
  4351  001A52  6E35               	movwf	oled_show_boot_screen@start_col^0,c
  4352  001A54                     
  4353                           ;Dima_EV_1.c: 968:     const uint8_t underline_page = 6;
  4354  001A54  0E06               	movlw	6
  4355  001A56  6E33               	movwf	oled_show_boot_screen@underline_page^0,c
  4356  001A58                     
  4357                           ;Dima_EV_1.c: 971:     oled_send_command(0xAE);
  4358  001A58  0EAE               	movlw	174
  4359  001A5A  EC6A  F010         	call	_oled_send_command
  4360  001A5E                     
  4361                           ;Dima_EV_1.c: 972:     oled_clear();
  4362  001A5E  ECCB  F00F         	call	_oled_clear	;wreg free
  4363  001A62                     
  4364                           ;Dima_EV_1.c: 975:     oled_draw_text_huge(start_col, top_page, "DIMA");
  4365  001A62  0E02               	movlw	2
  4366  001A64  6E2A               	movwf	oled_draw_text_huge@page^0,c
  4367  001A66  0E9E               	movlw	low STR_1
  4368  001A68  6E2B               	movwf	oled_draw_text_huge@text^0,c
  4369  001A6A  0E06               	movlw	high STR_1
  4370  001A6C  6E2C               	movwf	(oled_draw_text_huge@text+1)^0,c
  4371  001A6E  0E12               	movlw	18
  4372  001A70  ECCA  F00C         	call	_oled_draw_text_huge
  4373  001A74                     
  4374                           ;Dima_EV_1.c: 978:     oled_set_cursor(start_col, underline_page);
  4375  001A74  0E06               	movlw	6
  4376  001A76  6E07               	movwf	oled_set_cursor@page^0,c
  4377  001A78  0E12               	movlw	18
  4378  001A7A  EC59  F010         	call	_oled_set_cursor
  4379  001A7E                     
  4380                           ;Dima_EV_1.c: 979:     oled_send_data_start();
  4381  001A7E  ECB5  F010         	call	_oled_send_data_start	;wreg free
  4382  001A82                     
  4383                           ;Dima_EV_1.c: 980:     for (uint8_t i = 0; i < text_width; i++)
  4384  001A82  0E00               	movlw	0
  4385  001A84  6E34               	movwf	oled_show_boot_screen@i^0,c
  4386  001A86                     l2902:
  4387                           
  4388                           ;Dima_EV_1.c: 981:         oled_send_data_byte(0x00);
  4389  001A86  0E00               	movlw	0
  4390  001A88  ECCA  F010         	call	_oled_send_data_byte
  4391  001A8C  2A34               	incf	oled_show_boot_screen@i^0,f,c
  4392  001A8E  5036               	movf	oled_show_boot_screen@text_width^0,w,c
  4393  001A90  5C34               	subwf	oled_show_boot_screen@i^0,w,c
  4394  001A92  A0D8               	btfss	status,0,c
  4395  001A94  EF4E  F00D         	goto	u2011
  4396  001A98  EF50  F00D         	goto	u2010
  4397  001A9C                     u2011:
  4398  001A9C  EF43  F00D         	goto	l2902
  4399  001AA0                     u2010:
  4400  001AA0                     
  4401                           ;Dima_EV_1.c: 982:     oled_send_data_stop();
  4402  001AA0  ECD2  F010         	call	_oled_send_data_stop	;wreg free
  4403                           
  4404                           ;Dima_EV_1.c: 985:     oled_send_command(0xAF);
  4405  001AA4  0EAF               	movlw	175
  4406  001AA6  EC6A  F010         	call	_oled_send_command
  4407  001AAA                     
  4408                           ;Dima_EV_1.c: 988:     g_boot_ms = 0;
  4409  001AAA  0E00               	movlw	0
  4410  001AAC  6E3A               	movwf	(_g_boot_ms+1)^0,c	;volatile
  4411  001AAE  0E00               	movlw	0
  4412  001AB0  6E39               	movwf	_g_boot_ms^0,c	;volatile
  4413  001AB2                     
  4414                           ;Dima_EV_1.c: 992:     oled_draw_underline_animated(start_col, underline_page, text_widt
      +                          h,
  4415  001AB2  C033  F009         	movff	oled_show_boot_screen@underline_page,oled_draw_underline_animated@page
  4416  001AB6  C036  F00A         	movff	oled_show_boot_screen@text_width,oled_draw_underline_animated@width
  4417  001ABA  0E01               	movlw	1
  4418  001ABC  6E0B               	movwf	oled_draw_underline_animated@pattern^0,c
  4419  001ABE  0E18               	movlw	24
  4420  001AC0  6E0C               	movwf	oled_draw_underline_animated@chunk^0,c
  4421  001AC2  0E00               	movlw	0
  4422  001AC4  6E0E               	movwf	(oled_draw_underline_animated@chunk_delay_ms+1)^0,c
  4423  001AC6  0E05               	movlw	5
  4424  001AC8  6E0D               	movwf	oled_draw_underline_animated@chunk_delay_ms^0,c
  4425  001ACA  5035               	movf	oled_show_boot_screen@start_col^0,w,c
  4426  001ACC  ECA4  F00E         	call	_oled_draw_underline_animated
  4427  001AD0                     l2914:
  4428                           
  4429                           ;Dima_EV_1.c: 998:     while (g_boot_ms < 1000)
  4430  001AD0  0EE8               	movlw	232
  4431  001AD2  5C39               	subwf	_g_boot_ms^0,w,c	;volatile
  4432  001AD4  0E03               	movlw	3
  4433  001AD6  583A               	subwfb	(_g_boot_ms+1)^0,w,c	;volatile
  4434  001AD8  A0D8               	btfss	status,0,c
  4435  001ADA  EF71  F00D         	goto	u2021
  4436  001ADE  EF73  F00D         	goto	u2020
  4437  001AE2                     u2021:
  4438  001AE2  EF68  F00D         	goto	l2914
  4439  001AE6                     u2020:
  4440  001AE6                     
  4441                           ;Dima_EV_1.c: 1004:     oled_send_command(0xAE);
  4442  001AE6  0EAE               	movlw	174
  4443  001AE8  EC6A  F010         	call	_oled_send_command
  4444                           
  4445                           ;Dima_EV_1.c: 1005:     oled_clear();
  4446  001AEC  ECCB  F00F         	call	_oled_clear	;wreg free
  4447  001AF0  0012               	return		;funcret
  4448  001AF2                     __end_of_oled_show_boot_screen:
  4449                           	callstack 0
  4450                           
  4451 ;; *************** function _oled_draw_underline_animated *****************
  4452 ;; Defined at:
  4453 ;;		line 861 in file "Dima_EV_1.c"
  4454 ;; Parameters:    Size  Location     Type
  4455 ;;  col             1    wreg     unsigned char 
  4456 ;;  page            1    8[COMRAM] unsigned char 
  4457 ;;  width           1    9[COMRAM] unsigned char 
  4458 ;;  pattern         1   10[COMRAM] unsigned char 
  4459 ;;  chunk           1   11[COMRAM] unsigned char 
  4460 ;;  chunk_delay_    2   12[COMRAM] unsigned short 
  4461 ;; Auto vars:     Size  Location     Type
  4462 ;;  col             1   14[COMRAM] unsigned char 
  4463 ;;  i               1   15[COMRAM] unsigned char 
  4464 ;;  n               1   16[COMRAM] unsigned char 
  4465 ;;  drawn           1   17[COMRAM] unsigned char 
  4466 ;; Return value:  Size  Location     Type
  4467 ;;                  1    wreg      void 
  4468 ;; Registers used:
  4469 ;;		wreg, status,2, status,0, cstack
  4470 ;; Tracked objects:
  4471 ;;		On entry : 0/0
  4472 ;;		On exit  : 0/0
  4473 ;;		Unchanged: 0/0
  4474 ;; Data sizes:     COMRAM   BANK0   BANK1   BANK2   BANK3   BANK4   BANK5
  4475 ;;      Params:         6       0       0       0       0       0       0
  4476 ;;      Locals:         4       0       0       0       0       0       0
  4477 ;;      Temps:          0       0       0       0       0       0       0
  4478 ;;      Totals:        10       0       0       0       0       0       0
  4479 ;;Total ram usage:       10 bytes
  4480 ;; Hardware stack levels used:    1
  4481 ;; Hardware stack levels required when called:    6
  4482 ;; This function calls:
  4483 ;;		_delay_ms_soft
  4484 ;;		_oled_send_data_byte
  4485 ;;		_oled_send_data_start
  4486 ;;		_oled_send_data_stop
  4487 ;;		_oled_set_cursor
  4488 ;; This function is called by:
  4489 ;;		_oled_show_boot_screen
  4490 ;; This function uses a non-reentrant model
  4491 ;;
  4492                           
  4493                           	psect	text20
  4494  001D48                     __ptext20:
  4495                           	callstack 0
  4496  001D48                     _oled_draw_underline_animated:
  4497                           	callstack 23
  4498                           
  4499                           ;incstack = 0
  4500                           ;oled_draw_underline_animated@col stored from wreg
  4501  001D48  6E0F               	movwf	oled_draw_underline_animated@col^0,c
  4502  001D4A                     
  4503                           ;Dima_EV_1.c: 861: void oled_draw_underline_animated(uint8_t col, uint8_t page, uint8_t 
      +                          width,;Dima_EV_1.c: 862:                                   uint8_t pattern, uint8_t chun
      +                          k, uint16_t chunk_delay_ms);Dima_EV_1.c: 863: {;Dima_EV_1.c: 864:     uint8_t drawn = 0;
  4504  001D4A  0E00               	movlw	0
  4505  001D4C  6E12               	movwf	oled_draw_underline_animated@drawn^0,c
  4506                           
  4507                           ;Dima_EV_1.c: 866:     while (drawn < width)
  4508  001D4E  EFDB  F00E         	goto	l334
  4509  001D52                     l2706:
  4510                           
  4511                           ;Dima_EV_1.c: 867:     {;Dima_EV_1.c: 868:         uint8_t n = (uint8_t)(width - drawn);
  4512  001D52  5012               	movf	oled_draw_underline_animated@drawn^0,w,c
  4513  001D54  5C0A               	subwf	oled_draw_underline_animated@width^0,w,c
  4514  001D56  6E11               	movwf	oled_draw_underline_animated@n^0,c
  4515                           
  4516                           ;Dima_EV_1.c: 869:         if (n > chunk) n = chunk;
  4517  001D58  5011               	movf	oled_draw_underline_animated@n^0,w,c
  4518  001D5A  5C0C               	subwf	oled_draw_underline_animated@chunk^0,w,c
  4519  001D5C  B0D8               	btfsc	status,0,c
  4520  001D5E  EFB3  F00E         	goto	u1551
  4521  001D62  EFB5  F00E         	goto	u1550
  4522  001D66                     u1551:
  4523  001D66  EFB7  F00E         	goto	l2710
  4524  001D6A                     u1550:
  4525  001D6A  C00C  F011         	movff	oled_draw_underline_animated@chunk,oled_draw_underline_animated@n
  4526  001D6E                     l2710:
  4527                           
  4528                           ;Dima_EV_1.c: 871:         oled_set_cursor((uint8_t)(col + drawn), page);
  4529  001D6E  C009  F007         	movff	oled_draw_underline_animated@page,oled_set_cursor@page
  4530  001D72  500F               	movf	oled_draw_underline_animated@col^0,w,c
  4531  001D74  2412               	addwf	oled_draw_underline_animated@drawn^0,w,c
  4532  001D76  EC59  F010         	call	_oled_set_cursor
  4533                           
  4534                           ;Dima_EV_1.c: 872:         oled_send_data_start();
  4535  001D7A  ECB5  F010         	call	_oled_send_data_start	;wreg free
  4536  001D7E                     
  4537                           ;Dima_EV_1.c: 873:         for (uint8_t i = 0; i < n; i++)
  4538  001D7E  0E00               	movlw	0
  4539  001D80  6E10               	movwf	oled_draw_underline_animated@i^0,c
  4540  001D82  EFC7  F00E         	goto	l2718
  4541  001D86                     l2714:
  4542                           
  4543                           ;Dima_EV_1.c: 874:         {;Dima_EV_1.c: 875:             oled_send_data_byte(pattern);
  4544  001D86  500B               	movf	oled_draw_underline_animated@pattern^0,w,c
  4545  001D88  ECCA  F010         	call	_oled_send_data_byte
  4546  001D8C                     
  4547                           ;Dima_EV_1.c: 876:         }
  4548  001D8C  2A10               	incf	oled_draw_underline_animated@i^0,f,c
  4549  001D8E                     l2718:
  4550  001D8E  5011               	movf	oled_draw_underline_animated@n^0,w,c
  4551  001D90  5C10               	subwf	oled_draw_underline_animated@i^0,w,c
  4552  001D92  A0D8               	btfss	status,0,c
  4553  001D94  EFCE  F00E         	goto	u1561
  4554  001D98  EFD0  F00E         	goto	u1560
  4555  001D9C                     u1561:
  4556  001D9C  EFC3  F00E         	goto	l2714
  4557  001DA0                     u1560:
  4558  001DA0                     
  4559                           ;Dima_EV_1.c: 877:         oled_send_data_stop();
  4560  001DA0  ECD2  F010         	call	_oled_send_data_stop	;wreg free
  4561  001DA4                     
  4562                           ;Dima_EV_1.c: 879:         drawn = (uint8_t)(drawn + n);
  4563  001DA4  5012               	movf	oled_draw_underline_animated@drawn^0,w,c
  4564  001DA6  2411               	addwf	oled_draw_underline_animated@n^0,w,c
  4565  001DA8  6E12               	movwf	oled_draw_underline_animated@drawn^0,c
  4566  001DAA                     
  4567                           ;Dima_EV_1.c: 880:         delay_ms_soft(chunk_delay_ms);
  4568  001DAA  C00D  F004         	movff	oled_draw_underline_animated@chunk_delay_ms,delay_ms_soft@ms
  4569  001DAE  C00E  F005         	movff	oled_draw_underline_animated@chunk_delay_ms+1,delay_ms_soft@ms+1
  4570  001DB2  EC2E  F010         	call	_delay_ms_soft	;wreg free
  4571  001DB6                     l334:
  4572                           
  4573                           ;Dima_EV_1.c: 866:     while (drawn < width)
  4574  001DB6  500A               	movf	oled_draw_underline_animated@width^0,w,c
  4575  001DB8  5C12               	subwf	oled_draw_underline_animated@drawn^0,w,c
  4576  001DBA  A0D8               	btfss	status,0,c
  4577  001DBC  EFE2  F00E         	goto	u1571
  4578  001DC0  EFE4  F00E         	goto	u1570
  4579  001DC4                     u1571:
  4580  001DC4  EFA9  F00E         	goto	l2706
  4581  001DC8                     u1570:
  4582  001DC8  0012               	return		;funcret
  4583  001DCA                     __end_of_oled_draw_underline_animated:
  4584                           	callstack 0
  4585                           
  4586 ;; *************** function _delay_ms_soft *****************
  4587 ;; Defined at:
  4588 ;;		line 221 in file "Dima_EV_1.c"
  4589 ;; Parameters:    Size  Location     Type
  4590 ;;  ms              2    3[COMRAM] unsigned short 
  4591 ;; Auto vars:     Size  Location     Type
  4592 ;;		None
  4593 ;; Return value:  Size  Location     Type
  4594 ;;                  1    wreg      void 
  4595 ;; Registers used:
  4596 ;;		wreg, status,2, status,0, cstack
  4597 ;; Tracked objects:
  4598 ;;		On entry : 0/0
  4599 ;;		On exit  : 0/0
  4600 ;;		Unchanged: 0/0
  4601 ;; Data sizes:     COMRAM   BANK0   BANK1   BANK2   BANK3   BANK4   BANK5
  4602 ;;      Params:         2       0       0       0       0       0       0
  4603 ;;      Locals:         0       0       0       0       0       0       0
  4604 ;;      Temps:          0       0       0       0       0       0       0
  4605 ;;      Totals:         2       0       0       0       0       0       0
  4606 ;;Total ram usage:        2 bytes
  4607 ;; Hardware stack levels used:    1
  4608 ;; Hardware stack levels required when called:    2
  4609 ;; This function calls:
  4610 ;;		_delay_us_soft
  4611 ;; This function is called by:
  4612 ;;		_oled_init
  4613 ;;		_oled_draw_underline_animated
  4614 ;; This function uses a non-reentrant model
  4615 ;;
  4616                           
  4617                           	psect	text21
  4618  00205C                     __ptext21:
  4619                           	callstack 0
  4620  00205C                     _delay_ms_soft:
  4621                           	callstack 26
  4622  00205C                     
  4623                           ;Dima_EV_1.c: 221: void delay_ms_soft(uint16_t ms);Dima_EV_1.c: 222: {;Dima_EV_1.c: 223:
      +                               while (ms--)
  4624  00205C  EF36  F010         	goto	l2302
  4625  002060                     l2300:
  4626                           
  4627                           ;Dima_EV_1.c: 224:     {;Dima_EV_1.c: 225:         delay_us_soft(1000);
  4628  002060  0E03               	movlw	3
  4629  002062  6E02               	movwf	(delay_us_soft@us+1)^0,c
  4630  002064  0EE8               	movlw	232
  4631  002066  6E01               	movwf	delay_us_soft@us^0,c
  4632  002068  ECA6  F00F         	call	_delay_us_soft	;wreg free
  4633  00206C                     l2302:
  4634                           
  4635                           ;Dima_EV_1.c: 223:     while (ms--)
  4636  00206C  0604               	decf	delay_ms_soft@ms^0,f,c
  4637  00206E  A0D8               	btfss	status,0,c
  4638  002070  0605               	decf	(delay_ms_soft@ms+1)^0,f,c
  4639  002072  2804               	incf	delay_ms_soft@ms^0,w,c
  4640  002074  E106               	bnz	u1261
  4641  002076  2805               	incf	(delay_ms_soft@ms+1)^0,w,c
  4642  002078  A4D8               	btfss	status,2,c
  4643  00207A  EF41  F010         	goto	u1261
  4644  00207E  EF43  F010         	goto	u1260
  4645  002082                     u1261:
  4646  002082  EF30  F010         	goto	l2300
  4647  002086                     u1260:
  4648  002086  0012               	return		;funcret
  4649  002088                     __end_of_delay_ms_soft:
  4650                           	callstack 0
  4651                           
  4652 ;; *************** function _oled_draw_text_huge *****************
  4653 ;; Defined at:
  4654 ;;		line 830 in file "Dima_EV_1.c"
  4655 ;; Parameters:    Size  Location     Type
  4656 ;;  col             1    wreg     unsigned char 
  4657 ;;  page            1   41[COMRAM] unsigned char 
  4658 ;;  text            2   42[COMRAM] PTR const unsigned char 
  4659 ;;		 -> STR_2(5), 
  4660 ;; Auto vars:     Size  Location     Type
  4661 ;;  col             1   44[COMRAM] unsigned char 
  4662 ;;  p               1   45[COMRAM] unsigned char 
  4663 ;;  x               1   46[COMRAM] unsigned char 
  4664 ;; Return value:  Size  Location     Type
  4665 ;;                  1    wreg      void 
  4666 ;; Registers used:
  4667 ;;		wreg, fsr2l, fsr2h, status,2, status,0, tblptrl, tblptrh, tblptru, prodl, prodh, cstack
  4668 ;; Tracked objects:
  4669 ;;		On entry : 0/0
  4670 ;;		On exit  : 0/0
  4671 ;;		Unchanged: 0/0
  4672 ;; Data sizes:     COMRAM   BANK0   BANK1   BANK2   BANK3   BANK4   BANK5
  4673 ;;      Params:         3       0       0       0       0       0       0
  4674 ;;      Locals:         3       0       0       0       0       0       0
  4675 ;;      Temps:          0       0       0       0       0       0       0
  4676 ;;      Totals:         6       0       0       0       0       0       0
  4677 ;;Total ram usage:        6 bytes
  4678 ;; Hardware stack levels used:    1
  4679 ;; Hardware stack levels required when called:    7
  4680 ;; This function calls:
  4681 ;;		_oled_draw_char_huge
  4682 ;;		_oled_send_data_byte
  4683 ;;		_oled_send_data_start
  4684 ;;		_oled_send_data_stop
  4685 ;;		_oled_set_cursor
  4686 ;; This function is called by:
  4687 ;;		_oled_show_boot_screen
  4688 ;; This function uses a non-reentrant model
  4689 ;;
  4690                           
  4691                           	psect	text22
  4692  001994                     __ptext22:
  4693                           	callstack 0
  4694  001994                     _oled_draw_text_huge:
  4695                           	callstack 22
  4696                           
  4697                           ;incstack = 0
  4698                           ;oled_draw_text_huge@col stored from wreg
  4699  001994  6E2D               	movwf	oled_draw_text_huge@col^0,c
  4700  001996                     
  4701                           ;Dima_EV_1.c: 830: void oled_draw_text_huge(uint8_t col, uint8_t page, const char *text)
      +                          ;Dima_EV_1.c: 831: {;Dima_EV_1.c: 832:     uint8_t x = col;
  4702  001996  C02D  F02F         	movff	oled_draw_text_huge@col,oled_draw_text_huge@x
  4703                           
  4704                           ;Dima_EV_1.c: 834:     while (*text)
  4705  00199A  EF15  F00D         	goto	l2702
  4706  00199E                     l2680:
  4707                           
  4708                           ;Dima_EV_1.c: 835:     {;Dima_EV_1.c: 836:         oled_draw_char_huge(x, page, *text++)
      +                          ;
  4709  00199E  C02A  F00C         	movff	oled_draw_text_huge@page,oled_draw_char_huge@page
  4710  0019A2  C02B  FFF6         	movff	oled_draw_text_huge@text,tblptrl
  4711  0019A6  C02C  FFF7         	movff	oled_draw_text_huge@text+1,tblptrh
  4712  0019AA                     	if	0	;tblptru may be non-zero
  4713  0019AA                     	endif
  4714  0019AA                     	if	0	;tblptru may be non-zero
  4715  0019AA                     	endif
  4716  0019AA  0008               	tblrd		*
  4717  0019AC  CFF5 F00D          	movff	tablat,oled_draw_char_huge@c
  4718  0019B0  502F               	movf	oled_draw_text_huge@x^0,w,c
  4719  0019B2  EC63  F00A         	call	_oled_draw_char_huge
  4720  0019B6  4A2B               	infsnz	oled_draw_text_huge@text^0,f,c
  4721  0019B8  2A2C               	incf	(oled_draw_text_huge@text+1)^0,f,c
  4722  0019BA                     
  4723                           ;Dima_EV_1.c: 838:         if (*text)
  4724  0019BA  C02B  FFF6         	movff	oled_draw_text_huge@text,tblptrl
  4725  0019BE  C02C  FFF7         	movff	oled_draw_text_huge@text+1,tblptrh
  4726  0019C2                     	if	0	;tblptru may be non-zero
  4727  0019C2                     	endif
  4728  0019C2                     	if	0	;tblptru may be non-zero
  4729  0019C2                     	endif
  4730  0019C2  0008               	tblrd		*
  4731  0019C4  50F5               	movf	tablat,w,c
  4732  0019C6  0900               	iorlw	0
  4733  0019C8  B4D8               	btfsc	status,2,c
  4734  0019CA  EFE9  F00C         	goto	u1521
  4735  0019CE  EFEB  F00C         	goto	u1520
  4736  0019D2                     u1521:
  4737  0019D2  EF12  F00D         	goto	l2700
  4738  0019D6                     u1520:
  4739  0019D6                     
  4740                           ;Dima_EV_1.c: 839:         {;Dima_EV_1.c: 841:             for (uint8_t p = 0; p < 4; p+
      +                          +)
  4741  0019D6  0E00               	movlw	0
  4742  0019D8  6E2E               	movwf	oled_draw_text_huge@p^0,c
  4743  0019DA                     l2692:
  4744                           
  4745                           ;Dima_EV_1.c: 842:             {;Dima_EV_1.c: 843:                 oled_set_cursor((uint
      +                          8_t)(x + 20u), (uint8_t)(page + p));
  4746  0019DA  502A               	movf	oled_draw_text_huge@page^0,w,c
  4747  0019DC  242E               	addwf	oled_draw_text_huge@p^0,w,c
  4748  0019DE  6E07               	movwf	oled_set_cursor@page^0,c
  4749  0019E0  502F               	movf	oled_draw_text_huge@x^0,w,c
  4750  0019E2  0F14               	addlw	20
  4751  0019E4  EC59  F010         	call	_oled_set_cursor
  4752                           
  4753                           ;Dima_EV_1.c: 844:                 oled_send_data_start();
  4754  0019E8  ECB5  F010         	call	_oled_send_data_start	;wreg free
  4755                           
  4756                           ;Dima_EV_1.c: 845:                 oled_send_data_byte(0x00);
  4757  0019EC  0E00               	movlw	0
  4758  0019EE  ECCA  F010         	call	_oled_send_data_byte
  4759                           
  4760                           ;Dima_EV_1.c: 846:                 oled_send_data_byte(0x00);
  4761  0019F2  0E00               	movlw	0
  4762  0019F4  ECCA  F010         	call	_oled_send_data_byte
  4763                           
  4764                           ;Dima_EV_1.c: 847:                 oled_send_data_byte(0x00);
  4765  0019F8  0E00               	movlw	0
  4766  0019FA  ECCA  F010         	call	_oled_send_data_byte
  4767                           
  4768                           ;Dima_EV_1.c: 848:                 oled_send_data_byte(0x00);
  4769  0019FE  0E00               	movlw	0
  4770  001A00  ECCA  F010         	call	_oled_send_data_byte
  4771                           
  4772                           ;Dima_EV_1.c: 849:                 oled_send_data_stop();
  4773  001A04  ECD2  F010         	call	_oled_send_data_stop	;wreg free
  4774  001A08                     
  4775                           ;Dima_EV_1.c: 850:             }
  4776  001A08  2A2E               	incf	oled_draw_text_huge@p^0,f,c
  4777  001A0A  0E03               	movlw	3
  4778  001A0C  642E               	cpfsgt	oled_draw_text_huge@p^0,c
  4779  001A0E  EF0B  F00D         	goto	u1531
  4780  001A12  EF0D  F00D         	goto	u1530
  4781  001A16                     u1531:
  4782  001A16  EFED  F00C         	goto	l2692
  4783  001A1A                     u1530:
  4784  001A1A                     
  4785                           ;Dima_EV_1.c: 851:             x = (uint8_t)(x + 24u);
  4786  001A1A  502F               	movf	oled_draw_text_huge@x^0,w,c
  4787  001A1C  0F18               	addlw	24
  4788  001A1E  6E2F               	movwf	oled_draw_text_huge@x^0,c
  4789                           
  4790                           ;Dima_EV_1.c: 852:         }
  4791  001A20  EF15  F00D         	goto	l2702
  4792  001A24                     l2700:
  4793                           
  4794                           ;Dima_EV_1.c: 854:         {;Dima_EV_1.c: 855:             x = (uint8_t)(x + 20u);
  4795  001A24  502F               	movf	oled_draw_text_huge@x^0,w,c
  4796  001A26  0F14               	addlw	20
  4797  001A28  6E2F               	movwf	oled_draw_text_huge@x^0,c
  4798  001A2A                     l2702:
  4799                           
  4800                           ;Dima_EV_1.c: 834:     while (*text)
  4801  001A2A  C02B  FFF6         	movff	oled_draw_text_huge@text,tblptrl
  4802  001A2E  C02C  FFF7         	movff	oled_draw_text_huge@text+1,tblptrh
  4803  001A32                     	if	0	;tblptru may be non-zero
  4804  001A32                     	endif
  4805  001A32                     	if	0	;tblptru may be non-zero
  4806  001A32                     	endif
  4807  001A32  0008               	tblrd		*
  4808  001A34  50F5               	movf	tablat,w,c
  4809  001A36  0900               	iorlw	0
  4810  001A38  A4D8               	btfss	status,2,c
  4811  001A3A  EF21  F00D         	goto	u1541
  4812  001A3E  EF23  F00D         	goto	u1540
  4813  001A42                     u1541:
  4814  001A42  EFCF  F00C         	goto	l2680
  4815  001A46                     u1540:
  4816  001A46  0012               	return		;funcret
  4817  001A48                     __end_of_oled_draw_text_huge:
  4818                           	callstack 0
  4819                           
  4820 ;; *************** function _oled_draw_char_huge *****************
  4821 ;; Defined at:
  4822 ;;		line 804 in file "Dima_EV_1.c"
  4823 ;; Parameters:    Size  Location     Type
  4824 ;;  col             1    wreg     unsigned char 
  4825 ;;  page            1   11[COMRAM] unsigned char 
  4826 ;;  c               1   12[COMRAM] unsigned char 
  4827 ;; Auto vars:     Size  Location     Type
  4828 ;;  col             1   37[COMRAM] unsigned char 
  4829 ;;  i               1   39[COMRAM] unsigned char 
  4830 ;;  p               1   40[COMRAM] unsigned char 
  4831 ;;  i               1   38[COMRAM] unsigned char 
  4832 ;;  scaled         20   15[COMRAM] unsigned char [4][5]
  4833 ;;  pattern         2   35[COMRAM] PTR const unsigned char 
  4834 ;;		 -> font_get_pattern@letter_space(5), font_get_pattern@colon_char(5), font_get_pattern@letter_E(5), font_get_pattern
      +@letter_H(5), 
  4835 ;;		 -> font_get_pattern@letter_M(5), font_get_pattern@letter_I(5), font_get_pattern@letter_D(5), font_get_pattern@lette
      +r_U(5), 
  4836 ;;		 -> font_get_pattern@letter_R(5), font_get_pattern@letter_B(5), font_get_pattern@letter_C(5), font_get_pattern@lette
      +r_A(5), 
  4837 ;;		 -> font_get_pattern@letter_V(5), font_get_pattern@letter_O(5), font_get_pattern@letter_T(5), font_get_pattern@digit
      +s(50), 
  4838 ;; Return value:  Size  Location     Type
  4839 ;;                  1    wreg      void 
  4840 ;; Registers used:
  4841 ;;		wreg, fsr2l, fsr2h, status,2, status,0, tblptrl, tblptrh, tblptru, prodl, prodh, cstack
  4842 ;; Tracked objects:
  4843 ;;		On entry : 0/0
  4844 ;;		On exit  : 0/0
  4845 ;;		Unchanged: 0/0
  4846 ;; Data sizes:     COMRAM   BANK0   BANK1   BANK2   BANK3   BANK4   BANK5
  4847 ;;      Params:         2       0       0       0       0       0       0
  4848 ;;      Locals:        26       0       0       0       0       0       0
  4849 ;;      Temps:          2       0       0       0       0       0       0
  4850 ;;      Totals:        30       0       0       0       0       0       0
  4851 ;;Total ram usage:       30 bytes
  4852 ;; Hardware stack levels used:    1
  4853 ;; Hardware stack levels required when called:    6
  4854 ;; This function calls:
  4855 ;;		_font_get_pattern
  4856 ;;		_oled_send_data_byte
  4857 ;;		_oled_send_data_start
  4858 ;;		_oled_send_data_stop
  4859 ;;		_oled_set_cursor
  4860 ;;		_scale4x_vertical
  4861 ;; This function is called by:
  4862 ;;		_oled_draw_text_huge
  4863 ;; This function uses a non-reentrant model
  4864 ;;
  4865                           
  4866                           	psect	text23
  4867  0014C6                     __ptext23:
  4868                           	callstack 0
  4869  0014C6                     _oled_draw_char_huge:
  4870                           	callstack 22
  4871                           
  4872                           ;incstack = 0
  4873                           ;oled_draw_char_huge@col stored from wreg
  4874  0014C6  6E26               	movwf	oled_draw_char_huge@col^0,c
  4875  0014C8                     
  4876                           ;Dima_EV_1.c: 804: void oled_draw_char_huge(uint8_t col, uint8_t page, char c);Dima_EV_1
      +                          .c: 805: {;Dima_EV_1.c: 806:     const uint8_t *pattern = font_get_pattern(c);
  4877  0014C8  500D               	movf	oled_draw_char_huge@c^0,w,c
  4878  0014CA  ECF9  F008         	call	_font_get_pattern
  4879  0014CE  C001  F024         	movff	?_font_get_pattern,oled_draw_char_huge@pattern
  4880  0014D2  C002  F025         	movff	?_font_get_pattern+1,oled_draw_char_huge@pattern+1
  4881  0014D6                     
  4882                           ;Dima_EV_1.c: 807:     uint8_t scaled[5][4];;Dima_EV_1.c: 809:     for (uint8_t i = 0; i
      +                           < 5; i++)
  4883  0014D6  0E00               	movlw	0
  4884  0014D8  6E27               	movwf	oled_draw_char_huge@i^0,c
  4885  0014DA                     l2376:
  4886                           
  4887                           ;Dima_EV_1.c: 810:         scale4x_vertical(pattern[i], scaled[i]);
  4888  0014DA  5027               	movf	oled_draw_char_huge@i^0,w,c
  4889  0014DC  0D04               	mullw	4
  4890  0014DE  0E10               	movlw	low oled_draw_char_huge@scaled
  4891  0014E0  24F3               	addwf	243,w,c
  4892  0014E2  6E01               	movwf	scale4x_vertical@out^0,c
  4893  0014E4  0E00               	movlw	high oled_draw_char_huge@scaled
  4894  0014E6  20F4               	addwfc	prodh,w,c
  4895  0014E8  6E02               	movwf	(scale4x_vertical@out+1)^0,c
  4896  0014EA  5027               	movf	oled_draw_char_huge@i^0,w,c
  4897  0014EC  2424               	addwf	oled_draw_char_huge@pattern^0,w,c
  4898  0014EE  6E0E               	movwf	??_oled_draw_char_huge^0,c
  4899  0014F0  0E00               	movlw	0
  4900  0014F2  2025               	addwfc	(oled_draw_char_huge@pattern+1)^0,w,c
  4901  0014F4  6E0F               	movwf	(??_oled_draw_char_huge+1)^0,c
  4902  0014F6  C00E  FFF6         	movff	??_oled_draw_char_huge,tblptrl
  4903  0014FA  C00F  FFF7         	movff	??_oled_draw_char_huge+1,tblptrh
  4904  0014FE                     	if	0	;tblptru may be non-zero
  4905  0014FE                     	endif
  4906  0014FE                     	if	0	;tblptru may be non-zero
  4907  0014FE                     	endif
  4908  0014FE  0008               	tblrd		*
  4909  001500  50F5               	movf	tablat,w,c
  4910  001502  EC8A  F00B         	call	_scale4x_vertical
  4911  001506  2A27               	incf	oled_draw_char_huge@i^0,f,c
  4912  001508  0E04               	movlw	4
  4913  00150A  6427               	cpfsgt	oled_draw_char_huge@i^0,c
  4914  00150C  EF8A  F00A         	goto	u1321
  4915  001510  EF8C  F00A         	goto	u1320
  4916  001514                     u1321:
  4917  001514  EF6D  F00A         	goto	l2376
  4918  001518                     u1320:
  4919  001518                     
  4920                           ;Dima_EV_1.c: 812:     for (uint8_t p = 0; p < 4; p++)
  4921  001518  0E00               	movlw	0
  4922  00151A  6E29               	movwf	oled_draw_char_huge@p^0,c
  4923  00151C                     l2388:
  4924                           
  4925                           ;Dima_EV_1.c: 813:     {;Dima_EV_1.c: 814:         oled_set_cursor(col, (uint8_t)(page +
      +                           p));
  4926  00151C  500C               	movf	oled_draw_char_huge@page^0,w,c
  4927  00151E  2429               	addwf	oled_draw_char_huge@p^0,w,c
  4928  001520  6E07               	movwf	oled_set_cursor@page^0,c
  4929  001522  5026               	movf	oled_draw_char_huge@col^0,w,c
  4930  001524  EC59  F010         	call	_oled_set_cursor
  4931                           
  4932                           ;Dima_EV_1.c: 815:         oled_send_data_start();
  4933  001528  ECB5  F010         	call	_oled_send_data_start	;wreg free
  4934  00152C                     
  4935                           ;Dima_EV_1.c: 817:         for (uint8_t i = 0; i < 5; i++)
  4936  00152C  0E00               	movlw	0
  4937  00152E  6E28               	movwf	oled_draw_char_huge@i_872^0,c
  4938  001530                     l2396:
  4939                           
  4940                           ;Dima_EV_1.c: 818:         {;Dima_EV_1.c: 819:             oled_send_data_byte(scaled[i]
      +                          [p]);
  4941  001530  5028               	movf	oled_draw_char_huge@i_872^0,w,c
  4942  001532  0D04               	mullw	4
  4943  001534  0E10               	movlw	low oled_draw_char_huge@scaled
  4944  001536  6E0E               	movwf	??_oled_draw_char_huge^0,c
  4945  001538  0E00               	movlw	high oled_draw_char_huge@scaled
  4946  00153A  6E0F               	movwf	(??_oled_draw_char_huge+1)^0,c
  4947  00153C  50F3               	movf	243,w,c
  4948  00153E  260E               	addwf	??_oled_draw_char_huge^0,f,c
  4949  001540  50F4               	movf	244,w,c
  4950  001542  220F               	addwfc	(??_oled_draw_char_huge+1)^0,f,c
  4951  001544  5029               	movf	oled_draw_char_huge@p^0,w,c
  4952  001546  240E               	addwf	??_oled_draw_char_huge^0,w,c
  4953  001548  6ED9               	movwf	fsr2l,c
  4954  00154A  0E00               	movlw	0
  4955  00154C  200F               	addwfc	(??_oled_draw_char_huge+1)^0,w,c
  4956  00154E  6EDA               	movwf	fsr2h,c
  4957  001550  50DF               	movf	indf2,w,c
  4958  001552  ECCA  F010         	call	_oled_send_data_byte
  4959                           
  4960                           ;Dima_EV_1.c: 820:             oled_send_data_byte(scaled[i][p]);
  4961  001556  5028               	movf	oled_draw_char_huge@i_872^0,w,c
  4962  001558  0D04               	mullw	4
  4963  00155A  0E10               	movlw	low oled_draw_char_huge@scaled
  4964  00155C  6E0E               	movwf	??_oled_draw_char_huge^0,c
  4965  00155E  0E00               	movlw	high oled_draw_char_huge@scaled
  4966  001560  6E0F               	movwf	(??_oled_draw_char_huge+1)^0,c
  4967  001562  50F3               	movf	243,w,c
  4968  001564  260E               	addwf	??_oled_draw_char_huge^0,f,c
  4969  001566  50F4               	movf	244,w,c
  4970  001568  220F               	addwfc	(??_oled_draw_char_huge+1)^0,f,c
  4971  00156A  5029               	movf	oled_draw_char_huge@p^0,w,c
  4972  00156C  240E               	addwf	??_oled_draw_char_huge^0,w,c
  4973  00156E  6ED9               	movwf	fsr2l,c
  4974  001570  0E00               	movlw	0
  4975  001572  200F               	addwfc	(??_oled_draw_char_huge+1)^0,w,c
  4976  001574  6EDA               	movwf	fsr2h,c
  4977  001576  50DF               	movf	indf2,w,c
  4978  001578  ECCA  F010         	call	_oled_send_data_byte
  4979                           
  4980                           ;Dima_EV_1.c: 821:             oled_send_data_byte(scaled[i][p]);
  4981  00157C  5028               	movf	oled_draw_char_huge@i_872^0,w,c
  4982  00157E  0D04               	mullw	4
  4983  001580  0E10               	movlw	low oled_draw_char_huge@scaled
  4984  001582  6E0E               	movwf	??_oled_draw_char_huge^0,c
  4985  001584  0E00               	movlw	high oled_draw_char_huge@scaled
  4986  001586  6E0F               	movwf	(??_oled_draw_char_huge+1)^0,c
  4987  001588  50F3               	movf	243,w,c
  4988  00158A  260E               	addwf	??_oled_draw_char_huge^0,f,c
  4989  00158C  50F4               	movf	244,w,c
  4990  00158E  220F               	addwfc	(??_oled_draw_char_huge+1)^0,f,c
  4991  001590  5029               	movf	oled_draw_char_huge@p^0,w,c
  4992  001592  240E               	addwf	??_oled_draw_char_huge^0,w,c
  4993  001594  6ED9               	movwf	fsr2l,c
  4994  001596  0E00               	movlw	0
  4995  001598  200F               	addwfc	(??_oled_draw_char_huge+1)^0,w,c
  4996  00159A  6EDA               	movwf	fsr2h,c
  4997  00159C  50DF               	movf	indf2,w,c
  4998  00159E  ECCA  F010         	call	_oled_send_data_byte
  4999                           
  5000                           ;Dima_EV_1.c: 822:             oled_send_data_byte(scaled[i][p]);
  5001  0015A2  5028               	movf	oled_draw_char_huge@i_872^0,w,c
  5002  0015A4  0D04               	mullw	4
  5003  0015A6  0E10               	movlw	low oled_draw_char_huge@scaled
  5004  0015A8  6E0E               	movwf	??_oled_draw_char_huge^0,c
  5005  0015AA  0E00               	movlw	high oled_draw_char_huge@scaled
  5006  0015AC  6E0F               	movwf	(??_oled_draw_char_huge+1)^0,c
  5007  0015AE  50F3               	movf	243,w,c
  5008  0015B0  260E               	addwf	??_oled_draw_char_huge^0,f,c
  5009  0015B2  50F4               	movf	244,w,c
  5010  0015B4  220F               	addwfc	(??_oled_draw_char_huge+1)^0,f,c
  5011  0015B6  5029               	movf	oled_draw_char_huge@p^0,w,c
  5012  0015B8  240E               	addwf	??_oled_draw_char_huge^0,w,c
  5013  0015BA  6ED9               	movwf	fsr2l,c
  5014  0015BC  0E00               	movlw	0
  5015  0015BE  200F               	addwfc	(??_oled_draw_char_huge+1)^0,w,c
  5016  0015C0  6EDA               	movwf	fsr2h,c
  5017  0015C2  50DF               	movf	indf2,w,c
  5018  0015C4  ECCA  F010         	call	_oled_send_data_byte
  5019  0015C8                     
  5020                           ;Dima_EV_1.c: 823:         }
  5021  0015C8  2A28               	incf	oled_draw_char_huge@i_872^0,f,c
  5022  0015CA  0E04               	movlw	4
  5023  0015CC  6428               	cpfsgt	oled_draw_char_huge@i_872^0,c
  5024  0015CE  EFEB  F00A         	goto	u1331
  5025  0015D2  EFED  F00A         	goto	u1330
  5026  0015D6                     u1331:
  5027  0015D6  EF98  F00A         	goto	l2396
  5028  0015DA                     u1330:
  5029  0015DA                     
  5030                           ;Dima_EV_1.c: 825:         oled_send_data_stop();
  5031  0015DA  ECD2  F010         	call	_oled_send_data_stop	;wreg free
  5032  0015DE                     
  5033                           ;Dima_EV_1.c: 826:     }
  5034  0015DE  2A29               	incf	oled_draw_char_huge@p^0,f,c
  5035  0015E0  0E03               	movlw	3
  5036  0015E2  6429               	cpfsgt	oled_draw_char_huge@p^0,c
  5037  0015E4  EFF6  F00A         	goto	u1341
  5038  0015E8  EFF8  F00A         	goto	u1340
  5039  0015EC                     u1341:
  5040  0015EC  EF8E  F00A         	goto	l2388
  5041  0015F0                     u1340:
  5042  0015F0  0012               	return		;funcret
  5043  0015F2                     __end_of_oled_draw_char_huge:
  5044                           	callstack 0
  5045                           
  5046 ;; *************** function _scale4x_vertical *****************
  5047 ;; Defined at:
  5048 ;;		line 782 in file "Dima_EV_1.c"
  5049 ;; Parameters:    Size  Location     Type
  5050 ;;  in              1    wreg     unsigned char 
  5051 ;;  out             2    0[COMRAM] PTR unsigned char 
  5052 ;;		 -> oled_draw_char_huge@scaled(20), 
  5053 ;; Auto vars:     Size  Location     Type
  5054 ;;  in              1    4[COMRAM] unsigned char 
  5055 ;;  pos             1    8[COMRAM] unsigned char 
  5056 ;;  bit             1    7[COMRAM] unsigned char 
  5057 ;;  byte            1    6[COMRAM] unsigned char 
  5058 ;;  k               1    9[COMRAM] unsigned char 
  5059 ;;  base            1    5[COMRAM] unsigned char 
  5060 ;;  r               1   10[COMRAM] unsigned char 
  5061 ;; Return value:  Size  Location     Type
  5062 ;;                  1    wreg      void 
  5063 ;; Registers used:
  5064 ;;		wreg, fsr2l, fsr2h, status,2, status,0, prodl, prodh
  5065 ;; Tracked objects:
  5066 ;;		On entry : 0/0
  5067 ;;		On exit  : 0/0
  5068 ;;		Unchanged: 0/0
  5069 ;; Data sizes:     COMRAM   BANK0   BANK1   BANK2   BANK3   BANK4   BANK5
  5070 ;;      Params:         2       0       0       0       0       0       0
  5071 ;;      Locals:         7       0       0       0       0       0       0
  5072 ;;      Temps:          2       0       0       0       0       0       0
  5073 ;;      Totals:        11       0       0       0       0       0       0
  5074 ;;Total ram usage:       11 bytes
  5075 ;; Hardware stack levels used:    1
  5076 ;; Hardware stack levels required when called:    1
  5077 ;; This function calls:
  5078 ;;		Nothing
  5079 ;; This function is called by:
  5080 ;;		_oled_draw_char_huge
  5081 ;; This function uses a non-reentrant model
  5082 ;;
  5083                           
  5084                           	psect	text24
  5085  001714                     __ptext24:
  5086                           	callstack 0
  5087  001714                     _scale4x_vertical:
  5088                           	callstack 26
  5089                           
  5090                           ;incstack = 0
  5091                           ;scale4x_vertical@in stored from wreg
  5092  001714  6E05               	movwf	scale4x_vertical@in^0,c
  5093  001716                     
  5094                           ;Dima_EV_1.c: 782: void scale4x_vertical(uint8_t in, uint8_t out[4]);Dima_EV_1.c: 783: {
      +                          ;Dima_EV_1.c: 784:     out[0] = 0; out[1] = 0; out[2] = 0; out[3] = 0;
  5095  001716  C001  FFD9         	movff	scale4x_vertical@out,fsr2l
  5096  00171A  C002  FFDA         	movff	scale4x_vertical@out+1,fsr2h
  5097  00171E  0E00               	movlw	0
  5098  001720  6EDF               	movwf	indf2,c
  5099  001722  EE20 F001          	lfsr	2,1
  5100  001726  5001               	movf	scale4x_vertical@out^0,w,c
  5101  001728  26D9               	addwf	fsr2l,f,c
  5102  00172A  5002               	movf	(scale4x_vertical@out+1)^0,w,c
  5103  00172C  22DA               	addwfc	fsr2h,f,c
  5104  00172E  0E00               	movlw	0
  5105  001730  6EDF               	movwf	indf2,c
  5106  001732  EE20 F002          	lfsr	2,2
  5107  001736  5001               	movf	scale4x_vertical@out^0,w,c
  5108  001738  26D9               	addwf	fsr2l,f,c
  5109  00173A  5002               	movf	(scale4x_vertical@out+1)^0,w,c
  5110  00173C  22DA               	addwfc	fsr2h,f,c
  5111  00173E  0E00               	movlw	0
  5112  001740  6EDF               	movwf	indf2,c
  5113  001742  EE20 F003          	lfsr	2,3
  5114  001746  5001               	movf	scale4x_vertical@out^0,w,c
  5115  001748  26D9               	addwf	fsr2l,f,c
  5116  00174A  5002               	movf	(scale4x_vertical@out+1)^0,w,c
  5117  00174C  22DA               	addwfc	fsr2h,f,c
  5118  00174E  0E00               	movlw	0
  5119  001750  6EDF               	movwf	indf2,c
  5120  001752                     
  5121                           ;Dima_EV_1.c: 787:     for (uint8_t r = 0; r < 7; r++)
  5122  001752  0E00               	movlw	0
  5123  001754  6E0B               	movwf	scale4x_vertical@r^0,c
  5124  001756                     l2234:
  5125  001756  0E06               	movlw	6
  5126  001758  640B               	cpfsgt	scale4x_vertical@r^0,c
  5127  00175A  EFB1  F00B         	goto	u1151
  5128  00175E  EFB3  F00B         	goto	u1150
  5129  001762                     u1151:
  5130  001762  EFB5  F00B         	goto	l2238
  5131  001766                     u1150:
  5132  001766  EFFB  F00B         	goto	l312
  5133  00176A                     l2238:
  5134                           
  5135                           ;Dima_EV_1.c: 788:     {;Dima_EV_1.c: 789:         if (in & (1u << r))
  5136  00176A  C00B  F003         	movff	scale4x_vertical@r,??_scale4x_vertical
  5137  00176E  0E01               	movlw	1
  5138  001770  6E04               	movwf	(??_scale4x_vertical+1)^0,c
  5139  001772  2A03               	incf	??_scale4x_vertical^0,f,c
  5140  001774  EFBE  F00B         	goto	u1164
  5141  001778                     u1165:
  5142  001778  90D8               	bcf	status,0,c
  5143  00177A  3604               	rlcf	(??_scale4x_vertical+1)^0,f,c
  5144  00177C                     u1164:
  5145  00177C  2E03               	decfsz	??_scale4x_vertical^0,f,c
  5146  00177E  EFBC  F00B         	goto	u1165
  5147  001782  5004               	movf	(??_scale4x_vertical+1)^0,w,c
  5148  001784  1405               	andwf	scale4x_vertical@in^0,w,c
  5149  001786  0900               	iorlw	0
  5150  001788  B4D8               	btfsc	status,2,c
  5151  00178A  EFC9  F00B         	goto	u1171
  5152  00178E  EFCB  F00B         	goto	u1170
  5153  001792                     u1171:
  5154  001792  EFF8  F00B         	goto	l2256
  5155  001796                     u1170:
  5156  001796                     
  5157                           ;Dima_EV_1.c: 790:         {;Dima_EV_1.c: 791:             uint8_t base = (uint8_t)(4u *
      +                           r);
  5158  001796  500B               	movf	scale4x_vertical@r^0,w,c
  5159  001798  0D04               	mullw	4
  5160  00179A  CFF3 F006          	movff	prodl,scale4x_vertical@base
  5161  00179E                     
  5162                           ;Dima_EV_1.c: 792:             for (uint8_t k = 0; k < 4; k++)
  5163  00179E  0E00               	movlw	0
  5164  0017A0  6E0A               	movwf	scale4x_vertical@k^0,c
  5165  0017A2                     l2248:
  5166                           
  5167                           ;Dima_EV_1.c: 793:             {;Dima_EV_1.c: 794:                 uint8_t pos = (uint8_
      +                          t)(base + k);
  5168  0017A2  5006               	movf	scale4x_vertical@base^0,w,c
  5169  0017A4  240A               	addwf	scale4x_vertical@k^0,w,c
  5170  0017A6  6E09               	movwf	scale4x_vertical@pos^0,c
  5171                           
  5172                           ;Dima_EV_1.c: 795:                 uint8_t byte = (uint8_t)(pos >> 3);
  5173  0017A8  3809               	swapf	scale4x_vertical@pos^0,w,c
  5174  0017AA  46E8               	rlncf	wreg,f,c
  5175  0017AC  0B1F               	andlw	31
  5176  0017AE  6E07               	movwf	scale4x_vertical@byte^0,c
  5177                           
  5178                           ;Dima_EV_1.c: 796:                 uint8_t bit = (uint8_t)(pos & 7u);
  5179  0017B0  5009               	movf	scale4x_vertical@pos^0,w,c
  5180  0017B2  0B07               	andlw	7
  5181  0017B4  6E08               	movwf	scale4x_vertical@bit^0,c
  5182  0017B6                     
  5183                           ;Dima_EV_1.c: 797:                 out[byte] |= (1u << bit);
  5184  0017B6  C008  F003         	movff	scale4x_vertical@bit,??_scale4x_vertical
  5185  0017BA  0E01               	movlw	1
  5186  0017BC  6E04               	movwf	(??_scale4x_vertical+1)^0,c
  5187  0017BE  2A03               	incf	??_scale4x_vertical^0,f,c
  5188  0017C0  EFE4  F00B         	goto	u1184
  5189  0017C4                     u1185:
  5190  0017C4  90D8               	bcf	status,0,c
  5191  0017C6  3604               	rlcf	(??_scale4x_vertical+1)^0,f,c
  5192  0017C8                     u1184:
  5193  0017C8  2E03               	decfsz	??_scale4x_vertical^0,f,c
  5194  0017CA  EFE2  F00B         	goto	u1185
  5195  0017CE  5007               	movf	scale4x_vertical@byte^0,w,c
  5196  0017D0  2401               	addwf	scale4x_vertical@out^0,w,c
  5197  0017D2  6ED9               	movwf	fsr2l,c
  5198  0017D4  0E00               	movlw	0
  5199  0017D6  2002               	addwfc	(scale4x_vertical@out+1)^0,w,c
  5200  0017D8  6EDA               	movwf	fsr2h,c
  5201  0017DA  5004               	movf	(??_scale4x_vertical+1)^0,w,c
  5202  0017DC  12DF               	iorwf	indf2,f,c
  5203  0017DE                     
  5204                           ;Dima_EV_1.c: 798:             }
  5205  0017DE  2A0A               	incf	scale4x_vertical@k^0,f,c
  5206  0017E0  0E03               	movlw	3
  5207  0017E2  640A               	cpfsgt	scale4x_vertical@k^0,c
  5208  0017E4  EFF6  F00B         	goto	u1191
  5209  0017E8  EFF8  F00B         	goto	u1190
  5210  0017EC                     u1191:
  5211  0017EC  EFD1  F00B         	goto	l2248
  5212  0017F0                     u1190:
  5213  0017F0                     l2256:
  5214                           
  5215                           ;Dima_EV_1.c: 800:     }
  5216  0017F0  2A0B               	incf	scale4x_vertical@r^0,f,c
  5217  0017F2  EFAB  F00B         	goto	l2234
  5218  0017F6                     l312:
  5219  0017F6  0012               	return		;funcret
  5220  0017F8                     __end_of_scale4x_vertical:
  5221                           	callstack 0
  5222                           
  5223 ;; *************** function _font_get_pattern *****************
  5224 ;; Defined at:
  5225 ;;		line 647 in file "Dima_EV_1.c"
  5226 ;; Parameters:    Size  Location     Type
  5227 ;;  c               1    wreg     unsigned char 
  5228 ;; Auto vars:     Size  Location     Type
  5229 ;;  c               1    6[COMRAM] unsigned char 
  5230 ;; Return value:  Size  Location     Type
  5231 ;;                  2    0[COMRAM] PTR const unsigned char 
  5232 ;; Registers used:
  5233 ;;		wreg, status,2, status,0, prodl, prodh
  5234 ;; Tracked objects:
  5235 ;;		On entry : 0/0
  5236 ;;		On exit  : 0/0
  5237 ;;		Unchanged: 0/0
  5238 ;; Data sizes:     COMRAM   BANK0   BANK1   BANK2   BANK3   BANK4   BANK5
  5239 ;;      Params:         2       0       0       0       0       0       0
  5240 ;;      Locals:         1       0       0       0       0       0       0
  5241 ;;      Temps:          4       0       0       0       0       0       0
  5242 ;;      Totals:         7       0       0       0       0       0       0
  5243 ;;Total ram usage:        7 bytes
  5244 ;; Hardware stack levels used:    1
  5245 ;; Hardware stack levels required when called:    1
  5246 ;; This function calls:
  5247 ;;		Nothing
  5248 ;; This function is called by:
  5249 ;;		_oled_draw_char
  5250 ;;		_oled_draw_char_huge
  5251 ;; This function uses a non-reentrant model
  5252 ;;
  5253                           
  5254                           	psect	text25
  5255  0011F2                     __ptext25:
  5256                           	callstack 0
  5257  0011F2                     _font_get_pattern:
  5258                           	callstack 24
  5259                           
  5260                           ;incstack = 0
  5261                           ;font_get_pattern@c stored from wreg
  5262  0011F2  6E07               	movwf	font_get_pattern@c^0,c
  5263  0011F4                     
  5264                           ;Dima_EV_1.c: 647: const uint8_t* font_get_pattern(char c);Dima_EV_1.c: 648: {;Dima_EV_1
      +                          .c: 649:     static const uint8_t digits[10][5] = {;Dima_EV_1.c: 662:     static const u
      +                          int8_t letter_T[5] = {0x01,0x01,0x7F,0x01,0x01};;Dima_EV_1.c: 663:     static const uint
      +                          8_t letter_O[5] = {0x3E,0x41,0x41,0x41,0x3E};;Dima_EV_1.c: 664:     static const uint8_t
      +                           letter_V[5] = {0x07,0x18,0x60,0x18,0x07};;Dima_EV_1.c: 665:     static const uint8_t le
      +                          tter_A[5] = {0x7E,0x11,0x11,0x11,0x7E};;Dima_EV_1.c: 666:     static const uint8_t lette
      +                          r_C[5] = {0x3E,0x41,0x41,0x41,0x22};
  5265  0011F4  0E2F               	movlw	47
  5266  0011F6  6407               	cpfsgt	font_get_pattern@c^0,c
  5267  0011F8  EF00  F009         	goto	u1101
  5268  0011FC  EF02  F009         	goto	u1100
  5269  001200                     u1101:
  5270  001200  EF7A  F009         	goto	l2188
  5271  001204                     u1100:
  5272  001204  0E3A               	movlw	58
  5273  001206  6007               	cpfslt	font_get_pattern@c^0,c
  5274  001208  EF08  F009         	goto	u1111
  5275  00120C  EF0A  F009         	goto	u1110
  5276  001210                     u1111:
  5277  001210  EF7A  F009         	goto	l2188
  5278  001214                     u1110:
  5279  001214                     
  5280                           ;Dima_EV_1.c: 679:         return digits[c - '0'];
  5281  001214  0E10               	movlw	16
  5282  001216  6E03               	movwf	??_font_get_pattern^0,c
  5283  001218  0EFF               	movlw	255
  5284  00121A  6E04               	movwf	(??_font_get_pattern+1)^0,c
  5285  00121C  5007               	movf	font_get_pattern@c^0,w,c
  5286  00121E  0D05               	mullw	5
  5287  001220  CFF3 F005          	movff	prodl,??_font_get_pattern+2
  5288  001224  CFF4 F006          	movff	prodh,??_font_get_pattern+3
  5289  001228  5003               	movf	??_font_get_pattern^0,w,c
  5290  00122A  2605               	addwf	(??_font_get_pattern+2)^0,f,c
  5291  00122C  5004               	movf	(??_font_get_pattern+1)^0,w,c
  5292  00122E  2206               	addwfc	(??_font_get_pattern+3)^0,f,c
  5293  001230  0E01               	movlw	low font_get_pattern@digits
  5294  001232  2405               	addwf	(??_font_get_pattern+2)^0,w,c
  5295  001234  6E01               	movwf	?_font_get_pattern^0,c
  5296  001236  0E06               	movlw	high font_get_pattern@digits
  5297  001238  2006               	addwfc	(??_font_get_pattern+3)^0,w,c
  5298  00123A  6E02               	movwf	(?_font_get_pattern+1)^0,c
  5299  00123C  EFC3  F009         	goto	l261
  5300  001240                     l2126:
  5301  001240  0E99               	movlw	low font_get_pattern@letter_T
  5302  001242  6E01               	movwf	?_font_get_pattern^0,c
  5303  001244  0E06               	movlw	high font_get_pattern@letter_T
  5304  001246  6E02               	movwf	(?_font_get_pattern+1)^0,c
  5305  001248  EFC3  F009         	goto	l261
  5306  00124C                     l2130:
  5307  00124C  0E94               	movlw	low font_get_pattern@letter_O
  5308  00124E  6E01               	movwf	?_font_get_pattern^0,c
  5309  001250  0E06               	movlw	high font_get_pattern@letter_O
  5310  001252  6E02               	movwf	(?_font_get_pattern+1)^0,c
  5311  001254  EFC3  F009         	goto	l261
  5312  001258                     l2134:
  5313  001258  0E8F               	movlw	low font_get_pattern@letter_V
  5314  00125A  6E01               	movwf	?_font_get_pattern^0,c
  5315  00125C  0E06               	movlw	high font_get_pattern@letter_V
  5316  00125E  6E02               	movwf	(?_font_get_pattern+1)^0,c
  5317  001260  EFC3  F009         	goto	l261
  5318  001264                     l2138:
  5319  001264  0E8A               	movlw	low font_get_pattern@letter_A
  5320  001266  6E01               	movwf	?_font_get_pattern^0,c
  5321  001268  0E06               	movlw	high font_get_pattern@letter_A
  5322  00126A  6E02               	movwf	(?_font_get_pattern+1)^0,c
  5323  00126C  EFC3  F009         	goto	l261
  5324  001270                     l2142:
  5325  001270  0E85               	movlw	low font_get_pattern@letter_C
  5326  001272  6E01               	movwf	?_font_get_pattern^0,c
  5327  001274  0E06               	movlw	high font_get_pattern@letter_C
  5328  001276  6E02               	movwf	(?_font_get_pattern+1)^0,c
  5329  001278  EFC3  F009         	goto	l261
  5330  00127C                     l2146:
  5331  00127C  0E80               	movlw	low font_get_pattern@letter_B
  5332  00127E  6E01               	movwf	?_font_get_pattern^0,c
  5333  001280  0E06               	movlw	high font_get_pattern@letter_B
  5334  001282  6E02               	movwf	(?_font_get_pattern+1)^0,c
  5335  001284  EFC3  F009         	goto	l261
  5336  001288                     l2150:
  5337  001288  0E7B               	movlw	low font_get_pattern@letter_R
  5338  00128A  6E01               	movwf	?_font_get_pattern^0,c
  5339  00128C  0E06               	movlw	high font_get_pattern@letter_R
  5340  00128E  6E02               	movwf	(?_font_get_pattern+1)^0,c
  5341  001290  EFC3  F009         	goto	l261
  5342  001294                     l2154:
  5343  001294  0E76               	movlw	low font_get_pattern@letter_U
  5344  001296  6E01               	movwf	?_font_get_pattern^0,c
  5345  001298  0E06               	movlw	high font_get_pattern@letter_U
  5346  00129A  6E02               	movwf	(?_font_get_pattern+1)^0,c
  5347  00129C  EFC3  F009         	goto	l261
  5348  0012A0                     l2158:
  5349  0012A0  0E71               	movlw	low font_get_pattern@letter_D
  5350  0012A2  6E01               	movwf	?_font_get_pattern^0,c
  5351  0012A4  0E06               	movlw	high font_get_pattern@letter_D
  5352  0012A6  6E02               	movwf	(?_font_get_pattern+1)^0,c
  5353  0012A8  EFC3  F009         	goto	l261
  5354  0012AC                     l2162:
  5355  0012AC  0E6C               	movlw	low font_get_pattern@letter_I
  5356  0012AE  6E01               	movwf	?_font_get_pattern^0,c
  5357  0012B0  0E06               	movlw	high font_get_pattern@letter_I
  5358  0012B2  6E02               	movwf	(?_font_get_pattern+1)^0,c
  5359  0012B4  EFC3  F009         	goto	l261
  5360  0012B8                     l2166:
  5361  0012B8  0E67               	movlw	low font_get_pattern@letter_M
  5362  0012BA  6E01               	movwf	?_font_get_pattern^0,c
  5363  0012BC  0E06               	movlw	high font_get_pattern@letter_M
  5364  0012BE  6E02               	movwf	(?_font_get_pattern+1)^0,c
  5365  0012C0  EFC3  F009         	goto	l261
  5366  0012C4                     l2170:
  5367  0012C4  0E62               	movlw	low font_get_pattern@letter_H
  5368  0012C6  6E01               	movwf	?_font_get_pattern^0,c
  5369  0012C8  0E06               	movlw	high font_get_pattern@letter_H
  5370  0012CA  6E02               	movwf	(?_font_get_pattern+1)^0,c
  5371  0012CC  EFC3  F009         	goto	l261
  5372  0012D0                     l2174:
  5373  0012D0  0E5D               	movlw	low font_get_pattern@letter_E
  5374  0012D2  6E01               	movwf	?_font_get_pattern^0,c
  5375  0012D4  0E06               	movlw	high font_get_pattern@letter_E
  5376  0012D6  6E02               	movwf	(?_font_get_pattern+1)^0,c
  5377  0012D8  EFC3  F009         	goto	l261
  5378  0012DC                     l2178:
  5379  0012DC  0E53               	movlw	low font_get_pattern@colon_char
  5380  0012DE  6E01               	movwf	?_font_get_pattern^0,c
  5381  0012E0  0E06               	movlw	high font_get_pattern@colon_char
  5382  0012E2  6E02               	movwf	(?_font_get_pattern+1)^0,c
  5383  0012E4  EFC3  F009         	goto	l261
  5384  0012E8                     l2182:
  5385  0012E8  0E58               	movlw	low font_get_pattern@letter_space
  5386  0012EA  6E01               	movwf	?_font_get_pattern^0,c
  5387  0012EC  0E06               	movlw	high font_get_pattern@letter_space
  5388  0012EE  6E02               	movwf	(?_font_get_pattern+1)^0,c
  5389  0012F0  EFC3  F009         	goto	l261
  5390  0012F4                     l2188:
  5391  0012F4  5007               	movf	font_get_pattern@c^0,w,c
  5392  0012F6  6E03               	movwf	??_font_get_pattern^0,c
  5393  0012F8  6A04               	clrf	(??_font_get_pattern+1)^0,c
  5394                           
  5395                           ; Switch on 2 bytes has been partitioned into a top level switch of size 1, and 1 sub-sw
      +                          itches
  5396                           ; Switch size 1, requested type "simple"
  5397                           ; Number of cases is 1, Range of values is 0 to 0
  5398                           ; switch strategies available:
  5399                           ; Name         Instructions Cycles
  5400                           ; simple_byte            4     3 (average)
  5401                           ;	Chosen strategy is simple_byte
  5402  0012FA  5004               	movf	(??_font_get_pattern+1)^0,w,c
  5403  0012FC  0A00               	xorlw	0	; case 0
  5404  0012FE  B4D8               	btfsc	status,2,c
  5405  001300  EF84  F009         	goto	l2996
  5406  001304  EF74  F009         	goto	l2182
  5407  001308                     l2996:
  5408                           
  5409                           ; Switch size 1, requested type "simple"
  5410                           ; Number of cases is 15, Range of values is 32 to 86
  5411                           ; switch strategies available:
  5412                           ; Name         Instructions Cycles
  5413                           ; simple_byte           46    24 (average)
  5414                           ;	Chosen strategy is simple_byte
  5415  001308  5003               	movf	??_font_get_pattern^0,w,c
  5416  00130A  0A20               	xorlw	32	; case 32
  5417  00130C  B4D8               	btfsc	status,2,c
  5418  00130E  EF74  F009         	goto	l2182
  5419  001312  0A1A               	xorlw	26	; case 58
  5420  001314  B4D8               	btfsc	status,2,c
  5421  001316  EF6E  F009         	goto	l2178
  5422  00131A  0A7B               	xorlw	123	; case 65
  5423  00131C  B4D8               	btfsc	status,2,c
  5424  00131E  EF32  F009         	goto	l2138
  5425  001322  0A03               	xorlw	3	; case 66
  5426  001324  B4D8               	btfsc	status,2,c
  5427  001326  EF3E  F009         	goto	l2146
  5428  00132A  0A01               	xorlw	1	; case 67
  5429  00132C  B4D8               	btfsc	status,2,c
  5430  00132E  EF38  F009         	goto	l2142
  5431  001332  0A07               	xorlw	7	; case 68
  5432  001334  B4D8               	btfsc	status,2,c
  5433  001336  EF50  F009         	goto	l2158
  5434  00133A  0A01               	xorlw	1	; case 69
  5435  00133C  B4D8               	btfsc	status,2,c
  5436  00133E  EF68  F009         	goto	l2174
  5437  001342  0A0D               	xorlw	13	; case 72
  5438  001344  B4D8               	btfsc	status,2,c
  5439  001346  EF62  F009         	goto	l2170
  5440  00134A  0A01               	xorlw	1	; case 73
  5441  00134C  B4D8               	btfsc	status,2,c
  5442  00134E  EF56  F009         	goto	l2162
  5443  001352  0A04               	xorlw	4	; case 77
  5444  001354  B4D8               	btfsc	status,2,c
  5445  001356  EF5C  F009         	goto	l2166
  5446  00135A  0A02               	xorlw	2	; case 79
  5447  00135C  B4D8               	btfsc	status,2,c
  5448  00135E  EF26  F009         	goto	l2130
  5449  001362  0A1D               	xorlw	29	; case 82
  5450  001364  B4D8               	btfsc	status,2,c
  5451  001366  EF44  F009         	goto	l2150
  5452  00136A  0A06               	xorlw	6	; case 84
  5453  00136C  B4D8               	btfsc	status,2,c
  5454  00136E  EF20  F009         	goto	l2126
  5455  001372  0A01               	xorlw	1	; case 85
  5456  001374  B4D8               	btfsc	status,2,c
  5457  001376  EF4A  F009         	goto	l2154
  5458  00137A  0A03               	xorlw	3	; case 86
  5459  00137C  B4D8               	btfsc	status,2,c
  5460  00137E  EF2C  F009         	goto	l2134
  5461  001382  EF74  F009         	goto	l2182
  5462  001386                     l261:
  5463  001386  0012               	return		;funcret
  5464  001388                     __end_of_font_get_pattern:
  5465                           	callstack 0
  5466                           
  5467 ;; *************** function _oled_clear *****************
  5468 ;; Defined at:
  5469 ;;		line 630 in file "Dima_EV_1.c"
  5470 ;; Parameters:    Size  Location     Type
  5471 ;;		None
  5472 ;; Auto vars:     Size  Location     Type
  5473 ;;  col             1    8[COMRAM] unsigned char 
  5474 ;;  page            1    9[COMRAM] unsigned char 
  5475 ;; Return value:  Size  Location     Type
  5476 ;;                  1    wreg      void 
  5477 ;; Registers used:
  5478 ;;		wreg, status,2, status,0, cstack
  5479 ;; Tracked objects:
  5480 ;;		On entry : 0/0
  5481 ;;		On exit  : 0/0
  5482 ;;		Unchanged: 0/0
  5483 ;; Data sizes:     COMRAM   BANK0   BANK1   BANK2   BANK3   BANK4   BANK5
  5484 ;;      Params:         0       0       0       0       0       0       0
  5485 ;;      Locals:         2       0       0       0       0       0       0
  5486 ;;      Temps:          0       0       0       0       0       0       0
  5487 ;;      Totals:         2       0       0       0       0       0       0
  5488 ;;Total ram usage:        2 bytes
  5489 ;; Hardware stack levels used:    1
  5490 ;; Hardware stack levels required when called:    6
  5491 ;; This function calls:
  5492 ;;		_oled_send_data_byte
  5493 ;;		_oled_send_data_start
  5494 ;;		_oled_send_data_stop
  5495 ;;		_oled_set_cursor
  5496 ;; This function is called by:
  5497 ;;		_oled_show_boot_screen
  5498 ;; This function uses a non-reentrant model
  5499 ;;
  5500                           
  5501                           	psect	text26
  5502  001F96                     __ptext26:
  5503                           	callstack 0
  5504  001F96                     _oled_clear:
  5505                           	callstack 23
  5506  001F96                     
  5507                           ;Dima_EV_1.c: 633:     for (uint8_t page = 0; page < 8; page++)
  5508  001F96  0E00               	movlw	0
  5509  001F98  6E0A               	movwf	oled_clear@page^0,c
  5510  001F9A                     l2658:
  5511                           
  5512                           ;Dima_EV_1.c: 634:     {;Dima_EV_1.c: 635:         oled_set_cursor(0, page);
  5513  001F9A  C00A  F007         	movff	oled_clear@page,oled_set_cursor@page
  5514  001F9E  0E00               	movlw	0
  5515  001FA0  EC59  F010         	call	_oled_set_cursor
  5516                           
  5517                           ;Dima_EV_1.c: 636:         oled_send_data_start();
  5518  001FA4  ECB5  F010         	call	_oled_send_data_start	;wreg free
  5519  001FA8                     
  5520                           ;Dima_EV_1.c: 637:         for (uint8_t col = 0; col < 132; col++)
  5521  001FA8  0E00               	movlw	0
  5522  001FAA  6E09               	movwf	oled_clear@col^0,c
  5523  001FAC                     l2666:
  5524                           
  5525                           ;Dima_EV_1.c: 638:         {;Dima_EV_1.c: 639:             oled_send_data_byte(0x00);
  5526  001FAC  0E00               	movlw	0
  5527  001FAE  ECCA  F010         	call	_oled_send_data_byte
  5528  001FB2                     
  5529                           ;Dima_EV_1.c: 640:         }
  5530  001FB2  2A09               	incf	oled_clear@col^0,f,c
  5531  001FB4  0E83               	movlw	131
  5532  001FB6  6409               	cpfsgt	oled_clear@col^0,c
  5533  001FB8  EFE0  F00F         	goto	u1501
  5534  001FBC  EFE2  F00F         	goto	u1500
  5535  001FC0                     u1501:
  5536  001FC0  EFD6  F00F         	goto	l2666
  5537  001FC4                     u1500:
  5538  001FC4                     
  5539                           ;Dima_EV_1.c: 641:         oled_send_data_stop();
  5540  001FC4  ECD2  F010         	call	_oled_send_data_stop	;wreg free
  5541  001FC8                     
  5542                           ;Dima_EV_1.c: 642:     }
  5543  001FC8  2A0A               	incf	oled_clear@page^0,f,c
  5544  001FCA  0E07               	movlw	7
  5545  001FCC  640A               	cpfsgt	oled_clear@page^0,c
  5546  001FCE  EFEB  F00F         	goto	u1511
  5547  001FD2  EFED  F00F         	goto	u1510
  5548  001FD6                     u1511:
  5549  001FD6  EFCD  F00F         	goto	l2658
  5550  001FDA                     u1510:
  5551  001FDA  0012               	return		;funcret
  5552  001FDC                     __end_of_oled_clear:
  5553                           	callstack 0
  5554                           
  5555 ;; *************** function _oled_set_cursor *****************
  5556 ;; Defined at:
  5557 ;;		line 623 in file "Dima_EV_1.c"
  5558 ;; Parameters:    Size  Location     Type
  5559 ;;  col             1    wreg     unsigned char 
  5560 ;;  page            1    6[COMRAM] unsigned char 
  5561 ;; Auto vars:     Size  Location     Type
  5562 ;;  col             1    7[COMRAM] unsigned char 
  5563 ;; Return value:  Size  Location     Type
  5564 ;;                  1    wreg      void 
  5565 ;; Registers used:
  5566 ;;		wreg, status,2, status,0, cstack
  5567 ;; Tracked objects:
  5568 ;;		On entry : 0/0
  5569 ;;		On exit  : 0/0
  5570 ;;		Unchanged: 0/0
  5571 ;; Data sizes:     COMRAM   BANK0   BANK1   BANK2   BANK3   BANK4   BANK5
  5572 ;;      Params:         1       0       0       0       0       0       0
  5573 ;;      Locals:         1       0       0       0       0       0       0
  5574 ;;      Temps:          0       0       0       0       0       0       0
  5575 ;;      Totals:         2       0       0       0       0       0       0
  5576 ;;Total ram usage:        2 bytes
  5577 ;; Hardware stack levels used:    1
  5578 ;; Hardware stack levels required when called:    5
  5579 ;; This function calls:
  5580 ;;		_oled_send_command
  5581 ;; This function is called by:
  5582 ;;		_oled_clear
  5583 ;;		_oled_draw_text
  5584 ;;		_oled_draw_char_huge
  5585 ;;		_oled_draw_text_huge
  5586 ;;		_oled_draw_underline_animated
  5587 ;;		_oled_update_screen
  5588 ;;		_oled_show_boot_screen
  5589 ;; This function uses a non-reentrant model
  5590 ;;
  5591                           
  5592                           	psect	text27
  5593  0020B2                     __ptext27:
  5594                           	callstack 0
  5595  0020B2                     _oled_set_cursor:
  5596                           	callstack 23
  5597                           
  5598                           ;incstack = 0
  5599                           ;oled_set_cursor@col stored from wreg
  5600  0020B2  6E08               	movwf	oled_set_cursor@col^0,c
  5601  0020B4                     
  5602                           ;Dima_EV_1.c: 623: void oled_set_cursor(uint8_t col, uint8_t page);Dima_EV_1.c: 624: {;D
      +                          ima_EV_1.c: 625:     oled_send_command(0xB0 | (page & 0x07));
  5603  0020B4  5007               	movf	oled_set_cursor@page^0,w,c
  5604  0020B6  0B07               	andlw	7
  5605  0020B8  09B0               	iorlw	176
  5606  0020BA  EC6A  F010         	call	_oled_send_command
  5607                           
  5608                           ;Dima_EV_1.c: 626:     oled_send_command(0x00 | (col & 0x0F));
  5609  0020BE  5008               	movf	oled_set_cursor@col^0,w,c
  5610  0020C0  0B0F               	andlw	15
  5611  0020C2  EC6A  F010         	call	_oled_send_command
  5612                           
  5613                           ;Dima_EV_1.c: 627:     oled_send_command(0x10 | ((col >> 4) & 0x0F));
  5614  0020C6  3808               	swapf	oled_set_cursor@col^0,w,c
  5615  0020C8  0B0F               	andlw	15
  5616  0020CA  0B0F               	andlw	15
  5617  0020CC  0910               	iorlw	16
  5618  0020CE  EC6A  F010         	call	_oled_send_command
  5619  0020D2  0012               	return		;funcret
  5620  0020D4                     __end_of_oled_set_cursor:
  5621                           	callstack 0
  5622                           
  5623 ;; *************** function _oled_send_command *****************
  5624 ;; Defined at:
  5625 ;;		line 556 in file "Dima_EV_1.c"
  5626 ;; Parameters:    Size  Location     Type
  5627 ;;  cmd             1    wreg     unsigned char 
  5628 ;; Auto vars:     Size  Location     Type
  5629 ;;  cmd             1    5[COMRAM] unsigned char 
  5630 ;; Return value:  Size  Location     Type
  5631 ;;                  1    wreg      void 
  5632 ;; Registers used:
  5633 ;;		wreg, status,2, status,0, cstack
  5634 ;; Tracked objects:
  5635 ;;		On entry : 0/0
  5636 ;;		On exit  : 0/0
  5637 ;;		Unchanged: 0/0
  5638 ;; Data sizes:     COMRAM   BANK0   BANK1   BANK2   BANK3   BANK4   BANK5
  5639 ;;      Params:         0       0       0       0       0       0       0
  5640 ;;      Locals:         1       0       0       0       0       0       0
  5641 ;;      Temps:          0       0       0       0       0       0       0
  5642 ;;      Totals:         1       0       0       0       0       0       0
  5643 ;;Total ram usage:        1 bytes
  5644 ;; Hardware stack levels used:    1
  5645 ;; Hardware stack levels required when called:    4
  5646 ;; This function calls:
  5647 ;;		_i2c_start
  5648 ;;		_i2c_stop
  5649 ;;		_i2c_write_byte
  5650 ;; This function is called by:
  5651 ;;		_oled_init
  5652 ;;		_oled_set_cursor
  5653 ;;		_oled_show_boot_screen
  5654 ;;		_main
  5655 ;; This function uses a non-reentrant model
  5656 ;;
  5657                           
  5658                           	psect	text28
  5659  0020D4                     __ptext28:
  5660                           	callstack 0
  5661  0020D4                     _oled_send_command:
  5662                           	callstack 23
  5663                           
  5664                           ;incstack = 0
  5665                           ;oled_send_command@cmd stored from wreg
  5666  0020D4  6E06               	movwf	oled_send_command@cmd^0,c
  5667  0020D6                     
  5668                           ;Dima_EV_1.c: 556: void oled_send_command(uint8_t cmd);Dima_EV_1.c: 557: {;Dima_EV_1.c: 
      +                          558:     i2c_start();
  5669  0020D6  ECAA  F010         	call	_i2c_start	;wreg free
  5670                           
  5671                           ;Dima_EV_1.c: 559:     i2c_write_byte(0x78);
  5672  0020DA  0E78               	movlw	120
  5673  0020DC  EC4F  F00F         	call	_i2c_write_byte
  5674                           
  5675                           ;Dima_EV_1.c: 560:     i2c_write_byte(0x00);
  5676  0020E0  0E00               	movlw	0
  5677  0020E2  EC4F  F00F         	call	_i2c_write_byte
  5678                           
  5679                           ;Dima_EV_1.c: 561:     i2c_write_byte(cmd);
  5680  0020E6  5006               	movf	oled_send_command@cmd^0,w,c
  5681  0020E8  EC4F  F00F         	call	_i2c_write_byte
  5682                           
  5683                           ;Dima_EV_1.c: 562:     i2c_stop();
  5684  0020EC  EC87  F010         	call	_i2c_stop	;wreg free
  5685  0020F0  0012               	return		;funcret
  5686  0020F2                     __end_of_oled_send_command:
  5687                           	callstack 0
  5688                           
  5689 ;; *************** function _oled_send_data_stop *****************
  5690 ;; Defined at:
  5691 ;;		line 572 in file "Dima_EV_1.c"
  5692 ;; Parameters:    Size  Location     Type
  5693 ;;		None
  5694 ;; Auto vars:     Size  Location     Type
  5695 ;;		None
  5696 ;; Return value:  Size  Location     Type
  5697 ;;                  1    wreg      void 
  5698 ;; Registers used:
  5699 ;;		wreg, status,2, status,0, cstack
  5700 ;; Tracked objects:
  5701 ;;		On entry : 0/0
  5702 ;;		On exit  : 0/0
  5703 ;;		Unchanged: 0/0
  5704 ;; Data sizes:     COMRAM   BANK0   BANK1   BANK2   BANK3   BANK4   BANK5
  5705 ;;      Params:         0       0       0       0       0       0       0
  5706 ;;      Locals:         0       0       0       0       0       0       0
  5707 ;;      Temps:          0       0       0       0       0       0       0
  5708 ;;      Totals:         0       0       0       0       0       0       0
  5709 ;;Total ram usage:        0 bytes
  5710 ;; Hardware stack levels used:    1
  5711 ;; Hardware stack levels required when called:    4
  5712 ;; This function calls:
  5713 ;;		_i2c_stop
  5714 ;; This function is called by:
  5715 ;;		_oled_clear
  5716 ;;		_oled_draw_text
  5717 ;;		_oled_draw_char_huge
  5718 ;;		_oled_draw_text_huge
  5719 ;;		_oled_draw_underline_animated
  5720 ;;		_oled_update_screen
  5721 ;;		_oled_show_boot_screen
  5722 ;; This function uses a non-reentrant model
  5723 ;;
  5724                           
  5725                           	psect	text29
  5726  0021A4                     __ptext29:
  5727                           	callstack 0
  5728  0021A4                     _oled_send_data_stop:
  5729                           	callstack 24
  5730  0021A4                     
  5731                           ;Dima_EV_1.c: 574:     i2c_stop();
  5732  0021A4  EC87  F010         	call	_i2c_stop	;wreg free
  5733  0021A8  0012               	return		;funcret
  5734  0021AA                     __end_of_oled_send_data_stop:
  5735                           	callstack 0
  5736                           
  5737 ;; *************** function _i2c_stop *****************
  5738 ;; Defined at:
  5739 ;;		line 513 in file "Dima_EV_1.c"
  5740 ;; Parameters:    Size  Location     Type
  5741 ;;		None
  5742 ;; Auto vars:     Size  Location     Type
  5743 ;;		None
  5744 ;; Return value:  Size  Location     Type
  5745 ;;                  1    wreg      void 
  5746 ;; Registers used:
  5747 ;;		wreg, status,2, status,0, cstack
  5748 ;; Tracked objects:
  5749 ;;		On entry : 0/0
  5750 ;;		On exit  : 0/0
  5751 ;;		Unchanged: 0/0
  5752 ;; Data sizes:     COMRAM   BANK0   BANK1   BANK2   BANK3   BANK4   BANK5
  5753 ;;      Params:         0       0       0       0       0       0       0
  5754 ;;      Locals:         0       0       0       0       0       0       0
  5755 ;;      Temps:          0       0       0       0       0       0       0
  5756 ;;      Totals:         0       0       0       0       0       0       0
  5757 ;;Total ram usage:        0 bytes
  5758 ;; Hardware stack levels used:    1
  5759 ;; Hardware stack levels required when called:    3
  5760 ;; This function calls:
  5761 ;;		_i2c_delay
  5762 ;; This function is called by:
  5763 ;;		_oled_send_command
  5764 ;;		_oled_send_data_stop
  5765 ;; This function uses a non-reentrant model
  5766 ;;
  5767                           
  5768                           	psect	text30
  5769  00210E                     __ptext30:
  5770                           	callstack 0
  5771  00210E                     _i2c_stop:
  5772                           	callstack 23
  5773  00210E                     
  5774                           ;Dima_EV_1.c: 515:     TRISCbits.TRISC3 = 0;
  5775  00210E  9694               	bcf	148,3,c	;volatile
  5776  002110                     
  5777                           ;Dima_EV_1.c: 516:     i2c_delay();
  5778  002110  ECBE  F010         	call	_i2c_delay	;wreg free
  5779  002114                     
  5780                           ;Dima_EV_1.c: 518:     TRISCbits.TRISC4 = 0;
  5781  002114  9894               	bcf	148,4,c	;volatile
  5782                           
  5783                           ;Dima_EV_1.c: 519:     i2c_delay();
  5784  002116  ECBE  F010         	call	_i2c_delay	;wreg free
  5785  00211A                     
  5786                           ;Dima_EV_1.c: 520:     TRISCbits.TRISC3 = 1;
  5787  00211A  8694               	bsf	148,3,c	;volatile
  5788                           
  5789                           ;Dima_EV_1.c: 521:     i2c_delay();
  5790  00211C  ECBE  F010         	call	_i2c_delay	;wreg free
  5791  002120                     
  5792                           ;Dima_EV_1.c: 522:     TRISCbits.TRISC4 = 1;
  5793  002120  8894               	bsf	148,4,c	;volatile
  5794                           
  5795                           ;Dima_EV_1.c: 523:     i2c_delay();
  5796  002122  ECBE  F010         	call	_i2c_delay	;wreg free
  5797  002126  0012               	return		;funcret
  5798  002128                     __end_of_i2c_stop:
  5799                           	callstack 0
  5800                           
  5801 ;; *************** function _oled_send_data_start *****************
  5802 ;; Defined at:
  5803 ;;		line 565 in file "Dima_EV_1.c"
  5804 ;; Parameters:    Size  Location     Type
  5805 ;;		None
  5806 ;; Auto vars:     Size  Location     Type
  5807 ;;		None
  5808 ;; Return value:  Size  Location     Type
  5809 ;;                  1    wreg      void 
  5810 ;; Registers used:
  5811 ;;		wreg, status,2, status,0, cstack
  5812 ;; Tracked objects:
  5813 ;;		On entry : 0/0
  5814 ;;		On exit  : 0/0
  5815 ;;		Unchanged: 0/0
  5816 ;; Data sizes:     COMRAM   BANK0   BANK1   BANK2   BANK3   BANK4   BANK5
  5817 ;;      Params:         0       0       0       0       0       0       0
  5818 ;;      Locals:         0       0       0       0       0       0       0
  5819 ;;      Temps:          0       0       0       0       0       0       0
  5820 ;;      Totals:         0       0       0       0       0       0       0
  5821 ;;Total ram usage:        0 bytes
  5822 ;; Hardware stack levels used:    1
  5823 ;; Hardware stack levels required when called:    4
  5824 ;; This function calls:
  5825 ;;		_i2c_start
  5826 ;;		_i2c_write_byte
  5827 ;; This function is called by:
  5828 ;;		_oled_clear
  5829 ;;		_oled_draw_text
  5830 ;;		_oled_draw_char_huge
  5831 ;;		_oled_draw_text_huge
  5832 ;;		_oled_draw_underline_animated
  5833 ;;		_oled_update_screen
  5834 ;;		_oled_show_boot_screen
  5835 ;; This function uses a non-reentrant model
  5836 ;;
  5837                           
  5838                           	psect	text31
  5839  00216A                     __ptext31:
  5840                           	callstack 0
  5841  00216A                     _oled_send_data_start:
  5842                           	callstack 24
  5843  00216A                     
  5844                           ;Dima_EV_1.c: 567:     i2c_start();
  5845  00216A  ECAA  F010         	call	_i2c_start	;wreg free
  5846                           
  5847                           ;Dima_EV_1.c: 568:     i2c_write_byte(0x78);
  5848  00216E  0E78               	movlw	120
  5849  002170  EC4F  F00F         	call	_i2c_write_byte
  5850                           
  5851                           ;Dima_EV_1.c: 569:     i2c_write_byte(0x40);
  5852  002174  0E40               	movlw	64
  5853  002176  EC4F  F00F         	call	_i2c_write_byte
  5854  00217A  0012               	return		;funcret
  5855  00217C                     __end_of_oled_send_data_start:
  5856                           	callstack 0
  5857                           
  5858 ;; *************** function _i2c_start *****************
  5859 ;; Defined at:
  5860 ;;		line 501 in file "Dima_EV_1.c"
  5861 ;; Parameters:    Size  Location     Type
  5862 ;;		None
  5863 ;; Auto vars:     Size  Location     Type
  5864 ;;		None
  5865 ;; Return value:  Size  Location     Type
  5866 ;;                  1    wreg      void 
  5867 ;; Registers used:
  5868 ;;		wreg, status,2, status,0, cstack
  5869 ;; Tracked objects:
  5870 ;;		On entry : 0/0
  5871 ;;		On exit  : 0/0
  5872 ;;		Unchanged: 0/0
  5873 ;; Data sizes:     COMRAM   BANK0   BANK1   BANK2   BANK3   BANK4   BANK5
  5874 ;;      Params:         0       0       0       0       0       0       0
  5875 ;;      Locals:         0       0       0       0       0       0       0
  5876 ;;      Temps:          0       0       0       0       0       0       0
  5877 ;;      Totals:         0       0       0       0       0       0       0
  5878 ;;Total ram usage:        0 bytes
  5879 ;; Hardware stack levels used:    1
  5880 ;; Hardware stack levels required when called:    3
  5881 ;; This function calls:
  5882 ;;		_i2c_delay
  5883 ;; This function is called by:
  5884 ;;		_oled_send_command
  5885 ;;		_oled_send_data_start
  5886 ;; This function uses a non-reentrant model
  5887 ;;
  5888                           
  5889                           	psect	text32
  5890  002154                     __ptext32:
  5891                           	callstack 0
  5892  002154                     _i2c_start:
  5893                           	callstack 23
  5894  002154                     
  5895                           ;Dima_EV_1.c: 503:     TRISCbits.TRISC4 = 1;
  5896  002154  8894               	bsf	148,4,c	;volatile
  5897                           
  5898                           ;Dima_EV_1.c: 504:     TRISCbits.TRISC3 = 1;
  5899  002156  8694               	bsf	148,3,c	;volatile
  5900  002158                     
  5901                           ;Dima_EV_1.c: 505:     i2c_delay();
  5902  002158  ECBE  F010         	call	_i2c_delay	;wreg free
  5903  00215C                     
  5904                           ;Dima_EV_1.c: 507:     TRISCbits.TRISC4 = 0;
  5905  00215C  9894               	bcf	148,4,c	;volatile
  5906                           
  5907                           ;Dima_EV_1.c: 508:     i2c_delay();
  5908  00215E  ECBE  F010         	call	_i2c_delay	;wreg free
  5909  002162                     
  5910                           ;Dima_EV_1.c: 509:     TRISCbits.TRISC3 = 0;
  5911  002162  9694               	bcf	148,3,c	;volatile
  5912                           
  5913                           ;Dima_EV_1.c: 510:     i2c_delay();
  5914  002164  ECBE  F010         	call	_i2c_delay	;wreg free
  5915  002168  0012               	return		;funcret
  5916  00216A                     __end_of_i2c_start:
  5917                           	callstack 0
  5918                           
  5919 ;; *************** function _oled_send_data_byte *****************
  5920 ;; Defined at:
  5921 ;;		line 577 in file "Dima_EV_1.c"
  5922 ;; Parameters:    Size  Location     Type
  5923 ;;  data            1    wreg     unsigned char 
  5924 ;; Auto vars:     Size  Location     Type
  5925 ;;  data            1    5[COMRAM] unsigned char 
  5926 ;; Return value:  Size  Location     Type
  5927 ;;                  1    wreg      void 
  5928 ;; Registers used:
  5929 ;;		wreg, status,2, status,0, cstack
  5930 ;; Tracked objects:
  5931 ;;		On entry : 0/0
  5932 ;;		On exit  : 0/0
  5933 ;;		Unchanged: 0/0
  5934 ;; Data sizes:     COMRAM   BANK0   BANK1   BANK2   BANK3   BANK4   BANK5
  5935 ;;      Params:         0       0       0       0       0       0       0
  5936 ;;      Locals:         1       0       0       0       0       0       0
  5937 ;;      Temps:          0       0       0       0       0       0       0
  5938 ;;      Totals:         1       0       0       0       0       0       0
  5939 ;;Total ram usage:        1 bytes
  5940 ;; Hardware stack levels used:    1
  5941 ;; Hardware stack levels required when called:    4
  5942 ;; This function calls:
  5943 ;;		_i2c_write_byte
  5944 ;; This function is called by:
  5945 ;;		_oled_clear
  5946 ;;		_oled_draw_char
  5947 ;;		_oled_draw_char_huge
  5948 ;;		_oled_draw_text_huge
  5949 ;;		_oled_draw_underline_animated
  5950 ;;		_oled_update_screen
  5951 ;;		_oled_show_boot_screen
  5952 ;; This function uses a non-reentrant model
  5953 ;;
  5954                           
  5955                           	psect	text33
  5956  002194                     __ptext33:
  5957                           	callstack 0
  5958  002194                     _oled_send_data_byte:
  5959                           	callstack 24
  5960                           
  5961                           ;incstack = 0
  5962                           ;oled_send_data_byte@data stored from wreg
  5963  002194  6E06               	movwf	oled_send_data_byte@data^0,c
  5964  002196                     
  5965                           ;Dima_EV_1.c: 577: void oled_send_data_byte(uint8_t data);Dima_EV_1.c: 578: {;Dima_EV_1.
      +                          c: 579:     i2c_write_byte(data);
  5966  002196  5006               	movf	oled_send_data_byte@data^0,w,c
  5967  002198  EC4F  F00F         	call	_i2c_write_byte
  5968  00219C  0012               	return		;funcret
  5969  00219E                     __end_of_oled_send_data_byte:
  5970                           	callstack 0
  5971                           
  5972 ;; *************** function _i2c_write_byte *****************
  5973 ;; Defined at:
  5974 ;;		line 526 in file "Dima_EV_1.c"
  5975 ;; Parameters:    Size  Location     Type
  5976 ;;  data            1    wreg     unsigned char 
  5977 ;; Auto vars:     Size  Location     Type
  5978 ;;  data            1    3[COMRAM] unsigned char 
  5979 ;;  i               1    4[COMRAM] unsigned char 
  5980 ;; Return value:  Size  Location     Type
  5981 ;;                  1    wreg      _Bool 
  5982 ;; Registers used:
  5983 ;;		wreg, status,2, status,0, cstack
  5984 ;; Tracked objects:
  5985 ;;		On entry : 0/0
  5986 ;;		On exit  : 0/0
  5987 ;;		Unchanged: 0/0
  5988 ;; Data sizes:     COMRAM   BANK0   BANK1   BANK2   BANK3   BANK4   BANK5
  5989 ;;      Params:         0       0       0       0       0       0       0
  5990 ;;      Locals:         2       0       0       0       0       0       0
  5991 ;;      Temps:          0       0       0       0       0       0       0
  5992 ;;      Totals:         2       0       0       0       0       0       0
  5993 ;;Total ram usage:        2 bytes
  5994 ;; Hardware stack levels used:    1
  5995 ;; Hardware stack levels required when called:    3
  5996 ;; This function calls:
  5997 ;;		_i2c_delay
  5998 ;; This function is called by:
  5999 ;;		_oled_send_command
  6000 ;;		_oled_send_data_start
  6001 ;;		_oled_send_data_byte
  6002 ;; This function uses a non-reentrant model
  6003 ;;
  6004                           
  6005                           	psect	text34
  6006  001E9E                     __ptext34:
  6007                           	callstack 0
  6008  001E9E                     _i2c_write_byte:
  6009                           	callstack 23
  6010                           
  6011                           ;incstack = 0
  6012                           ;i2c_write_byte@data stored from wreg
  6013  001E9E  6E04               	movwf	i2c_write_byte@data^0,c
  6014  001EA0                     
  6015                           ;Dima_EV_1.c: 526: _Bool i2c_write_byte(uint8_t data);Dima_EV_1.c: 527: {;Dima_EV_1.c: 5
      +                          28:     for (uint8_t i = 0; i < 8; i++)
  6016  001EA0  0E00               	movlw	0
  6017  001EA2  6E05               	movwf	i2c_write_byte@i^0,c
  6018  001EA4                     l196:
  6019                           
  6020                           ;Dima_EV_1.c: 529:     {;Dima_EV_1.c: 530:         if (data & 0x80) TRISCbits.TRISC4 = 1
      +                          ;
  6021  001EA4  AE04               	btfss	i2c_write_byte@data^0,7,c
  6022  001EA6  EF57  F00F         	goto	u1081
  6023  001EAA  EF59  F00F         	goto	u1080
  6024  001EAE                     u1081:
  6025  001EAE  EF5C  F00F         	goto	l198
  6026  001EB2                     u1080:
  6027  001EB2  8894               	bsf	148,4,c	;volatile
  6028  001EB4  EF5D  F00F         	goto	l2090
  6029  001EB8                     l198:
  6030  001EB8  9894               	bcf	148,4,c	;volatile
  6031  001EBA                     l2090:
  6032                           
  6033                           ;Dima_EV_1.c: 533:         i2c_delay();
  6034  001EBA  ECBE  F010         	call	_i2c_delay	;wreg free
  6035  001EBE                     
  6036                           ;Dima_EV_1.c: 534:         TRISCbits.TRISC3 = 1;
  6037  001EBE  8694               	bsf	148,3,c	;volatile
  6038                           
  6039                           ;Dima_EV_1.c: 535:         i2c_delay();
  6040  001EC0  ECBE  F010         	call	_i2c_delay	;wreg free
  6041  001EC4                     
  6042                           ;Dima_EV_1.c: 536:         TRISCbits.TRISC3 = 0;
  6043  001EC4  9694               	bcf	148,3,c	;volatile
  6044                           
  6045                           ;Dima_EV_1.c: 537:         i2c_delay();
  6046  001EC6  ECBE  F010         	call	_i2c_delay	;wreg free
  6047  001ECA                     
  6048                           ;Dima_EV_1.c: 539:         data <<= 1;
  6049  001ECA  90D8               	bcf	status,0,c
  6050  001ECC  3604               	rlcf	i2c_write_byte@data^0,f,c
  6051  001ECE                     
  6052                           ;Dima_EV_1.c: 540:     }
  6053  001ECE  2A05               	incf	i2c_write_byte@i^0,f,c
  6054  001ED0  0E07               	movlw	7
  6055  001ED2  6405               	cpfsgt	i2c_write_byte@i^0,c
  6056  001ED4  EF6E  F00F         	goto	u1091
  6057  001ED8  EF70  F00F         	goto	u1090
  6058  001EDC                     u1091:
  6059  001EDC  EF52  F00F         	goto	l196
  6060  001EE0                     u1090:
  6061  001EE0                     
  6062                           ;Dima_EV_1.c: 543:     TRISCbits.TRISC4 = 1;
  6063  001EE0  8894               	bsf	148,4,c	;volatile
  6064  001EE2                     
  6065                           ;Dima_EV_1.c: 544:     i2c_delay();
  6066  001EE2  ECBE  F010         	call	_i2c_delay	;wreg free
  6067  001EE6                     
  6068                           ;Dima_EV_1.c: 545:     TRISCbits.TRISC3 = 1;
  6069  001EE6  8694               	bsf	148,3,c	;volatile
  6070                           
  6071                           ;Dima_EV_1.c: 546:     i2c_delay();
  6072  001EE8  ECBE  F010         	call	_i2c_delay	;wreg free
  6073  001EEC                     
  6074                           ;Dima_EV_1.c: 547:     (void)PORTCbits.RC4;
  6075  001EEC  5082               	movf	130,w,c	;volatile
  6076  001EEE                     
  6077                           ;Dima_EV_1.c: 548:     TRISCbits.TRISC3 = 0;
  6078  001EEE  9694               	bcf	148,3,c	;volatile
  6079  001EF0                     
  6080                           ;Dima_EV_1.c: 549:     i2c_delay();
  6081  001EF0  ECBE  F010         	call	_i2c_delay	;wreg free
  6082  001EF4  0012               	return		;funcret
  6083  001EF6                     __end_of_i2c_write_byte:
  6084                           	callstack 0
  6085                           
  6086 ;; *************** function _i2c_delay *****************
  6087 ;; Defined at:
  6088 ;;		line 486 in file "Dima_EV_1.c"
  6089 ;; Parameters:    Size  Location     Type
  6090 ;;		None
  6091 ;; Auto vars:     Size  Location     Type
  6092 ;;		None
  6093 ;; Return value:  Size  Location     Type
  6094 ;;                  1    wreg      void 
  6095 ;; Registers used:
  6096 ;;		wreg, status,2, status,0, cstack
  6097 ;; Tracked objects:
  6098 ;;		On entry : 0/0
  6099 ;;		On exit  : 0/0
  6100 ;;		Unchanged: 0/0
  6101 ;; Data sizes:     COMRAM   BANK0   BANK1   BANK2   BANK3   BANK4   BANK5
  6102 ;;      Params:         0       0       0       0       0       0       0
  6103 ;;      Locals:         0       0       0       0       0       0       0
  6104 ;;      Temps:          0       0       0       0       0       0       0
  6105 ;;      Totals:         0       0       0       0       0       0       0
  6106 ;;Total ram usage:        0 bytes
  6107 ;; Hardware stack levels used:    1
  6108 ;; Hardware stack levels required when called:    2
  6109 ;; This function calls:
  6110 ;;		_delay_us_soft
  6111 ;; This function is called by:
  6112 ;;		_i2c_start
  6113 ;;		_i2c_stop
  6114 ;;		_i2c_write_byte
  6115 ;; This function uses a non-reentrant model
  6116 ;;
  6117                           
  6118                           	psect	text35
  6119  00217C                     __ptext35:
  6120                           	callstack 0
  6121  00217C                     _i2c_delay:
  6122                           	callstack 23
  6123  00217C                     
  6124                           ;Dima_EV_1.c: 489:     delay_us_soft(2);
  6125  00217C  0E00               	movlw	0
  6126  00217E  6E02               	movwf	(delay_us_soft@us+1)^0,c
  6127  002180  0E02               	movlw	2
  6128  002182  6E01               	movwf	delay_us_soft@us^0,c
  6129  002184  ECA6  F00F         	call	_delay_us_soft	;wreg free
  6130  002188  0012               	return		;funcret
  6131  00218A                     __end_of_i2c_delay:
  6132                           	callstack 0
  6133                           
  6134 ;; *************** function _delay_us_soft *****************
  6135 ;; Defined at:
  6136 ;;		line 209 in file "Dima_EV_1.c"
  6137 ;; Parameters:    Size  Location     Type
  6138 ;;  us              2    0[COMRAM] unsigned short 
  6139 ;; Auto vars:     Size  Location     Type
  6140 ;;  i               1    2[COMRAM] volatile unsigned char 
  6141 ;; Return value:  Size  Location     Type
  6142 ;;                  1    wreg      void 
  6143 ;; Registers used:
  6144 ;;		wreg, status,2, status,0
  6145 ;; Tracked objects:
  6146 ;;		On entry : 0/0
  6147 ;;		On exit  : 0/0
  6148 ;;		Unchanged: 0/0
  6149 ;; Data sizes:     COMRAM   BANK0   BANK1   BANK2   BANK3   BANK4   BANK5
  6150 ;;      Params:         2       0       0       0       0       0       0
  6151 ;;      Locals:         1       0       0       0       0       0       0
  6152 ;;      Temps:          0       0       0       0       0       0       0
  6153 ;;      Totals:         3       0       0       0       0       0       0
  6154 ;;Total ram usage:        3 bytes
  6155 ;; Hardware stack levels used:    1
  6156 ;; Hardware stack levels required when called:    1
  6157 ;; This function calls:
  6158 ;;		Nothing
  6159 ;; This function is called by:
  6160 ;;		_delay_ms_soft
  6161 ;;		_i2c_delay
  6162 ;; This function uses a non-reentrant model
  6163 ;;
  6164                           
  6165                           	psect	text36
  6166  001F4C                     __ptext36:
  6167                           	callstack 0
  6168  001F4C                     _delay_us_soft:
  6169                           	callstack 23
  6170  001F4C                     l2048:
  6171                           
  6172                           ;Dima_EV_1.c: 209: void delay_us_soft(uint16_t us);Dima_EV_1.c: 210: {;Dima_EV_1.c: 211:
      +                               while (us--)
  6173  001F4C  EFBD  F00F         	goto	l2060
  6174  001F50                     l2050:
  6175                           
  6176                           ;Dima_EV_1.c: 212:     {;Dima_EV_1.c: 213:         volatile uint8_t i;;Dima_EV_1.c: 214:
      +                                   for (i = 0; i < 4; i++)
  6177  001F50  0E00               	movlw	0
  6178  001F52  6E03               	movwf	delay_us_soft@i^0,c	;volatile
  6179  001F54  0E03               	movlw	3
  6180  001F56  6403               	cpfsgt	delay_us_soft@i^0,c	;volatile
  6181  001F58  EFB0  F00F         	goto	u1051
  6182  001F5C  EFB2  F00F         	goto	u1050
  6183  001F60                     u1051:
  6184  001F60  EFB4  F00F         	goto	l2056
  6185  001F64                     u1050:
  6186  001F64  EFA6  F00F         	goto	l2048
  6187  001F68                     l2056:
  6188                           
  6189                           ;Dima_EV_1.c: 215:         {;Dima_EV_1.c: 217:         }
  6190  001F68  2A03               	incf	delay_us_soft@i^0,f,c	;volatile
  6191  001F6A  0E03               	movlw	3
  6192  001F6C  6403               	cpfsgt	delay_us_soft@i^0,c	;volatile
  6193  001F6E  EFBB  F00F         	goto	u1061
  6194  001F72  EFBD  F00F         	goto	u1060
  6195  001F76                     u1061:
  6196  001F76  EFB4  F00F         	goto	l2056
  6197  001F7A                     u1060:
  6198  001F7A                     l2060:
  6199                           
  6200                           ;Dima_EV_1.c: 211:     while (us--)
  6201  001F7A  0601               	decf	delay_us_soft@us^0,f,c
  6202  001F7C  A0D8               	btfss	status,0,c
  6203  001F7E  0602               	decf	(delay_us_soft@us+1)^0,f,c
  6204  001F80  2801               	incf	delay_us_soft@us^0,w,c
  6205  001F82  E106               	bnz	u1071
  6206  001F84  2802               	incf	(delay_us_soft@us+1)^0,w,c
  6207  001F86  A4D8               	btfss	status,2,c
  6208  001F88  EFC8  F00F         	goto	u1071
  6209  001F8C  EFCA  F00F         	goto	u1070
  6210  001F90                     u1071:
  6211  001F90  EFA8  F00F         	goto	l2050
  6212  001F94                     u1070:
  6213  001F94  0012               	return		;funcret
  6214  001F96                     __end_of_delay_us_soft:
  6215                           	callstack 0
  6216                           
  6217 ;; *************** function _hourmeter_load_from_eeprom *****************
  6218 ;; Defined at:
  6219 ;;		line 1057 in file "Dima_EV_1.c"
  6220 ;; Parameters:    Size  Location     Type
  6221 ;;		None
  6222 ;; Auto vars:     Size  Location     Type
  6223 ;;  val             4    8[COMRAM] unsigned long 
  6224 ;;  magic           1    7[COMRAM] unsigned char 
  6225 ;; Return value:  Size  Location     Type
  6226 ;;                  1    wreg      void 
  6227 ;; Registers used:
  6228 ;;		wreg, status,2, status,0, cstack
  6229 ;; Tracked objects:
  6230 ;;		On entry : 0/0
  6231 ;;		On exit  : 0/0
  6232 ;;		Unchanged: 0/0
  6233 ;; Data sizes:     COMRAM   BANK0   BANK1   BANK2   BANK3   BANK4   BANK5
  6234 ;;      Params:         0       0       0       0       0       0       0
  6235 ;;      Locals:         5       0       0       0       0       0       0
  6236 ;;      Temps:          5       0       0       0       0       0       0
  6237 ;;      Totals:        10       0       0       0       0       0       0
  6238 ;;Total ram usage:       10 bytes
  6239 ;; Hardware stack levels used:    1
  6240 ;; Hardware stack levels required when called:    2
  6241 ;; This function calls:
  6242 ;;		_eeprom_read_byte
  6243 ;; This function is called by:
  6244 ;;		_main
  6245 ;; This function uses a non-reentrant model
  6246 ;;
  6247                           
  6248                           	psect	text37
  6249  001388                     __ptext37:
  6250                           	callstack 0
  6251  001388                     _hourmeter_load_from_eeprom:
  6252                           	callstack 28
  6253  001388                     
  6254                           ;Dima_EV_1.c: 1059:     uint8_t magic = eeprom_read_byte(0x0004u);
  6255  001388  0E00               	movlw	0
  6256  00138A  6E02               	movwf	(eeprom_read_byte@addr+1)^0,c
  6257  00138C  0E04               	movlw	4
  6258  00138E  6E01               	movwf	eeprom_read_byte@addr^0,c
  6259  001390  EC79  F010         	call	_eeprom_read_byte	;wreg free
  6260  001394  6E08               	movwf	hourmeter_load_from_eeprom@magic^0,c
  6261  001396                     
  6262                           ;Dima_EV_1.c: 1061:     if (magic != 0x5Au)
  6263  001396  0E5A               	movlw	90
  6264  001398  1808               	xorwf	hourmeter_load_from_eeprom@magic^0,w,c
  6265  00139A  B4D8               	btfsc	status,2,c
  6266  00139C  EFD2  F009         	goto	u2031
  6267  0013A0  EFD4  F009         	goto	u2030
  6268  0013A4                     u2031:
  6269  0013A4  EFEF  F009         	goto	l2926
  6270  0013A8                     u2030:
  6271  0013A8                     
  6272                           ;Dima_EV_1.c: 1062:     {;Dima_EV_1.c: 1063:         g_overall_seconds = 0;
  6273  0013A8  0E00               	movlw	0
  6274  0013AA  0100               	movlb	0	; () banked
  6275  0013AC  6F9B               	movwf	_g_overall_seconds& (0+255),b	;volatile
  6276  0013AE  0E00               	movlw	0
  6277  0013B0  6F9C               	movwf	(_g_overall_seconds+1)& (0+255),b	;volatile
  6278  0013B2  0E00               	movlw	0
  6279  0013B4  6F9D               	movwf	(_g_overall_seconds+2)& (0+255),b	;volatile
  6280  0013B6  0E00               	movlw	0
  6281  0013B8  6F9E               	movwf	(_g_overall_seconds+3)& (0+255),b	;volatile
  6282                           
  6283                           ;Dima_EV_1.c: 1064:         g_brush_seconds = 0;
  6284  0013BA  0E00               	movlw	0
  6285  0013BC  6F97               	movwf	_g_brush_seconds& (0+255),b	;volatile
  6286  0013BE  0E00               	movlw	0
  6287  0013C0  6F98               	movwf	(_g_brush_seconds+1)& (0+255),b	;volatile
  6288  0013C2  0E00               	movlw	0
  6289  0013C4  6F99               	movwf	(_g_brush_seconds+2)& (0+255),b	;volatile
  6290  0013C6  0E00               	movlw	0
  6291  0013C8  6F9A               	movwf	(_g_brush_seconds+3)& (0+255),b	;volatile
  6292                           
  6293                           ;Dima_EV_1.c: 1065:         g_vacuum_seconds = 0;
  6294  0013CA  0E00               	movlw	0
  6295  0013CC  6F93               	movwf	_g_vacuum_seconds& (0+255),b	;volatile
  6296  0013CE  0E00               	movlw	0
  6297  0013D0  6F94               	movwf	(_g_vacuum_seconds+1)& (0+255),b	;volatile
  6298  0013D2  0E00               	movlw	0
  6299  0013D4  6F95               	movwf	(_g_vacuum_seconds+2)& (0+255),b	;volatile
  6300  0013D6  0E00               	movlw	0
  6301  0013D8  6F96               	movwf	(_g_vacuum_seconds+3)& (0+255),b	;volatile
  6302  0013DA  EF62  F00A         	goto	l414
  6303  0013DE                     l2926:
  6304                           
  6305                           ;Dima_EV_1.c: 1069:     uint32_t val;;Dima_EV_1.c: 1070:     val = (uint32_t)eeprom_read
      +                          _byte(0x0000u + 0);
  6306  0013DE  0E00               	movlw	0
  6307  0013E0  6E02               	movwf	(eeprom_read_byte@addr+1)^0,c
  6308  0013E2  0E00               	movlw	0
  6309  0013E4  6E01               	movwf	eeprom_read_byte@addr^0,c
  6310  0013E6  EC79  F010         	call	_eeprom_read_byte	;wreg free
  6311  0013EA  6E03               	movwf	??_hourmeter_load_from_eeprom^0,c
  6312  0013EC  5003               	movf	??_hourmeter_load_from_eeprom^0,w,c
  6313  0013EE  6E09               	movwf	hourmeter_load_from_eeprom@val^0,c
  6314  0013F0  6A0A               	clrf	(hourmeter_load_from_eeprom@val+1)^0,c
  6315  0013F2  6A0B               	clrf	(hourmeter_load_from_eeprom@val+2)^0,c
  6316  0013F4  6A0C               	clrf	(hourmeter_load_from_eeprom@val+3)^0,c
  6317                           
  6318                           ;Dima_EV_1.c: 1071:     val |= (uint32_t)eeprom_read_byte(0x0000u + 1) << 8;
  6319  0013F6  0E00               	movlw	0
  6320  0013F8  6E02               	movwf	(eeprom_read_byte@addr+1)^0,c
  6321  0013FA  0E01               	movlw	1
  6322  0013FC  6E01               	movwf	eeprom_read_byte@addr^0,c
  6323  0013FE  EC79  F010         	call	_eeprom_read_byte	;wreg free
  6324  001402  6E03               	movwf	??_hourmeter_load_from_eeprom^0,c
  6325  001404  C003  F004         	movff	??_hourmeter_load_from_eeprom,??_hourmeter_load_from_eeprom+1
  6326  001408  6A05               	clrf	(??_hourmeter_load_from_eeprom+2)^0,c
  6327  00140A  6A06               	clrf	(??_hourmeter_load_from_eeprom+3)^0,c
  6328  00140C  6A07               	clrf	(??_hourmeter_load_from_eeprom+4)^0,c
  6329  00140E  C006  F007         	movff	??_hourmeter_load_from_eeprom+3,??_hourmeter_load_from_eeprom+4
  6330  001412  C005  F006         	movff	??_hourmeter_load_from_eeprom+2,??_hourmeter_load_from_eeprom+3
  6331  001416  C004  F005         	movff	??_hourmeter_load_from_eeprom+1,??_hourmeter_load_from_eeprom+2
  6332  00141A  6A04               	clrf	(??_hourmeter_load_from_eeprom+1)^0,c
  6333  00141C  5004               	movf	(??_hourmeter_load_from_eeprom+1)^0,w,c
  6334  00141E  1209               	iorwf	hourmeter_load_from_eeprom@val^0,f,c
  6335  001420  5005               	movf	(??_hourmeter_load_from_eeprom+2)^0,w,c
  6336  001422  120A               	iorwf	(hourmeter_load_from_eeprom@val+1)^0,f,c
  6337  001424  5006               	movf	(??_hourmeter_load_from_eeprom+3)^0,w,c
  6338  001426  120B               	iorwf	(hourmeter_load_from_eeprom@val+2)^0,f,c
  6339  001428  5007               	movf	(??_hourmeter_load_from_eeprom+4)^0,w,c
  6340  00142A  120C               	iorwf	(hourmeter_load_from_eeprom@val+3)^0,f,c
  6341                           
  6342                           ;Dima_EV_1.c: 1072:     val |= (uint32_t)eeprom_read_byte(0x0000u + 2) << 16;
  6343  00142C  0E00               	movlw	0
  6344  00142E  6E02               	movwf	(eeprom_read_byte@addr+1)^0,c
  6345  001430  0E02               	movlw	2
  6346  001432  6E01               	movwf	eeprom_read_byte@addr^0,c
  6347  001434  EC79  F010         	call	_eeprom_read_byte	;wreg free
  6348  001438  6E03               	movwf	??_hourmeter_load_from_eeprom^0,c
  6349  00143A  C003  F004         	movff	??_hourmeter_load_from_eeprom,??_hourmeter_load_from_eeprom+1
  6350  00143E  6A05               	clrf	(??_hourmeter_load_from_eeprom+2)^0,c
  6351  001440  6A06               	clrf	(??_hourmeter_load_from_eeprom+3)^0,c
  6352  001442  6A07               	clrf	(??_hourmeter_load_from_eeprom+4)^0,c
  6353  001444  C005  F007         	movff	??_hourmeter_load_from_eeprom+2,??_hourmeter_load_from_eeprom+4
  6354  001448  C004  F006         	movff	??_hourmeter_load_from_eeprom+1,??_hourmeter_load_from_eeprom+3
  6355  00144C  6A05               	clrf	(??_hourmeter_load_from_eeprom+2)^0,c
  6356  00144E  6A04               	clrf	(??_hourmeter_load_from_eeprom+1)^0,c
  6357  001450  5004               	movf	(??_hourmeter_load_from_eeprom+1)^0,w,c
  6358  001452  1209               	iorwf	hourmeter_load_from_eeprom@val^0,f,c
  6359  001454  5005               	movf	(??_hourmeter_load_from_eeprom+2)^0,w,c
  6360  001456  120A               	iorwf	(hourmeter_load_from_eeprom@val+1)^0,f,c
  6361  001458  5006               	movf	(??_hourmeter_load_from_eeprom+3)^0,w,c
  6362  00145A  120B               	iorwf	(hourmeter_load_from_eeprom@val+2)^0,f,c
  6363  00145C  5007               	movf	(??_hourmeter_load_from_eeprom+4)^0,w,c
  6364  00145E  120C               	iorwf	(hourmeter_load_from_eeprom@val+3)^0,f,c
  6365                           
  6366                           ;Dima_EV_1.c: 1073:     val |= (uint32_t)eeprom_read_byte(0x0000u + 3) << 24;
  6367  001460  0E00               	movlw	0
  6368  001462  6E02               	movwf	(eeprom_read_byte@addr+1)^0,c
  6369  001464  0E03               	movlw	3
  6370  001466  6E01               	movwf	eeprom_read_byte@addr^0,c
  6371  001468  EC79  F010         	call	_eeprom_read_byte	;wreg free
  6372  00146C  6E03               	movwf	??_hourmeter_load_from_eeprom^0,c
  6373  00146E  C003  F004         	movff	??_hourmeter_load_from_eeprom,??_hourmeter_load_from_eeprom+1
  6374  001472  6A05               	clrf	(??_hourmeter_load_from_eeprom+2)^0,c
  6375  001474  6A06               	clrf	(??_hourmeter_load_from_eeprom+3)^0,c
  6376  001476  6A07               	clrf	(??_hourmeter_load_from_eeprom+4)^0,c
  6377  001478  C004  F007         	movff	??_hourmeter_load_from_eeprom+1,??_hourmeter_load_from_eeprom+4
  6378  00147C  6A06               	clrf	(??_hourmeter_load_from_eeprom+3)^0,c
  6379  00147E  6A05               	clrf	(??_hourmeter_load_from_eeprom+2)^0,c
  6380  001480  6A04               	clrf	(??_hourmeter_load_from_eeprom+1)^0,c
  6381  001482  5004               	movf	(??_hourmeter_load_from_eeprom+1)^0,w,c
  6382  001484  1209               	iorwf	hourmeter_load_from_eeprom@val^0,f,c
  6383  001486  5005               	movf	(??_hourmeter_load_from_eeprom+2)^0,w,c
  6384  001488  120A               	iorwf	(hourmeter_load_from_eeprom@val+1)^0,f,c
  6385  00148A  5006               	movf	(??_hourmeter_load_from_eeprom+3)^0,w,c
  6386  00148C  120B               	iorwf	(hourmeter_load_from_eeprom@val+2)^0,f,c
  6387  00148E  5007               	movf	(??_hourmeter_load_from_eeprom+4)^0,w,c
  6388  001490  120C               	iorwf	(hourmeter_load_from_eeprom@val+3)^0,f,c
  6389  001492                     
  6390                           ;Dima_EV_1.c: 1074:     g_overall_seconds = val;
  6391  001492  C009  F09B         	movff	hourmeter_load_from_eeprom@val,_g_overall_seconds	;volatile
  6392  001496  C00A  F09C         	movff	hourmeter_load_from_eeprom@val+1,_g_overall_seconds+1	;volatile
  6393  00149A  C00B  F09D         	movff	hourmeter_load_from_eeprom@val+2,_g_overall_seconds+2	;volatile
  6394  00149E  C00C  F09E         	movff	hourmeter_load_from_eeprom@val+3,_g_overall_seconds+3	;volatile
  6395  0014A2                     
  6396                           ;Dima_EV_1.c: 1077:     g_brush_seconds = 0;
  6397  0014A2  0E00               	movlw	0
  6398  0014A4  0100               	movlb	0	; () banked
  6399  0014A6  6F97               	movwf	_g_brush_seconds& (0+255),b	;volatile
  6400  0014A8  0E00               	movlw	0
  6401  0014AA  6F98               	movwf	(_g_brush_seconds+1)& (0+255),b	;volatile
  6402  0014AC  0E00               	movlw	0
  6403  0014AE  6F99               	movwf	(_g_brush_seconds+2)& (0+255),b	;volatile
  6404  0014B0  0E00               	movlw	0
  6405  0014B2  6F9A               	movwf	(_g_brush_seconds+3)& (0+255),b	;volatile
  6406  0014B4                     
  6407                           ; BSR set to: 0
  6408                           ;Dima_EV_1.c: 1078:     g_vacuum_seconds = 0;
  6409  0014B4  0E00               	movlw	0
  6410  0014B6  6F93               	movwf	_g_vacuum_seconds& (0+255),b	;volatile
  6411  0014B8  0E00               	movlw	0
  6412  0014BA  6F94               	movwf	(_g_vacuum_seconds+1)& (0+255),b	;volatile
  6413  0014BC  0E00               	movlw	0
  6414  0014BE  6F95               	movwf	(_g_vacuum_seconds+2)& (0+255),b	;volatile
  6415  0014C0  0E00               	movlw	0
  6416  0014C2  6F96               	movwf	(_g_vacuum_seconds+3)& (0+255),b	;volatile
  6417  0014C4                     l414:
  6418                           
  6419                           ; BSR set to: 0
  6420  0014C4  0012               	return		;funcret
  6421  0014C6                     __end_of_hourmeter_load_from_eeprom:
  6422                           	callstack 0
  6423                           
  6424 ;; *************** function _eeprom_read_byte *****************
  6425 ;; Defined at:
  6426 ;;		line 1032 in file "Dima_EV_1.c"
  6427 ;; Parameters:    Size  Location     Type
  6428 ;;  addr            2    0[COMRAM] unsigned short 
  6429 ;; Auto vars:     Size  Location     Type
  6430 ;;		None
  6431 ;; Return value:  Size  Location     Type
  6432 ;;                  1    wreg      unsigned char 
  6433 ;; Registers used:
  6434 ;;		wreg, status,2
  6435 ;; Tracked objects:
  6436 ;;		On entry : 0/0
  6437 ;;		On exit  : 0/0
  6438 ;;		Unchanged: 0/0
  6439 ;; Data sizes:     COMRAM   BANK0   BANK1   BANK2   BANK3   BANK4   BANK5
  6440 ;;      Params:         2       0       0       0       0       0       0
  6441 ;;      Locals:         0       0       0       0       0       0       0
  6442 ;;      Temps:          0       0       0       0       0       0       0
  6443 ;;      Totals:         2       0       0       0       0       0       0
  6444 ;;Total ram usage:        2 bytes
  6445 ;; Hardware stack levels used:    1
  6446 ;; Hardware stack levels required when called:    1
  6447 ;; This function calls:
  6448 ;;		Nothing
  6449 ;; This function is called by:
  6450 ;;		_hourmeter_load_from_eeprom
  6451 ;; This function uses a non-reentrant model
  6452 ;;
  6453                           
  6454                           	psect	text38
  6455  0020F2                     __ptext38:
  6456                           	callstack 0
  6457  0020F2                     _eeprom_read_byte:
  6458                           	callstack 28
  6459  0020F2                     l404:
  6460  0020F2  B2A6               	btfsc	166,1,c	;volsfr
  6461  0020F4  EF7E  F010         	goto	u1581
  6462  0020F8  EF80  F010         	goto	u1580
  6463  0020FC                     u1581:
  6464  0020FC  EF79  F010         	goto	l404
  6465  002100                     u1580:
  6466  002100                     
  6467                           ;Dima_EV_1.c: 1036:     EEADR = (uint8_t)(addr & 0xFFu);
  6468  002100  C001  FFA9         	movff	eeprom_read_byte@addr,4009	;volatile
  6469                           
  6470                           ;Dima_EV_1.c: 1038:     EECON1bits.EEPGD = 0;
  6471  002104  9EA6               	bcf	166,7,c	;volsfr
  6472                           
  6473                           ;Dima_EV_1.c: 1039:     EECON1bits.CFGS = 0;
  6474  002106  9CA6               	bcf	166,6,c	;volsfr
  6475                           
  6476                           ;Dima_EV_1.c: 1040:     EECON1bits.RD = 1;
  6477  002108  80A6               	bsf	166,0,c	;volsfr
  6478  00210A                     
  6479                           ;Dima_EV_1.c: 1042:     return EEDATA;
  6480  00210A  50A8               	movf	168,w,c	;volatile
  6481  00210C  0012               	return		;funcret
  6482  00210E                     __end_of_eeprom_read_byte:
  6483                           	callstack 0
  6484                           
  6485 ;; *************** function _debounce_inputs_10ms *****************
  6486 ;; Defined at:
  6487 ;;		line 325 in file "Dima_EV_1.c"
  6488 ;; Parameters:    Size  Location     Type
  6489 ;;		None
  6490 ;; Auto vars:     Size  Location     Type
  6491 ;;		None
  6492 ;; Return value:  Size  Location     Type
  6493 ;;                  1    wreg      void 
  6494 ;; Registers used:
  6495 ;;		wreg, status,2, status,0
  6496 ;; Tracked objects:
  6497 ;;		On entry : 0/0
  6498 ;;		On exit  : 0/0
  6499 ;;		Unchanged: 0/0
  6500 ;; Data sizes:     COMRAM   BANK0   BANK1   BANK2   BANK3   BANK4   BANK5
  6501 ;;      Params:         0       0       0       0       0       0       0
  6502 ;;      Locals:         0       0       0       0       0       0       0
  6503 ;;      Temps:          0       0       0       0       0       0       0
  6504 ;;      Totals:         0       0       0       0       0       0       0
  6505 ;;Total ram usage:        0 bytes
  6506 ;; Hardware stack levels used:    1
  6507 ;; Hardware stack levels required when called:    1
  6508 ;; This function calls:
  6509 ;;		Nothing
  6510 ;; This function is called by:
  6511 ;;		_main
  6512 ;; This function uses a non-reentrant model
  6513 ;;
  6514                           
  6515                           	psect	text39
  6516  0017F8                     __ptext39:
  6517                           	callstack 0
  6518  0017F8                     _debounce_inputs_10ms:
  6519                           	callstack 29
  6520  0017F8                     
  6521                           ;Dima_EV_1.c: 329:     h1_hist <<= 1;
  6522  0017F8  90D8               	bcf	status,0,c
  6523  0017FA  3641               	rlcf	_h1_hist^0,f,c
  6524                           
  6525                           ;Dima_EV_1.c: 330:     h1_hist |= (PORTAbits.RA0 ? 1 : 0);
  6526  0017FC  B080               	btfsc	128,0,c	;volatile
  6527  0017FE  EF03  F00C         	goto	u1591
  6528  001802  EF06  F00C         	goto	u1590
  6529  001806                     u1591:
  6530  001806  0E01               	movlw	1
  6531  001808  EF07  F00C         	goto	u1596
  6532  00180C                     u1590:
  6533  00180C  0E00               	movlw	0
  6534  00180E                     u1596:
  6535  00180E  1241               	iorwf	_h1_hist^0,f,c
  6536  001810                     
  6537                           ;Dima_EV_1.c: 331:     if (h1_hist == 0x00) g_h1_state = 0;
  6538  001810  5041               	movf	_h1_hist^0,w,c
  6539  001812  A4D8               	btfss	status,2,c
  6540  001814  EF0E  F00C         	goto	u1601
  6541  001818  EF10  F00C         	goto	u1600
  6542  00181C                     u1601:
  6543  00181C  EF15  F00C         	goto	l2746
  6544  001820                     u1600:
  6545  001820  0E00               	movlw	0
  6546  001822  0100               	movlb	0	; () banked
  6547  001824  6FAB               	movwf	_g_h1_state& (0+255),b	;volatile
  6548  001826  EF20  F00C         	goto	l2750
  6549  00182A                     l2746:
  6550  00182A  2841               	incf	_h1_hist^0,w,c
  6551  00182C  A4D8               	btfss	status,2,c
  6552  00182E  EF1B  F00C         	goto	u1611
  6553  001832  EF1D  F00C         	goto	u1610
  6554  001836                     u1611:
  6555  001836  EF20  F00C         	goto	l2750
  6556  00183A                     u1610:
  6557  00183A  0E01               	movlw	1
  6558  00183C  0100               	movlb	0	; () banked
  6559  00183E  6FAB               	movwf	_g_h1_state& (0+255),b	;volatile
  6560  001840                     l2750:
  6561                           
  6562                           ;Dima_EV_1.c: 334:     h2_hist <<= 1;
  6563  001840  90D8               	bcf	status,0,c
  6564  001842  3640               	rlcf	_h2_hist^0,f,c
  6565  001844                     
  6566                           ;Dima_EV_1.c: 335:     h2_hist |= (PORTAbits.RA1 ? 1 : 0);
  6567  001844  B280               	btfsc	128,1,c	;volatile
  6568  001846  EF27  F00C         	goto	u1621
  6569  00184A  EF2A  F00C         	goto	u1620
  6570  00184E                     u1621:
  6571  00184E  0E01               	movlw	1
  6572  001850  EF2B  F00C         	goto	u1626
  6573  001854                     u1620:
  6574  001854  0E00               	movlw	0
  6575  001856                     u1626:
  6576  001856  1240               	iorwf	_h2_hist^0,f,c
  6577                           
  6578                           ;Dima_EV_1.c: 336:     if (h2_hist == 0x00) g_h2_state = 0;
  6579  001858  5040               	movf	_h2_hist^0,w,c
  6580  00185A  A4D8               	btfss	status,2,c
  6581  00185C  EF32  F00C         	goto	u1631
  6582  001860  EF34  F00C         	goto	u1630
  6583  001864                     u1631:
  6584  001864  EF39  F00C         	goto	l2756
  6585  001868                     u1630:
  6586  001868  0E00               	movlw	0
  6587  00186A  0100               	movlb	0	; () banked
  6588  00186C  6FAA               	movwf	_g_h2_state& (0+255),b	;volatile
  6589  00186E  EF44  F00C         	goto	l2760
  6590  001872                     l2756:
  6591  001872  2840               	incf	_h2_hist^0,w,c
  6592  001874  A4D8               	btfss	status,2,c
  6593  001876  EF3F  F00C         	goto	u1641
  6594  00187A  EF41  F00C         	goto	u1640
  6595  00187E                     u1641:
  6596  00187E  EF44  F00C         	goto	l2760
  6597  001882                     u1640:
  6598  001882  0E01               	movlw	1
  6599  001884  0100               	movlb	0	; () banked
  6600  001886  6FAA               	movwf	_g_h2_state& (0+255),b	;volatile
  6601  001888                     l2760:
  6602                           
  6603                           ;Dima_EV_1.c: 339:     lever_hist <<= 1;
  6604  001888  90D8               	bcf	status,0,c
  6605  00188A  363F               	rlcf	_lever_hist^0,f,c
  6606  00188C                     
  6607                           ;Dima_EV_1.c: 340:     lever_hist |= (PORTAbits.RA2 ? 1 : 0);
  6608  00188C  B480               	btfsc	128,2,c	;volatile
  6609  00188E  EF4B  F00C         	goto	u1651
  6610  001892  EF4E  F00C         	goto	u1650
  6611  001896                     u1651:
  6612  001896  0E01               	movlw	1
  6613  001898  EF4F  F00C         	goto	u1656
  6614  00189C                     u1650:
  6615  00189C  0E00               	movlw	0
  6616  00189E                     u1656:
  6617  00189E  123F               	iorwf	_lever_hist^0,f,c
  6618                           
  6619                           ;Dima_EV_1.c: 341:     if (lever_hist == 0x00) g_lever_state = 0;
  6620  0018A0  503F               	movf	_lever_hist^0,w,c
  6621  0018A2  A4D8               	btfss	status,2,c
  6622  0018A4  EF56  F00C         	goto	u1661
  6623  0018A8  EF58  F00C         	goto	u1660
  6624  0018AC                     u1661:
  6625  0018AC  EF5D  F00C         	goto	l2766
  6626  0018B0                     u1660:
  6627  0018B0  0E00               	movlw	0
  6628  0018B2  0100               	movlb	0	; () banked
  6629  0018B4  6FA9               	movwf	_g_lever_state& (0+255),b	;volatile
  6630  0018B6  EF68  F00C         	goto	l142
  6631  0018BA                     l2766:
  6632  0018BA  283F               	incf	_lever_hist^0,w,c
  6633  0018BC  A4D8               	btfss	status,2,c
  6634  0018BE  EF63  F00C         	goto	u1671
  6635  0018C2  EF65  F00C         	goto	u1670
  6636  0018C6                     u1671:
  6637  0018C6  EF68  F00C         	goto	l142
  6638  0018CA                     u1670:
  6639  0018CA  0E01               	movlw	1
  6640  0018CC  0100               	movlb	0	; () banked
  6641  0018CE  6FA9               	movwf	_g_lever_state& (0+255),b	;volatile
  6642  0018D0                     l142:
  6643  0018D0  0012               	return		;funcret
  6644  0018D2                     __end_of_debounce_inputs_10ms:
  6645                           	callstack 0
  6646                           
  6647 ;; *************** function _isr *****************
  6648 ;; Defined at:
  6649 ;;		line 293 in file "Dima_EV_1.c"
  6650 ;; Parameters:    Size  Location     Type
  6651 ;;		None
  6652 ;; Auto vars:     Size  Location     Type
  6653 ;;		None
  6654 ;; Return value:  Size  Location     Type
  6655 ;;                  1    wreg      void 
  6656 ;; Registers used:
  6657 ;;		wreg, status,2, status,0
  6658 ;; Tracked objects:
  6659 ;;		On entry : 0/0
  6660 ;;		On exit  : 0/0
  6661 ;;		Unchanged: 0/0
  6662 ;; Data sizes:     COMRAM   BANK0   BANK1   BANK2   BANK3   BANK4   BANK5
  6663 ;;      Params:         0       0       0       0       0       0       0
  6664 ;;      Locals:         0       0       0       0       0       0       0
  6665 ;;      Temps:          0       0       0       0       0       0       0
  6666 ;;      Totals:         0       0       0       0       0       0       0
  6667 ;;Total ram usage:        0 bytes
  6668 ;; Hardware stack levels used:    1
  6669 ;; This function calls:
  6670 ;;		Nothing
  6671 ;; This function is called by:
  6672 ;;		Interrupt level 2
  6673 ;; This function uses a non-reentrant model
  6674 ;;
  6675                           
  6676                           	psect	intcode
  6677  000008                     __pintcode:
  6678                           	callstack 0
  6679  000008                     _isr:
  6680                           	callstack 21
  6681                           
  6682                           ;incstack = 0
  6683  000008  8242               	bsf	int$flags,1,c	;set compiler interrupt flag (level 2)
  6684  00000A                     
  6685                           ;Dima_EV_1.c: 295:     if (INTCONbits.TMR0IF)
  6686  00000A  A4F2               	btfss	242,2,c	;volatile
  6687  00000C  EF0A  F000         	goto	i2u204_41
  6688  000010  EF0C  F000         	goto	i2u204_40
  6689  000014                     i2u204_41:
  6690  000014  EF3B  F000         	goto	i2l130
  6691  000018                     i2u204_40:
  6692  000018                     
  6693                           ;Dima_EV_1.c: 296:     {;Dima_EV_1.c: 298:         TMR0H = 0xF0;
  6694  000018  0EF0               	movlw	240
  6695  00001A  6ED7               	movwf	215,c	;volatile
  6696                           
  6697                           ;Dima_EV_1.c: 299:         TMR0L = 0x60;
  6698  00001C  0E60               	movlw	96
  6699  00001E  6ED6               	movwf	214,c	;volatile
  6700  000020                     
  6701                           ;Dima_EV_1.c: 300:         INTCONbits.TMR0IF = 0;
  6702  000020  94F2               	bcf	242,2,c	;volatile
  6703  000022                     
  6704                           ;Dima_EV_1.c: 302:         g_ms_counter++;
  6705  000022  4A3B               	infsnz	_g_ms_counter^0,f,c	;volatile
  6706  000024  2A3C               	incf	(_g_ms_counter+1)^0,f,c	;volatile
  6707  000026                     
  6708                           ;Dima_EV_1.c: 303:         g_boot_ms++;
  6709  000026  4A39               	infsnz	_g_boot_ms^0,f,c	;volatile
  6710  000028  2A3A               	incf	(_g_boot_ms+1)^0,f,c	;volatile
  6711  00002A                     
  6712                           ;Dima_EV_1.c: 306:         if (g_ms_counter >= 10)
  6713  00002A  503C               	movf	(_g_ms_counter+1)^0,w,c	;volatile
  6714  00002C  E109               	bnz	i2u205_40
  6715  00002E  0E0A               	movlw	10
  6716  000030  5C3B               	subwf	_g_ms_counter^0,w,c	;volatile
  6717  000032  A0D8               	btfss	status,0,c
  6718  000034  EF1E  F000         	goto	i2u205_41
  6719  000038  EF20  F000         	goto	i2u205_40
  6720  00003C                     i2u205_41:
  6721  00003C  EF27  F000         	goto	i2l2950
  6722  000040                     i2u205_40:
  6723  000040                     
  6724                           ;Dima_EV_1.c: 307:         {;Dima_EV_1.c: 308:             g_ms_counter -= 10;
  6725  000040  0E0A               	movlw	10
  6726  000042  5E3B               	subwf	_g_ms_counter^0,f,c	;volatile
  6727  000044  0E00               	movlw	0
  6728  000046  5A3C               	subwfb	(_g_ms_counter+1)^0,f,c	;volatile
  6729  000048                     
  6730                           ;Dima_EV_1.c: 309:             g_10ms_flag = 1;
  6731  000048  0E01               	movlw	1
  6732  00004A  0100               	movlb	0	; () banked
  6733  00004C  6FAD               	movwf	_g_10ms_flag& (0+255),b	;volatile
  6734  00004E                     i2l2950:
  6735                           
  6736                           ;Dima_EV_1.c: 313:         static uint16_t ms_for_1s = 0;;Dima_EV_1.c: 314:         ms_f
      +                          or_1s++;
  6737  00004E  4A37               	infsnz	isr@ms_for_1s^0,f,c
  6738  000050  2A38               	incf	(isr@ms_for_1s+1)^0,f,c
  6739  000052                     
  6740                           ;Dima_EV_1.c: 315:         if (ms_for_1s >= 1000)
  6741  000052  0EE8               	movlw	232
  6742  000054  5C37               	subwf	isr@ms_for_1s^0,w,c
  6743  000056  0E03               	movlw	3
  6744  000058  5838               	subwfb	(isr@ms_for_1s+1)^0,w,c
  6745  00005A  A0D8               	btfss	status,0,c
  6746  00005C  EF32  F000         	goto	i2u206_41
  6747  000060  EF34  F000         	goto	i2u206_40
  6748  000064                     i2u206_41:
  6749  000064  EF3B  F000         	goto	i2l130
  6750  000068                     i2u206_40:
  6751  000068                     
  6752                           ;Dima_EV_1.c: 316:         {;Dima_EV_1.c: 317:             ms_for_1s = 0;
  6753  000068  0E00               	movlw	0
  6754  00006A  6E38               	movwf	(isr@ms_for_1s+1)^0,c
  6755  00006C  0E00               	movlw	0
  6756  00006E  6E37               	movwf	isr@ms_for_1s^0,c
  6757                           
  6758                           ;Dima_EV_1.c: 318:             g_1s_flag = 1;
  6759  000070  0E01               	movlw	1
  6760  000072  0100               	movlb	0	; () banked
  6761  000074  6FAC               	movwf	_g_1s_flag& (0+255),b	;volatile
  6762  000076                     i2l130:
  6763  000076  9242               	bcf	int$flags,1,c	;clear compiler interrupt flag (level 2)
  6764  000078  0011               	retfie		f
  6765  00007A                     __end_of_isr:
  6766                           	callstack 0
  6767                           
  6768                           	psect	rparam
  6769  0000                     
  6770                           	psect	temp
  6771  000042                     btemp:
  6772                           	callstack 0
  6773  000042                     	ds	1
  6774  0000                     int$flags	set	btemp
  6775  0000                     wtemp8	set	btemp+1
  6776  0000                     ttemp5	set	btemp+1
  6777  0000                     ttemp6	set	btemp+4
  6778  0000                     ttemp7	set	btemp+8
  6779                           
  6780                           	psect	config
  6781                           
  6782                           ; Padding undefined space
  6783  300000                     	org	3145728
  6784  300000  FF                 	db	255
  6785                           
  6786                           ;Config register CONFIG1H @ 0x300001
  6787                           ;	Oscillator Selection bits
  6788                           ;	FOSC = INTIO67, Internal oscillator block
  6789                           ;	4X PLL Enable
  6790                           ;	PLLCFG = OFF, Oscillator used directly
  6791                           ;	Primary clock enable bit
  6792                           ;	PRICLKEN = OFF, Primary clock can be disabled by software
  6793                           ;	Fail-Safe Clock Monitor Enable bit
  6794                           ;	FCMEN = OFF, Fail-Safe Clock Monitor disabled
  6795                           ;	Internal/External Oscillator Switchover bit
  6796                           ;	IESO = OFF, Oscillator Switchover mode disabled
  6797  300001                     	org	3145729
  6798  300001  08                 	db	8
  6799                           
  6800                           ;Config register CONFIG2L @ 0x300002
  6801                           ;	Power-up Timer Enable bit
  6802                           ;	PWRTEN = OFF, Power up timer disabled
  6803                           ;	Brown-out Reset Enable bits
  6804                           ;	BOREN = SBORDIS, Brown-out Reset enabled in hardware only (SBOREN is disabled)
  6805                           ;	Brown Out Reset Voltage bits
  6806                           ;	BORV = 190, VBOR set to 1.90 V nominal
  6807  300002                     	org	3145730
  6808  300002  1F                 	db	31
  6809                           
  6810                           ;Config register CONFIG2H @ 0x300003
  6811                           ;	Watchdog Timer Enable bits
  6812                           ;	WDTEN = OFF, Watch dog timer is always disabled. SWDTEN has no effect.
  6813                           ;	Watchdog Timer Postscale Select bits
  6814                           ;	WDTPS = 32768, 1:32768
  6815  300003                     	org	3145731
  6816  300003  3C                 	db	60
  6817                           
  6818                           ; Padding undefined space
  6819  300004                     	org	3145732
  6820  300004  FF                 	db	255
  6821                           
  6822                           ;Config register CONFIG3H @ 0x300005
  6823                           ;	CCP2 MUX bit
  6824                           ;	CCP2MX = PORTC1, CCP2 input/output is multiplexed with RC1
  6825                           ;	PORTB A/D Enable bit
  6826                           ;	PBADEN = OFF, PORTB<5:0> pins are configured as digital I/O on Reset
  6827                           ;	P3A/CCP3 Mux bit
  6828                           ;	CCP3MX = PORTB5, P3A/CCP3 input/output is multiplexed with RB5
  6829                           ;	HFINTOSC Fast Start-up
  6830                           ;	HFOFST = ON, HFINTOSC output and ready status are not delayed by the oscillator stable
      +                           status
  6831                           ;	Timer3 Clock input mux bit
  6832                           ;	T3CMX = 0x1, unprogrammed default
  6833                           ;	ECCP2 B output mux bit
  6834                           ;	P2BMX = PORTC0, P2B is on RC0
  6835                           ;	MCLR Pin Enable bit
  6836                           ;	MCLRE = EXTMCLR, MCLR pin enabled, RE3 input pin disabled
  6837  300005                     	org	3145733
  6838  300005  9D                 	db	157
  6839                           
  6840                           ;Config register CONFIG4L @ 0x300006
  6841                           ;	Stack Full/Underflow Reset Enable bit
  6842                           ;	STVREN = ON, Stack full/underflow will cause Reset
  6843                           ;	Single-Supply ICSP Enable bit
  6844                           ;	LVP = OFF, Single-Supply ICSP disabled
  6845                           ;	Extended Instruction Set Enable bit
  6846                           ;	XINST = OFF, Instruction set extension and Indexed Addressing mode disabled (Legacy mo
      +                          de)
  6847                           ;	Background Debug
  6848                           ;	DEBUG = OFF, Disabled
  6849  300006                     	org	3145734
  6850  300006  81                 	db	129
  6851                           
  6852                           ; Padding undefined space
  6853  300007                     	org	3145735
  6854  300007  FF                 	db	255
  6855                           
  6856                           ;Config register CONFIG5L @ 0x300008
  6857                           ;	Code Protection Block 0
  6858                           ;	CP0 = OFF, Block 0 (000800-001FFFh) not code-protected
  6859                           ;	Code Protection Block 1
  6860                           ;	CP1 = OFF, Block 1 (002000-003FFFh) not code-protected
  6861                           ;	Code Protection Block 2
  6862                           ;	CP2 = OFF, Block 2 (004000-005FFFh) not code-protected
  6863                           ;	Code Protection Block 3
  6864                           ;	CP3 = OFF, Block 3 (006000-007FFFh) not code-protected
  6865  300008                     	org	3145736
  6866  300008  0F                 	db	15
  6867                           
  6868                           ;Config register CONFIG5H @ 0x300009
  6869                           ;	Boot Block Code Protection bit
  6870                           ;	CPB = OFF, Boot block (000000-0007FFh) not code-protected
  6871                           ;	Data EEPROM Code Protection bit
  6872                           ;	CPD = OFF, Data EEPROM not code-protected
  6873  300009                     	org	3145737
  6874  300009  C0                 	db	192
  6875                           
  6876                           ;Config register CONFIG6L @ 0x30000A
  6877                           ;	Write Protection Block 0
  6878                           ;	WRT0 = OFF, Block 0 (000800-001FFFh) not write-protected
  6879                           ;	Write Protection Block 1
  6880                           ;	WRT1 = OFF, Block 1 (002000-003FFFh) not write-protected
  6881                           ;	Write Protection Block 2
  6882                           ;	WRT2 = OFF, Block 2 (004000-005FFFh) not write-protected
  6883                           ;	Write Protection Block 3
  6884                           ;	WRT3 = OFF, Block 3 (006000-007FFFh) not write-protected
  6885  30000A                     	org	3145738
  6886  30000A  0F                 	db	15
  6887                           
  6888                           ;Config register CONFIG6H @ 0x30000B
  6889                           ;	Configuration Register Write Protection bit
  6890                           ;	WRTC = OFF, Configuration registers (300000-3000FFh) not write-protected
  6891                           ;	Boot Block Write Protection bit
  6892                           ;	WRTB = OFF, Boot Block (000000-0007FFh) not write-protected
  6893                           ;	Data EEPROM Write Protection bit
  6894                           ;	WRTD = OFF, Data EEPROM not write-protected
  6895  30000B                     	org	3145739
  6896  30000B  E0                 	db	224
  6897                           
  6898                           ;Config register CONFIG7L @ 0x30000C
  6899                           ;	Table Read Protection Block 0
  6900                           ;	EBTR0 = OFF, Block 0 (000800-001FFFh) not protected from table reads executed in other
      +                           blocks
  6901                           ;	Table Read Protection Block 1
  6902                           ;	EBTR1 = OFF, Block 1 (002000-003FFFh) not protected from table reads executed in other
      +                           blocks
  6903                           ;	Table Read Protection Block 2
  6904                           ;	EBTR2 = OFF, Block 2 (004000-005FFFh) not protected from table reads executed in other
      +                           blocks
  6905                           ;	Table Read Protection Block 3
  6906                           ;	EBTR3 = OFF, Block 3 (006000-007FFFh) not protected from table reads executed in other
      +                           blocks
  6907  30000C                     	org	3145740
  6908  30000C  0F                 	db	15
  6909                           
  6910                           ;Config register CONFIG7H @ 0x30000D
  6911                           ;	Boot Block Table Read Protection bit
  6912                           ;	EBTRB = OFF, Boot Block (000000-0007FFh) not protected from table reads executed in ot
      +                          her blocks
  6913  30000D                     	org	3145741
  6914  30000D  40                 	db	64
  6915                           tosu	equ	0xFFF
  6916                           tosh	equ	0xFFE
  6917                           tosl	equ	0xFFD
  6918                           stkptr	equ	0xFFC
  6919                           pclatu	equ	0xFFB
  6920                           pclath	equ	0xFFA
  6921                           pcl	equ	0xFF9
  6922                           tblptru	equ	0xFF8
  6923                           tblptrh	equ	0xFF7
  6924                           tblptrl	equ	0xFF6
  6925                           tablat	equ	0xFF5
  6926                           prodh	equ	0xFF4
  6927                           prodl	equ	0xFF3
  6928                           indf0	equ	0xFEF
  6929                           postinc0	equ	0xFEE
  6930                           postdec0	equ	0xFED
  6931                           preinc0	equ	0xFEC
  6932                           plusw0	equ	0xFEB
  6933                           fsr0h	equ	0xFEA
  6934                           fsr0l	equ	0xFE9
  6935                           wreg	equ	0xFE8
  6936                           indf1	equ	0xFE7
  6937                           postinc1	equ	0xFE6
  6938                           postdec1	equ	0xFE5
  6939                           preinc1	equ	0xFE4
  6940                           plusw1	equ	0xFE3
  6941                           fsr1h	equ	0xFE2
  6942                           fsr1l	equ	0xFE1
  6943                           bsr	equ	0xFE0
  6944                           indf2	equ	0xFDF
  6945                           postinc2	equ	0xFDE
  6946                           postdec2	equ	0xFDD
  6947                           preinc2	equ	0xFDC
  6948                           plusw2	equ	0xFDB
  6949                           fsr2h	equ	0xFDA
  6950                           fsr2l	equ	0xFD9
  6951                           status	equ	0xFD8

Data Sizes:
    Strings     5
    Constant    157
    Data        3
    BSS         35
    Persistent  0
    Stack       0

Auto Spaces:
    Space          Size  Autos    Used
    COMRAM           94     54      65
    BANK0           160     51      78
    BANK1           256      0       0
    BANK2           256      0       0
    BANK3           256      0       0
    BANK4           256      0       0
    BANK5           256      0       0

Pointer List with Targets:

    oled_update_screen@vac_icon	PTR const unsigned char  size(2) Largest target is 8
		 -> icon_vac_off(CODE[8]), icon_vac_on(CODE[8]), 

    oled_update_screen@brush_icon	PTR const unsigned char  size(2) Largest target is 8
		 -> icon_brush_off(CODE[8]), icon_brush_on(CODE[8]), 

    oled_update_screen@p	PTR const unsigned char  size(2) Largest target is 24
		 -> oled_update_screen@linebuf(BANK0[24]), 

    oled_draw_text_huge@text	PTR const unsigned char  size(2) Largest target is 5
		 -> STR_2(CODE[5]), 

    oled_draw_char_huge@pattern	PTR const unsigned char  size(2) Largest target is 50
		 -> font_get_pattern@letter_space(CODE[5]), font_get_pattern@colon_char(CODE[5]), font_get_pattern@letter_E(CODE[5]), font_get_pattern@letter_H(CODE[5]), 
		 -> font_get_pattern@letter_M(CODE[5]), font_get_pattern@letter_I(CODE[5]), font_get_pattern@letter_D(CODE[5]), font_get_pattern@letter_U(CODE[5]), 
		 -> font_get_pattern@letter_R(CODE[5]), font_get_pattern@letter_B(CODE[5]), font_get_pattern@letter_C(CODE[5]), font_get_pattern@letter_A(CODE[5]), 
		 -> font_get_pattern@letter_V(CODE[5]), font_get_pattern@letter_O(CODE[5]), font_get_pattern@letter_T(CODE[5]), font_get_pattern@digits(CODE[50]), 

    scale4x_vertical@out	PTR unsigned char  size(2) Largest target is 20
		 -> oled_draw_char_huge@scaled(COMRAM[20]), 

    format_runtime_string@buf	PTR unsigned char  size(2) Largest target is 9
		 -> oled_update_screen@timebuf(BANK0[9]), 

    format_hourmeter_string@buf	PTR unsigned char  size(2) Largest target is 9
		 -> oled_update_screen@timebuf(BANK0[9]), 

    oled_draw_text_centered@text	PTR const unsigned char  size(2) Largest target is 24
		 -> oled_update_screen@linebuf(BANK0[24]), STR_1(CODE[5]), 

    oled_draw_text_centered@p	PTR const unsigned char  size(2) Largest target is 24
		 -> oled_update_screen@linebuf(BANK0[24]), STR_1(CODE[5]), 

    oled_draw_text@text	PTR const unsigned char  size(2) Largest target is 24
		 -> oled_update_screen@linebuf(BANK0[24]), STR_1(CODE[5]), 

    oled_draw_char@pattern	PTR const unsigned char  size(2) Largest target is 50
		 -> font_get_pattern@letter_space(CODE[5]), font_get_pattern@colon_char(CODE[5]), font_get_pattern@letter_E(CODE[5]), font_get_pattern@letter_H(CODE[5]), 
		 -> font_get_pattern@letter_M(CODE[5]), font_get_pattern@letter_I(CODE[5]), font_get_pattern@letter_D(CODE[5]), font_get_pattern@letter_U(CODE[5]), 
		 -> font_get_pattern@letter_R(CODE[5]), font_get_pattern@letter_B(CODE[5]), font_get_pattern@letter_C(CODE[5]), font_get_pattern@letter_A(CODE[5]), 
		 -> font_get_pattern@letter_V(CODE[5]), font_get_pattern@letter_O(CODE[5]), font_get_pattern@letter_T(CODE[5]), font_get_pattern@digits(CODE[50]), 

    sp__font_get_pattern	PTR const unsigned char  size(2) Largest target is 50
		 -> font_get_pattern@letter_space(CODE[5]), font_get_pattern@colon_char(CODE[5]), font_get_pattern@letter_E(CODE[5]), font_get_pattern@letter_H(CODE[5]), 
		 -> font_get_pattern@letter_M(CODE[5]), font_get_pattern@letter_I(CODE[5]), font_get_pattern@letter_D(CODE[5]), font_get_pattern@letter_U(CODE[5]), 
		 -> font_get_pattern@letter_R(CODE[5]), font_get_pattern@letter_B(CODE[5]), font_get_pattern@letter_C(CODE[5]), font_get_pattern@letter_A(CODE[5]), 
		 -> font_get_pattern@letter_V(CODE[5]), font_get_pattern@letter_O(CODE[5]), font_get_pattern@letter_T(CODE[5]), font_get_pattern@digits(CODE[50]), 


Critical Paths under _main in COMRAM

    _main->_oled_show_boot_screen
    _update_logic_1s->_oled_update_screen
    _oled_update_screen->_format_runtime_string
    _oled_draw_text_centered->_oled_draw_text
    _oled_draw_text->_oled_draw_char
    _oled_draw_char->_font_get_pattern
    _format_runtime_string->___lldiv
    _format_hourmeter_string->___lldiv
    ___lldiv->___llmod
    _hourmeter_save_to_eeprom->_eeprom_write_byte
    _oled_init->_oled_send_command
    _oled_show_boot_screen->_oled_draw_text_huge
    _oled_draw_underline_animated->_oled_set_cursor
    _delay_ms_soft->_delay_us_soft
    _oled_draw_text_huge->_oled_draw_char_huge
    _oled_draw_char_huge->_scale4x_vertical
    _oled_clear->_oled_set_cursor
    _oled_set_cursor->_oled_send_command
    _oled_send_command->_i2c_write_byte
    _oled_send_data_start->_i2c_write_byte
    _oled_send_data_byte->_i2c_write_byte
    _i2c_delay->_delay_us_soft
    _hourmeter_load_from_eeprom->_eeprom_read_byte

Critical Paths under _isr in COMRAM

    None.

Critical Paths under _main in BANK0

    _main->_oled_update_screen
    _update_logic_1s->_oled_update_screen

Critical Paths under _isr in BANK0

    None.

Critical Paths under _main in BANK1

    None.

Critical Paths under _isr in BANK1

    None.

Critical Paths under _main in BANK2

    None.

Critical Paths under _isr in BANK2

    None.

Critical Paths under _main in BANK3

    None.

Critical Paths under _isr in BANK3

    None.

Critical Paths under _main in BANK4

    None.

Critical Paths under _isr in BANK4

    None.

Critical Paths under _main in BANK5

    None.

Critical Paths under _isr in BANK5

    None.

Call Graph Tables:

 ---------------------------------------------------------------------------------
 (Depth) Function   	        Calls       Base Space   Used Autos Params    Refs
 ---------------------------------------------------------------------------------
 (0) _main                                                 0     0      0   62611
               _debounce_inputs_10ms
         _hourmeter_load_from_eeprom
                  _oled_send_command
              _oled_show_boot_screen
                 _oled_update_screen
                        _system_init
                  _update_logic_10ms
                    _update_logic_1s
 ---------------------------------------------------------------------------------
 (1) _update_logic_1s                                      1     1      0   22381
                                             44 COMRAM     1     1      0
           _hourmeter_save_to_eeprom
                 _oled_update_screen
 ---------------------------------------------------------------------------------
 (2) _oled_update_screen                                  55    55      0   21488
                                             40 COMRAM     4     4      0
                                              0 BANK0     51    51      0
            _format_hourmeter_string
              _format_runtime_string
                     _oled_draw_text
            _oled_draw_text_centered
                _oled_send_data_byte
               _oled_send_data_start
                _oled_send_data_stop
                    _oled_set_cursor
 ---------------------------------------------------------------------------------
 (3) _oled_draw_text_centered                             12    10      2    3565
                                             16 COMRAM    12    10      2
                     _oled_draw_text
 ---------------------------------------------------------------------------------
 (4) _oled_draw_text                                       4     1      3    3231
                                             12 COMRAM     4     1      3
                     _oled_draw_char
               _oled_send_data_start
                _oled_send_data_stop
                    _oled_set_cursor
 ---------------------------------------------------------------------------------
 (5) _oled_draw_char                                       5     5      0     532
                                              7 COMRAM     5     5      0
                   _font_get_pattern
                _oled_send_data_byte
 ---------------------------------------------------------------------------------
 (3) _format_runtime_string                               18    12      6    5303
                                             22 COMRAM    18    12      6
                            ___lldiv
                            ___llmod
 ---------------------------------------------------------------------------------
 (3) _format_hourmeter_string                             14     8      6    5150
                                             22 COMRAM    14     8      6
                            ___lldiv
                            ___llmod
 ---------------------------------------------------------------------------------
 (4) ___llmod                                              9     1      8    2591
                                              0 COMRAM     9     1      8
 ---------------------------------------------------------------------------------
 (4) ___lldiv                                             13     5      8    1986
                                              9 COMRAM    13     5      8
                            ___llmod (ARG)
 ---------------------------------------------------------------------------------
 (2) _hourmeter_save_to_eeprom                             4     4      0     893
                                              3 COMRAM     4     4      0
                  _eeprom_write_byte
 ---------------------------------------------------------------------------------
 (3) _eeprom_write_byte                                    3     0      3     804
                                              0 COMRAM     3     0      3
 ---------------------------------------------------------------------------------
 (1) _update_logic_10ms                                    1     1      0       0
                                              0 COMRAM     1     1      0
 ---------------------------------------------------------------------------------
 (1) _system_init                                          0     0      0    1145
                           _i2c_init
                            _io_init
                          _oled_init
                           _osc_init
                        _timer0_init
 ---------------------------------------------------------------------------------
 (2) _timer0_init                                          0     0      0       0
 ---------------------------------------------------------------------------------
 (2) _osc_init                                             0     0      0       0
 ---------------------------------------------------------------------------------
 (2) _oled_init                                            0     0      0    1145
                      _delay_ms_soft
                  _oled_send_command
 ---------------------------------------------------------------------------------
 (2) _io_init                                              0     0      0       0
 ---------------------------------------------------------------------------------
 (2) _i2c_init                                             0     0      0       0
 ---------------------------------------------------------------------------------
 (1) _oled_show_boot_screen                                7     7      0   16395
                                             47 COMRAM     7     7      0
                         _oled_clear
                _oled_draw_text_huge
       _oled_draw_underline_animated
                  _oled_send_command
                _oled_send_data_byte
               _oled_send_data_start
                _oled_send_data_stop
                    _oled_set_cursor
 ---------------------------------------------------------------------------------
 (2) _oled_draw_underline_animated                        10     4      6    3597
                                              8 COMRAM    10     4      6
                      _delay_ms_soft
                _oled_send_data_byte
               _oled_send_data_start
                _oled_send_data_stop
                    _oled_set_cursor
 ---------------------------------------------------------------------------------
 (3) _delay_ms_soft                                        2     0      2     394
                                              3 COMRAM     2     0      2
                      _delay_us_soft
 ---------------------------------------------------------------------------------
 (2) _oled_draw_text_huge                                  6     3      3    6687
                                             41 COMRAM     6     3      3
                _oled_draw_char_huge
                _oled_send_data_byte
               _oled_send_data_start
                _oled_send_data_stop
                    _oled_set_cursor
 ---------------------------------------------------------------------------------
 (3) _oled_draw_char_huge                                 30    28      2    3778
                                             11 COMRAM    30    28      2
                   _font_get_pattern
                _oled_send_data_byte
               _oled_send_data_start
                _oled_send_data_stop
                    _oled_set_cursor
                   _scale4x_vertical
 ---------------------------------------------------------------------------------
 (4) _scale4x_vertical                                    11     9      2     480
                                              0 COMRAM    11     9      2
 ---------------------------------------------------------------------------------
 (6) _font_get_pattern                                     7     5      2      88
                                              0 COMRAM     7     5      2
 ---------------------------------------------------------------------------------
 (2) _oled_clear                                           2     2      0    2579
                                              8 COMRAM     2     2      0
                _oled_send_data_byte
               _oled_send_data_start
                _oled_send_data_stop
                    _oled_set_cursor
 ---------------------------------------------------------------------------------
 (3) _oled_set_cursor                                      2     1      1    1425
                                              6 COMRAM     2     1      1
                  _oled_send_command
 ---------------------------------------------------------------------------------
 (4) _oled_send_command                                    1     1      0     751
                                              5 COMRAM     1     1      0
                          _i2c_start
                           _i2c_stop
                     _i2c_write_byte
 ---------------------------------------------------------------------------------
 (3) _oled_send_data_stop                                  0     0      0     220
                           _i2c_stop
 ---------------------------------------------------------------------------------
 (5) _i2c_stop                                             0     0      0     220
                          _i2c_delay
 ---------------------------------------------------------------------------------
 (3) _oled_send_data_start                                 0     0      0     509
                          _i2c_start
                     _i2c_write_byte
 ---------------------------------------------------------------------------------
 (5) _i2c_start                                            0     0      0     220
                          _i2c_delay
 ---------------------------------------------------------------------------------
 (3) _oled_send_data_byte                                  1     1      0     311
                                              5 COMRAM     1     1      0
                     _i2c_write_byte
 ---------------------------------------------------------------------------------
 (5) _i2c_write_byte                                       2     2      0     289
                                              3 COMRAM     2     2      0
                          _i2c_delay
 ---------------------------------------------------------------------------------
 (6) _i2c_delay                                            0     0      0     220
                      _delay_us_soft
 ---------------------------------------------------------------------------------
 (7) _delay_us_soft                                        3     1      2     220
                                              0 COMRAM     3     1      2
 ---------------------------------------------------------------------------------
 (1) _hourmeter_load_from_eeprom                          10    10      0     451
                                              2 COMRAM    10    10      0
                   _eeprom_read_byte
 ---------------------------------------------------------------------------------
 (2) _eeprom_read_byte                                     2     0      2     402
                                              0 COMRAM     2     0      2
 ---------------------------------------------------------------------------------
 (1) _debounce_inputs_10ms                                 0     0      0       0
 ---------------------------------------------------------------------------------
 Estimated maximum stack depth 7
 ---------------------------------------------------------------------------------
 (Depth) Function   	        Calls       Base Space   Used Autos Params    Refs
 ---------------------------------------------------------------------------------
 (10) _isr                                                 0     0      0       0
 ---------------------------------------------------------------------------------
 Estimated maximum stack depth 10
 ---------------------------------------------------------------------------------

 Call Graph Graphs:

 _main (ROOT)
   _debounce_inputs_10ms
   _hourmeter_load_from_eeprom
     _eeprom_read_byte
   _oled_send_command
     _i2c_start
       _i2c_delay
         _delay_us_soft
     _i2c_stop
       _i2c_delay
         _delay_us_soft
     _i2c_write_byte
       _i2c_delay
         _delay_us_soft
   _oled_show_boot_screen
     _oled_clear
       _oled_send_data_byte
         _i2c_write_byte
           _i2c_delay
             _delay_us_soft
       _oled_send_data_start
         _i2c_start
           _i2c_delay
             _delay_us_soft
         _i2c_write_byte
           _i2c_delay
             _delay_us_soft
       _oled_send_data_stop
         _i2c_stop
           _i2c_delay
             _delay_us_soft
       _oled_set_cursor
         _oled_send_command
           _i2c_start
             _i2c_delay
               _delay_us_soft
           _i2c_stop
             _i2c_delay
               _delay_us_soft
           _i2c_write_byte
             _i2c_delay
               _delay_us_soft
     _oled_draw_text_huge
       _oled_draw_char_huge
         _font_get_pattern
         _oled_send_data_byte
           _i2c_write_byte
             _i2c_delay
               _delay_us_soft
         _oled_send_data_start
           _i2c_start
             _i2c_delay
               _delay_us_soft
           _i2c_write_byte
             _i2c_delay
               _delay_us_soft
         _oled_send_data_stop
           _i2c_stop
             _i2c_delay
               _delay_us_soft
         _oled_set_cursor
           _oled_send_command
             _i2c_start
               _i2c_delay
                 _delay_us_soft
             _i2c_stop
               _i2c_delay
                 _delay_us_soft
             _i2c_write_byte
               _i2c_delay
                 _delay_us_soft
         _scale4x_vertical
       _oled_send_data_byte
         _i2c_write_byte
           _i2c_delay
             _delay_us_soft
       _oled_send_data_start
         _i2c_start
           _i2c_delay
             _delay_us_soft
         _i2c_write_byte
           _i2c_delay
             _delay_us_soft
       _oled_send_data_stop
         _i2c_stop
           _i2c_delay
             _delay_us_soft
       _oled_set_cursor
         _oled_send_command
           _i2c_start
             _i2c_delay
               _delay_us_soft
           _i2c_stop
             _i2c_delay
               _delay_us_soft
           _i2c_write_byte
             _i2c_delay
               _delay_us_soft
     _oled_draw_underline_animated
       _delay_ms_soft
         _delay_us_soft
       _oled_send_data_byte
         _i2c_write_byte
           _i2c_delay
             _delay_us_soft
       _oled_send_data_start
         _i2c_start
           _i2c_delay
             _delay_us_soft
         _i2c_write_byte
           _i2c_delay
             _delay_us_soft
       _oled_send_data_stop
         _i2c_stop
           _i2c_delay
             _delay_us_soft
       _oled_set_cursor
         _oled_send_command
           _i2c_start
             _i2c_delay
               _delay_us_soft
           _i2c_stop
             _i2c_delay
               _delay_us_soft
           _i2c_write_byte
             _i2c_delay
               _delay_us_soft
     _oled_send_command
       _i2c_start
         _i2c_delay
           _delay_us_soft
       _i2c_stop
         _i2c_delay
           _delay_us_soft
       _i2c_write_byte
         _i2c_delay
           _delay_us_soft
     _oled_send_data_byte
       _i2c_write_byte
         _i2c_delay
           _delay_us_soft
     _oled_send_data_start
       _i2c_start
         _i2c_delay
           _delay_us_soft
       _i2c_write_byte
         _i2c_delay
           _delay_us_soft
     _oled_send_data_stop
       _i2c_stop
         _i2c_delay
           _delay_us_soft
     _oled_set_cursor
       _oled_send_command
         _i2c_start
           _i2c_delay
             _delay_us_soft
         _i2c_stop
           _i2c_delay
             _delay_us_soft
         _i2c_write_byte
           _i2c_delay
             _delay_us_soft
   _oled_update_screen
     _format_hourmeter_string
       ___lldiv
         ___llmod (ARG)
       ___llmod
     _format_runtime_string
       ___lldiv
         ___llmod (ARG)
       ___llmod
     _oled_draw_text
       _oled_draw_char
         _font_get_pattern
         _oled_send_data_byte
           _i2c_write_byte
             _i2c_delay
               _delay_us_soft
       _oled_send_data_start
         _i2c_start
           _i2c_delay
             _delay_us_soft
         _i2c_write_byte
           _i2c_delay
             _delay_us_soft
       _oled_send_data_stop
         _i2c_stop
           _i2c_delay
             _delay_us_soft
       _oled_set_cursor
         _oled_send_command
           _i2c_start
             _i2c_delay
               _delay_us_soft
           _i2c_stop
             _i2c_delay
               _delay_us_soft
           _i2c_write_byte
             _i2c_delay
               _delay_us_soft
     _oled_draw_text_centered
       _oled_draw_text
         _oled_draw_char
           _font_get_pattern
           _oled_send_data_byte
             _i2c_write_byte
               _i2c_delay
                 _delay_us_soft
         _oled_send_data_start
           _i2c_start
             _i2c_delay
               _delay_us_soft
           _i2c_write_byte
             _i2c_delay
               _delay_us_soft
         _oled_send_data_stop
           _i2c_stop
             _i2c_delay
               _delay_us_soft
         _oled_set_cursor
           _oled_send_command
             _i2c_start
               _i2c_delay
                 _delay_us_soft
             _i2c_stop
               _i2c_delay
                 _delay_us_soft
             _i2c_write_byte
               _i2c_delay
                 _delay_us_soft
     _oled_send_data_byte
       _i2c_write_byte
         _i2c_delay
           _delay_us_soft
     _oled_send_data_start
       _i2c_start
         _i2c_delay
           _delay_us_soft
       _i2c_write_byte
         _i2c_delay
           _delay_us_soft
     _oled_send_data_stop
       _i2c_stop
         _i2c_delay
           _delay_us_soft
     _oled_set_cursor
       _oled_send_command
         _i2c_start
           _i2c_delay
             _delay_us_soft
         _i2c_stop
           _i2c_delay
             _delay_us_soft
         _i2c_write_byte
           _i2c_delay
             _delay_us_soft
   _system_init
     _i2c_init
     _io_init
     _oled_init
       _delay_ms_soft
         _delay_us_soft
       _oled_send_command
         _i2c_start
           _i2c_delay
             _delay_us_soft
         _i2c_stop
           _i2c_delay
             _delay_us_soft
         _i2c_write_byte
           _i2c_delay
             _delay_us_soft
     _osc_init
     _timer0_init
   _update_logic_10ms
   _update_logic_1s
     _hourmeter_save_to_eeprom
       _eeprom_write_byte
     _oled_update_screen
       _format_hourmeter_string
         ___lldiv
           ___llmod (ARG)
         ___llmod
       _format_runtime_string
         ___lldiv
           ___llmod (ARG)
         ___llmod
       _oled_draw_text
         _oled_draw_char
           _font_get_pattern
           _oled_send_data_byte
             _i2c_write_byte
               _i2c_delay
                 _delay_us_soft
         _oled_send_data_start
           _i2c_start
             _i2c_delay
               _delay_us_soft
           _i2c_write_byte
             _i2c_delay
               _delay_us_soft
         _oled_send_data_stop
           _i2c_stop
             _i2c_delay
               _delay_us_soft
         _oled_set_cursor
           _oled_send_command
             _i2c_start
               _i2c_delay
                 _delay_us_soft
             _i2c_stop
               _i2c_delay
                 _delay_us_soft
             _i2c_write_byte
               _i2c_delay
                 _delay_us_soft
       _oled_draw_text_centered
         _oled_draw_text
           _oled_draw_char
             _font_get_pattern
             _oled_send_data_byte
               _i2c_write_byte
                 _i2c_delay
                   _delay_us_soft
           _oled_send_data_start
             _i2c_start
               _i2c_delay
                 _delay_us_soft
             _i2c_write_byte
               _i2c_delay
                 _delay_us_soft
           _oled_send_data_stop
             _i2c_stop
               _i2c_delay
                 _delay_us_soft
           _oled_set_cursor
             _oled_send_command
               _i2c_start
                 _i2c_delay
                   _delay_us_soft
               _i2c_stop
                 _i2c_delay
                   _delay_us_soft
               _i2c_write_byte
                 _i2c_delay
                   _delay_us_soft
       _oled_send_data_byte
         _i2c_write_byte
           _i2c_delay
             _delay_us_soft
       _oled_send_data_start
         _i2c_start
           _i2c_delay
             _delay_us_soft
         _i2c_write_byte
           _i2c_delay
             _delay_us_soft
       _oled_send_data_stop
         _i2c_stop
           _i2c_delay
             _delay_us_soft
       _oled_set_cursor
         _oled_send_command
           _i2c_start
             _i2c_delay
               _delay_us_soft
           _i2c_stop
             _i2c_delay
               _delay_us_soft
           _i2c_write_byte
             _i2c_delay
               _delay_us_soft

 _isr (ROOT)

 Address spaces:
Name               Size   Autos  Total    Cost      Usage
BIGRAM             5FF      0       0      16        0.0%
EEDATA             100      0       0       0        0.0%
BITBANK5           100      0       0      14        0.0%
BANK5              100      0       0      15        0.0%
BITBANK4           100      0       0      12        0.0%
BANK4              100      0       0      13        0.0%
BITBANK3           100      0       0      10        0.0%
BANK3              100      0       0      11        0.0%
BITBANK2           100      0       0       7        0.0%
BANK2              100      0       0       8        0.0%
BITBANK1           100      0       0       5        0.0%
BANK1              100      0       0       6        0.0%
BITBANK0            A0      0       0       3        0.0%
BANK0               A0     33      4E       4       48.8%
BITCOMRAM           5E      0       0       0        0.0%
COMRAM              5E     36      41       1       69.1%
BITSFR_1             0      0       0     200        0.0%
SFR_1                0      0       0     200        0.0%
BITSFR               0      0       0     200        0.0%
SFR                  0      0       0     200        0.0%
STACK                0      0       0       2        0.0%
NULL                 0      0       0       0        0.0%
ABS                  0      0      8F       9        0.0%
DATA                 0      0      8F      17        0.0%
CODE                 0      0       0       0        0.0%


Microchip Technology PIC18 Macro Assembler V2.31 build 20201012212115 
Symbol Table                                                                                   Fri Mar 06 12:48:30 2026

              oled_update_screen@icon_width 008D                         _oled_draw_text_huge 1994  
                     ??_oled_draw_char_huge 000E                     format_runtime_string@hh 0025  
                       ?_oled_update_screen 0001                     format_runtime_string@mm 001D  
                   format_runtime_string@ss 0021                         __end_of_system_init 213E  
                           i2c_write_byte@i 0005                                         l102 1F94  
                                       l111 213C                                         l200 1EF4  
                                       l120 2152                                         l114 21A2  
                                       l203 20F0                                         l212 219C  
                                       l108 2086                                         l300 0D5C  
                                       l117 20B0                                         l142 18D0  
                                       l206 217A                                         l215 1992  
                                       l312 17F6                                         l400 2058  
                                       l304 1024                                         l209 21A8  
                                       l225 1FDA                                         l321 15F0  
                                       l401 205A                                         l218 20D2  
                                       l146 1668                                         l410 1E9C  
                                       l331 1A46                                         l404 20F2  
                                       l172 1122                                         l420 1F2A  
                                       l261 1386                                         l341 1DC8  
                                       l181 11F0                                         l406 2100  
                                       l414 14C4                                         l190 2168  
                                       l334 1DB6                                         l407 210C  
                                       l159 1712                                         l184 2188  
                                       l193 2126                                         l282 1C2C  
                                       l187 2192                                         l196 1EA4  
                                       l197 1EE0                                         l461 1B94  
                                       l198 1EB8                                         l454 1B84  
                                       l392 1AF0                                         l288 1E3A  
                                       l296 1CBE                                         l384 0A56  
                                       l395 2020                                         l397 202E  
                                       l398 204A                                         l854 1D46  
                                       l847 1D36               hourmeter_load_from_eeprom@val 0009  
                  format_runtime_string@buf 0017                oled_update_screen@brush_icon 0078  
                     eeprom_write_byte@addr 0001                                         _isr 0008  
                                       prod 000FF3                      __end_of_icon_brush_off 064B  
                     ?_debounce_inputs_10ms 0001                                         wreg 000FE8  
                      ?_oled_draw_text_huge 002A                     __size_of_i2c_write_byte 0058  
          oled_draw_text_centered@start_col 001B                  ??_hourmeter_save_to_eeprom 0004  
                                      l2100 1ED0                                        l2110 1EF0  
                                      l2102 1EE2                                        l2104 1EE6  
                                      l2120 1204                                        l2200 1B98  
                                      l2050 1F50                                        l2106 1EEC  
                                      l2114 20D6                                        l2130 124C  
                                      l2122 1214                                        l2210 1C0A  
                                      l2202 1BA6                                        l2052 1F54  
                                      l2060 1F7A                                        l2108 1EEE  
                                      l2116 2196                                        l2300 2060  
                                      l2212 1C26                                        l2204 1BB6  
                                      l2220 1E06                                        l2062 217C  
                                      l2070 2162                                        l2150 1288  
                                      l2142 1270                                        l2134 1258  
                                      l2126 1240                                        l2118 11F4  
                                      l2230 1742                                        l2302 206C  
                                      l2206 1BD2                                        l2222 1E36  
                                      l2214 1DCC                                        l2310 1C46  
                                      l2056 1F68                                        l2048 1F4C  
                                      l2064 2154                                        l2080 2120  
                                      l2072 210E                                        l2240 1796  
                                      l2232 1752                                        l2224 1716  
                                      l2400 15CA                                        l2320 0A58  
                                      l2208 1BEE                                        l2216 1DDE  
                                      l2312 1C76                                        l2304 1C30  
                                      l2058 1F6A                                        l2090 1EBA  
                                      l2082 1EA0                                        l2066 2158  
                                      l2074 2110                                        l2170 12C4  
                                      l2162 12AC                                        l2154 1294  
                                      l2146 127C                                        l2138 1264  
                                      l2250 17B6                                        l2242 179E  
                                      l2234 1756                                        l2226 1722  
                                      l2402 15DA                                        l2410 203E  
                                      l2330 0BC2                                        l2322 0AE4  
                                      l2218 1E02                                        l2314 1C86  
                                      l2306 1C34                                        l2092 1EBE  
                                      l2068 215C                                        l2076 2114  
                                      l2252 17DE                                        l2228 1732  
                                      l2404 15DE                                        l2420 2096  
                                      l2412 2046                                        l2260 1AF2  
                                      l2340 0D16                                        l2332 0C1C  
                                      l2324 0B02                                        l2316 1C8E  
                                      l2308 1C40                                        l2500 072E  
                                      l2094 1EC4                                        l2078 211A  
                                      l2182 12E8                                        l2174 12D0  
                                      l2166 12B8                                        l2158 12A0  
                                      l2254 17E0                                        l2238 176A  
                                      l2406 15E0                                        l2430 20A0  
                                      l2422 2098                                        l2414 2048  
                                      l2270 1B3A                                        l2262 1B02  
                                      l2342 0D4C                                        l2334 0C76  
                                      l2326 0B12                                        l2350 0E48  
                                      l2318 1CAC                                        l2510 0770  
                                      l2502 0730                                        l2096 1ECA  
                                      l2088 1EB2                                        l2248 17A2  
                                      l2256 17F0                                        l2440 20AA  
                                      l2432 20A2                                        l2424 209A  
                                      l2416 219E                                        l2408 2020  
                                      l2280 1B7E                                        l2272 1B44  
                                      l2264 1B18                                        l2336 0CAC  
                                      l2328 0B68                                        l2360 0F74  
                                      l2352 0E9E                                        l2344 0D5E  
                                      l2600 0944                                        l2512 0774  
                                      l2504 0740                                        l2098 1ECE  
                                      l2194 216A                                        l2178 12DC  
                                      l2370 14D6                                        l2442 20AC  
                                      l2434 20A4                                        l2426 209C  
                                      l2418 2088                                        l2450 213E  
                                      l2274 1B62                                        l2266 1B20  
                                      l2290 1CF8                                        l2282 1CC0  
                                      l2338 0CBC                                        l2362 0F84  
                                      l2354 0ED4                                        l2346 0E1E  
                                      l2610 0960                                        l2530 07C0  
                                      l2514 0778                                        l2506 074E  
                                      l2196 21A4                                        l2188 12F4  
                                      l2380 1508                                        l2700 1A24  
                                      l2444 20AE                                        l2436 20A6  
                                      l2428 209E                                        l2452 214A  
                                      l2460 1E3C                                        l2276 1B72  
                                      l2268 1B2C                                        l2292 1D16  
                                      l2284 1CD6                                        l2364 0FDE  
                                      l2356 0EE4                                        l2348 0E38  
                                      l2620 09B4                                        l2612 0978  
                                      l2604 094A                                        l2540 07FE  
                                      l2532 07C4                                        l2524 0784  
                                      l2516 077C                                        l2508 076A  
                                      l2198 20B4                                        l2390 152C  
                                      l2382 1518                                        l2702 1A2A  
                                      l2710 1D6E                                        l2446 218A  
                                      l2438 20A8                                        l2454 214C  
                                      l2462 1E4C                                        l2278 1B74  
                                      l2294 1D26                                        l2286 1CDE  
                                      l2366 1014                                        l2358 0F3E  
                                      l2630 09EA                                        l2622 09B8  
                                      l2614 0988                                        l2606 094E  
                                      l2550 0832                                        l2542 0806  
                                      l2534 07D0                                        l2526 07AE  
                                      l2518 0780                                        l2470 06D4  
                                      l2376 14DA                                        l2368 14C8  
                                      l2720 1DA0                                        l2712 1D7E  
                                      l2704 1D4A                                        l2448 18D2  
                                      l2456 214E                                        l2800 16EC  
                                      l2296 1D30                                        l2288 1CEA  
                                      l2632 09F2                                        l2624 09BE  
                                      l2616 0990                                        l2608 095A  
                                      l2560 086C                                        l2552 0838  
                                      l2544 080A                                        l2536 07D6  
                                      l2528 07B0                                        l2480 06E8  
                                      l2472 06D8                                        l2464 06A4  
                                      l2378 1506                                        l2298 205C  
                                      l2722 1DA4                                        l2714 1D86  
                                      l2706 1D52                                        l2458 2150  
                                      l2810 1710                                        l2802 16EE  
                                      l2650 0A42                                        l2642 0A1A  
                                      l2634 09FC                                        l2626 09CE  
                                      l2618 0996                                        l2570 0894  
                                      l2562 0876                                        l2554 0848  
                                      l2546 0810                                        l2538 07EE  
                                      l2490 06FC                                        l2482 06EC  
                                      l2474 06DC                                        l2466 06B2  
                                      l2740 17F8                                        l2660 1FA8  
                                      l2652 1F96                                        l2396 1530  
                                      l2388 151C                                        l2724 1DAA  
                                      l2716 1D8C                                        l2708 1D6A  
                                      l2732 2128                                        l2804 16FE  
                                      l2644 0A36                                        l2636 0A00  
                                      l2628 09DE                                        l2580 08D0  
                                      l2572 08B0                                        l2564 087A  
                                      l2556 0858                                        l2548 082E  
                                      l2492 0700                                        l2484 06F0  
                                      l2476 06E0                                        l2468 06CE  
                                      l2820 106C                                        l2812 1026  
                                      l2750 1840                                        l2742 1810  
                                      l2726 20F2                                        l2670 1FB4  
                                      l2398 15C8                                        l2718 1D8E  
                                      l2910 1AAA                                        l2902 1A86  
                                      l2734 2130                                        l2806 1702  
                                      l2638 0A06                                        l2590 08FE  
                                      l2582 08EC                                        l2566 0880  
                                      l2558 0864                                        l2486 06F4  
                                      l2478 06E4                                        l2830 10AE  
                                      l2822 107C                                        l2814 103E  
                                      l2760 1888                                        l2752 1844  
                                      l2744 1820                                        l2728 210A  
                                      l2920 1396                                        l2672 1FC4  
                                      l2680 199E                                        l2912 1AB2  
                                      l2904 1A8C                                        l2736 2134  
                                      l2808 1708                                        l2648 0A3E  
                                      l2592 0902                                        l2584 08F2  
                                      l2576 08B8                                        l2488 06F8  
                                      l2840 10F4                                        l2832 10BA  
                                      l2824 1080                                        l2816 1042  
                                      l2762 188C                                        l2754 1868  
                                      l2746 182A                                        l2930 14A2  
                                      l2922 13A8                                        l2674 1FC8  
                                      l2666 1FAC                                        l2658 1F9A  
                                      l2682 19B6                                        l2914 1AD0  
                                      l2906 1A8E                                        l2738 2138  
                                      l2770 15F2                                        l2594 0906  
                                      l2586 08F6                                        l2578 08BC  
                                      l2498 0704                                        l2850 1152  
                                      l2842 110A                                        l2834 10CA  
                                      l2826 1092                                        l2818 104E  
                                      l2764 18B0                                        l2756 1872  
                                      l2748 183A                                        l2932 14B4  
                                      l2676 1FCA                                        l2668 1FB2  
                                      l2692 19DA                                        l2684 19BA  
                                      l2916 1AE6                                        l2908 1AA0  
                                      l2780 163C                                        l2772 1604  
                                      l2588 08FA                                        l2852 1156  
                                      l2860 1184                                        l2844 1116  
                                      l2836 10DA                                        l2828 109E  
                                      l2766 18BA                                        l2758 1882  
                                      l2926 13DE                                        l2918 1388  
                                      l2694 1A08                                        l2686 19D6  
                                      l2678 1996                                        l2790 167C  
                                      l2782 164C                                        l2774 1614  
                                      l2598 091A                                        l2870 11D8  
                                      l2862 118C                                        l2854 1166  
                                      l2846 1132                                        l2838 10F0  
                                      l2768 18CA                                        l2928 1492  
                                      l2696 1A0A                                        l2880 1A50  
                                      l2792 169C                                        l2784 1654  
                                      l2776 1624                                        l2872 11E8  
                                      l2864 11AC                                        l2856 1168  
                                      l2848 1142                                        l2960 1F02  
                                      l2698 1A1A                                        l2890 1A62  
                                      l2882 1A54                                        l2794 16D2  
                                      l2778 162C                                        l2874 11EC  
                                      l2866 11D0                                        l2858 1178  
                                      l2970 1F26                                        l2962 1F06  
                                      l2892 1A74                                        l2884 1A54  
                                      l2876 1A48                                        l2796 16E2  
                                      l2788 1678                                        l2868 11D4  
                                      l2972 1F3C                                        l2964 1F0C  
                                      l2956 1EF6                                        l2894 1A7E  
                                      l2886 1A58                                        l2878 1A4C  
                                      l2798 16EA                                        l2974 1F40  
                                      l2966 1F1E                                        l2958 1EFE  
                                      l2896 1A82                                        l2888 1A5E  
                                      l2968 1F22                                        l2996 1308  
                                      ?_isr 0001                             _update_logic_1s 1026  
               oled_draw_text_centered@page 0017                                        STR_1 069E  
                                      STR_2 069E                        ??_oled_update_screen 0029  
                                      u1100 1204                                        u1101 1200  
                                      u1110 1214                                        u1111 1210  
                                      u1200 1B18                                        u1120 1DFE  
                                      u2000 11E8                                        u1201 1B14  
                                      u2001 11E4                                        u1050 1F64  
                                      u2010 1AA0                                        u1210 1B3A  
                                      u1130 1E26                                        u1051 1F60  
                                      u2011 1A9C                                        u1211 1B36  
                                      u1060 1F7A                                        u2020 1AE6  
                                      u1220 1B62                                        u1300 0B02  
                                      u1140 1E36                                        u1061 1F76  
                                      u2021 1AE2                                        u1221 1B5E  
                                      u1301 0AFE                                        u1141 1E32  
                                      u2030 13A8                                        u1070 1F94  
                                      u1150 1766                                        u1230 1CD6  
                                      u1310 0E38                                        u2031 13A4  
                                      u1071 1F90                                        u1151 1762  
                                      u1231 1CD2                                        u1311 0E34  
                                      u1127 1DF4                                        u1080 1EB2  
                                      u1320 1518                                        u1240 1CF8  
                                      u1400 07FE                                        u1081 1EAE  
                                      u1321 1514                                        u1241 1CF4  
                                      u1137 1E1C                                        u1401 07FA  
                                      u1090 1EE0                                        u1170 1796  
                                      u1330 15DA                                        u1250 1D16  
                                      u1410 0848                                        u1091 1EDC  
                                      u1171 1792                                        u1331 15D6  
                                      u1251 1D12                                        u1411 0844  
                                      u1500 1FC4                                        u1164 177C  
                                      u1340 15F0                                        u1260 2086  
                                      u1420 0858                                        u1501 1FC0  
                                      u1165 1778                                        u1341 15EC  
                                      u1261 2082                                        u1421 0854  
                                      u1510 1FDA                                        u1190 17F0  
                                      u1350 202E                                        u1270 1C66  
                                      u1430 0890                                        u2070 1F1E  
                                      u1511 1FD6                                        u1191 17EC  
                                      u1351 202A                                        u1431 088C  
                                      u2071 1F1A                                        u1600 1820  
                                      u1184 17C8                                        u1520 19D6  
                                      u1360 2058                                        u1280 1C76  
                                      u1440 0916                                        u2080 1F3C  
                                      u1601 181C                                        u1185 17C4  
                                      u1521 19D2                                        u1361 2054  
                                      u1281 1C72                                        u1441 0912  
                                      u2081 1F38                                        u1610 183A  
                                      u1530 1A1A                                        u1290 1C86  
                                      u1450 0978                                        u1370 0740  
                                      u1611 1836                                        u1531 1A16  
                                      u1291 1C82                                        u1451 0974  
                                      u1371 073C                                        u1620 1854  
                                      u1540 1A46                                        u1700 1624  
                                      u1460 0988                                        u1380 07C0  
                                      u1621 184E                                        u1541 1A42  
                                      u1701 1620                                        u1277 1C5C  
                                      u1461 0984                                        u1381 07BC  
                                      u1630 1868                                        u1550 1D6A  
                                      u1710 163C                                        u1470 09CE  
                                      u1390 07EE                                        u1631 1864  
                                      u1551 1D66                                        u1711 1638  
                                      u1471 09CA                                        u1391 07EA  
                                      u1640 1882                                        u1560 1DA0  
                                      u1800 16E2                                        u1720 164C  
                                      u1480 09DE                                        u1641 187E  
                                      u1561 1D9C                                        u1801 16DE  
                                      u1721 1648                                        u1481 09DA  
                                      u1650 189C                                        u1626 1856  
                                      u1570 1DC8                                        u1810 16FE  
                                      u1730 1664                                        u1490 0A16  
                                      u1651 1896                                        u1571 1DC4  
                                      u1811 16FA                                        u1731 1660  
                                      u1491 0A12                                        u1660 18B0  
                                      u1580 2100                                        u1740 1678  
                                      u1900 110A                                        u1820 103A  
                                      u1661 18AC                                        u1581 20FC  
                                      u1741 1674                                        u1901 1106  
                                      u1821 1034                                        u1670 18CA  
                                      u1590 180C                                        u1750 1690  
                                      u1910 1132                                        u1830 103C  
                                      u1671 18C6                                        u1591 1806  
                                      u1751 1688                                        u1911 112E  
                                      u1656 189E                                        u1680 1604  
                                      u1920 1142                                        u1840 106C  
                                      u1681 1600                                        u1921 113E  
                                      u1841 1068                                        u1770 16B2  
                                      u1690 1614                                        u1930 1152  
                                      u1850 1092                                        u1771 16AA  
                                      u1691 1610                                        u1931 114E  
                                      u1851 108E                                        u1596 180E  
                                      u1940 1166                                        u1860 10AE  
                                      u1941 1162                                        u1861 10AA  
                                      u1790 16D2                                        u1950 1178  
                                      u1870 10CA                                        u1791 16CE  
                                      u1951 1174                                        u1871 10C6  
                                      u1768 1692                                        u1960 11A0  
                                      u1880 10DA                                        u1961 1198  
                                      u1881 10D6                                        u1890 10F0  
                                      u1891 10EC                                        u1788 16B4  
                                      u1980 11C2                                        u1981 11BA  
                                      u1978 11A2                 oled_draw_text_centered@text 0011  
                                      u1998 11C4               oled_draw_underline_animated@i 0010  
             oled_draw_underline_animated@n 0011                                        _main 1EF6  
         oled_draw_underline_animated@chunk 000C                                        fsr0h 000FEA  
                                      indf0 000FEF                                        fsr2h 000FDA  
                                      fsr0l 000FE9                                        indf1 000FE7  
                                      indf2 000FDF                                        fsr1l 000FE1  
                                      fsr2l 000FD9                                        btemp 0042  
         oled_draw_underline_animated@drawn 0012                      eeprom_write_byte@value 0003  
                                      prodh 000FF4                                        prodl 000FF3  
         oled_draw_underline_animated@width 000A                                        start 007A  
                              ___param_bank 000000                           _g_overall_seconds 009B  
                                     ??_isr 0001                format_runtime_string@seconds 0019  
                   _oled_draw_text_centered 1C2E                       oled_update_screen@len 0092  
                     _oled_show_boot_screen 1A48                                       ?_main 0001  
                                     _EEADR 000FA9                             __end_of___lldiv 1B96  
                     _g_vacuum_delay_active 00A4                                       _T0CON 000FD5  
                           __end_of___llmod 1D48                                       i2l130 0076  
                                     _TMR0H 000FD7                                       _TMR0L 000FD6  
                          ?_oled_set_cursor 0007                          oled_set_cursor@col 0008  
           hourmeter_load_from_eeprom@magic 0008                       ??_oled_draw_text_huge 002D  
                           __end_of_io_init 20B2          update_logic_1s@eeprom_save_counter 00A1  
                                     tablat 000FF5                 update_logic_10ms@blink_10ms 003E  
                             oled_clear@col 0009                                       ttemp5 0043  
                                     ttemp6 0046                                       ttemp7 004A  
                                     status 000FD8                                       wtemp8 0043  
              oled_update_screen@text_width 0085                             __initialization 1FDC  
                               _system_init 2128                                __end_of_main 1F4C  
                  ?_format_hourmeter_string 0017                            __end_of_i2c_init 2194  
                          __end_of_i2c_stop 2128                                      ??_main 0037  
                             __activetblptr 000002                      ??_debounce_inputs_10ms 0001  
                   __end_of_update_logic_1s 11F2                              delay_us_soft@i 0003  
               ?_hourmeter_load_from_eeprom 0001                           _update_logic_10ms 15F2  
                         ?_scale4x_vertical 0001                          i2c_write_byte@data 0004  
                          ___llmod@dividend 0001                                      _EEDATA 000FA8  
                                    _EECON2 000FA7                                      _ANSELA 000F38  
                                    _ANSELB 000F39                                      _ANSELC 000F3A  
                     __end_of_delay_ms_soft 2088                          ?_update_logic_10ms 0001  
                        ??_scale4x_vertical 0003                                      i2l2940 0022  
                                    i2l2950 004E                                      i2l2942 0026  
                                    i2l2934 000A                                      i2l2952 0052  
                                    i2l2944 002A                                      i2l2936 0018  
                                    i2l2954 0068                                      i2l2946 0040  
                                    i2l2938 0020                                      i2l2948 0048  
                     _format_runtime_string 0D5E                          __size_of_i2c_delay 000E  
                          _eeprom_read_byte 20F2                                      _OSCCON 000FD3  
                       _oled_send_data_byte 2194                       __end_of_delay_us_soft 1F96  
                       _oled_send_data_stop 21A4                         oled_set_cursor@page 0007  
                        __size_of_i2c_start 0016                         ??_update_logic_10ms 0001  
                 ??_oled_draw_text_centered 0013                __end_of_oled_send_data_start 217C  
                          _g_vacuum_seconds 0093                           font_get_pattern@c 0007  
                                 ??___lldiv 0012                                ?_timer0_init 0001  
                                 ??___llmod 0009                      ?_oled_show_boot_screen 0001  
                                    clear_0 2000                                      clear_1 200C  
                      ?_oled_send_data_byte 0001                        ?_oled_send_data_stop 0001  
                                 ??_io_init 0001                            __end_of_osc_init 21A4  
                         ?_font_get_pattern 0001                                __pdataCOMRAM 003F  
                 __end_of_update_logic_10ms 1714                        oled_draw_char_huge@c 000D  
                      oled_draw_char_huge@i 0027                        oled_draw_char_huge@p 0029  
                              __mediumconst 0000                                      tblptrh 000FF7  
                                    tblptrl 000FF6                                      tblptru 000FF8  
                        ??_font_get_pattern 0003          update_logic_10ms@last_delay_active 003D  
                            _i2c_write_byte 1E9E                              oled_clear@page 000A  
          __end_of_hourmeter_save_to_eeprom 1E9E                            ??_oled_draw_char 0008  
                                __accesstop 0060                     __end_of__initialization 2012  
                          ??_oled_draw_text 0010                               ___rparam_used 000001  
                      __end_of_icon_vac_off 063B                                  _g_h1_state 00AB  
                                _g_h2_state 00AA                             delay_ms_soft@ms 0004  
                            __pcstackCOMRAM 0001                         oled_update_screen@i 008E  
                       oled_update_screen@j 008C                         oled_update_screen@p 0089  
      __end_offont_get_pattern@letter_space 065D                font_get_pattern@letter_space 0658  
               hourmeter_save_to_eeprom@val 0004              format_hourmeter_string@seconds 0019  
                     ??_oled_send_data_byte 0006                       ??_oled_send_data_stop 0004  
                         __end_of_i2c_delay 218A                           __end_of_i2c_start 216A  
                    __end_of_i2c_write_byte 1EF6               oled_update_screen@total_width 0086  
                          ?_update_logic_1s 0001             __end_of_oled_draw_text_centered 1CC0  
                               _g_10ms_flag 00AD                           _oled_send_command 20D4  
                    ?_format_runtime_string 0017                          ?_oled_send_command 0001  
                                __pbssBANK0 0093                     oled_update_screen@i_902 008F  
                   oled_update_screen@i_913 008B                                   ?_i2c_init 0001  
         oled_show_boot_screen@char_advance 0031                                   ?_i2c_stop 0001  
                         oled_draw_text@col 0010                         ??_oled_send_command 0006  
                                _g_brush_on 00A8                 __end_of_oled_draw_char_huge 15F2  
                format_hourmeter_string@buf 0017                             delay_us_soft@us 0001  
                        __size_of_oled_init 00C2                  oled_update_screen@icon_col 0087  
                 __end_of_oled_send_command 20F2                                _g_ms_counter 003B  
                           ?_i2c_write_byte 0001                  __size_of_update_logic_10ms 0122  
                oled_update_screen@vac_icon 007A                        _oled_send_data_start 216A  
                    oled_draw_text_huge@col 002D                 __size_of_oled_update_screen 03B4  
                                ??_i2c_init 0001                  oled_update_screen@text_col 0088  
                                ??_i2c_stop 0004                                isr@ms_for_1s 0037  
                                   _h1_hist 0041                                     _h2_hist 0040  
                                   __Hparam 0000                                   ?_osc_init 0001  
                                   __Lparam 0000                       oled_draw_char@pattern 000B  
                              ?_system_init 0001                        oled_send_command@cmd 0006  
                      eeprom_read_byte@addr 0001           __size_of_hourmeter_save_to_eeprom 0062  
                 ?_hourmeter_save_to_eeprom 0001                                     ___lldiv 1AF2  
                                   ___llmod 1CC0                                __psmallconst 0600  
                                   __pcinit 1FDC                                     __ramtop 0600  
                  __end_of_eeprom_read_byte 210E                        __size_of_timer0_init 0016  
                                   __ptext0 1EF6                                     __ptext1 1026  
                                   __ptext2 06A4                                     __ptext3 1C2E  
                                   __ptext4 1DCA                                     __ptext5 1B96  
                                   __ptext6 0D5E                                     __ptext7 0A58  
                                   __ptext8 1CC0                                     __ptext9 1AF2  
                                _lever_hist 003F                 __end_of_oled_draw_text_huge 1A48  
                                 _T0CONbits 000FD5                                     _io_init 2088  
                              __size_of_isr 0072                                  _oled_clear 1F96  
          __size_of_format_hourmeter_string 0306                           __end_of_oled_init 1994  
                     ?_oled_send_data_start 0001                    oled_draw_text_centered@p 0018  
                      end_of_initialization 2012                    __size_of_oled_set_cursor 0022  
                             __Lmediumconst 0000                             ___lldiv@divisor 000E  
                           ___lldiv@counter 0016                                  ??_osc_init 0001  
                   ??_oled_show_boot_screen 0030                   __size_of_scale4x_vertical 00E4  
                                   postinc0 000FEE                    font_get_pattern@letter_A 068A  
                  font_get_pattern@letter_B 0680                    font_get_pattern@letter_C 0685  
                  font_get_pattern@letter_D 0671                    font_get_pattern@letter_E 065D  
                  font_get_pattern@letter_H 0662                    font_get_pattern@letter_I 066C  
                  font_get_pattern@letter_M 0667                    font_get_pattern@letter_O 0694  
                  font_get_pattern@letter_R 067B                    font_get_pattern@letter_T 0699  
                  font_get_pattern@letter_U 0676                    font_get_pattern@letter_V 068F  
                oled_draw_char_huge@pattern 0024                     oled_send_data_byte@data 0006  
                                 _PORTAbits 000F80                                   _PORTCbits 000F82  
                        _g_logo_blink_state 00A3                  __size_of_oled_send_command 001E  
                         _eeprom_write_byte 2020                                _icon_vac_off 0633  
                                 _TRISAbits 000F92               __size_of_debounce_inputs_10ms 00DA  
                                 _TRISBbits 000F93                                   _TRISCbits 000F94  
                        ?_eeprom_write_byte 0001                       __end_of_icon_brush_on 0653  
                       ??_eeprom_write_byte 0004                  oled_draw_text_centered@len 001C  
                 __size_of_font_get_pattern 0196            oled_draw_underline_animated@page 0009  
                      oled_update_screen@i2 0091                             _g_brush_seconds 0097  
                             __pidataCOMRAM 21AA                      __size_of_delay_ms_soft 002C  
                 __end_of_eeprom_write_byte 205C                      __size_of_delay_us_soft 004A  
                               ?_oled_clear 0001                         start_initialization 1FDC  
                                 _i2c_delay 217C                        _g_handle_low_seconds 009F  
                   ??_format_runtime_string 001D                      ??_oled_send_data_start 0006  
                           oled_draw_char@c 000A                                   _i2c_start 2154  
                               __end_of_isr 007A                             ___llmod@divisor 0005  
                  ?_oled_draw_text_centered 0011                             ___llmod@counter 0009  
                         __size_of_i2c_init 000A                        oled_draw_text_huge@p 002E  
                      oled_draw_text_huge@x 002F                           __size_of_i2c_stop 001A  
                         ??_oled_set_cursor 0008                 __end_of_oled_send_data_byte 219E  
               __end_of_oled_send_data_stop 21AA                                   _g_1s_flag 00AC  
                    oled_show_boot_screen@i 0034                        __size_of_system_init 0016  
        __end_offont_get_pattern@colon_char 0658                  font_get_pattern@colon_char 0653  
                          ??_i2c_write_byte 0004                      font_get_pattern@digits 0601  
            oled_show_boot_screen@start_col 0035                     _format_hourmeter_string 0A58  
                               __pbssCOMRAM 0037                                  ?_i2c_delay 0001  
                       __end_of_icon_vac_on 0643                               __pcstackBANK0 0060  
                                ?_i2c_start 0001                          oled_draw_text@page 000D  
                 update_logic_1s@logo_phase 00A2                          oled_draw_text@text 000E  
                             _delay_ms_soft 205C                    __size_of_update_logic_1s 01CC  
                             _delay_us_soft 1F4C                                   _g_boot_ms 0039  
                       __size_of_oled_clear 0046                            _scale4x_vertical 1714  
                  oled_draw_char_huge@i_872 0028                                   __pintcode 0008  
                         __size_of_osc_init 0006                                    ?___lldiv 000A  
                   __size_of_oled_draw_char 0098                                    ?___llmod 0001  
                   __size_of_oled_draw_text 0072                oled_draw_text_centered@width 001A  
              __size_of_oled_draw_char_huge 012C                               _g_lever_state 00A9  
                         ?_eeprom_read_byte 0001                  __size_of_eeprom_write_byte 003C  
                                  ?_io_init 0001                                 __smallconst 0600  
                               _g_vacuum_on 00A7                          ??_eeprom_read_byte 0003  
                __end_of_oled_update_screen 0A58                ??_hourmeter_load_from_eeprom 0003  
                            ?_delay_ms_soft 0004                                   _oled_init 18D2  
                            ?_delay_us_soft 0001                                    _LATBbits 000F8A  
                                  _LATCbits 000F8B                            _font_get_pattern 11F2  
                                  i2u204_40 0018                                    i2u204_41 0014  
                                  i2u205_40 0040                                    i2u205_41 003C  
                                  i2u206_40 0068                                    i2u206_41 0064  
            __size_of_oled_show_boot_screen 00AA               __end_of_oled_show_boot_screen 1AF2  
                             ??_timer0_init 0001                     oled_draw_text_huge@page 002A  
                               _icon_vac_on 063B                     oled_draw_text_huge@text 002B  
                 ??_format_hourmeter_string 001D         __size_of_hourmeter_load_from_eeprom 013E  
      __end_of_oled_draw_underline_animated 1DCA       __size_of_oled_draw_underline_animated 0082  
              _oled_draw_underline_animated 1D48                                 ??_i2c_delay 0004  
oled_draw_underline_animated@chunk_delay_ms 000D                                 ??_i2c_start 0004  
              __size_of_oled_draw_text_huge 00B4                 oled_update_screen@start_col 0090  
                                ?_oled_init 0001                                    _i2c_init 218A  
                                  _i2c_stop 210E                                  _EECON1bits 000FA6  
       oled_show_boot_screen@underline_page 0033                __end_of_debounce_inputs_10ms 18D2  
                  _hourmeter_save_to_eeprom 1E3C                                    __Hrparam 0000  
                        _g_vacuum_off_delay 00A5                           ??_update_logic_1s 002D  
                                  __Lrparam 0000                            __size_of___lldiv 00A4  
                          __size_of___llmod 0088         oled_draw_underline_animated@pattern 000B  
           oled_show_boot_screen@text_width 0036                         __end_of_timer0_init 2154  
                              ??_oled_clear 0009               ?_oled_draw_underline_animated 0009  
                          __size_of_io_init 002A                                    __ptext10 1E3C  
                                  __ptext11 2020                                    __ptext20 1D48  
                                  __ptext12 15F2                                    __ptext21 205C  
                                  __ptext13 2128                                    __ptext30 210E  
                                  __ptext22 1994                                    __ptext14 213E  
                                  __ptext31 216A                                    __ptext23 14C6  
                                  __ptext15 219E                                    __ptext32 2154  
                                  __ptext24 1714                                    __ptext16 18D2  
                                  __ptext33 2194                                    __ptext25 11F2  
                                  __ptext17 2088                                    __ptext34 1E9E  
                                  __ptext26 1F96                                    __ptext18 218A  
                   oled_draw_char_huge@page 000C                                    __ptext35 217C  
                                  __ptext27 20B2                                    __ptext19 1A48  
                           ??_delay_ms_soft 0006                                    __ptext36 1F4C  
                                  __ptext28 20D4                                    __ptext37 1388  
                                  __ptext29 21A4                                    __ptext38 20F2  
                                  __ptext39 17F8              __size_of_format_runtime_string 02C8  
             __end_of_format_runtime_string 1026                             _oled_set_cursor 20B2  
                           ??_delay_us_soft 0003             __end_of_format_hourmeter_string 0D5E  
                             __size_of_main 0056                                    _osc_init 219E  
                        __end_of_oled_clear 1FDC                   format_hourmeter_string@hh 0021  
                 format_hourmeter_string@mm 001D                              _oled_draw_char 1B96  
                                  int$flags 0042                              _oled_draw_text 1DCA  
          __size_of_oled_draw_text_centered 0092                   oled_update_screen@linebuf 0060  
                                _INTCONbits 000FF2                   oled_update_screen@timebuf 007C  
                      scale4x_vertical@base 0006          __end_of_hourmeter_load_from_eeprom 14C6  
                _hourmeter_load_from_eeprom 1388                    __end_of_scale4x_vertical 17F8  
                      scale4x_vertical@byte 0007               __size_of_oled_send_data_start 0012  
                                  intlevel2 0000                                 ??_oled_init 0007  
                       _oled_draw_char_huge 14C6            __end_offont_get_pattern@letter_A 068F  
          __end_offont_get_pattern@letter_B 0685            __end_offont_get_pattern@letter_C 068A  
          __end_offont_get_pattern@letter_D 0676            __end_offont_get_pattern@letter_E 0662  
          __end_offont_get_pattern@letter_H 0667            __end_offont_get_pattern@letter_I 0671  
          __end_offont_get_pattern@letter_M 066C            __end_offont_get_pattern@letter_O 0699  
          __end_offont_get_pattern@letter_R 0680            __end_offont_get_pattern@letter_T 069E  
          __end_offont_get_pattern@letter_U 067B            __end_offont_get_pattern@letter_V 0694  
                    oled_draw_char_huge@col 0026                            ___lldiv@dividend 000A  
            __end_offont_get_pattern@digits 0633                      __end_of_oled_draw_char 1C2E  
                    __end_of_oled_draw_text 1E3C                               ??_system_init 0007  
                 oled_draw_char_huge@scaled 0010                                 _timer0_init 213E  
                      ?_oled_draw_char_huge 000C                         scale4x_vertical@bit 0008  
                       scale4x_vertical@pos 0009                __size_of_oled_send_data_byte 000A  
                       scale4x_vertical@out 0001                __size_of_oled_send_data_stop 0006  
                  __end_of_font_get_pattern 1388                     __end_of_oled_set_cursor 20D4  
                          ___lldiv@quotient 0012                        _debounce_inputs_10ms 17F8  
           oled_draw_underline_animated@col 000F                              _icon_brush_off 0643  
                        scale4x_vertical@in 0005              ??_oled_draw_underline_animated 000F  
                    _g_brush_timeout_active 00A6                   __size_of_eeprom_read_byte 001C  
                             _icon_brush_on 064B                           scale4x_vertical@k 000A  
                         scale4x_vertical@r 000B                          _oled_update_screen 06A4  
                           ?_oled_draw_char 0001                             ?_oled_draw_text 000D  
